datetime,open,high,low,close,volume
2023-03-03 08:00:00,0.0243,0.0273,0.02405,0.0246,40801650.0
2023-03-03 08:15:00,0.02459,0.02489,0.02357,0.02365,11798749.0
2023-03-03 08:30:00,0.02365,0.0238,0.02313,0.02353,5563614.0
2023-03-03 08:45:00,0.0235,0.0237,0.02285,0.02344,4717467.0
2023-03-03 09:00:00,0.02344,0.02353,0.02313,0.02322,2566071.0
2023-03-03 09:15:00,0.02321,0.0234,0.0051,0.02296,19781953.0
2023-03-03 09:30:00,0.02296,0.02321,0.0227,0.02294,2940246.0
2023-03-03 09:45:00,0.02294,0.0238,0.02283,0.02319,2754008.0
2023-03-03 10:00:00,0.02312,0.02373,0.02301,0.02309,1406158.0
2023-03-03 10:15:00,0.02316,0.02316,0.02287,0.02298,1138748.0
2023-03-03 10:30:00,0.02292,0.02299,0.02235,0.02251,1222590.0
2023-03-03 10:45:00,0.02256,0.02273,0.02242,0.02248,586547.0
2023-03-03 11:00:00,0.02252,0.02273,0.02228,0.02243,4102445.0
2023-03-03 11:15:00,0.02243,0.02346,0.02227,0.02233,4591400.0
2023-03-03 11:30:00,0.02234,0.02252,0.02227,0.02234,2091925.0
2023-03-03 11:45:00,0.0223,0.02247,0.0222,0.02237,652390.0
2023-03-03 12:00:00,0.02236,0.02274,0.02234,0.02244,764022.0
2023-03-03 12:15:00,0.02245,0.02246,0.02183,0.02196,2661417.0
2023-03-03 12:30:00,0.02199,0.0222,0.02193,0.02208,2576141.0
2023-03-03 12:45:00,0.02212,0.02225,0.02186,0.022,1357246.0
2023-03-03 13:00:00,0.022,0.0224,0.02187,0.02212,1292240.0
2023-03-03 13:15:00,0.02202,0.02252,0.0219,0.02204,1473789.0
2023-03-03 13:30:00,0.02203,0.0221,0.02195,0.02206,184128.0
2023-03-03 13:45:00,0.02195,0.02217,0.0217,0.02205,1407110.0
2023-03-03 14:00:00,0.0221,0.02217,0.0219,0.02206,1502509.0
2023-03-03 14:15:00,0.02205,0.02239,0.02178,0.02197,761098.0
2023-03-03 14:30:00,0.02194,0.0236,0.02193,0.02213,3012464.0
2023-03-03 14:45:00,0.02209,0.02218,0.022,0.02209,1245493.0
2023-03-03 15:00:00,0.02208,0.0221,0.02183,0.02204,3783425.0
2023-03-03 15:15:00,0.02204,0.02227,0.02196,0.02203,1343474.0
2023-03-03 15:30:00,0.02199,0.02219,0.02192,0.02198,1400491.0
2023-03-03 15:45:00,0.02198,0.02204,0.02177,0.02179,916561.0
2023-03-03 16:00:00,0.02181,0.02213,0.02178,0.02181,1120286.0
2023-03-03 16:15:00,0.02182,0.0219,0.0218,0.0219,221652.0
2023-03-03 16:30:00,0.0219,0.02192,0.02169,0.0218,1074875.0
2023-03-03 16:45:00,0.0218,0.02191,0.0218,0.0219,726487.0
2023-03-03 17:00:00,0.0219,0.022,0.02187,0.022,799313.0
2023-03-03 17:15:00,0.022,0.02212,0.02199,0.02204,282551.0
2023-03-03 17:30:00,0.02199,0.02201,0.02191,0.02197,153401.0
2023-03-03 17:45:00,0.02197,0.02205,0.02193,0.022,396249.0
2023-03-03 18:00:00,0.02198,0.02198,0.02173,0.02175,617928.0
2023-03-03 18:15:00,0.02171,0.02181,0.02149,0.02165,1809765.0
2023-03-03 18:30:00,0.02166,0.02172,0.02148,0.02159,658842.0
2023-03-03 18:45:00,0.02156,0.02163,0.02149,0.02154,175932.0
2023-03-03 19:00:00,0.02157,0.0216,0.02141,0.02159,447784.0
2023-03-03 19:15:00,0.02153,0.02178,0.02152,0.02164,913204.0
2023-03-03 19:30:00,0.02164,0.0217,0.02138,0.02147,1393204.0
2023-03-03 19:45:00,0.02147,0.02158,0.02144,0.02153,725181.0
2023-03-03 20:00:00,0.02146,0.0216,0.02145,0.0215,577867.0
2023-03-03 20:15:00,0.0215,0.02154,0.02139,0.02148,761587.0
2023-03-03 20:30:00,0.02144,0.02178,0.02133,0.02137,1017979.0
2023-03-03 20:45:00,0.02135,0.0215,0.02124,0.02139,1493654.0
2023-03-03 21:00:00,0.02145,0.02156,0.0214,0.02146,420122.0
2023-03-03 21:15:00,0.02146,0.0216,0.0214,0.0216,1234663.0
2023-03-03 21:30:00,0.0216,0.02163,0.02152,0.02152,492957.0
2023-03-03 21:45:00,0.02154,0.0216,0.02144,0.02157,1001124.0
2023-03-03 22:00:00,0.02153,0.02156,0.02132,0.02141,1591191.0
2023-03-03 22:15:00,0.02146,0.02147,0.0214,0.02147,118336.0
2023-03-03 22:30:00,0.02148,0.02178,0.02148,0.02165,758501.0
2023-03-03 22:45:00,0.02161,0.02181,0.02157,0.02173,840769.0
2023-03-03 23:00:00,0.02173,0.02187,0.02165,0.02171,2453992.0
2023-03-03 23:15:00,0.02172,0.02175,0.02166,0.0217,393256.0
2023-03-03 23:30:00,0.0217,0.0218,0.02169,0.02171,194290.0
2023-03-03 23:45:00,0.02174,0.02176,0.02168,0.02168,127588.0
2023-03-04 00:00:00,0.02166,0.02166,0.02146,0.02156,654792.0
2023-03-04 00:15:00,0.02156,0.02193,0.02156,0.02191,1925353.0
2023-03-04 00:30:00,0.02194,0.02231,0.0219,0.02217,2188676.0
2023-03-04 00:45:00,0.02215,0.02215,0.02196,0.022,948076.0
2023-03-04 01:00:00,0.022,0.02204,0.02198,0.02201,366745.0
2023-03-04 01:15:00,0.02204,0.02217,0.02202,0.02204,1039962.0
2023-03-04 01:30:00,0.02204,0.02212,0.02198,0.02203,266529.0
2023-03-04 01:45:00,0.02202,0.02207,0.02163,0.02185,693258.0
2023-03-04 02:00:00,0.02185,0.02196,0.02161,0.02194,984702.0
2023-03-04 02:15:00,0.02195,0.0223,0.02195,0.02211,432762.0
2023-03-04 02:30:00,0.0221,0.02214,0.022,0.02214,287501.0
2023-03-04 02:45:00,0.02214,0.02214,0.02188,0.02198,823179.0
2023-03-04 03:00:00,0.02198,0.02214,0.02198,0.02207,1543283.0
2023-03-04 03:15:00,0.0221,0.0221,0.02194,0.022,125312.0
2023-03-04 03:30:00,0.02194,0.02199,0.0219,0.02198,133179.0
2023-03-04 03:45:00,0.02194,0.02198,0.02188,0.02189,292403.0
2023-03-04 04:00:00,0.02189,0.02189,0.02179,0.0218,426861.0
2023-03-04 04:15:00,0.02182,0.02184,0.02177,0.0218,484997.0
2023-03-04 04:30:00,0.0218,0.0218,0.02158,0.02167,629719.0
2023-03-04 04:45:00,0.02165,0.02169,0.02161,0.02168,481620.0
2023-03-04 05:00:00,0.02168,0.02179,0.02168,0.02179,283356.0
2023-03-04 05:15:00,0.02174,0.02177,0.02168,0.0217,433193.0
2023-03-04 05:30:00,0.02173,0.0218,0.0216,0.02161,660666.0
2023-03-04 05:45:00,0.0216,0.02161,0.02154,0.02154,243330.0
2023-03-04 06:00:00,0.02153,0.02155,0.02151,0.02154,195534.0
2023-03-04 06:15:00,0.02153,0.02168,0.02153,0.02163,338226.0
2023-03-04 06:30:00,0.02166,0.02174,0.02153,0.02154,922233.0
2023-03-04 06:45:00,0.02154,0.0216,0.02152,0.02152,441918.0
2023-03-04 07:00:00,0.02152,0.02152,0.02142,0.02142,2026145.0
2023-03-04 07:15:00,0.02145,0.02164,0.02143,0.02158,1279723.0
2023-03-04 07:30:00,0.02159,0.02181,0.02159,0.02181,560922.0
2023-03-04 07:45:00,0.02175,0.0218,0.0217,0.0217,710553.0
2023-03-04 08:00:00,0.02165,0.02165,0.02122,0.02125,1468968.0
2023-03-04 08:15:00,0.02122,0.02138,0.02117,0.02134,760578.0
2023-03-04 08:30:00,0.02135,0.02135,0.02119,0.02127,290629.0
2023-03-04 08:45:00,0.02122,0.02126,0.02116,0.0212,765886.0
2023-03-04 09:00:00,0.02126,0.02144,0.02121,0.02144,365691.0
2023-03-04 09:15:00,0.02143,0.02174,0.02138,0.02157,1381660.0
2023-03-04 09:30:00,0.02156,0.02169,0.02156,0.02166,529642.0
2023-03-04 09:45:00,0.02161,0.02169,0.02161,0.02162,175007.0
2023-03-04 10:00:00,0.02162,0.02162,0.02146,0.02148,658979.0
2023-03-04 10:15:00,0.02149,0.02152,0.02142,0.02143,168546.0
2023-03-04 10:30:00,0.02142,0.02142,0.02078,0.02089,1972489.0
2023-03-04 10:45:00,0.02087,0.0209,0.02066,0.02088,1208101.0
2023-03-04 11:00:00,0.02097,0.02098,0.02077,0.02079,793558.0
2023-03-04 11:15:00,0.02082,0.02087,0.02077,0.0208,547413.0
2023-03-04 11:30:00,0.02079,0.02084,0.02076,0.02079,1094021.0
2023-03-04 11:45:00,0.02075,0.02075,0.02061,0.0207,1605925.0
2023-03-04 12:00:00,0.02067,0.02182,0.02051,0.02081,2751098.0
2023-03-04 12:15:00,0.02081,0.02093,0.02079,0.02079,923955.0
2023-03-04 12:30:00,0.02079,0.02086,0.02078,0.0208,240833.0
2023-03-04 12:45:00,0.02081,0.02081,0.02078,0.02081,275483.0
2023-03-04 13:00:00,0.02084,0.02089,0.0206,0.02069,1261855.0
2023-03-04 13:15:00,0.02068,0.02073,0.02062,0.02068,235757.0
2023-03-04 13:30:00,0.02069,0.02069,0.02058,0.02066,164908.0
2023-03-04 13:45:00,0.02066,0.02066,0.02057,0.02062,280558.0
2023-03-04 14:00:00,0.02062,0.02062,0.02026,0.02032,1235073.0
2023-03-04 14:15:00,0.02036,0.02036,0.01999,0.02011,2506030.0
2023-03-04 14:30:00,0.02016,0.02033,0.02008,0.02015,698895.0
2023-03-04 14:45:00,0.02013,0.02018,0.02009,0.02011,612586.0
2023-03-04 15:00:00,0.02014,0.02167,0.0201,0.02039,3610040.0
2023-03-04 15:15:00,0.02037,0.02055,0.02028,0.02036,2261790.0
2023-03-04 15:30:00,0.02036,0.02044,0.02036,0.02038,310906.0
2023-03-04 15:45:00,0.0204,0.0204,0.02022,0.02032,703757.0
2023-03-04 16:00:00,0.02028,0.02043,0.0202,0.02026,960159.0
2023-03-04 16:15:00,0.02029,0.02046,0.02022,0.02039,781614.0
2023-03-04 16:30:00,0.02037,0.02041,0.02037,0.02038,283080.0
2023-03-04 16:45:00,0.02038,0.02039,0.02023,0.02025,277405.0
2023-03-04 17:00:00,0.02027,0.02029,0.02015,0.02023,362365.0
2023-03-04 17:15:00,0.02018,0.02021,0.01997,0.0201,3517079.0
2023-03-04 17:30:00,0.02006,0.02006,0.01985,0.01998,1255698.0
2023-03-04 17:45:00,0.01998,0.02026,0.01993,0.02017,738912.0
2023-03-04 18:00:00,0.02017,0.0202,0.01998,0.02019,988937.0
2023-03-04 18:15:00,0.02019,0.0202,0.02013,0.02013,543529.0
2023-03-04 18:30:00,0.02014,0.02031,0.02013,0.02022,837097.0
2023-03-04 18:45:00,0.02017,0.02018,0.02016,0.02016,75032.0
2023-03-04 19:00:00,0.02017,0.02023,0.02016,0.02016,65160.0
2023-03-04 19:15:00,0.02017,0.02019,0.02002,0.02004,379450.0
2023-03-04 19:30:00,0.02,0.02,0.01981,0.01993,274116.0
2023-03-04 19:45:00,0.01993,0.01997,0.01981,0.01983,261295.0
2023-03-04 20:00:00,0.01981,0.01983,0.0193,0.01931,2133416.0
2023-03-04 20:15:00,0.01938,0.0196,0.01938,0.01953,565829.0
2023-03-04 20:30:00,0.01953,0.01979,0.01937,0.01937,1155676.0
2023-03-04 20:45:00,0.0193,0.0196,0.01917,0.0196,1574398.0
2023-03-04 21:00:00,0.01958,0.01961,0.01931,0.01931,273146.0
2023-03-04 21:15:00,0.01937,0.01948,0.01935,0.01938,734530.0
2023-03-04 21:30:00,0.01938,0.01941,0.01792,0.01819,6978113.0
2023-03-04 21:45:00,0.01816,0.02026,0.01789,0.01882,5240345.0
2023-03-04 22:00:00,0.01882,0.01917,0.01882,0.01916,1457426.0
2023-03-04 22:15:00,0.01919,0.01947,0.01916,0.01934,779690.0
2023-03-04 22:30:00,0.01932,0.01957,0.0192,0.01943,1906268.0
2023-03-04 22:45:00,0.01938,0.01939,0.01924,0.01934,282629.0
2023-03-04 23:00:00,0.01934,0.01947,0.01927,0.01936,1125244.0
2023-03-04 23:15:00,0.01936,0.01941,0.01933,0.01938,299527.0
2023-03-04 23:30:00,0.01938,0.01944,0.01935,0.01937,675180.0
2023-03-04 23:45:00,0.0194,0.01942,0.01936,0.0194,148201.0
2023-03-05 00:00:00,0.01941,0.01988,0.01941,0.01965,1293805.0
2023-03-05 00:15:00,0.01965,0.01967,0.01941,0.01948,252323.0
2023-03-05 00:30:00,0.01947,0.01953,0.01932,0.01935,429347.0
2023-03-05 00:45:00,0.01933,0.01938,0.01927,0.01935,162232.0
2023-03-05 01:00:00,0.01952,0.01966,0.01949,0.01966,284623.0
2023-03-05 01:15:00,0.01973,0.01985,0.01966,0.01978,1429828.0
2023-03-05 01:30:00,0.01981,0.01983,0.01974,0.01974,365374.0
2023-03-05 01:45:00,0.01978,0.01984,0.01977,0.01983,182291.0
2023-03-05 02:00:00,0.01987,0.02013,0.01982,0.02012,690061.0
2023-03-05 02:15:00,0.02012,0.02073,0.01996,0.02019,1522571.0
2023-03-05 02:30:00,0.0202,0.0202,0.01971,0.01971,1879459.0
2023-03-05 02:45:00,0.01978,0.01995,0.01971,0.01994,654942.0
2023-03-05 03:00:00,0.01994,0.02005,0.01992,0.02001,528409.0
2023-03-05 03:15:00,0.02001,0.02012,0.01985,0.01992,434045.0
2023-03-05 03:30:00,0.01992,0.02,0.01991,0.01995,59573.0
2023-03-05 03:45:00,0.01998,0.01998,0.01993,0.01993,204869.0
2023-03-05 04:00:00,0.0199,0.02004,0.0199,0.02,110689.0
2023-03-05 04:15:00,0.02005,0.02009,0.02004,0.02004,34191.0
2023-03-05 04:30:00,0.02,0.02006,0.01997,0.02004,45745.0
2023-03-05 04:45:00,0.02002,0.02007,0.01999,0.02001,53897.0
2023-03-05 05:00:00,0.01999,0.01999,0.01981,0.01988,1531694.0
2023-03-05 05:15:00,0.0199,0.01992,0.0198,0.01981,172354.0
2023-03-05 05:30:00,0.01985,0.01985,0.01973,0.01973,175401.0
2023-03-05 05:45:00,0.01974,0.01978,0.0197,0.01977,173956.0
2023-03-05 06:00:00,0.01977,0.01986,0.01973,0.01973,567894.0
2023-03-05 06:15:00,0.01974,0.01993,0.01974,0.0198,464650.0
2023-03-05 06:30:00,0.01981,0.01981,0.01968,0.01969,321321.0
2023-03-05 06:45:00,0.01969,0.01972,0.01955,0.01962,837701.0
2023-03-05 07:00:00,0.01959,0.01962,0.01953,0.01959,91927.0
2023-03-05 07:15:00,0.01958,0.01962,0.0195,0.01962,219551.0
2023-03-05 07:30:00,0.01957,0.01958,0.01947,0.01951,127598.0
2023-03-05 07:45:00,0.01951,0.01956,0.01944,0.01951,542764.0
2023-03-05 08:00:00,0.01954,0.01954,0.01944,0.01946,983719.0
2023-03-05 08:15:00,0.01946,0.01953,0.01937,0.01937,538369.0
2023-03-05 08:30:00,0.01941,0.01941,0.01931,0.01931,640214.0
2023-03-05 08:45:00,0.0194,0.0194,0.0193,0.01932,338090.0
2023-03-05 09:00:00,0.01931,0.01989,0.01929,0.01966,1186851.0
2023-03-05 09:15:00,0.01962,0.01973,0.01959,0.01973,1193975.0
2023-03-05 09:30:00,0.0196,0.01967,0.01956,0.01957,449608.0
2023-03-05 09:45:00,0.01959,0.01981,0.01959,0.01977,1073674.0
2023-03-05 10:00:00,0.01974,0.01974,0.01949,0.01959,974993.0
2023-03-05 10:15:00,0.01958,0.0197,0.01952,0.01964,749515.0
2023-03-05 10:30:00,0.01971,0.01979,0.01964,0.01964,940981.0
2023-03-05 10:45:00,0.01968,0.01974,0.01953,0.01958,1072016.0
2023-03-05 11:00:00,0.01963,0.01963,0.01952,0.01952,481930.0
2023-03-05 11:15:00,0.01959,0.01965,0.01952,0.01962,704186.0
2023-03-05 11:30:00,0.01956,0.01962,0.01948,0.01959,2490469.0
2023-03-05 11:45:00,0.01957,0.01962,0.01953,0.01962,685431.0
2023-03-05 12:00:00,0.01955,0.01955,0.01946,0.01951,558044.0
2023-03-05 12:15:00,0.0195,0.01951,0.01942,0.01951,957545.0
2023-03-05 12:30:00,0.01949,0.01954,0.0194,0.0194,397831.0
2023-03-05 12:45:00,0.01941,0.01945,0.01933,0.0194,140675.0
2023-03-05 13:00:00,0.01946,0.01988,0.01946,0.01983,3866371.0
2023-03-05 13:15:00,0.01986,0.01993,0.01979,0.01984,3036750.0
2023-03-05 13:30:00,0.01983,0.01997,0.01973,0.01995,1161438.0
2023-03-05 13:45:00,0.01988,0.01994,0.01986,0.01992,541139.0
2023-03-05 14:00:00,0.01992,0.01992,0.01974,0.01975,664612.0
2023-03-05 14:15:00,0.01978,0.0198,0.01968,0.01969,1862641.0
2023-03-05 14:30:00,0.01968,0.01969,0.01957,0.01961,1382571.0
2023-03-05 14:45:00,0.01959,0.01959,0.01941,0.01953,1899299.0
2023-03-05 15:00:00,0.01952,0.01953,0.01944,0.01949,309139.0
2023-03-05 15:15:00,0.01951,0.01951,0.01943,0.01949,79911.0
2023-03-05 15:30:00,0.01949,0.01955,0.01946,0.01946,166394.0
2023-03-05 15:45:00,0.01942,0.01996,0.0194,0.01989,1956624.0
2023-03-05 16:00:00,0.01984,0.01985,0.01962,0.01983,1013295.0
2023-03-05 16:15:00,0.01983,0.01983,0.01968,0.01968,555609.0
2023-03-05 16:30:00,0.01969,0.01981,0.01966,0.01981,876930.0
2023-03-05 16:45:00,0.01978,0.0198,0.01966,0.01968,230840.0
2023-03-05 17:00:00,0.01971,0.01973,0.01961,0.01961,146833.0
2023-03-05 17:15:00,0.01961,0.01981,0.01955,0.01962,1059943.0
2023-03-05 17:30:00,0.01964,0.01964,0.0195,0.01952,1076874.0
2023-03-05 17:45:00,0.01954,0.01957,0.01951,0.01951,278847.0
2023-03-05 18:00:00,0.01952,0.01952,0.01941,0.01944,225124.0
2023-03-05 18:15:00,0.01942,0.01942,0.01888,0.01907,3872731.0
2023-03-05 18:30:00,0.01907,0.01928,0.01907,0.01921,790896.0
2023-03-05 18:45:00,0.01922,0.01929,0.01914,0.01929,290262.0
2023-03-05 19:00:00,0.01926,0.0193,0.01916,0.01923,222978.0
2023-03-05 19:15:00,0.01922,0.01927,0.0191,0.01911,269862.0
2023-03-05 19:30:00,0.0191,0.01913,0.01899,0.01903,345169.0
2023-03-05 19:45:00,0.019,0.01911,0.019,0.01903,281966.0
2023-03-05 20:00:00,0.01903,0.01943,0.01903,0.01943,680308.0
2023-03-05 20:15:00,0.01938,0.01969,0.01936,0.01962,428118.0
2023-03-05 20:30:00,0.0196,0.01972,0.01948,0.01966,302095.0
2023-03-05 20:45:00,0.01968,0.01974,0.01968,0.01973,355705.0
2023-03-05 21:00:00,0.0197,0.01972,0.0195,0.01969,805150.0
2023-03-05 21:15:00,0.01977,0.01989,0.01973,0.0198,716440.0
2023-03-05 21:30:00,0.01981,0.01981,0.0194,0.01949,659021.0
2023-03-05 21:45:00,0.01958,0.01989,0.01957,0.01976,290576.0
2023-03-05 22:00:00,0.01971,0.0204,0.0197,0.01996,3091526.0
2023-03-05 22:15:00,0.01997,0.01997,0.01977,0.01988,228168.0
2023-03-05 22:30:00,0.01988,0.0199,0.01967,0.0198,458684.0
2023-03-05 22:45:00,0.01989,0.01995,0.0198,0.01988,171073.0
2023-03-05 23:00:00,0.01984,0.01985,0.01969,0.01979,414832.0
2023-03-05 23:15:00,0.01983,0.01983,0.01969,0.01976,303540.0
2023-03-05 23:30:00,0.0198,0.01989,0.01978,0.01979,129244.0
2023-03-05 23:45:00,0.01987,0.01991,0.01983,0.01985,177228.0
2023-03-06 00:00:00,0.01985,0.01985,0.01925,0.01925,1329162.0
2023-03-06 00:15:00,0.01922,0.01926,0.01919,0.01925,269158.0
2023-03-06 00:30:00,0.01932,0.01984,0.01932,0.01971,1524498.0
2023-03-06 00:45:00,0.01975,0.01983,0.01968,0.01971,277404.0
2023-03-06 01:00:00,0.01971,0.01979,0.01957,0.01957,351345.0
2023-03-06 01:15:00,0.01957,0.01967,0.01944,0.01955,665389.0
2023-03-06 01:30:00,0.01959,0.01959,0.01925,0.01926,701913.0
2023-03-06 01:45:00,0.01925,0.01928,0.01884,0.01897,1103414.0
2023-03-06 02:00:00,0.01896,0.01899,0.01861,0.01864,594900.0
2023-03-06 02:15:00,0.01869,0.01905,0.01856,0.01905,2461828.0
2023-03-06 02:30:00,0.01904,0.01935,0.01902,0.01934,1543515.0
2023-03-06 02:45:00,0.01931,0.01935,0.0192,0.01932,253239.0
2023-03-06 03:00:00,0.01938,0.0195,0.01935,0.01944,446854.0
2023-03-06 03:15:00,0.0194,0.01941,0.01934,0.01934,211338.0
2023-03-06 03:30:00,0.01939,0.01955,0.01939,0.01941,870994.0
2023-03-06 03:45:00,0.01949,0.01955,0.01946,0.01954,596893.0
2023-03-06 04:00:00,0.01958,0.0197,0.01958,0.0197,186231.0
2023-03-06 04:15:00,0.01971,0.01972,0.01958,0.01958,100303.0
2023-03-06 04:30:00,0.01962,0.01964,0.01952,0.01954,193022.0
2023-03-06 04:45:00,0.01962,0.01962,0.01926,0.01926,534351.0
2023-03-06 05:00:00,0.01938,0.01971,0.01938,0.01944,715218.0
2023-03-06 05:15:00,0.01951,0.01958,0.01932,0.01932,612719.0
2023-03-06 05:30:00,0.01932,0.01941,0.01932,0.01935,34526.0
2023-03-06 05:45:00,0.0194,0.01944,0.0194,0.0194,133799.0
2023-03-06 06:00:00,0.01941,0.01959,0.01941,0.01956,115586.0
2023-03-06 06:15:00,0.01953,0.0196,0.01948,0.01958,403845.0
2023-03-06 06:30:00,0.01962,0.01962,0.01932,0.01934,259387.0
2023-03-06 06:45:00,0.01934,0.01934,0.01904,0.01911,866239.0
2023-03-06 07:00:00,0.0191,0.01915,0.01903,0.01905,728255.0
2023-03-06 07:15:00,0.01912,0.01914,0.01905,0.01906,150104.0
2023-03-06 07:30:00,0.01906,0.01906,0.01891,0.01896,518439.0
2023-03-06 07:45:00,0.01896,0.01896,0.01879,0.01881,413157.0
2023-03-06 08:00:00,0.01887,0.01911,0.01887,0.01893,633535.0
2023-03-06 08:15:00,0.01893,0.01893,0.01881,0.01883,223042.0
2023-03-06 08:30:00,0.0188,0.01891,0.0188,0.01883,555679.0
2023-03-06 08:45:00,0.01883,0.01886,0.01874,0.01877,317225.0
2023-03-06 09:00:00,0.01881,0.01885,0.01854,0.01866,2879819.0
2023-03-06 09:15:00,0.01869,0.01869,0.01855,0.01864,1064079.0
2023-03-06 09:30:00,0.01867,0.01873,0.01857,0.01871,444620.0
2023-03-06 09:45:00,0.0187,0.0188,0.0187,0.01872,388977.0
2023-03-06 10:00:00,0.01875,0.01889,0.01875,0.01889,1052442.0
2023-03-06 10:15:00,0.01888,0.01896,0.01885,0.0189,511414.0
2023-03-06 10:30:00,0.01885,0.01887,0.0188,0.01886,876572.0
2023-03-06 10:45:00,0.01884,0.01888,0.01878,0.01888,71902.0
2023-03-06 11:00:00,0.01886,0.0189,0.01876,0.01877,339349.0
2023-03-06 11:15:00,0.01874,0.01874,0.01858,0.01858,873623.0
2023-03-06 11:30:00,0.01858,0.01865,0.01847,0.01851,661346.0
2023-03-06 11:45:00,0.0185,0.01854,0.01844,0.01845,181491.0
2023-03-06 12:00:00,0.01847,0.01874,0.01847,0.01863,672503.0
2023-03-06 12:15:00,0.01862,0.01878,0.01855,0.01872,581815.0
2023-03-06 12:30:00,0.01877,0.01889,0.01876,0.01882,538421.0
2023-03-06 12:45:00,0.01885,0.01885,0.01878,0.01885,387212.0
2023-03-06 13:00:00,0.01886,0.01895,0.0188,0.01895,116597.0
2023-03-06 13:15:00,0.01895,0.01895,0.01888,0.01888,54970.0
2023-03-06 13:30:00,0.01895,0.01907,0.0189,0.01907,634628.0
2023-03-06 13:45:00,0.01908,0.01908,0.01892,0.01892,678421.0
2023-03-06 14:00:00,0.01898,0.01902,0.01886,0.01886,104440.0
2023-03-06 14:15:00,0.01888,0.01894,0.01886,0.01894,25838.0
2023-03-06 14:30:00,0.01899,0.01903,0.01893,0.01896,1229580.0
2023-03-06 14:45:00,0.01902,0.01902,0.01893,0.01893,653893.0
2023-03-06 15:00:00,0.01894,0.01903,0.01884,0.01887,676887.0
2023-03-06 15:15:00,0.01891,0.01895,0.0189,0.01892,305721.0
2023-03-06 15:30:00,0.01892,0.01892,0.01883,0.01891,92550.0
2023-03-06 15:45:00,0.0189,0.01911,0.0189,0.0191,147408.0
2023-03-06 16:00:00,0.01912,0.01915,0.01899,0.019,189430.0
2023-03-06 16:15:00,0.01904,0.01904,0.01889,0.01895,404626.0
2023-03-06 16:30:00,0.01891,0.01913,0.01889,0.01913,284486.0
2023-03-06 16:45:00,0.01912,0.01922,0.01903,0.01921,965400.0
2023-03-06 17:00:00,0.01917,0.01918,0.01908,0.01915,145160.0
2023-03-06 17:15:00,0.01914,0.01919,0.01914,0.01914,94881.0
2023-03-06 17:30:00,0.01911,0.01922,0.01905,0.01919,432525.0
2023-03-06 17:45:00,0.01919,0.01995,0.01915,0.01955,26894733.0
2023-03-06 18:00:00,0.01963,0.01975,0.01931,0.0197,5329549.0
2023-03-06 18:15:00,0.01969,0.01988,0.01959,0.01966,2761043.0
2023-03-06 18:30:00,0.0197,0.01985,0.01965,0.01981,1585778.0
2023-03-06 18:45:00,0.01983,0.02028,0.01977,0.02016,10343314.0
2023-03-06 19:00:00,0.02015,0.02023,0.0199,0.01998,5795934.0
2023-03-06 19:15:00,0.02006,0.02049,0.01961,0.01987,4495146.0
2023-03-06 19:30:00,0.01996,0.02001,0.01951,0.01956,3058934.0
2023-03-06 19:45:00,0.01958,0.01983,0.01958,0.01975,1787957.0
2023-03-06 20:00:00,0.01962,0.01973,0.01951,0.01951,934690.0
2023-03-06 20:15:00,0.01957,0.01977,0.01947,0.01947,2287150.0
2023-03-06 20:30:00,0.0195,0.01968,0.01948,0.01964,886832.0
2023-03-06 20:45:00,0.01964,0.0197,0.01959,0.01959,770112.0
2023-03-06 21:00:00,0.01963,0.0197,0.01953,0.01957,320922.0
2023-03-06 21:15:00,0.01959,0.01978,0.01957,0.01978,489586.0
2023-03-06 21:30:00,0.01975,0.02008,0.01973,0.01977,1238871.0
2023-03-06 21:45:00,0.0198,0.01984,0.01976,0.01978,298672.0
2023-03-06 22:00:00,0.01989,0.01996,0.01983,0.01992,467330.0
2023-03-06 22:15:00,0.01993,0.02003,0.01987,0.01999,1589320.0
2023-03-06 22:30:00,0.02002,0.02012,0.01993,0.02005,289219.0
2023-03-06 22:45:00,0.02011,0.02015,0.02001,0.02007,745531.0
2023-03-06 23:00:00,0.02008,0.02014,0.02006,0.02006,447850.0
2023-03-06 23:15:00,0.02004,0.02004,0.01931,0.01973,25355582.0
2023-03-06 23:30:00,0.01979,0.01989,0.01979,0.01988,1250280.0
2023-03-06 23:45:00,0.0198,0.01984,0.01975,0.01977,621922.0
2023-03-07 00:00:00,0.01987,0.01987,0.01958,0.01969,1074259.0
2023-03-07 00:15:00,0.01966,0.01969,0.01957,0.01957,237928.0
2023-03-07 00:30:00,0.01963,0.01973,0.01963,0.01964,423735.0
2023-03-07 00:45:00,0.01969,0.01969,0.01957,0.0196,483912.0
2023-03-07 01:00:00,0.01969,0.01996,0.01969,0.01984,656165.0
2023-03-07 01:15:00,0.01991,0.02,0.0199,0.01994,179740.0
2023-03-07 01:30:00,0.02,0.02,0.0199,0.01991,204202.0
2023-03-07 01:45:00,0.01991,0.01996,0.0199,0.01992,952709.0
2023-03-07 02:00:00,0.01997,0.02003,0.01989,0.01989,369698.0
2023-03-07 02:15:00,0.01992,0.02,0.01987,0.01989,327582.0
2023-03-07 02:30:00,0.01993,0.01998,0.01968,0.01971,1216635.0
2023-03-07 02:45:00,0.0198,0.02002,0.0198,0.01987,689770.0
2023-03-07 03:00:00,0.01991,0.01994,0.0198,0.0198,671791.0
2023-03-07 03:15:00,0.01984,0.01984,0.01977,0.01978,43866.0
2023-03-07 03:30:00,0.01978,0.01978,0.01969,0.01969,509244.0
2023-03-07 03:45:00,0.01972,0.01976,0.01971,0.01975,575529.0
2023-03-07 04:00:00,0.01975,0.01975,0.01972,0.01975,69730.0
2023-03-07 04:15:00,0.01972,0.01972,0.01964,0.01964,139898.0
2023-03-07 04:30:00,0.01964,0.01968,0.01958,0.01968,268472.0
2023-03-07 04:45:00,0.01965,0.01969,0.01962,0.01965,472280.0
2023-03-07 05:00:00,0.01963,0.0198,0.01963,0.01979,460454.0
2023-03-07 05:15:00,0.01976,0.0198,0.01973,0.0198,303172.0
2023-03-07 05:30:00,0.01977,0.0198,0.01976,0.01976,48473.0
2023-03-07 05:45:00,0.01977,0.01985,0.01977,0.01979,600339.0
2023-03-07 06:00:00,0.01979,0.01984,0.01967,0.01975,858543.0
2023-03-07 06:15:00,0.01968,0.01968,0.01949,0.01955,1586522.0
2023-03-07 06:30:00,0.01955,0.01958,0.01954,0.01956,251186.0
2023-03-07 06:45:00,0.01956,0.01956,0.01948,0.01948,394353.0
2023-03-07 07:00:00,0.01951,0.01958,0.01948,0.01958,511541.0
2023-03-07 07:15:00,0.01952,0.01964,0.01946,0.01957,1093255.0
2023-03-07 07:30:00,0.01957,0.0196,0.01947,0.0196,1153511.0
2023-03-07 07:45:00,0.0196,0.01962,0.01933,0.01943,2158881.0
2023-03-07 08:00:00,0.0194,0.01949,0.01933,0.01938,1086309.0
2023-03-07 08:15:00,0.01938,0.01961,0.01938,0.01948,2016602.0
2023-03-07 08:30:00,0.01948,0.01953,0.0194,0.0194,187236.0
2023-03-07 08:45:00,0.01939,0.01943,0.01938,0.0194,224820.0
2023-03-07 09:00:00,0.0194,0.01944,0.01937,0.01937,1054182.0
2023-03-07 09:15:00,0.01937,0.01937,0.01921,0.01926,773161.0
2023-03-07 09:30:00,0.01924,0.01929,0.01905,0.01905,1184706.0
2023-03-07 09:45:00,0.01913,0.01928,0.01899,0.01903,2112212.0
2023-03-07 10:00:00,0.01905,0.01922,0.01905,0.01921,899158.0
2023-03-07 10:15:00,0.01922,0.01924,0.01917,0.01917,58823.0
2023-03-07 10:30:00,0.01919,0.01924,0.01912,0.01913,305801.0
2023-03-07 10:45:00,0.01913,0.01913,0.01889,0.01889,1397508.0
2023-03-07 11:00:00,0.0189,0.01901,0.01887,0.01898,778384.0
2023-03-07 11:15:00,0.01901,0.01905,0.01891,0.01899,283473.0
2023-03-07 11:30:00,0.01896,0.01903,0.01892,0.019,303128.0
2023-03-07 11:45:00,0.01892,0.01907,0.01892,0.01907,588295.0
2023-03-07 12:00:00,0.019,0.01938,0.01887,0.01898,1262802.0
2023-03-07 12:15:00,0.01898,0.01906,0.01898,0.01906,207634.0
2023-03-07 12:30:00,0.01906,0.0191,0.01896,0.01907,191860.0
2023-03-07 12:45:00,0.01905,0.01917,0.01901,0.01915,170462.0
2023-03-07 13:00:00,0.01912,0.01922,0.01911,0.01917,187452.0
2023-03-07 13:15:00,0.01917,0.01923,0.01915,0.01918,298056.0
2023-03-07 13:30:00,0.01915,0.01922,0.01893,0.01898,4355016.0
2023-03-07 13:45:00,0.019,0.01905,0.01886,0.01886,2176199.0
2023-03-07 14:00:00,0.01886,0.01894,0.01875,0.01884,365040.0
2023-03-07 14:15:00,0.01884,0.01893,0.01879,0.01885,769841.0
2023-03-07 14:30:00,0.01886,0.01886,0.0187,0.01874,1761430.0
2023-03-07 14:45:00,0.01872,0.01877,0.01871,0.01871,559666.0
2023-03-07 15:00:00,0.01874,0.01874,0.01825,0.01833,1673452.0
2023-03-07 15:15:00,0.01837,0.01875,0.01837,0.01866,714288.0
2023-03-07 15:30:00,0.01862,0.01906,0.01862,0.01897,1775775.0
2023-03-07 15:45:00,0.01893,0.01919,0.01893,0.01908,1090400.0
2023-03-07 16:00:00,0.01906,0.01911,0.01896,0.01896,238798.0
2023-03-07 16:15:00,0.01893,0.01893,0.01857,0.01858,4727163.0
2023-03-07 16:30:00,0.01864,0.01866,0.0185,0.01866,1303087.0
2023-03-07 16:45:00,0.01865,0.01873,0.01857,0.01857,550848.0
2023-03-07 17:00:00,0.01868,0.01873,0.01859,0.01871,554529.0
2023-03-07 17:15:00,0.01868,0.01896,0.01864,0.01892,2485454.0
2023-03-07 17:30:00,0.01892,0.01907,0.01887,0.01904,937790.0
2023-03-07 17:45:00,0.01904,0.01943,0.01904,0.01919,1305247.0
2023-03-07 18:00:00,0.01918,0.01922,0.0189,0.0189,3997822.0
2023-03-07 18:15:00,0.01897,0.01899,0.0189,0.01892,386300.0
2023-03-07 18:30:00,0.01893,0.01893,0.0188,0.01881,559667.0
2023-03-07 18:45:00,0.01881,0.01883,0.01861,0.01864,889255.0
2023-03-07 19:00:00,0.01872,0.01875,0.01865,0.01872,270904.0
2023-03-07 19:15:00,0.01872,0.01875,0.01857,0.01858,696770.0
2023-03-07 19:30:00,0.01866,0.01866,0.01855,0.01855,119752.0
2023-03-07 19:45:00,0.01857,0.01863,0.01851,0.01851,1054939.0
2023-03-07 20:00:00,0.01854,0.01854,0.01828,0.01835,191767.0
2023-03-07 20:15:00,0.01835,0.01849,0.01832,0.01837,373955.0
2023-03-07 20:30:00,0.01838,0.01845,0.01836,0.01844,14378.0
2023-03-07 20:45:00,0.0184,0.01847,0.01839,0.01847,141528.0
2023-03-07 21:00:00,0.01847,0.01859,0.0184,0.0184,644761.0
2023-03-07 21:15:00,0.01841,0.01843,0.01837,0.01843,172551.0
2023-03-07 21:30:00,0.01843,0.01847,0.0184,0.01844,196003.0
2023-03-07 21:45:00,0.0184,0.01841,0.01831,0.01838,1218878.0
2023-03-07 22:00:00,0.01838,0.01851,0.01824,0.01835,652187.0
2023-03-07 22:15:00,0.01828,0.01837,0.01821,0.01833,256962.0
2023-03-07 22:30:00,0.01838,0.01838,0.01829,0.01832,246420.0
2023-03-07 22:45:00,0.01834,0.01839,0.01834,0.01835,319115.0
2023-03-07 23:00:00,0.01843,0.01863,0.01842,0.01863,739727.0
2023-03-07 23:15:00,0.01861,0.01877,0.01854,0.01871,168912.0
2023-03-07 23:30:00,0.01877,0.01905,0.01877,0.01885,512504.0
2023-03-07 23:45:00,0.01886,0.01889,0.01882,0.01887,217763.0
2023-03-08 00:00:00,0.01897,0.01911,0.01888,0.01899,1862158.0
2023-03-08 00:15:00,0.01902,0.01914,0.01898,0.01898,1480024.0
2023-03-08 00:30:00,0.01892,0.01892,0.01885,0.01885,195356.0
2023-03-08 00:45:00,0.01889,0.0189,0.01882,0.01888,45711.0
2023-03-08 01:00:00,0.01885,0.01885,0.01879,0.01879,186544.0
2023-03-08 01:15:00,0.01882,0.01888,0.01871,0.01871,64279.0
2023-03-08 01:30:00,0.01875,0.01882,0.01875,0.01882,6276.0
2023-03-08 01:45:00,0.0187,0.01872,0.01866,0.01866,14301.0
2023-03-08 02:00:00,0.01881,0.01881,0.01874,0.01874,41851.0
2023-03-08 02:15:00,0.01874,0.01874,0.01874,0.01874,1018.0
2023-03-08 02:30:00,0.01876,0.01876,0.01867,0.01873,20219.0
2023-03-08 02:45:00,0.01875,0.01875,0.01867,0.01867,108096.0
2023-03-08 03:00:00,0.01867,0.01869,0.01867,0.01868,1221991.0
2023-03-08 03:15:00,0.01864,0.01864,0.01851,0.01854,316726.0
2023-03-08 03:30:00,0.0185,0.01854,0.0185,0.01852,110660.0
2023-03-08 03:45:00,0.0185,0.01858,0.0185,0.01858,138577.0
2023-03-08 04:00:00,0.01878,0.01878,0.01859,0.01861,174233.0
2023-03-08 04:15:00,0.01861,0.01865,0.01861,0.01861,33846.0
2023-03-08 04:30:00,0.01861,0.01866,0.01861,0.01863,7245.0
2023-03-08 04:45:00,0.01863,0.01863,0.01858,0.01858,11264.0
2023-03-08 05:00:00,0.01854,0.01859,0.01854,0.01859,41139.0
2023-03-08 05:15:00,0.01847,0.01847,0.01823,0.01823,740363.0
2023-03-08 05:30:00,0.01825,0.01825,0.018,0.01813,1900491.0
2023-03-08 05:45:00,0.01813,0.01818,0.01805,0.01808,191276.0
2023-03-08 06:00:00,0.01808,0.01824,0.01808,0.01819,1201124.0
2023-03-08 06:15:00,0.0182,0.0182,0.01813,0.01815,445682.0
2023-03-08 06:30:00,0.01815,0.01821,0.01804,0.01806,585643.0
2023-03-08 06:45:00,0.01807,0.01814,0.01805,0.01814,259348.0
2023-03-08 07:00:00,0.01811,0.01816,0.01809,0.01809,115917.0
2023-03-08 07:15:00,0.01811,0.01811,0.01801,0.01807,872531.0
2023-03-08 07:30:00,0.01802,0.01807,0.018,0.01807,482936.0
2023-03-08 07:45:00,0.01804,0.01805,0.01783,0.01783,507439.0
2023-03-08 08:00:00,0.01789,0.01814,0.01789,0.01808,521913.0
2023-03-08 08:15:00,0.01804,0.01816,0.01803,0.01814,714480.0
2023-03-08 08:30:00,0.01814,0.01816,0.01803,0.01807,1857230.0
2023-03-08 08:45:00,0.01807,0.01807,0.01799,0.01801,420938.0
2023-03-08 09:00:00,0.01803,0.01803,0.018,0.018,32867.0
2023-03-08 09:15:00,0.01801,0.01801,0.0179,0.01793,128366.0
2023-03-08 09:30:00,0.01789,0.01798,0.01789,0.01798,954799.0
2023-03-08 09:45:00,0.01794,0.01798,0.0179,0.01793,117713.0
2023-03-08 10:00:00,0.01796,0.01798,0.01791,0.01793,44301.0
2023-03-08 10:15:00,0.01793,0.018,0.01791,0.01791,636297.0
2023-03-08 10:30:00,0.01792,0.01829,0.01792,0.01826,293951.0
2023-03-08 10:45:00,0.01826,0.01836,0.01819,0.01819,234518.0
2023-03-08 11:00:00,0.01824,0.01828,0.01819,0.01823,325470.0
2023-03-08 11:15:00,0.01823,0.01831,0.01822,0.01831,420542.0
2023-03-08 11:30:00,0.0183,0.01832,0.01822,0.0183,511388.0
2023-03-08 11:45:00,0.01829,0.0183,0.01828,0.0183,144460.0
2023-03-08 12:00:00,0.01827,0.01829,0.01811,0.01815,646190.0
2023-03-08 12:15:00,0.0182,0.01825,0.01802,0.01807,2025380.0
2023-03-08 12:30:00,0.01808,0.01812,0.018,0.01809,560884.0
2023-03-08 12:45:00,0.01809,0.01809,0.0179,0.01793,856870.0
2023-03-08 13:00:00,0.01795,0.01799,0.01777,0.01786,1007163.0
2023-03-08 13:15:00,0.01787,0.01796,0.01782,0.01783,123057.0
2023-03-08 13:30:00,0.01789,0.01789,0.01781,0.01783,113985.0
2023-03-08 13:45:00,0.01782,0.01785,0.01755,0.01761,812381.0
2023-03-08 14:00:00,0.01761,0.01766,0.01747,0.0176,747335.0
2023-03-08 14:15:00,0.01759,0.01774,0.01756,0.01766,379759.0
2023-03-08 14:30:00,0.01765,0.01771,0.01759,0.01768,174515.0
2023-03-08 14:45:00,0.01768,0.0177,0.01761,0.01763,111805.0
2023-03-08 15:00:00,0.01759,0.01785,0.01759,0.01785,536356.0
2023-03-08 15:15:00,0.01788,0.01795,0.01778,0.01795,546901.0
2023-03-08 15:30:00,0.01795,0.01839,0.01794,0.01812,1804398.0
2023-03-08 15:45:00,0.01818,0.01826,0.01801,0.01812,873690.0
2023-03-08 16:00:00,0.0181,0.01828,0.0181,0.01823,934474.0
2023-03-08 16:15:00,0.01823,0.01823,0.01804,0.01804,427476.0
2023-03-08 16:30:00,0.01807,0.0181,0.01798,0.01801,83919.0
2023-03-08 16:45:00,0.01808,0.0182,0.01808,0.0182,64792.0
2023-03-08 17:00:00,0.01818,0.0182,0.01804,0.01804,124715.0
2023-03-08 17:15:00,0.01811,0.01811,0.01811,0.01811,46909.0
2023-03-08 17:30:00,0.0181,0.0181,0.01806,0.01808,38086.0
2023-03-08 17:45:00,0.0181,0.0181,0.01795,0.01801,468560.0
2023-03-08 18:00:00,0.01792,0.01795,0.01782,0.01782,173006.0
2023-03-08 18:15:00,0.01783,0.01785,0.0177,0.01771,131519.0
2023-03-08 18:30:00,0.01769,0.0177,0.01756,0.01757,158413.0
2023-03-08 18:45:00,0.01757,0.01768,0.01753,0.01767,1673572.0
2023-03-08 19:00:00,0.01762,0.01763,0.01755,0.01758,734769.0
2023-03-08 19:15:00,0.01752,0.01758,0.0175,0.01754,143213.0
2023-03-08 19:30:00,0.0175,0.01759,0.01749,0.01759,119684.0
2023-03-08 19:45:00,0.01758,0.01758,0.01746,0.0175,431751.0
2023-03-08 20:00:00,0.01749,0.0175,0.0174,0.0174,250981.0
2023-03-08 20:15:00,0.01745,0.0175,0.0174,0.01748,222006.0
2023-03-08 20:30:00,0.01748,0.01772,0.01748,0.01769,186920.0
2023-03-08 20:45:00,0.01769,0.01771,0.01769,0.01771,27081.0
2023-03-08 21:00:00,0.01773,0.01777,0.0177,0.0177,200600.0
2023-03-08 21:15:00,0.0178,0.01783,0.0177,0.0177,360896.0
2023-03-08 21:30:00,0.01776,0.01779,0.01758,0.01758,386362.0
2023-03-08 21:45:00,0.01759,0.01759,0.01741,0.0175,330573.0
2023-03-08 22:00:00,0.01747,0.01752,0.01736,0.01736,210534.0
2023-03-08 22:15:00,0.0173,0.01736,0.01724,0.01733,66802.0
2023-03-08 22:30:00,0.01731,0.01731,0.01681,0.01697,2384412.0
2023-03-08 22:45:00,0.01699,0.01699,0.01623,0.01651,1958719.0
2023-03-08 23:00:00,0.01655,0.01682,0.01649,0.0168,798739.0
2023-03-08 23:15:00,0.01679,0.01683,0.01669,0.01679,304631.0
2023-03-08 23:30:00,0.01676,0.01676,0.01668,0.01673,241508.0
2023-03-08 23:45:00,0.0167,0.01681,0.01668,0.01681,334889.0
2023-03-09 00:00:00,0.01683,0.01703,0.01683,0.01694,194073.0
2023-03-09 00:15:00,0.01683,0.01705,0.01681,0.01705,138293.0
2023-03-09 00:30:00,0.01706,0.01706,0.01695,0.01701,504178.0
2023-03-09 00:45:00,0.01705,0.01726,0.01702,0.01714,1747432.0
2023-03-09 01:00:00,0.01713,0.01713,0.01704,0.01709,70586.0
2023-03-09 01:15:00,0.0172,0.0172,0.01716,0.01716,37140.0
2023-03-09 01:30:00,0.01716,0.01716,0.01716,0.01716,29178.0
2023-03-09 01:45:00,0.01719,0.01719,0.01712,0.01712,62870.0
2023-03-09 02:00:00,0.01712,0.01715,0.01712,0.01712,70411.0
2023-03-09 02:15:00,0.01714,0.01729,0.01714,0.01724,165337.0
2023-03-09 02:30:00,0.01731,0.01733,0.01724,0.01727,235676.0
2023-03-09 02:45:00,0.01727,0.01727,0.01727,0.01727,581.0
2023-03-09 03:00:00,0.01726,0.01752,0.01725,0.01731,406559.0
2023-03-09 03:15:00,0.01735,0.01735,0.01726,0.01731,343437.0
2023-03-09 03:30:00,0.01726,0.01743,0.01726,0.01743,340102.0
2023-03-09 03:45:00,0.01736,0.01736,0.01729,0.01733,108521.0
2023-03-09 04:00:00,0.01737,0.01742,0.01732,0.01738,90371.0
2023-03-09 04:15:00,0.01742,0.01746,0.01738,0.01746,152538.0
2023-03-09 04:30:00,0.01746,0.01754,0.01743,0.01744,132576.0
2023-03-09 04:45:00,0.01744,0.01755,0.01744,0.01755,210210.0
2023-03-09 05:00:00,0.01751,0.01799,0.01748,0.01763,634405.0
2023-03-09 05:15:00,0.01762,0.01769,0.01753,0.01769,60832.0
2023-03-09 05:30:00,0.01759,0.01763,0.01747,0.01753,47682.0
2023-03-09 05:45:00,0.01745,0.01745,0.01741,0.01741,72461.0
2023-03-09 06:00:00,0.0174,0.0174,0.01725,0.01731,299066.0
2023-03-09 06:15:00,0.01734,0.01739,0.01729,0.0173,80322.0
2023-03-09 06:30:00,0.01737,0.01737,0.01724,0.01725,30476.0
2023-03-09 06:45:00,0.01734,0.01734,0.01724,0.01734,138157.0
2023-03-09 07:00:00,0.01734,0.01735,0.0173,0.0173,26250.0
2023-03-09 07:15:00,0.0173,0.0173,0.01717,0.01719,318253.0
2023-03-09 07:30:00,0.01721,0.01722,0.01705,0.01709,457007.0
2023-03-09 07:45:00,0.01707,0.01711,0.01702,0.01702,16965.0
2023-03-09 08:00:00,0.01703,0.01713,0.01703,0.01711,19143.0
2023-03-09 08:15:00,0.01711,0.01711,0.01708,0.01709,35421.0
2023-03-09 08:30:00,0.01703,0.01708,0.01686,0.01693,311248.0
2023-03-09 08:45:00,0.01697,0.01705,0.01693,0.01705,57905.0
2023-03-09 09:00:00,0.01706,0.01722,0.01705,0.01722,129436.0
2023-03-09 09:15:00,0.01723,0.01725,0.01718,0.01718,24369.0
2023-03-09 09:30:00,0.01709,0.01711,0.01704,0.01706,64515.0
2023-03-09 09:45:00,0.01705,0.01713,0.01705,0.01713,47704.0
2023-03-09 10:00:00,0.01711,0.01711,0.01704,0.0171,111330.0
2023-03-09 10:15:00,0.01712,0.01712,0.01706,0.01706,23493.0
2023-03-09 10:30:00,0.01707,0.01708,0.01692,0.01695,245908.0
2023-03-09 10:45:00,0.01695,0.01709,0.01692,0.01709,106351.0
2023-03-09 11:00:00,0.01712,0.01721,0.0171,0.01717,112141.0
2023-03-09 11:15:00,0.01724,0.01729,0.01708,0.01719,706624.0
2023-03-09 11:30:00,0.01714,0.0172,0.01714,0.01718,58418.0
2023-03-09 11:45:00,0.01719,0.01721,0.01718,0.0172,126979.0
2023-03-09 12:00:00,0.0172,0.0172,0.0171,0.01716,142399.0
2023-03-09 12:15:00,0.01712,0.01712,0.01705,0.01712,40275.0
2023-03-09 12:30:00,0.01712,0.01712,0.01705,0.01705,162807.0
2023-03-09 12:45:00,0.01708,0.01709,0.01695,0.01695,718299.0
2023-03-09 13:00:00,0.01698,0.01699,0.01695,0.01696,219788.0
2023-03-09 13:15:00,0.01699,0.01699,0.01677,0.01689,1010057.0
2023-03-09 13:30:00,0.01694,0.01703,0.01694,0.01703,39248.0
2023-03-09 13:45:00,0.01703,0.01729,0.01703,0.01723,385254.0
2023-03-09 14:00:00,0.01726,0.0174,0.01726,0.0174,114638.0
2023-03-09 14:15:00,0.0174,0.01771,0.0174,0.01753,620101.0
2023-03-09 14:30:00,0.01751,0.01756,0.01742,0.01746,287345.0
2023-03-09 14:45:00,0.01746,0.01754,0.01732,0.01732,1240131.0
2023-03-09 15:00:00,0.01734,0.01771,0.01734,0.01759,2281341.0
2023-03-09 15:15:00,0.01751,0.01784,0.01743,0.01758,6613339.0
2023-03-09 15:30:00,0.01759,0.01762,0.01755,0.01757,1930976.0
2023-03-09 15:45:00,0.01762,0.01772,0.01759,0.01759,798852.0
2023-03-09 16:00:00,0.01758,0.01758,0.01726,0.01737,681428.0
2023-03-09 16:15:00,0.01744,0.01748,0.01742,0.01746,373420.0
2023-03-09 16:30:00,0.01746,0.01746,0.01711,0.01713,561017.0
2023-03-09 16:45:00,0.01724,0.01724,0.01707,0.0172,1040032.0
2023-03-09 17:00:00,0.0172,0.01742,0.01719,0.01733,2564103.0
2023-03-09 17:15:00,0.0173,0.01733,0.01719,0.0173,164854.0
2023-03-09 17:30:00,0.01724,0.0175,0.0172,0.01742,61328.0
2023-03-09 17:45:00,0.01739,0.0177,0.01739,0.01764,604791.0
2023-03-09 18:00:00,0.01754,0.01762,0.01723,0.01731,1231447.0
2023-03-09 18:15:00,0.01733,0.01737,0.01725,0.01725,285570.0
2023-03-09 18:30:00,0.01725,0.01725,0.01683,0.01717,1870266.0
2023-03-09 18:45:00,0.0171,0.01713,0.01707,0.01708,80688.0
2023-03-09 19:00:00,0.01706,0.01708,0.01644,0.01672,3307928.0
2023-03-09 19:15:00,0.01675,0.0169,0.01672,0.01686,106851.0
2023-03-09 19:30:00,0.0168,0.01692,0.01664,0.0167,613488.0
2023-03-09 19:45:00,0.01673,0.01674,0.01614,0.01635,2960052.0
2023-03-09 20:00:00,0.01635,0.01652,0.0162,0.01622,673380.0
2023-03-09 20:15:00,0.01626,0.01628,0.0158,0.01603,3114466.0
2023-03-09 20:30:00,0.01603,0.01713,0.01598,0.01598,2347014.0
2023-03-09 20:45:00,0.0159,0.01669,0.01518,0.0154,4770099.0
2023-03-09 21:00:00,0.01541,0.01574,0.01541,0.01553,2041613.0
2023-03-09 21:15:00,0.0156,0.01573,0.01545,0.01558,1189698.0
2023-03-09 21:30:00,0.01554,0.01555,0.01528,0.01536,822848.0
2023-03-09 21:45:00,0.01539,0.0154,0.01515,0.01525,3395248.0
2023-03-09 22:00:00,0.01525,0.01562,0.01525,0.01558,808049.0
2023-03-09 22:15:00,0.01554,0.01554,0.01541,0.01548,671298.0
2023-03-09 22:30:00,0.01548,0.01553,0.01539,0.01539,227025.0
2023-03-09 22:45:00,0.01545,0.01545,0.01536,0.0154,253638.0
2023-03-09 23:00:00,0.01536,0.01539,0.01518,0.01539,2554095.0
2023-03-09 23:15:00,0.01538,0.01538,0.01532,0.01535,196495.0
2023-03-09 23:30:00,0.01533,0.01533,0.01531,0.01533,322328.0
2023-03-09 23:45:00,0.01529,0.01569,0.01528,0.01559,470850.0
2023-03-10 00:00:00,0.0156,0.0156,0.01538,0.01541,700032.0
2023-03-10 00:15:00,0.01546,0.01547,0.01527,0.01544,236731.0
2023-03-10 00:30:00,0.01537,0.01538,0.01532,0.01532,159030.0
2023-03-10 00:45:00,0.01528,0.0153,0.01524,0.01527,113518.0
2023-03-10 01:00:00,0.01528,0.01547,0.01519,0.01519,413353.0
2023-03-10 01:15:00,0.01519,0.01519,0.01491,0.01515,939821.0
2023-03-10 01:30:00,0.0152,0.01554,0.0152,0.01554,668294.0
2023-03-10 01:45:00,0.01555,0.01564,0.01551,0.01562,447911.0
2023-03-10 02:00:00,0.0156,0.01569,0.0156,0.01569,68463.0
2023-03-10 02:15:00,0.01566,0.01569,0.01557,0.01557,492566.0
2023-03-10 02:30:00,0.01559,0.01566,0.01559,0.01563,232769.0
2023-03-10 02:45:00,0.01568,0.01568,0.01558,0.0156,9237.0
2023-03-10 03:00:00,0.01564,0.01566,0.01558,0.01559,337865.0
2023-03-10 03:15:00,0.01559,0.01569,0.01557,0.01564,78335.0
2023-03-10 03:30:00,0.01564,0.01568,0.01562,0.01568,164702.0
2023-03-10 03:45:00,0.01565,0.01567,0.01552,0.01552,186347.0
2023-03-10 04:00:00,0.01556,0.01558,0.0155,0.01551,78629.0
2023-03-10 04:15:00,0.01546,0.01548,0.01543,0.01543,12009.0
2023-03-10 04:30:00,0.01547,0.0155,0.01543,0.01547,284732.0
2023-03-10 04:45:00,0.01547,0.01552,0.01544,0.01548,58655.0
2023-03-10 05:00:00,0.01551,0.01552,0.01546,0.01546,275835.0
2023-03-10 05:15:00,0.01546,0.01551,0.01545,0.01551,479376.0
2023-03-10 05:30:00,0.01551,0.01552,0.0155,0.01552,385352.0
2023-03-10 05:45:00,0.01548,0.01556,0.01548,0.01549,311845.0
2023-03-10 06:00:00,0.01548,0.0156,0.01548,0.01555,1711557.0
2023-03-10 06:15:00,0.01553,0.01556,0.01549,0.01555,542706.0
2023-03-10 06:30:00,0.0155,0.01556,0.01547,0.01548,94923.0
2023-03-10 06:45:00,0.01547,0.01549,0.01532,0.01532,638157.0
2023-03-10 07:00:00,0.01537,0.01543,0.01528,0.01528,420860.0
2023-03-10 07:15:00,0.0153,0.01552,0.01529,0.01552,668353.0
2023-03-10 07:30:00,0.01552,0.01564,0.0155,0.01564,352386.0
2023-03-10 07:45:00,0.01563,0.01563,0.01547,0.01547,446131.0
2023-03-10 08:00:00,0.01547,0.0155,0.01543,0.01543,212481.0
2023-03-10 08:15:00,0.01542,0.01545,0.0153,0.01538,919212.0
2023-03-10 08:30:00,0.01536,0.01537,0.01531,0.01533,64978.0
2023-03-10 08:45:00,0.01531,0.01532,0.0152,0.01532,1547654.0
2023-03-10 09:00:00,0.01531,0.01531,0.01515,0.01515,362792.0
2023-03-10 09:15:00,0.01516,0.01525,0.01516,0.01521,232387.0
2023-03-10 09:30:00,0.01519,0.01519,0.01487,0.01487,1102941.0
2023-03-10 09:45:00,0.01493,0.01499,0.01487,0.01494,620344.0
2023-03-10 10:00:00,0.01491,0.01491,0.01453,0.01468,1216037.0
2023-03-10 10:15:00,0.01466,0.01466,0.01412,0.01419,1358505.0
2023-03-10 10:30:00,0.01424,0.01433,0.01401,0.01413,687180.0
2023-03-10 10:45:00,0.01421,0.0143,0.01399,0.01426,726258.0
2023-03-10 11:00:00,0.01428,0.01438,0.01423,0.01429,444714.0
2023-03-10 11:15:00,0.0143,0.01436,0.01421,0.01431,726367.0
2023-03-10 11:30:00,0.01432,0.01435,0.01421,0.01422,1849138.0
2023-03-10 11:45:00,0.01422,0.01448,0.0142,0.01442,1397268.0
2023-03-10 12:00:00,0.01444,0.0147,0.01442,0.01451,617653.0
2023-03-10 12:15:00,0.01452,0.01462,0.01449,0.0146,2545872.0
2023-03-10 12:30:00,0.0146,0.0146,0.01452,0.0146,303439.0
2023-03-10 12:45:00,0.01458,0.01485,0.01458,0.01476,899133.0
2023-03-10 13:00:00,0.01478,0.0148,0.01469,0.01473,280965.0
2023-03-10 13:15:00,0.01473,0.01493,0.01471,0.01481,280053.0
2023-03-10 13:30:00,0.01481,0.01539,0.01481,0.01538,2359684.0
2023-03-10 13:45:00,0.01537,0.01568,0.0153,0.01543,1571190.0
2023-03-10 14:00:00,0.01545,0.01545,0.0152,0.01522,698244.0
2023-03-10 14:15:00,0.0152,0.01527,0.01507,0.01524,478244.0
2023-03-10 14:30:00,0.01525,0.01528,0.01494,0.01496,746987.0
2023-03-10 14:45:00,0.01488,0.0151,0.01481,0.01505,513623.0
2023-03-10 15:00:00,0.01506,0.01515,0.01505,0.01506,347961.0
2023-03-10 15:15:00,0.01506,0.01508,0.015,0.01505,503014.0
2023-03-10 15:30:00,0.01505,0.01522,0.01504,0.01521,740749.0
2023-03-10 15:45:00,0.01522,0.0154,0.0152,0.01535,179999.0
2023-03-10 16:00:00,0.01535,0.01535,0.01522,0.01526,398446.0
2023-03-10 16:15:00,0.01525,0.01547,0.01523,0.01545,4244698.0
2023-03-10 16:30:00,0.01542,0.01554,0.01536,0.01536,1065479.0
2023-03-10 16:45:00,0.01541,0.01543,0.01526,0.01528,315945.0
2023-03-10 17:00:00,0.01527,0.01528,0.01507,0.01513,214497.0
2023-03-10 17:15:00,0.01515,0.01524,0.01512,0.01513,323555.0
2023-03-10 17:30:00,0.01514,0.01533,0.01513,0.01532,599418.0
2023-03-10 17:45:00,0.01531,0.0154,0.01523,0.01523,800146.0
2023-03-10 18:00:00,0.01523,0.01534,0.01523,0.01533,169516.0
2023-03-10 18:15:00,0.01528,0.01528,0.01528,0.01528,766.0
2023-03-10 18:30:00,0.01518,0.01518,0.01508,0.01517,290507.0
2023-03-10 18:45:00,0.0152,0.0152,0.01503,0.01503,131170.0
2023-03-10 19:00:00,0.01508,0.01522,0.01506,0.0152,181780.0
2023-03-10 19:15:00,0.0152,0.0152,0.01511,0.01511,188016.0
2023-03-10 19:30:00,0.01513,0.01533,0.0151,0.01526,3093782.0
2023-03-10 19:45:00,0.01529,0.01542,0.01529,0.01541,571091.0
2023-03-10 20:00:00,0.01543,0.0155,0.01535,0.0155,202014.0
2023-03-10 20:15:00,0.01547,0.01547,0.01534,0.01544,249440.0
2023-03-10 20:30:00,0.01534,0.01534,0.01527,0.01527,224117.0
2023-03-10 20:45:00,0.01528,0.01534,0.01528,0.01532,125687.0
2023-03-10 21:00:00,0.01537,0.01537,0.01523,0.01524,296460.0
2023-03-10 21:15:00,0.01523,0.01523,0.01509,0.01516,227909.0
2023-03-10 21:30:00,0.01521,0.01522,0.01509,0.0151,381996.0
2023-03-10 21:45:00,0.01511,0.01523,0.01508,0.01523,458203.0
2023-03-10 22:00:00,0.0153,0.01547,0.0153,0.01546,439018.0
2023-03-10 22:15:00,0.01546,0.0155,0.01538,0.01545,123342.0
2023-03-10 22:30:00,0.01545,0.01546,0.01541,0.01546,221313.0
2023-03-10 22:45:00,0.01544,0.01556,0.01536,0.01548,340536.0
2023-03-10 23:00:00,0.01545,0.01558,0.01544,0.01558,391304.0
2023-03-10 23:15:00,0.01555,0.01555,0.01549,0.01553,419816.0
2023-03-10 23:30:00,0.01545,0.01555,0.0154,0.01547,895140.0
2023-03-10 23:45:00,0.01551,0.01555,0.01543,0.0155,1059402.0
2023-03-11 00:00:00,0.01548,0.01548,0.01535,0.01539,1100761.0
2023-03-11 00:15:00,0.01541,0.01549,0.01533,0.01548,240818.0
2023-03-11 00:30:00,0.01551,0.01551,0.01538,0.01545,225084.0
2023-03-11 00:45:00,0.01538,0.01553,0.01538,0.01549,174609.0
2023-03-11 01:00:00,0.01547,0.01561,0.01541,0.01561,581408.0
2023-03-11 01:15:00,0.0156,0.01563,0.01556,0.01556,141453.0
2023-03-11 01:30:00,0.0156,0.01595,0.0156,0.01585,863237.0
2023-03-11 01:45:00,0.01576,0.01583,0.01569,0.01576,960952.0
2023-03-11 02:00:00,0.01576,0.01584,0.01569,0.01569,158208.0
2023-03-11 02:15:00,0.01564,0.01566,0.01561,0.01564,198822.0
2023-03-11 02:30:00,0.01556,0.01563,0.01555,0.01559,181251.0
2023-03-11 02:45:00,0.01561,0.01561,0.01556,0.01561,37221.0
2023-03-11 03:00:00,0.01554,0.01554,0.01535,0.01538,175866.0
2023-03-11 03:15:00,0.01539,0.01546,0.01537,0.01538,48893.0
2023-03-11 03:30:00,0.01537,0.01541,0.01531,0.01536,269320.0
2023-03-11 03:45:00,0.01535,0.01555,0.01532,0.01532,345019.0
2023-03-11 04:00:00,0.01529,0.01536,0.01502,0.01505,2940279.0
2023-03-11 04:15:00,0.01505,0.01521,0.01505,0.01521,85974.0
2023-03-11 04:30:00,0.01521,0.01525,0.01521,0.01524,262472.0
2023-03-11 04:45:00,0.01524,0.01524,0.01524,0.01524,0.0
2023-03-11 05:00:00,0.01522,0.0153,0.01521,0.0153,37418.0
2023-03-11 05:15:00,0.01532,0.01534,0.01525,0.01533,308718.0
2023-03-11 05:30:00,0.01542,0.01547,0.0154,0.01542,191527.0
2023-03-11 05:45:00,0.01543,0.01546,0.01543,0.01545,70549.0
2023-03-11 06:00:00,0.01544,0.01547,0.01542,0.01544,347364.0
2023-03-11 06:15:00,0.0154,0.01543,0.01534,0.01537,170220.0
2023-03-11 06:30:00,0.01535,0.01535,0.01521,0.01523,579659.0
2023-03-11 06:45:00,0.01522,0.01528,0.01521,0.01527,93747.0
2023-03-11 07:00:00,0.01522,0.01528,0.01513,0.01515,238759.0
2023-03-11 07:15:00,0.01515,0.01515,0.01493,0.01501,615476.0
2023-03-11 07:30:00,0.01494,0.01494,0.01439,0.01439,1537621.0
2023-03-11 07:45:00,0.0144,0.01468,0.01429,0.0144,1217385.0
2023-03-11 08:00:00,0.01442,0.01443,0.01394,0.01421,3569572.0
2023-03-11 08:15:00,0.0142,0.01497,0.01418,0.01427,2135507.0
2023-03-11 08:30:00,0.01431,0.01451,0.01431,0.01443,676234.0
2023-03-11 08:45:00,0.01444,0.01449,0.01426,0.01433,702546.0
2023-03-11 09:00:00,0.01433,0.01454,0.01426,0.01449,323485.0
2023-03-11 09:15:00,0.01452,0.01453,0.0143,0.01433,554403.0
2023-03-11 09:30:00,0.01438,0.0144,0.01425,0.01429,581836.0
2023-03-11 09:45:00,0.01431,0.0144,0.01425,0.01439,142319.0
2023-03-11 10:00:00,0.01439,0.0144,0.0143,0.01434,102768.0
2023-03-11 10:15:00,0.01439,0.01455,0.01439,0.01455,812956.0
2023-03-11 10:30:00,0.01452,0.01456,0.01443,0.01446,470319.0
2023-03-11 10:45:00,0.0145,0.01452,0.0144,0.0144,214396.0
2023-03-11 11:00:00,0.01441,0.01445,0.01435,0.01435,262919.0
2023-03-11 11:15:00,0.01435,0.01435,0.01418,0.01431,1566028.0
2023-03-11 11:30:00,0.01431,0.01431,0.01421,0.01426,124063.0
2023-03-11 11:45:00,0.01423,0.01424,0.01421,0.01424,306715.0
2023-03-11 12:00:00,0.01426,0.01437,0.01424,0.01434,124382.0
2023-03-11 12:15:00,0.01428,0.01448,0.01428,0.01446,205799.0
2023-03-11 12:30:00,0.01443,0.01444,0.01433,0.01433,143485.0
2023-03-11 12:45:00,0.01433,0.01433,0.01418,0.01423,1043122.0
2023-03-11 13:00:00,0.01423,0.01435,0.01423,0.01431,277705.0
2023-03-11 13:15:00,0.01429,0.01436,0.01425,0.01432,141470.0
2023-03-11 13:30:00,0.01431,0.01436,0.01426,0.01436,279532.0
2023-03-11 13:45:00,0.01438,0.0144,0.01427,0.01432,551309.0
2023-03-11 14:00:00,0.0143,0.0143,0.01424,0.01428,146107.0
2023-03-11 14:15:00,0.0143,0.01435,0.0143,0.01435,91116.0
2023-03-11 14:30:00,0.01435,0.01442,0.01434,0.01438,187828.0
2023-03-11 14:45:00,0.01438,0.01438,0.0143,0.01436,738600.0
2023-03-11 15:00:00,0.01432,0.01435,0.01416,0.01416,583657.0
2023-03-11 15:15:00,0.01422,0.01431,0.01421,0.01424,380495.0
2023-03-11 15:30:00,0.01427,0.01439,0.01408,0.01413,463568.0
2023-03-11 15:45:00,0.01412,0.01412,0.01383,0.01393,1476169.0
2023-03-11 16:00:00,0.01396,0.01418,0.01383,0.0139,440736.0
2023-03-11 16:15:00,0.01386,0.01396,0.01386,0.01392,582417.0
2023-03-11 16:30:00,0.01392,0.014,0.01386,0.014,549022.0
2023-03-11 16:45:00,0.01411,0.01426,0.01411,0.01424,525540.0
2023-03-11 17:00:00,0.01422,0.01423,0.01409,0.01411,410958.0
2023-03-11 17:15:00,0.01416,0.0142,0.01416,0.01417,183525.0
2023-03-11 17:30:00,0.01422,0.01425,0.01414,0.01423,881597.0
2023-03-11 17:45:00,0.01422,0.01458,0.01422,0.01438,2194559.0
2023-03-11 18:00:00,0.01444,0.01456,0.01433,0.01438,868271.0
2023-03-11 18:15:00,0.01441,0.01447,0.01434,0.01434,296413.0
2023-03-11 18:30:00,0.01442,0.01446,0.01438,0.01438,18203.0
2023-03-11 18:45:00,0.01438,0.0144,0.01434,0.0144,462435.0
2023-03-11 19:00:00,0.01445,0.01447,0.01439,0.01444,530309.0
2023-03-11 19:15:00,0.01444,0.01478,0.01444,0.01444,614332.0
2023-03-11 19:30:00,0.01448,0.0145,0.01442,0.01449,30508.0
2023-03-11 19:45:00,0.01444,0.01452,0.0144,0.01452,192580.0
2023-03-11 20:00:00,0.01445,0.01449,0.01445,0.01449,15871.0
2023-03-11 20:15:00,0.01445,0.01449,0.01442,0.01449,31410.0
2023-03-11 20:30:00,0.0145,0.01461,0.01449,0.01456,59034.0
2023-03-11 20:45:00,0.01452,0.01471,0.01452,0.01463,128158.0
2023-03-11 21:00:00,0.01469,0.01481,0.01469,0.01472,228744.0
2023-03-11 21:15:00,0.0147,0.0147,0.01455,0.0146,112385.0
2023-03-11 21:30:00,0.01453,0.01453,0.0145,0.01452,62647.0
2023-03-11 21:45:00,0.01458,0.01464,0.01446,0.01455,151205.0
2023-03-11 22:00:00,0.01452,0.01452,0.01448,0.0145,66789.0
2023-03-11 22:15:00,0.01468,0.01471,0.01468,0.01471,14625.0
2023-03-11 22:30:00,0.01458,0.0146,0.01453,0.01453,37558.0
2023-03-11 22:45:00,0.01453,0.01457,0.01453,0.01457,4129.0
2023-03-11 23:00:00,0.01461,0.01461,0.01449,0.01449,123864.0
2023-03-11 23:15:00,0.01454,0.0146,0.0145,0.0146,380163.0
2023-03-11 23:30:00,0.01457,0.01469,0.01457,0.01469,101937.0
2023-03-11 23:45:00,0.01461,0.01476,0.01461,0.01461,804107.0
2023-03-12 00:00:00,0.01468,0.01469,0.01457,0.01457,94290.0
2023-03-12 00:15:00,0.01452,0.01456,0.01445,0.01445,275379.0
2023-03-12 00:30:00,0.01447,0.0145,0.01446,0.01446,21003.0
2023-03-12 00:45:00,0.0145,0.0145,0.0145,0.0145,10000.0
2023-03-12 01:00:00,0.01455,0.0147,0.01455,0.01465,970909.0
2023-03-12 01:15:00,0.01473,0.01474,0.01463,0.01464,44376.0
2023-03-12 01:30:00,0.01464,0.01464,0.01453,0.01453,149407.0
2023-03-12 01:45:00,0.0146,0.01462,0.01458,0.01461,73562.0
2023-03-12 02:00:00,0.01461,0.01462,0.01453,0.01453,209335.0
2023-03-12 02:15:00,0.01453,0.01457,0.01449,0.01449,510689.0
2023-03-12 02:30:00,0.0145,0.01457,0.01449,0.01449,69806.0
2023-03-12 02:45:00,0.01454,0.01465,0.01454,0.01464,106815.0
2023-03-12 03:00:00,0.01469,0.01473,0.01469,0.01473,47377.0
2023-03-12 03:15:00,0.0147,0.01478,0.0147,0.0147,97483.0
2023-03-12 03:30:00,0.01465,0.01476,0.01465,0.01476,3016.0
2023-03-12 03:45:00,0.0146,0.01461,0.0146,0.01461,21164.0
2023-03-12 04:00:00,0.01461,0.01463,0.0146,0.0146,24973.0
2023-03-12 04:15:00,0.01459,0.01462,0.01457,0.01457,70237.0
2023-03-12 04:30:00,0.01456,0.01456,0.01452,0.01455,156931.0
2023-03-12 04:45:00,0.01462,0.01466,0.01461,0.01465,59856.0
2023-03-12 05:00:00,0.01459,0.0147,0.01459,0.01464,239672.0
2023-03-12 05:15:00,0.01472,0.01474,0.01468,0.01471,53249.0
2023-03-12 05:30:00,0.01474,0.01478,0.0147,0.0147,97105.0
2023-03-12 05:45:00,0.0147,0.0147,0.01457,0.01459,218892.0
2023-03-12 06:00:00,0.0146,0.01468,0.0146,0.0146,128138.0
2023-03-12 06:15:00,0.0146,0.01469,0.0146,0.0146,163303.0
2023-03-12 06:30:00,0.01462,0.01462,0.01452,0.01452,71413.0
2023-03-12 06:45:00,0.01459,0.01459,0.01451,0.01453,30475.0
2023-03-12 07:00:00,0.01449,0.01468,0.01448,0.01449,644661.0
2023-03-12 07:15:00,0.01455,0.0146,0.01447,0.01458,65727.0
2023-03-12 07:30:00,0.01454,0.01454,0.01452,0.01452,1633.0
2023-03-12 07:45:00,0.01448,0.01456,0.01447,0.01456,64343.0
2023-03-12 08:00:00,0.01454,0.0146,0.01452,0.0146,192164.0
2023-03-12 08:15:00,0.0146,0.01467,0.01459,0.01462,357110.0
2023-03-12 08:30:00,0.01468,0.01469,0.01455,0.01455,90764.0
2023-03-12 08:45:00,0.01456,0.01465,0.01456,0.01463,92180.0
2023-03-12 09:00:00,0.01469,0.0149,0.01462,0.01484,739695.0
2023-03-12 09:15:00,0.01484,0.0149,0.01476,0.01477,273135.0
2023-03-12 09:30:00,0.01487,0.01491,0.0148,0.01489,654821.0
2023-03-12 09:45:00,0.01487,0.01494,0.01472,0.01481,672645.0
2023-03-12 10:00:00,0.01481,0.01482,0.01467,0.01472,381580.0
2023-03-12 10:15:00,0.01477,0.01482,0.01468,0.01478,1056613.0
2023-03-12 10:30:00,0.01478,0.01478,0.0147,0.01475,518826.0
2023-03-12 10:45:00,0.01479,0.01486,0.01477,0.01478,483319.0
2023-03-12 11:00:00,0.01482,0.01482,0.01474,0.01474,51767.0
2023-03-12 11:15:00,0.01474,0.01481,0.01474,0.01481,44755.0
2023-03-12 11:30:00,0.01475,0.01476,0.01464,0.0147,495936.0
2023-03-12 11:45:00,0.01476,0.01476,0.01466,0.0147,327524.0
2023-03-12 12:00:00,0.0147,0.0147,0.01447,0.01449,406735.0
2023-03-12 12:15:00,0.01447,0.01457,0.01447,0.01451,105386.0
2023-03-12 12:30:00,0.01447,0.01452,0.01445,0.01446,148218.0
2023-03-12 12:45:00,0.01449,0.01453,0.01445,0.01453,110767.0
2023-03-12 13:00:00,0.0145,0.01459,0.01448,0.01459,260553.0
2023-03-12 13:15:00,0.01459,0.01465,0.01459,0.01465,270392.0
2023-03-12 13:30:00,0.01464,0.01468,0.01455,0.01459,119046.0
2023-03-12 13:45:00,0.01454,0.0146,0.01453,0.01453,16511.0
2023-03-12 14:00:00,0.01449,0.01454,0.01444,0.01446,27647.0
2023-03-12 14:15:00,0.01446,0.01453,0.01446,0.0145,9737.0
2023-03-12 14:30:00,0.01446,0.01448,0.0144,0.01442,156375.0
2023-03-12 14:45:00,0.01441,0.01442,0.01424,0.01428,768189.0
2023-03-12 15:00:00,0.01428,0.01436,0.01425,0.01431,255997.0
2023-03-12 15:15:00,0.01436,0.0144,0.01429,0.0143,223274.0
2023-03-12 15:30:00,0.01425,0.01489,0.01425,0.01466,2362374.0
2023-03-12 15:45:00,0.01464,0.01465,0.01439,0.01448,2084941.0
2023-03-12 16:00:00,0.01442,0.01461,0.01434,0.01461,112357.0
2023-03-12 16:15:00,0.01458,0.01481,0.01454,0.0148,1159585.0
2023-03-12 16:30:00,0.01479,0.0149,0.01468,0.01468,2528895.0
2023-03-12 16:45:00,0.0147,0.01489,0.01466,0.01484,751020.0
2023-03-12 17:00:00,0.01479,0.01511,0.01464,0.01486,1388725.0
2023-03-12 17:15:00,0.01495,0.01519,0.01483,0.01511,592035.0
2023-03-12 17:30:00,0.01513,0.01539,0.0151,0.01528,1157016.0
2023-03-12 17:45:00,0.01527,0.01544,0.01523,0.01533,1247961.0
2023-03-12 18:00:00,0.01536,0.01536,0.0151,0.01518,1727994.0
2023-03-12 18:15:00,0.01514,0.01538,0.0151,0.01538,1665435.0
2023-03-12 18:30:00,0.01534,0.01548,0.01526,0.01527,1320251.0
2023-03-12 18:45:00,0.01533,0.01545,0.01527,0.01535,1327420.0
2023-03-12 19:00:00,0.0154,0.01549,0.01537,0.01537,618455.0
2023-03-12 19:15:00,0.0154,0.01542,0.01524,0.01525,329751.0
2023-03-12 19:30:00,0.01522,0.01532,0.0151,0.01518,396614.0
2023-03-12 19:45:00,0.01522,0.01528,0.01513,0.01515,680764.0
2023-03-12 20:00:00,0.01521,0.01522,0.01516,0.01522,169293.0
2023-03-12 20:15:00,0.01523,0.01535,0.01523,0.01535,192349.0
2023-03-12 20:30:00,0.01535,0.01544,0.01532,0.01539,412453.0
2023-03-12 20:45:00,0.01541,0.01554,0.01535,0.01554,422447.0
2023-03-12 21:00:00,0.01546,0.01554,0.01541,0.01546,974723.0
2023-03-12 21:15:00,0.01546,0.01551,0.01546,0.01549,273997.0
2023-03-12 21:30:00,0.01548,0.01554,0.01546,0.01551,252680.0
2023-03-12 21:45:00,0.01551,0.01559,0.01551,0.01559,212711.0
2023-03-12 22:00:00,0.0156,0.01578,0.01548,0.01556,1360609.0
2023-03-12 22:15:00,0.01561,0.01587,0.01561,0.01583,2562235.0
2023-03-12 22:30:00,0.01586,0.01586,0.01575,0.01581,1471599.0
2023-03-12 22:45:00,0.0158,0.01635,0.01575,0.01607,4918788.0
2023-03-12 23:00:00,0.01607,0.01628,0.016,0.01621,982888.0
2023-03-12 23:15:00,0.01616,0.01627,0.0161,0.01625,1626594.0
2023-03-12 23:30:00,0.01625,0.01625,0.01615,0.0162,260550.0
2023-03-12 23:45:00,0.01628,0.01684,0.01616,0.01616,1826290.0
2023-03-13 00:00:00,0.01616,0.01652,0.01616,0.01632,1523267.0
2023-03-13 00:15:00,0.01638,0.01648,0.01628,0.01644,1088713.0
2023-03-13 00:30:00,0.0164,0.0166,0.01637,0.01657,1255942.0
2023-03-13 00:45:00,0.01666,0.01666,0.01645,0.01655,1870311.0
2023-03-13 01:00:00,0.01655,0.01685,0.0165,0.0165,1590653.0
2023-03-13 01:15:00,0.0165,0.01658,0.0165,0.01654,195813.0
2023-03-13 01:30:00,0.01654,0.01661,0.0165,0.01653,1009532.0
2023-03-13 01:45:00,0.01662,0.01662,0.0165,0.0165,305986.0
2023-03-13 02:00:00,0.01656,0.01666,0.01653,0.01661,383917.0
2023-03-13 02:15:00,0.01663,0.01663,0.01642,0.01642,1225443.0
2023-03-13 02:30:00,0.01649,0.01661,0.01648,0.01661,726808.0
2023-03-13 02:45:00,0.01653,0.01653,0.01637,0.01649,838769.0
2023-03-13 03:00:00,0.01659,0.01664,0.01653,0.01653,259007.0
2023-03-13 03:15:00,0.01662,0.01685,0.01662,0.01662,370498.0
2023-03-13 03:30:00,0.01672,0.01672,0.01663,0.01666,137745.0
2023-03-13 03:45:00,0.0167,0.0167,0.01665,0.01665,11224.0
2023-03-13 04:00:00,0.01659,0.01662,0.01653,0.01662,108246.0
2023-03-13 04:15:00,0.01669,0.01682,0.01657,0.01682,401278.0
2023-03-13 04:30:00,0.01683,0.01683,0.01669,0.01669,2520223.0
2023-03-13 04:45:00,0.01667,0.01672,0.01659,0.0166,591634.0
2023-03-13 05:00:00,0.01661,0.01675,0.01661,0.01674,28559.0
2023-03-13 05:15:00,0.0167,0.01672,0.0166,0.0166,278007.0
2023-03-13 05:30:00,0.0166,0.01672,0.01658,0.01672,159604.0
2023-03-13 05:45:00,0.01668,0.01668,0.01658,0.01665,148319.0
2023-03-13 06:00:00,0.01667,0.01676,0.01655,0.01674,942053.0
2023-03-13 06:15:00,0.01674,0.01674,0.01661,0.01667,679148.0
2023-03-13 06:30:00,0.01667,0.01667,0.01651,0.01666,562570.0
2023-03-13 06:45:00,0.01668,0.01674,0.01666,0.01668,150970.0
2023-03-13 07:00:00,0.01674,0.01681,0.01669,0.01681,1281249.0
2023-03-13 07:15:00,0.01681,0.01703,0.01675,0.01679,451559.0
2023-03-13 07:30:00,0.01679,0.01686,0.01675,0.01678,635816.0
2023-03-13 07:45:00,0.01672,0.01689,0.01669,0.01681,462626.0
2023-03-13 08:00:00,0.01673,0.01706,0.01673,0.01687,1419604.0
2023-03-13 08:15:00,0.01687,0.01709,0.01687,0.01692,1085861.0
2023-03-13 08:30:00,0.01687,0.01687,0.01671,0.01671,873040.0
2023-03-13 08:45:00,0.01668,0.01669,0.01639,0.01651,2936684.0
2023-03-13 09:00:00,0.01651,0.01658,0.01643,0.01658,938810.0
2023-03-13 09:15:00,0.01659,0.01666,0.01639,0.01639,805968.0
2023-03-13 09:30:00,0.01636,0.01638,0.01592,0.01603,3096270.0
2023-03-13 09:45:00,0.01603,0.01623,0.01603,0.01611,358576.0
2023-03-13 10:00:00,0.01614,0.01627,0.01614,0.01623,171263.0
2023-03-13 10:15:00,0.0162,0.01627,0.01603,0.01627,831231.0
2023-03-13 10:30:00,0.0163,0.01641,0.01628,0.01635,346209.0
2023-03-13 10:45:00,0.01635,0.01635,0.01626,0.01635,278589.0
2023-03-13 11:00:00,0.01635,0.01644,0.01632,0.01636,199400.0
2023-03-13 11:15:00,0.01636,0.01637,0.01626,0.01632,337602.0
2023-03-13 11:30:00,0.01632,0.01632,0.01616,0.01625,123235.0
2023-03-13 11:45:00,0.01634,0.01637,0.01631,0.01632,74351.0
2023-03-13 12:00:00,0.01629,0.01629,0.01598,0.01604,1044518.0
2023-03-13 12:15:00,0.01606,0.01622,0.01604,0.01614,306873.0
2023-03-13 12:30:00,0.0162,0.01621,0.01609,0.01609,113851.0
2023-03-13 12:45:00,0.01608,0.01608,0.01584,0.01604,1911050.0
2023-03-13 13:00:00,0.01605,0.01631,0.01605,0.01623,2102479.0
2023-03-13 13:15:00,0.01629,0.01643,0.01629,0.01632,728771.0
2023-03-13 13:30:00,0.01634,0.01638,0.01611,0.01628,746377.0
2023-03-13 13:45:00,0.01625,0.01646,0.01625,0.01642,153985.0
2023-03-13 14:00:00,0.01643,0.01664,0.01634,0.01663,590609.0
2023-03-13 14:15:00,0.01664,0.01762,0.01661,0.01694,3042766.0
2023-03-13 14:30:00,0.01694,0.01698,0.01683,0.01698,770471.0
2023-03-13 14:45:00,0.01698,0.01699,0.01688,0.01696,664204.0
2023-03-13 15:00:00,0.01692,0.01739,0.01692,0.01715,5974754.0
2023-03-13 15:15:00,0.01718,0.01727,0.01673,0.01705,15156672.0
2023-03-13 15:30:00,0.01707,0.01737,0.01665,0.01714,10785218.0
2023-03-13 15:45:00,0.01713,0.01713,0.01686,0.01699,635179.0
2023-03-13 16:00:00,0.01707,0.0171,0.01689,0.01702,1232036.0
2023-03-13 16:15:00,0.01702,0.01724,0.01694,0.01705,791827.0
2023-03-13 16:30:00,0.0169,0.01701,0.01673,0.01698,777749.0
2023-03-13 16:45:00,0.01693,0.01698,0.01686,0.01686,295969.0
2023-03-13 17:00:00,0.01692,0.01692,0.01677,0.01689,57475.0
2023-03-13 17:15:00,0.01689,0.01695,0.01685,0.01685,297402.0
2023-03-13 17:30:00,0.01688,0.01698,0.01688,0.01692,251578.0
2023-03-13 17:45:00,0.01687,0.01694,0.01683,0.01694,320444.0
2023-03-13 18:00:00,0.01701,0.0172,0.01691,0.01703,1252698.0
2023-03-13 18:15:00,0.01703,0.01703,0.01695,0.01702,1001783.0
2023-03-13 18:30:00,0.01708,0.01708,0.01695,0.01698,230771.0
2023-03-13 18:45:00,0.01701,0.01715,0.01701,0.01715,303721.0
2023-03-13 19:00:00,0.01715,0.01724,0.01705,0.01709,862198.0
2023-03-13 19:15:00,0.0171,0.01729,0.01695,0.01695,227990.0
2023-03-13 19:30:00,0.01708,0.01708,0.01695,0.01695,439926.0
2023-03-13 19:45:00,0.01696,0.017,0.01687,0.01688,247757.0
2023-03-13 20:00:00,0.01704,0.01707,0.01691,0.01691,76553.0
2023-03-13 20:15:00,0.01694,0.01694,0.01688,0.01688,131938.0
2023-03-13 20:30:00,0.01687,0.01698,0.01681,0.0169,113708.0
2023-03-13 20:45:00,0.01698,0.017,0.01686,0.017,28602.0
2023-03-13 21:00:00,0.01694,0.01709,0.0169,0.01709,476061.0
2023-03-13 21:15:00,0.01709,0.01711,0.01704,0.01708,300752.0
2023-03-13 21:30:00,0.017,0.017,0.0169,0.01694,1226869.0
2023-03-13 21:45:00,0.01694,0.01704,0.01694,0.017,626710.0
2023-03-13 22:00:00,0.01701,0.01711,0.01701,0.01707,38163.0
2023-03-13 22:15:00,0.01711,0.01713,0.01702,0.01708,218171.0
2023-03-13 22:30:00,0.01705,0.01715,0.01704,0.01704,38438.0
2023-03-13 22:45:00,0.0171,0.01718,0.01699,0.01714,364002.0
2023-03-13 23:00:00,0.01712,0.01712,0.01702,0.01708,16361.0
2023-03-13 23:15:00,0.01695,0.01695,0.01676,0.01679,403974.0
2023-03-13 23:30:00,0.01698,0.01698,0.01691,0.01691,208280.0
2023-03-13 23:45:00,0.01695,0.01695,0.01685,0.01694,183316.0
2023-03-14 00:00:00,0.01698,0.01699,0.01686,0.01695,191029.0
2023-03-14 00:15:00,0.01695,0.01699,0.01695,0.01699,1168640.0
2023-03-14 00:30:00,0.01706,0.01707,0.01695,0.01695,137835.0
2023-03-14 00:45:00,0.01693,0.01704,0.01689,0.01689,29160.0
2023-03-14 01:00:00,0.01692,0.01699,0.01684,0.01699,436982.0
2023-03-14 01:15:00,0.0169,0.01698,0.0169,0.01697,198543.0
2023-03-14 01:30:00,0.01692,0.01701,0.01692,0.01701,299146.0
2023-03-14 01:45:00,0.01704,0.01705,0.01697,0.01697,43803.0
2023-03-14 02:00:00,0.01695,0.01698,0.01695,0.01695,128340.0
2023-03-14 02:15:00,0.01696,0.01696,0.01687,0.01695,394001.0
2023-03-14 02:30:00,0.01692,0.01699,0.01687,0.01699,297570.0
2023-03-14 02:45:00,0.01693,0.01699,0.01687,0.0169,630648.0
2023-03-14 03:00:00,0.01695,0.01695,0.01691,0.01691,164102.0
2023-03-14 03:15:00,0.01696,0.01696,0.01687,0.01687,341889.0
2023-03-14 03:30:00,0.01691,0.01709,0.01691,0.017,247654.0
2023-03-14 03:45:00,0.017,0.01703,0.017,0.017,720038.0
2023-03-14 04:00:00,0.01703,0.01709,0.017,0.01709,185736.0
2023-03-14 04:15:00,0.01709,0.01709,0.01695,0.01701,190583.0
2023-03-14 04:30:00,0.01701,0.01703,0.01693,0.01702,164095.0
2023-03-14 04:45:00,0.01706,0.01716,0.01704,0.01709,8149.0
2023-03-14 05:00:00,0.0171,0.01759,0.0171,0.0175,7285414.0
2023-03-14 05:15:00,0.0175,0.01753,0.0171,0.01719,1021062.0
2023-03-14 05:30:00,0.01719,0.01731,0.0171,0.01716,362931.0
2023-03-14 05:45:00,0.01716,0.01724,0.01711,0.01713,289081.0
2023-03-14 06:00:00,0.01711,0.01738,0.01711,0.01728,215444.0
2023-03-14 06:15:00,0.01721,0.01732,0.01719,0.01719,177033.0
2023-03-14 06:30:00,0.01732,0.01732,0.01715,0.01715,356497.0
2023-03-14 06:45:00,0.01715,0.01725,0.01715,0.01723,66870.0
2023-03-14 07:00:00,0.0172,0.01728,0.01716,0.01726,77164.0
2023-03-14 07:15:00,0.01723,0.01723,0.01717,0.0172,707544.0
2023-03-14 07:30:00,0.01716,0.01716,0.017,0.017,419050.0
2023-03-14 07:45:00,0.017,0.01701,0.01693,0.01698,65230.0
2023-03-14 08:00:00,0.01695,0.01695,0.01675,0.01676,1307518.0
2023-03-14 08:15:00,0.01676,0.01692,0.01673,0.01688,664800.0
2023-03-14 08:30:00,0.01689,0.01695,0.01687,0.0169,117593.0
2023-03-14 08:45:00,0.01689,0.0169,0.01673,0.0168,225244.0
2023-03-14 09:00:00,0.01683,0.01683,0.01677,0.01679,657083.0
2023-03-14 09:15:00,0.01681,0.01682,0.01666,0.01666,446417.0
2023-03-14 09:30:00,0.01667,0.01689,0.01667,0.01686,2177841.0
2023-03-14 09:45:00,0.01685,0.01689,0.01678,0.01678,74540.0
2023-03-14 10:00:00,0.01688,0.01692,0.01677,0.01685,405522.0
2023-03-14 10:15:00,0.01683,0.01692,0.01681,0.01691,125999.0
2023-03-14 10:30:00,0.01689,0.01691,0.01689,0.01691,229013.0
2023-03-14 10:45:00,0.01691,0.01698,0.01688,0.01692,189429.0
2023-03-14 11:00:00,0.01696,0.01696,0.01683,0.01694,626491.0
2023-03-14 11:15:00,0.01695,0.01722,0.01691,0.01694,830687.0
2023-03-14 11:30:00,0.01685,0.01696,0.01681,0.01695,155836.0
2023-03-14 11:45:00,0.01694,0.01702,0.01691,0.01697,343233.0
2023-03-14 12:00:00,0.0169,0.01695,0.01684,0.01695,409121.0
2023-03-14 12:15:00,0.01693,0.01693,0.01682,0.01686,790252.0
2023-03-14 12:30:00,0.01682,0.01761,0.01682,0.01761,5159270.0
2023-03-14 12:45:00,0.01771,0.01785,0.01754,0.01776,3232016.0
2023-03-14 13:00:00,0.01776,0.01803,0.01756,0.01797,1395494.0
2023-03-14 13:15:00,0.01802,0.01802,0.01752,0.01776,409023.0
2023-03-14 13:30:00,0.01775,0.01791,0.01775,0.01783,791636.0
2023-03-14 13:45:00,0.0179,0.01795,0.01769,0.01785,1387464.0
2023-03-14 14:00:00,0.01783,0.01791,0.01775,0.0179,201051.0
2023-03-14 14:15:00,0.01792,0.0182,0.0179,0.01807,1577535.0
2023-03-14 14:30:00,0.01807,0.01813,0.01797,0.01812,1023949.0
2023-03-14 14:45:00,0.01812,0.01848,0.01806,0.01827,2065042.0
2023-03-14 15:00:00,0.01815,0.01866,0.01814,0.01822,2489516.0
2023-03-14 15:15:00,0.01829,0.01836,0.01815,0.01821,766940.0
2023-03-14 15:30:00,0.01828,0.0184,0.01823,0.01824,428215.0
2023-03-14 15:45:00,0.01832,0.01868,0.01828,0.01851,2107713.0
2023-03-14 16:00:00,0.0185,0.01861,0.01825,0.01828,1501770.0
2023-03-14 16:15:00,0.01832,0.01838,0.01804,0.01814,525972.0
2023-03-14 16:30:00,0.01816,0.01856,0.01815,0.01828,1029910.0
2023-03-14 16:45:00,0.01831,0.01886,0.0183,0.01845,1572409.0
2023-03-14 17:00:00,0.01848,0.0186,0.01829,0.01833,1412640.0
2023-03-14 17:15:00,0.0183,0.0189,0.01806,0.01846,2273928.0
2023-03-14 17:30:00,0.01846,0.01852,0.0183,0.01844,1972811.0
2023-03-14 17:45:00,0.01849,0.01887,0.01838,0.0188,5545032.0
2023-03-14 18:00:00,0.0188,0.0188,0.0181,0.01827,2429070.0
2023-03-14 18:15:00,0.01829,0.01863,0.01829,0.01863,574093.0
2023-03-14 18:30:00,0.01865,0.01868,0.01851,0.01861,334751.0
2023-03-14 18:45:00,0.01862,0.01883,0.01795,0.01816,11974387.0
2023-03-14 19:00:00,0.01818,0.01842,0.018,0.018,975851.0
2023-03-14 19:15:00,0.018,0.01812,0.01776,0.01784,1632983.0
2023-03-14 19:30:00,0.01778,0.01799,0.01765,0.01784,2346859.0
2023-03-14 19:45:00,0.01785,0.01828,0.01776,0.01818,902035.0
2023-03-14 20:00:00,0.01822,0.01826,0.01803,0.01803,127429.0
2023-03-14 20:15:00,0.01806,0.01819,0.01799,0.01811,61888.0
2023-03-14 20:30:00,0.01804,0.01814,0.01787,0.01804,201125.0
2023-03-14 20:45:00,0.01805,0.01812,0.0179,0.0179,380494.0
2023-03-14 21:00:00,0.0179,0.01797,0.01751,0.01762,1001537.0
2023-03-14 21:15:00,0.01762,0.01763,0.01743,0.01757,860998.0
2023-03-14 21:30:00,0.01773,0.01782,0.0177,0.01779,24514.0
2023-03-14 21:45:00,0.0178,0.01787,0.01768,0.01786,317390.0
2023-03-14 22:00:00,0.01786,0.01787,0.01764,0.01784,388096.0
2023-03-14 22:15:00,0.01791,0.01793,0.0178,0.01793,725517.0
2023-03-14 22:30:00,0.01788,0.01799,0.01784,0.01785,81276.0
2023-03-14 22:45:00,0.01795,0.01802,0.01784,0.0179,133181.0
2023-03-14 23:00:00,0.01799,0.01804,0.01788,0.01789,90563.0
2023-03-14 23:15:00,0.01794,0.018,0.01788,0.01798,290066.0
2023-03-14 23:30:00,0.01801,0.0181,0.01801,0.0181,1087657.0
2023-03-14 23:45:00,0.01811,0.01811,0.01796,0.01797,1293159.0
2023-03-15 00:00:00,0.01798,0.01814,0.01793,0.01793,511516.0
2023-03-15 00:15:00,0.01793,0.01805,0.01789,0.01791,48308.0
2023-03-15 00:30:00,0.01788,0.01807,0.01788,0.01793,355381.0
2023-03-15 00:45:00,0.01809,0.01827,0.01806,0.0182,111079.0
2023-03-15 01:00:00,0.01824,0.01835,0.01814,0.01831,211784.0
2023-03-15 01:15:00,0.01833,0.01859,0.0183,0.01847,333547.0
2023-03-15 01:30:00,0.01849,0.01869,0.01841,0.01855,1042156.0
2023-03-15 01:45:00,0.01861,0.01881,0.01852,0.01854,712286.0
2023-03-15 02:00:00,0.01847,0.01869,0.01846,0.01851,226524.0
2023-03-15 02:15:00,0.0185,0.01852,0.01835,0.01836,383247.0
2023-03-15 02:30:00,0.01836,0.01842,0.01831,0.01835,1247444.0
2023-03-15 02:45:00,0.01837,0.01848,0.01829,0.01837,325674.0
2023-03-15 03:00:00,0.01839,0.01848,0.01839,0.0184,148256.0
2023-03-15 03:15:00,0.01833,0.01834,0.0182,0.0182,310945.0
2023-03-15 03:30:00,0.0182,0.01829,0.01819,0.01829,78843.0
2023-03-15 03:45:00,0.01828,0.01836,0.01827,0.01832,201825.0
2023-03-15 04:00:00,0.01842,0.01842,0.01833,0.01834,63701.0
2023-03-15 04:15:00,0.01842,0.01849,0.01835,0.01848,159916.0
2023-03-15 04:30:00,0.01842,0.01846,0.01839,0.01846,34766.0
2023-03-15 04:45:00,0.01846,0.01846,0.01836,0.01846,62282.0
2023-03-15 05:00:00,0.01843,0.01861,0.01843,0.01855,469885.0
2023-03-15 05:15:00,0.01854,0.01856,0.01827,0.01831,226948.0
2023-03-15 05:30:00,0.01836,0.01841,0.0183,0.01834,57804.0
2023-03-15 05:45:00,0.01834,0.01834,0.01819,0.01819,71609.0
2023-03-15 06:00:00,0.01819,0.01821,0.01804,0.01811,680614.0
2023-03-15 06:15:00,0.01811,0.01813,0.01801,0.01812,192718.0
2023-03-15 06:30:00,0.0181,0.01819,0.01804,0.01819,166404.0
2023-03-15 06:45:00,0.0182,0.0182,0.01803,0.01804,300703.0
2023-03-15 07:00:00,0.01814,0.01827,0.01814,0.01819,335284.0
2023-03-15 07:15:00,0.01821,0.01852,0.01819,0.01837,767691.0
2023-03-15 07:30:00,0.01842,0.01844,0.01829,0.01836,482548.0
2023-03-15 07:45:00,0.01836,0.01836,0.01825,0.01834,96692.0
2023-03-15 08:00:00,0.01837,0.01837,0.01822,0.01822,96784.0
2023-03-15 08:15:00,0.01827,0.01834,0.01822,0.01826,110774.0
2023-03-15 08:30:00,0.01826,0.01887,0.01825,0.01835,1116791.0
2023-03-15 08:45:00,0.01835,0.01835,0.01825,0.01825,890689.0
2023-03-15 09:00:00,0.01821,0.01825,0.01815,0.01819,208752.0
2023-03-15 09:15:00,0.0182,0.01823,0.01815,0.01815,77861.0
2023-03-15 09:30:00,0.01815,0.01816,0.01791,0.01802,805779.0
2023-03-15 09:45:00,0.01798,0.01805,0.0179,0.01796,226870.0
2023-03-15 10:00:00,0.01791,0.01804,0.01789,0.01797,269911.0
2023-03-15 10:15:00,0.01796,0.01797,0.01786,0.01786,1867796.0
2023-03-15 10:30:00,0.01793,0.01797,0.01787,0.01796,262437.0
2023-03-15 10:45:00,0.01798,0.01799,0.01789,0.01789,95901.0
2023-03-15 11:00:00,0.01791,0.01791,0.0176,0.01774,677761.0
2023-03-15 11:15:00,0.01772,0.01772,0.01725,0.01751,2239343.0
2023-03-15 11:30:00,0.01748,0.0177,0.01742,0.01763,581950.0
2023-03-15 11:45:00,0.01763,0.01783,0.0176,0.0178,116876.0
2023-03-15 12:00:00,0.0178,0.01781,0.01763,0.01765,285911.0
2023-03-15 12:15:00,0.01764,0.01767,0.0175,0.01767,107813.0
2023-03-15 12:30:00,0.01785,0.01797,0.01753,0.01753,683371.0
2023-03-15 12:45:00,0.01758,0.01773,0.01737,0.01773,4527723.0
2023-03-15 13:00:00,0.01782,0.01788,0.01765,0.01788,758722.0
2023-03-15 13:15:00,0.0179,0.01882,0.01789,0.01868,5573965.0
2023-03-15 13:30:00,0.01869,0.01869,0.01801,0.01808,3503292.0
2023-03-15 13:45:00,0.01806,0.01812,0.01791,0.01792,537765.0
2023-03-15 14:00:00,0.01791,0.01818,0.01779,0.01813,833666.0
2023-03-15 14:15:00,0.01805,0.01835,0.01769,0.0177,1435656.0
2023-03-15 14:30:00,0.01768,0.01768,0.01701,0.01713,3121542.0
2023-03-15 14:45:00,0.01716,0.01737,0.01715,0.01737,324787.0
2023-03-15 15:00:00,0.01744,0.01744,0.01724,0.01733,976213.0
2023-03-15 15:15:00,0.01736,0.01795,0.01734,0.01774,1708742.0
2023-03-15 15:30:00,0.01774,0.01818,0.01758,0.018,2291898.0
2023-03-15 15:45:00,0.01786,0.018,0.0174,0.01747,1293155.0
2023-03-15 16:00:00,0.01746,0.01746,0.01701,0.01702,1970226.0
2023-03-15 16:15:00,0.01706,0.01713,0.01673,0.01689,4395424.0
2023-03-15 16:30:00,0.01689,0.01695,0.0165,0.01659,1417996.0
2023-03-15 16:45:00,0.0166,0.01673,0.01614,0.01628,1026498.0
2023-03-15 17:00:00,0.01617,0.01657,0.01612,0.01636,3066564.0
2023-03-15 17:15:00,0.0164,0.01695,0.01635,0.01692,1888209.0
2023-03-15 17:30:00,0.01693,0.01693,0.01676,0.0168,252681.0
2023-03-15 17:45:00,0.01675,0.01703,0.01669,0.01695,784339.0
2023-03-15 18:00:00,0.01694,0.01713,0.01685,0.01709,440852.0
2023-03-15 18:15:00,0.01698,0.01705,0.01687,0.01704,380104.0
2023-03-15 18:30:00,0.01712,0.01712,0.01694,0.01697,468611.0
2023-03-15 18:45:00,0.01705,0.01712,0.01688,0.01695,594748.0
2023-03-15 19:00:00,0.01706,0.01713,0.01697,0.01709,1045146.0
2023-03-15 19:15:00,0.01707,0.01715,0.01698,0.01715,245791.0
2023-03-15 19:30:00,0.01716,0.01722,0.0169,0.0169,145091.0
2023-03-15 19:45:00,0.0169,0.01711,0.01683,0.01694,4438448.0
2023-03-15 20:00:00,0.017,0.017,0.01687,0.0169,66569.0
2023-03-15 20:15:00,0.01694,0.01701,0.01692,0.01692,23899.0
2023-03-15 20:30:00,0.01699,0.01717,0.01698,0.01713,499020.0
2023-03-15 20:45:00,0.01714,0.01721,0.01702,0.01702,285444.0
2023-03-15 21:00:00,0.017,0.01712,0.017,0.01711,178495.0
2023-03-15 21:15:00,0.01711,0.01718,0.01709,0.01709,76500.0
2023-03-15 21:30:00,0.01706,0.01716,0.017,0.01716,893008.0
2023-03-15 21:45:00,0.01715,0.01718,0.0171,0.01715,31810.0
2023-03-15 22:00:00,0.01715,0.01721,0.017,0.01717,2020216.0
2023-03-15 22:15:00,0.01717,0.0172,0.0171,0.01713,484732.0
2023-03-15 22:30:00,0.01711,0.01711,0.01691,0.01699,188864.0
2023-03-15 22:45:00,0.01699,0.01702,0.01693,0.01698,185772.0
2023-03-15 23:00:00,0.01701,0.01705,0.01691,0.01698,181136.0
2023-03-15 23:15:00,0.01693,0.01703,0.01693,0.01697,26764.0
2023-03-15 23:30:00,0.01699,0.01704,0.01686,0.01686,223258.0
2023-03-15 23:45:00,0.01688,0.01691,0.01684,0.01691,18478.0
2023-03-16 00:00:00,0.0169,0.0169,0.01675,0.01683,470680.0
2023-03-16 00:15:00,0.01688,0.0172,0.01688,0.01712,611765.0
2023-03-16 00:30:00,0.01711,0.01712,0.01685,0.01692,135372.0
2023-03-16 00:45:00,0.01688,0.01692,0.01667,0.01673,221105.0
2023-03-16 01:00:00,0.01676,0.01688,0.01674,0.01683,77591.0
2023-03-16 01:15:00,0.01676,0.01676,0.01639,0.01657,952990.0
2023-03-16 01:30:00,0.01658,0.01661,0.0165,0.01654,167097.0
2023-03-16 01:45:00,0.0166,0.01662,0.01652,0.0166,290858.0
2023-03-16 02:00:00,0.01661,0.01668,0.01656,0.01666,137548.0
2023-03-16 02:15:00,0.01668,0.01669,0.01656,0.01667,403706.0
2023-03-16 02:30:00,0.01666,0.01671,0.01662,0.01671,30732.0
2023-03-16 02:45:00,0.01671,0.01677,0.01668,0.01677,87710.0
2023-03-16 03:00:00,0.01682,0.01685,0.01665,0.01669,935227.0
2023-03-16 03:15:00,0.01663,0.01669,0.01657,0.01663,122447.0
2023-03-16 03:30:00,0.01663,0.01665,0.01651,0.01659,395593.0
2023-03-16 03:45:00,0.01657,0.0166,0.0165,0.01659,78978.0
2023-03-16 04:00:00,0.0166,0.01681,0.0166,0.01666,220400.0
2023-03-16 04:15:00,0.01666,0.01667,0.01651,0.01653,154427.0
2023-03-16 04:30:00,0.01653,0.01658,0.01643,0.01644,430213.0
2023-03-16 04:45:00,0.01647,0.0165,0.01635,0.0164,802286.0
2023-03-16 05:00:00,0.01641,0.01641,0.01624,0.01634,546011.0
2023-03-16 05:15:00,0.01634,0.0166,0.01631,0.01659,322564.0
2023-03-16 05:30:00,0.01656,0.0167,0.01656,0.01656,86362.0
2023-03-16 05:45:00,0.01658,0.01662,0.01656,0.01659,1913524.0
2023-03-16 06:00:00,0.01659,0.01678,0.01659,0.01669,786229.0
2023-03-16 06:15:00,0.01673,0.01675,0.01663,0.01663,102499.0
2023-03-16 06:30:00,0.0167,0.01671,0.01654,0.01666,587565.0
2023-03-16 06:45:00,0.01667,0.0168,0.01661,0.01677,1648836.0
2023-03-16 07:00:00,0.01678,0.01695,0.01676,0.01688,745298.0
2023-03-16 07:15:00,0.01688,0.0171,0.01686,0.01709,1939752.0
2023-03-16 07:30:00,0.01705,0.01713,0.01701,0.01704,1075635.0
2023-03-16 07:45:00,0.01704,0.01714,0.01704,0.01706,384478.0
2023-03-16 08:00:00,0.01709,0.01714,0.01704,0.01707,549426.0
2023-03-16 08:15:00,0.01705,0.0171,0.01697,0.01697,419039.0
2023-03-16 08:30:00,0.01697,0.01697,0.0165,0.01687,7137943.0
2023-03-16 08:45:00,0.01687,0.01692,0.01674,0.01685,694364.0
2023-03-16 09:00:00,0.01685,0.01691,0.01666,0.01666,230365.0
2023-03-16 09:15:00,0.01668,0.01671,0.01657,0.01671,412409.0
2023-03-16 09:30:00,0.01667,0.01688,0.01661,0.01685,182239.0
2023-03-16 09:45:00,0.01688,0.0169,0.01678,0.01681,298424.0
2023-03-16 10:00:00,0.01684,0.01692,0.0167,0.01678,360919.0
2023-03-16 10:15:00,0.01679,0.0169,0.01673,0.0168,145435.0
2023-03-16 10:30:00,0.01676,0.0169,0.01676,0.01688,475787.0
2023-03-16 10:45:00,0.01687,0.01703,0.01678,0.01691,1960842.0
2023-03-16 11:00:00,0.01688,0.01688,0.01673,0.01681,575111.0
2023-03-16 11:15:00,0.01681,0.01693,0.01681,0.01688,172701.0
2023-03-16 11:30:00,0.01684,0.01695,0.01684,0.01691,161723.0
2023-03-16 11:45:00,0.01691,0.01698,0.01687,0.01689,183101.0
2023-03-16 12:00:00,0.01692,0.017,0.01677,0.01682,1390854.0
2023-03-16 12:15:00,0.01677,0.01678,0.01655,0.01674,1164748.0
2023-03-16 12:30:00,0.01677,0.01677,0.01661,0.01668,417550.0
2023-03-16 12:45:00,0.01665,0.01665,0.01643,0.01652,545916.0
2023-03-16 13:00:00,0.01644,0.01652,0.01636,0.01638,332177.0
2023-03-16 13:15:00,0.01641,0.01641,0.01618,0.01634,930783.0
2023-03-16 13:30:00,0.01635,0.01653,0.01627,0.01652,726633.0
2023-03-16 13:45:00,0.01651,0.01659,0.01635,0.01657,194027.0
2023-03-16 14:00:00,0.01658,0.01872,0.01653,0.01734,73594584.0
2023-03-16 14:15:00,0.01732,0.01745,0.01658,0.01713,14207505.0
2023-03-16 14:30:00,0.01722,0.01824,0.01722,0.01787,17891755.0
2023-03-16 14:45:00,0.01787,0.0181,0.017,0.0174,10632694.0
2023-03-16 15:00:00,0.0174,0.0174,0.01713,0.01715,1542108.0
2023-03-16 15:15:00,0.01717,0.01724,0.01706,0.01724,799773.0
2023-03-16 15:30:00,0.01728,0.01746,0.0172,0.0174,788549.0
2023-03-16 15:45:00,0.01735,0.01748,0.01731,0.01748,326770.0
2023-03-16 16:00:00,0.01741,0.01741,0.0172,0.01724,1019110.0
2023-03-16 16:15:00,0.01723,0.01729,0.0172,0.01726,96155.0
2023-03-16 16:30:00,0.01734,0.01749,0.0173,0.01732,1109652.0
2023-03-16 16:45:00,0.01736,0.01738,0.01725,0.01735,208388.0
2023-03-16 17:00:00,0.01734,0.01737,0.01717,0.01718,790819.0
2023-03-16 17:15:00,0.01718,0.01729,0.01717,0.01721,336726.0
2023-03-16 17:30:00,0.01722,0.01724,0.01702,0.01717,1646855.0
2023-03-16 17:45:00,0.01716,0.01723,0.01707,0.01713,635582.0
2023-03-16 18:00:00,0.01713,0.01715,0.017,0.01706,476910.0
2023-03-16 18:15:00,0.01706,0.01762,0.017,0.01712,1006157.0
2023-03-16 18:30:00,0.0171,0.01716,0.01704,0.01705,704811.0
2023-03-16 18:45:00,0.01706,0.01706,0.01657,0.01697,2335852.0
2023-03-16 19:00:00,0.01698,0.01707,0.01698,0.01702,644002.0
2023-03-16 19:15:00,0.01705,0.01727,0.01704,0.01725,792042.0
2023-03-16 19:30:00,0.01724,0.01724,0.01705,0.01713,271561.0
2023-03-16 19:45:00,0.01711,0.01714,0.01706,0.0171,111658.0
2023-03-16 20:00:00,0.01713,0.01728,0.0171,0.0171,193465.0
2023-03-16 20:15:00,0.01708,0.01709,0.01705,0.01705,37464.0
2023-03-16 20:30:00,0.01706,0.01714,0.01705,0.01705,235807.0
2023-03-16 20:45:00,0.01702,0.01703,0.01676,0.01678,360248.0
2023-03-16 21:00:00,0.0169,0.01692,0.01686,0.01687,239114.0
2023-03-16 21:15:00,0.01692,0.01693,0.01687,0.01689,157657.0
2023-03-16 21:30:00,0.01693,0.01698,0.01686,0.01698,387404.0
2023-03-16 21:45:00,0.01703,0.01703,0.01695,0.01699,64497.0
2023-03-16 22:00:00,0.01699,0.01703,0.0169,0.01696,59801.0
2023-03-16 22:15:00,0.01706,0.01706,0.01698,0.01698,82093.0
2023-03-16 22:30:00,0.01701,0.01703,0.01697,0.017,206156.0
2023-03-16 22:45:00,0.017,0.01715,0.01695,0.01704,295519.0
2023-03-16 23:00:00,0.01704,0.01715,0.017,0.01709,117353.0
2023-03-16 23:15:00,0.01702,0.01721,0.01702,0.01712,206383.0
2023-03-16 23:30:00,0.0171,0.01716,0.01709,0.01712,27318.0
2023-03-16 23:45:00,0.01716,0.01737,0.01716,0.01717,1241502.0
2023-03-17 00:00:00,0.01717,0.0175,0.01717,0.01731,1574097.0
2023-03-17 00:15:00,0.01727,0.01731,0.01721,0.01723,144073.0
2023-03-17 00:30:00,0.01718,0.0172,0.017,0.01703,2462609.0
2023-03-17 00:45:00,0.01708,0.01714,0.01705,0.01705,182010.0
2023-03-17 01:00:00,0.01707,0.01713,0.01701,0.01709,199378.0
2023-03-17 01:15:00,0.01712,0.01725,0.01706,0.01725,334634.0
2023-03-17 01:30:00,0.01728,0.01756,0.01724,0.01749,282111.0
2023-03-17 01:45:00,0.01751,0.01761,0.01745,0.01754,202195.0
2023-03-17 02:00:00,0.01757,0.01774,0.01748,0.01772,727860.0
2023-03-17 02:15:00,0.01772,0.01775,0.01757,0.0177,231031.0
2023-03-17 02:30:00,0.0177,0.0177,0.01753,0.01753,788552.0
2023-03-17 02:45:00,0.01752,0.01753,0.01735,0.01751,298685.0
2023-03-17 03:00:00,0.01755,0.01763,0.01754,0.01758,155909.0
2023-03-17 03:15:00,0.01756,0.0176,0.01756,0.01756,100724.0
2023-03-17 03:30:00,0.01758,0.01758,0.01746,0.01751,323037.0
2023-03-17 03:45:00,0.01751,0.0176,0.01747,0.0176,129021.0
2023-03-17 04:00:00,0.01764,0.01764,0.01756,0.01756,34867.0
2023-03-17 04:15:00,0.01758,0.01763,0.01754,0.01757,37797.0
2023-03-17 04:30:00,0.01758,0.01764,0.01743,0.01751,447346.0
2023-03-17 04:45:00,0.0175,0.01754,0.01745,0.01745,68788.0
2023-03-17 05:00:00,0.01747,0.01755,0.01738,0.01752,166760.0
2023-03-17 05:15:00,0.0175,0.0175,0.01735,0.01738,25890.0
2023-03-17 05:30:00,0.01739,0.01739,0.01728,0.01729,146260.0
2023-03-17 05:45:00,0.01732,0.01738,0.01732,0.01736,725052.0
2023-03-17 06:00:00,0.01736,0.01748,0.01728,0.01739,751694.0
2023-03-17 06:15:00,0.01739,0.01746,0.01736,0.01739,560514.0
2023-03-17 06:30:00,0.01738,0.01751,0.01735,0.01748,418684.0
2023-03-17 06:45:00,0.01748,0.01759,0.01748,0.01757,73763.0
2023-03-17 07:00:00,0.01759,0.01765,0.01742,0.01746,1720810.0
2023-03-17 07:15:00,0.01747,0.01752,0.01738,0.01743,1262084.0
2023-03-17 07:30:00,0.01739,0.01746,0.01739,0.01744,152602.0
2023-03-17 07:45:00,0.01746,0.01746,0.01738,0.01739,209131.0
2023-03-17 08:00:00,0.01737,0.01748,0.01732,0.01739,382549.0
2023-03-17 08:15:00,0.01739,0.01739,0.01728,0.01733,661347.0
2023-03-17 08:30:00,0.01729,0.01729,0.0171,0.01728,916732.0
2023-03-17 08:45:00,0.01721,0.01755,0.0172,0.01721,1263668.0
2023-03-17 09:00:00,0.01724,0.0174,0.01724,0.01738,760862.0
2023-03-17 09:15:00,0.01737,0.01752,0.01735,0.01752,346785.0
2023-03-17 09:30:00,0.01748,0.01748,0.01737,0.0174,340366.0
2023-03-17 09:45:00,0.01741,0.01742,0.01738,0.01742,241634.0
2023-03-17 10:00:00,0.01747,0.01761,0.01738,0.0174,813624.0
2023-03-17 10:15:00,0.0174,0.01766,0.0174,0.01758,634056.0
2023-03-17 10:30:00,0.01764,0.01768,0.01748,0.01758,484521.0
2023-03-17 10:45:00,0.01762,0.01767,0.01756,0.01758,1479885.0
2023-03-17 11:00:00,0.01758,0.01767,0.01752,0.01756,420260.0
2023-03-17 11:15:00,0.01753,0.0176,0.01748,0.01759,768192.0
2023-03-17 11:30:00,0.01756,0.01774,0.01753,0.01774,1906783.0
2023-03-17 11:45:00,0.01772,0.01773,0.01762,0.01762,357311.0
2023-03-17 12:00:00,0.01767,0.01773,0.01745,0.01751,1769299.0
2023-03-17 12:15:00,0.01746,0.01752,0.01735,0.01741,555445.0
2023-03-17 12:30:00,0.01741,0.01744,0.01725,0.01734,152176.0
2023-03-17 12:45:00,0.01734,0.01743,0.01734,0.01736,114198.0
2023-03-17 13:00:00,0.01735,0.01742,0.01732,0.01738,12934.0
2023-03-17 13:15:00,0.01737,0.01743,0.0173,0.01739,214883.0
2023-03-17 13:30:00,0.01737,0.01743,0.01726,0.01735,343755.0
2023-03-17 13:45:00,0.0173,0.0174,0.01724,0.01724,543621.0
2023-03-17 14:00:00,0.01729,0.01744,0.01725,0.01733,333540.0
2023-03-17 14:15:00,0.01734,0.01735,0.01715,0.01715,152017.0
2023-03-17 14:30:00,0.0172,0.0172,0.01686,0.01696,2510418.0
2023-03-17 14:45:00,0.01698,0.017,0.01687,0.017,528747.0
2023-03-17 15:00:00,0.01697,0.01706,0.01687,0.01702,1339752.0
2023-03-17 15:15:00,0.01705,0.0171,0.01691,0.01691,672344.0
2023-03-17 15:30:00,0.01691,0.01708,0.01689,0.01697,1075274.0
2023-03-17 15:45:00,0.01699,0.017,0.01697,0.01699,21687.0
2023-03-17 16:00:00,0.01701,0.0171,0.01701,0.01708,155314.0
2023-03-17 16:15:00,0.01708,0.01708,0.01693,0.01697,218692.0
2023-03-17 16:30:00,0.01695,0.017,0.01686,0.01692,471959.0
2023-03-17 16:45:00,0.01694,0.01717,0.01694,0.01702,831268.0
2023-03-17 17:00:00,0.01701,0.01719,0.01697,0.01718,215650.0
2023-03-17 17:15:00,0.01718,0.01722,0.01709,0.01715,183957.0
2023-03-17 17:30:00,0.01713,0.01713,0.01707,0.01707,119921.0
2023-03-17 17:45:00,0.01707,0.01714,0.01702,0.01705,1908362.0
2023-03-17 18:00:00,0.01701,0.01708,0.01694,0.01701,1096415.0
2023-03-17 18:15:00,0.01701,0.01704,0.01695,0.01702,124907.0
2023-03-17 18:30:00,0.01705,0.01717,0.01705,0.01717,424727.0
2023-03-17 18:45:00,0.01715,0.01718,0.01713,0.01715,624421.0
2023-03-17 19:00:00,0.01715,0.01727,0.01715,0.01726,499641.0
2023-03-17 19:15:00,0.01725,0.01726,0.0172,0.0172,195628.0
2023-03-17 19:30:00,0.01722,0.01733,0.0172,0.01733,234604.0
2023-03-17 19:45:00,0.01728,0.01735,0.01726,0.01727,578324.0
2023-03-17 20:00:00,0.01729,0.01732,0.0172,0.01726,492012.0
2023-03-17 20:15:00,0.01725,0.01733,0.01725,0.01727,433814.0
2023-03-17 20:30:00,0.01727,0.01729,0.01713,0.01714,412233.0
2023-03-17 20:45:00,0.01718,0.01721,0.01716,0.01717,244993.0
2023-03-17 21:00:00,0.01721,0.01731,0.01719,0.01728,675089.0
2023-03-17 21:15:00,0.01725,0.01733,0.01725,0.01732,281988.0
2023-03-17 21:30:00,0.01734,0.01742,0.01733,0.01742,149296.0
2023-03-17 21:45:00,0.01746,0.01751,0.0173,0.01748,1468712.0
2023-03-17 22:00:00,0.01748,0.01754,0.01743,0.01747,831771.0
2023-03-17 22:15:00,0.01748,0.01758,0.01747,0.01758,756949.0
2023-03-17 22:30:00,0.0176,0.01762,0.01755,0.01762,359612.0
2023-03-17 22:45:00,0.01758,0.01765,0.01751,0.01759,1833098.0
2023-03-17 23:00:00,0.01762,0.01777,0.01749,0.0177,2705325.0
2023-03-17 23:15:00,0.0177,0.01777,0.01766,0.01768,474735.0
2023-03-17 23:30:00,0.01768,0.01785,0.01767,0.01778,403398.0
2023-03-17 23:45:00,0.01778,0.01785,0.01773,0.01785,722692.0
2023-03-18 00:00:00,0.01786,0.01848,0.01786,0.01806,3167208.0
2023-03-18 00:15:00,0.01805,0.01814,0.01803,0.01804,418413.0
2023-03-18 00:30:00,0.01803,0.01804,0.01791,0.01794,1373739.0
2023-03-18 00:45:00,0.01797,0.01812,0.01788,0.01812,697558.0
2023-03-18 01:00:00,0.01809,0.01824,0.01802,0.01811,641614.0
2023-03-18 01:15:00,0.0181,0.01813,0.01793,0.018,999898.0
2023-03-18 01:30:00,0.01801,0.01801,0.01791,0.01799,502106.0
2023-03-18 01:45:00,0.01799,0.01818,0.01799,0.0181,305397.0
2023-03-18 02:00:00,0.01808,0.0181,0.01783,0.01792,864117.0
2023-03-18 02:15:00,0.01795,0.01817,0.01795,0.01817,1509595.0
2023-03-18 02:30:00,0.01818,0.01844,0.01817,0.01836,1169619.0
2023-03-18 02:45:00,0.01833,0.01837,0.01808,0.01819,2481707.0
2023-03-18 03:00:00,0.01817,0.01818,0.01808,0.01812,199537.0
2023-03-18 03:15:00,0.0181,0.01818,0.01804,0.0181,519145.0
2023-03-18 03:30:00,0.01823,0.01823,0.01818,0.0182,104195.0
2023-03-18 03:45:00,0.0182,0.0182,0.01808,0.01811,172325.0
2023-03-18 04:00:00,0.01814,0.01831,0.01801,0.01801,283889.0
2023-03-18 04:15:00,0.01807,0.01818,0.01805,0.01809,106048.0
2023-03-18 04:30:00,0.01819,0.0182,0.01805,0.01815,201056.0
2023-03-18 04:45:00,0.01811,0.01811,0.01786,0.01797,163389.0
2023-03-18 05:00:00,0.01799,0.01804,0.01792,0.01792,227315.0
2023-03-18 05:15:00,0.01798,0.01812,0.01798,0.01809,140968.0
2023-03-18 05:30:00,0.0181,0.01818,0.01797,0.01815,336591.0
2023-03-18 05:45:00,0.01816,0.01834,0.01816,0.01827,414268.0
2023-03-18 06:00:00,0.01827,0.01831,0.01815,0.01815,454243.0
2023-03-18 06:15:00,0.01815,0.01821,0.01812,0.01817,141694.0
2023-03-18 06:30:00,0.01817,0.01819,0.01808,0.01819,536993.0
2023-03-18 06:45:00,0.01819,0.01824,0.01812,0.01818,621681.0
2023-03-18 07:00:00,0.0182,0.0183,0.0182,0.01824,237440.0
2023-03-18 07:15:00,0.01825,0.01826,0.01818,0.01824,179965.0
2023-03-18 07:30:00,0.01822,0.01824,0.01818,0.01823,165437.0
2023-03-18 07:45:00,0.01823,0.0184,0.01819,0.01832,1971710.0
2023-03-18 08:00:00,0.01824,0.01832,0.01792,0.01792,893062.0
2023-03-18 08:15:00,0.01792,0.01808,0.01784,0.01801,707968.0
2023-03-18 08:30:00,0.01801,0.01803,0.01788,0.01803,372686.0
2023-03-18 08:45:00,0.01802,0.01822,0.01797,0.01809,687618.0
2023-03-18 09:00:00,0.01802,0.01804,0.01783,0.01804,417028.0
2023-03-18 09:15:00,0.01803,0.01804,0.01788,0.01796,560306.0
2023-03-18 09:30:00,0.01794,0.01804,0.01785,0.01801,289830.0
2023-03-18 09:45:00,0.01802,0.01807,0.01795,0.01804,654393.0
2023-03-18 10:00:00,0.018,0.01802,0.01788,0.01798,382217.0
2023-03-18 10:15:00,0.01796,0.01797,0.01791,0.01793,265064.0
2023-03-18 10:30:00,0.01793,0.01796,0.01789,0.01794,310325.0
2023-03-18 10:45:00,0.01792,0.018,0.01787,0.01791,718344.0
2023-03-18 11:00:00,0.01795,0.018,0.01789,0.018,135590.0
2023-03-18 11:15:00,0.01798,0.01798,0.01788,0.01792,353552.0
2023-03-18 11:30:00,0.01792,0.01795,0.01787,0.0179,584417.0
2023-03-18 11:45:00,0.01789,0.01796,0.01786,0.01789,346897.0
2023-03-18 12:00:00,0.01792,0.01795,0.01784,0.01784,612868.0
2023-03-18 12:15:00,0.01784,0.01786,0.01756,0.01775,1377353.0
2023-03-18 12:30:00,0.01777,0.01779,0.01771,0.01774,499625.0
2023-03-18 12:45:00,0.01774,0.01786,0.01774,0.01781,1161580.0
2023-03-18 13:00:00,0.01783,0.0179,0.01772,0.0179,568706.0
2023-03-18 13:15:00,0.01787,0.01789,0.01777,0.01781,240486.0
2023-03-18 13:30:00,0.01781,0.01781,0.01769,0.01769,293360.0
2023-03-18 13:45:00,0.01774,0.01774,0.01771,0.01771,107629.0
2023-03-18 14:00:00,0.0177,0.0177,0.01757,0.01767,383880.0
2023-03-18 14:15:00,0.01767,0.0178,0.01759,0.0177,1145869.0
2023-03-18 14:30:00,0.01776,0.01782,0.01761,0.01767,161470.0
2023-03-18 14:45:00,0.01771,0.01772,0.0176,0.01765,1643042.0
2023-03-18 15:00:00,0.01765,0.01767,0.01752,0.01756,626806.0
2023-03-18 15:15:00,0.01758,0.0176,0.01715,0.01723,1922542.0
2023-03-18 15:30:00,0.0173,0.01734,0.017,0.01701,1665401.0
2023-03-18 15:45:00,0.01702,0.0172,0.017,0.01714,1438447.0
2023-03-18 16:00:00,0.01713,0.01713,0.01682,0.01708,712417.0
2023-03-18 16:15:00,0.01708,0.01708,0.01698,0.01702,668751.0
2023-03-18 16:30:00,0.01696,0.01696,0.01653,0.01686,2158777.0
2023-03-18 16:45:00,0.01688,0.01701,0.01688,0.0169,1044038.0
2023-03-18 17:00:00,0.0169,0.01709,0.0169,0.017,1158286.0
2023-03-18 17:15:00,0.017,0.0171,0.01687,0.01687,236126.0
2023-03-18 17:30:00,0.01684,0.01691,0.01681,0.01688,438580.0
2023-03-18 17:45:00,0.01688,0.01698,0.01688,0.01696,373965.0
2023-03-18 18:00:00,0.01696,0.01696,0.01685,0.0169,663510.0
2023-03-18 18:15:00,0.01694,0.01706,0.01679,0.01705,517504.0
2023-03-18 18:30:00,0.01703,0.01741,0.01694,0.01697,1737106.0
2023-03-18 18:45:00,0.01698,0.017,0.01693,0.01693,325543.0
2023-03-18 19:00:00,0.01697,0.01711,0.01697,0.01702,892480.0
2023-03-18 19:15:00,0.01703,0.01707,0.0169,0.01707,1019114.0
2023-03-18 19:30:00,0.0171,0.01718,0.01693,0.0171,868126.0
2023-03-18 19:45:00,0.01709,0.01709,0.01684,0.01694,330186.0
2023-03-18 20:00:00,0.01694,0.01694,0.01684,0.01691,148829.0
2023-03-18 20:15:00,0.01685,0.01687,0.01682,0.01687,77858.0
2023-03-18 20:30:00,0.01683,0.01695,0.01682,0.01695,47213.0
2023-03-18 20:45:00,0.01696,0.01698,0.0168,0.0168,521417.0
2023-03-18 21:00:00,0.0168,0.01681,0.01675,0.01677,220981.0
2023-03-18 21:15:00,0.01676,0.01678,0.01676,0.01676,218214.0
2023-03-18 21:30:00,0.01677,0.01678,0.0167,0.0167,40728.0
2023-03-18 21:45:00,0.01671,0.01677,0.01668,0.01673,386432.0
2023-03-18 22:00:00,0.01671,0.01671,0.01655,0.01667,986810.0
2023-03-18 22:15:00,0.01667,0.01668,0.01656,0.01665,708356.0
2023-03-18 22:30:00,0.01665,0.01674,0.01655,0.01655,253688.0
2023-03-18 22:45:00,0.01652,0.01659,0.01641,0.01648,672307.0
2023-03-18 23:00:00,0.01645,0.0165,0.01624,0.01646,1025532.0
2023-03-18 23:15:00,0.01642,0.01645,0.01619,0.0162,967174.0
2023-03-18 23:30:00,0.0162,0.0164,0.01618,0.01625,304597.0
2023-03-18 23:45:00,0.0162,0.01629,0.01617,0.01629,270465.0
2023-03-19 00:00:00,0.01631,0.01642,0.01627,0.01641,167408.0
2023-03-19 00:15:00,0.01641,0.01657,0.0164,0.01646,622487.0
2023-03-19 00:30:00,0.01655,0.01662,0.01646,0.01652,942822.0
2023-03-19 00:45:00,0.01653,0.01654,0.01635,0.01639,1896318.0
2023-03-19 01:00:00,0.01639,0.01651,0.01639,0.01641,165373.0
2023-03-19 01:15:00,0.01637,0.01644,0.01636,0.01641,159793.0
2023-03-19 01:30:00,0.01649,0.01656,0.01643,0.01652,451022.0
2023-03-19 01:45:00,0.01654,0.01654,0.01636,0.0164,107443.0
2023-03-19 02:00:00,0.0164,0.01669,0.0164,0.01653,622511.0
2023-03-19 02:15:00,0.01653,0.01659,0.01646,0.01659,213229.0
2023-03-19 02:30:00,0.01659,0.01665,0.01657,0.01657,281982.0
2023-03-19 02:45:00,0.01657,0.01657,0.01647,0.01648,357366.0
2023-03-19 03:00:00,0.01651,0.01654,0.01643,0.01643,280590.0
2023-03-19 03:15:00,0.01645,0.01666,0.01643,0.0166,893103.0
2023-03-19 03:30:00,0.01655,0.0167,0.01654,0.01658,649227.0
2023-03-19 03:45:00,0.01661,0.01672,0.0166,0.01666,324838.0
2023-03-19 04:00:00,0.01663,0.01676,0.01663,0.01672,175596.0
2023-03-19 04:15:00,0.01666,0.01676,0.0166,0.0166,77481.0
2023-03-19 04:30:00,0.01659,0.0167,0.01657,0.01657,416810.0
2023-03-19 04:45:00,0.01658,0.01694,0.01658,0.01661,570965.0
2023-03-19 05:00:00,0.01659,0.0166,0.01651,0.01656,509951.0
2023-03-19 05:15:00,0.01655,0.01655,0.01645,0.01645,272022.0
2023-03-19 05:30:00,0.01646,0.01659,0.01646,0.01651,210141.0
2023-03-19 05:45:00,0.01645,0.01649,0.01644,0.01645,366180.0
2023-03-19 06:00:00,0.01646,0.01646,0.01638,0.01639,302836.0
2023-03-19 06:15:00,0.01639,0.01643,0.01637,0.01638,306068.0
2023-03-19 06:30:00,0.01637,0.0164,0.01629,0.01629,299253.0
2023-03-19 06:45:00,0.01629,0.01634,0.01621,0.01625,691748.0
2023-03-19 07:00:00,0.01622,0.01624,0.01608,0.0161,443665.0
2023-03-19 07:15:00,0.01615,0.01631,0.01613,0.01629,329877.0
2023-03-19 07:30:00,0.01628,0.01628,0.0162,0.01623,290710.0
2023-03-19 07:45:00,0.01621,0.01632,0.01618,0.01629,424734.0
2023-03-19 08:00:00,0.01629,0.01633,0.01614,0.01614,402428.0
2023-03-19 08:15:00,0.01614,0.01626,0.0161,0.01623,628868.0
2023-03-19 08:30:00,0.01624,0.01628,0.01618,0.01628,230022.0
2023-03-19 08:45:00,0.01628,0.01652,0.01623,0.01627,880163.0
2023-03-19 09:00:00,0.01628,0.01628,0.0161,0.0161,1578868.0
2023-03-19 09:15:00,0.01615,0.01626,0.0161,0.01625,786365.0
2023-03-19 09:30:00,0.01624,0.01633,0.01622,0.01629,420873.0
2023-03-19 09:45:00,0.01629,0.01633,0.01624,0.01631,505566.0
2023-03-19 10:00:00,0.0163,0.0164,0.01613,0.01619,1171959.0
2023-03-19 10:15:00,0.01618,0.01625,0.01612,0.0162,444948.0
2023-03-19 10:30:00,0.01622,0.01622,0.01614,0.01616,310628.0
2023-03-19 10:45:00,0.01614,0.01614,0.01612,0.01614,536836.0
2023-03-19 11:00:00,0.01613,0.01614,0.01582,0.01592,1742866.0
2023-03-19 11:15:00,0.01595,0.0162,0.01591,0.01615,692458.0
2023-03-19 11:30:00,0.01616,0.01617,0.01607,0.01611,65335.0
2023-03-19 11:45:00,0.01613,0.0163,0.01595,0.01624,1459880.0
2023-03-19 12:00:00,0.01621,0.01633,0.0162,0.01629,637703.0
2023-03-19 12:15:00,0.01633,0.01633,0.01622,0.01622,139685.0
2023-03-19 12:30:00,0.01622,0.01625,0.0162,0.0162,212506.0
2023-03-19 12:45:00,0.01621,0.01622,0.01612,0.01614,180412.0
2023-03-19 13:00:00,0.01611,0.01616,0.01606,0.01612,257602.0
2023-03-19 13:15:00,0.0161,0.01617,0.01605,0.01607,515069.0
2023-03-19 13:30:00,0.01607,0.01611,0.01581,0.01595,2449520.0
2023-03-19 13:45:00,0.01595,0.016,0.0159,0.01594,1229828.0
2023-03-19 14:00:00,0.01594,0.01602,0.01594,0.01596,671097.0
2023-03-19 14:15:00,0.01595,0.01619,0.01594,0.01619,338341.0
2023-03-19 14:30:00,0.0162,0.01629,0.01616,0.01622,718398.0
2023-03-19 14:45:00,0.01622,0.01632,0.01619,0.01619,301203.0
2023-03-19 15:00:00,0.01619,0.0165,0.01615,0.01628,1349044.0
2023-03-19 15:15:00,0.01634,0.01646,0.01626,0.01636,431340.0
2023-03-19 15:30:00,0.01635,0.01647,0.0163,0.01631,239986.0
2023-03-19 15:45:00,0.01631,0.01645,0.01624,0.01639,879218.0
2023-03-19 16:00:00,0.01636,0.01643,0.0162,0.01632,589927.0
2023-03-19 16:15:00,0.01631,0.01635,0.01619,0.01626,832902.0
2023-03-19 16:30:00,0.01634,0.01655,0.01626,0.01645,2520925.0
2023-03-19 16:45:00,0.01641,0.01654,0.0163,0.01635,1929706.0
2023-03-19 17:00:00,0.01636,0.01645,0.01629,0.0164,405951.0
2023-03-19 17:15:00,0.01641,0.01641,0.01624,0.01625,1269410.0
2023-03-19 17:30:00,0.01628,0.0163,0.0162,0.01623,679182.0
2023-03-19 17:45:00,0.01624,0.01626,0.0161,0.01616,524013.0
2023-03-19 18:00:00,0.01613,0.01613,0.01598,0.01601,1013644.0
2023-03-19 18:15:00,0.01601,0.0167,0.016,0.0162,2882222.0
2023-03-19 18:30:00,0.01623,0.01628,0.01608,0.01616,2083208.0
2023-03-19 18:45:00,0.01615,0.01642,0.01611,0.01627,1186235.0
2023-03-19 19:00:00,0.01628,0.01648,0.01609,0.01643,7027468.0
2023-03-19 19:15:00,0.01643,0.0165,0.01639,0.01645,1032160.0
2023-03-19 19:30:00,0.01646,0.01649,0.01625,0.01626,706257.0
2023-03-19 19:45:00,0.01626,0.01629,0.01614,0.01619,954684.0
2023-03-19 20:00:00,0.01619,0.01621,0.01606,0.0161,820831.0
2023-03-19 20:15:00,0.01608,0.01617,0.01572,0.0159,2157799.0
2023-03-19 20:30:00,0.0159,0.01598,0.01572,0.01584,1549218.0
2023-03-19 20:45:00,0.0158,0.01595,0.01579,0.0159,703795.0
2023-03-19 21:00:00,0.01589,0.01607,0.01586,0.01593,1853522.0
2023-03-19 21:15:00,0.01595,0.01611,0.01582,0.01582,977487.0
2023-03-19 21:30:00,0.01588,0.01644,0.01586,0.01614,5132217.0
2023-03-19 21:45:00,0.01608,0.01613,0.01598,0.01601,1131537.0
2023-03-19 22:00:00,0.016,0.01625,0.01589,0.01589,1695073.0
2023-03-19 22:15:00,0.01593,0.01594,0.01571,0.01577,1458654.0
2023-03-19 22:30:00,0.01578,0.01589,0.01576,0.01588,343030.0
2023-03-19 22:45:00,0.01585,0.01588,0.01579,0.01586,530903.0
2023-03-19 23:00:00,0.01584,0.01603,0.01584,0.0159,1127981.0
2023-03-19 23:15:00,0.01593,0.01593,0.01563,0.01577,2328266.0
2023-03-19 23:30:00,0.01578,0.01592,0.01577,0.01584,838495.0
2023-03-19 23:45:00,0.01582,0.01582,0.01515,0.01542,4858964.0
2023-03-20 00:00:00,0.01546,0.01576,0.01545,0.01547,1047161.0
2023-03-20 00:15:00,0.01552,0.01557,0.01536,0.01539,1267721.0
2023-03-20 00:30:00,0.01537,0.01555,0.01537,0.01545,717713.0
2023-03-20 00:45:00,0.01542,0.01542,0.01525,0.0154,654620.0
2023-03-20 01:00:00,0.01541,0.01548,0.01535,0.01545,835766.0
2023-03-20 01:15:00,0.01547,0.01554,0.01537,0.01543,830242.0
2023-03-20 01:30:00,0.01544,0.01553,0.01539,0.01549,1885242.0
2023-03-20 01:45:00,0.01549,0.0156,0.01549,0.01557,392197.0
2023-03-20 02:00:00,0.01565,0.01577,0.01561,0.01565,488035.0
2023-03-20 02:15:00,0.01566,0.01568,0.01558,0.01559,51724.0
2023-03-20 02:30:00,0.01561,0.01563,0.01535,0.01535,1030684.0
2023-03-20 02:45:00,0.01533,0.0155,0.01532,0.01549,1238899.0
2023-03-20 03:00:00,0.01552,0.01556,0.0154,0.01545,191343.0
2023-03-20 03:15:00,0.01545,0.01545,0.01521,0.01532,734205.0
2023-03-20 03:30:00,0.0153,0.0153,0.01501,0.01516,1243140.0
2023-03-20 03:45:00,0.01523,0.01523,0.01446,0.0147,3330903.0
2023-03-20 04:00:00,0.01473,0.01497,0.01473,0.01488,609267.0
2023-03-20 04:15:00,0.01487,0.01495,0.01485,0.01493,215933.0
2023-03-20 04:30:00,0.0149,0.0149,0.01463,0.01472,1885131.0
2023-03-20 04:45:00,0.01472,0.01484,0.01469,0.0148,1654939.0
2023-03-20 05:00:00,0.01481,0.01485,0.01475,0.01484,846459.0
2023-03-20 05:15:00,0.01484,0.01486,0.01476,0.01486,658024.0
2023-03-20 05:30:00,0.01486,0.01486,0.0143,0.01462,3467136.0
2023-03-20 05:45:00,0.01465,0.01475,0.01461,0.01475,721175.0
2023-03-20 06:00:00,0.01477,0.01492,0.01473,0.01476,1009007.0
2023-03-20 06:15:00,0.01481,0.01496,0.0148,0.01487,2887613.0
2023-03-20 06:30:00,0.01487,0.01487,0.01474,0.01478,512876.0
2023-03-20 06:45:00,0.01474,0.01478,0.01461,0.0147,945487.0
2023-03-20 07:00:00,0.01475,0.01498,0.01475,0.01493,1279621.0
2023-03-20 07:15:00,0.01497,0.01497,0.01484,0.01486,989662.0
2023-03-20 07:30:00,0.01485,0.01499,0.01471,0.01498,2147119.0
2023-03-20 07:45:00,0.01498,0.01509,0.01494,0.01506,843214.0
2023-03-20 08:00:00,0.01506,0.01512,0.01495,0.01496,678702.0
2023-03-20 08:15:00,0.01496,0.015,0.01486,0.01498,883900.0
2023-03-20 08:30:00,0.01491,0.01493,0.01477,0.0148,634296.0
2023-03-20 08:45:00,0.01481,0.01487,0.01478,0.01485,481086.0
2023-03-20 09:00:00,0.01481,0.01515,0.01475,0.01512,1396908.0
2023-03-20 09:15:00,0.01512,0.01512,0.01493,0.01504,830052.0
2023-03-20 09:30:00,0.01506,0.01506,0.01484,0.01499,1709075.0
2023-03-20 09:45:00,0.01498,0.01529,0.01498,0.01507,1027317.0
2023-03-20 10:00:00,0.01507,0.01507,0.01492,0.01493,933140.0
2023-03-20 10:15:00,0.01502,0.01528,0.01486,0.01498,1608908.0
2023-03-20 10:30:00,0.01499,0.01516,0.01494,0.015,1506961.0
2023-03-20 10:45:00,0.015,0.01519,0.01496,0.01511,2014049.0
2023-03-20 11:00:00,0.01507,0.01512,0.01498,0.01509,2398283.0
2023-03-20 11:15:00,0.01509,0.01522,0.01509,0.01522,586718.0
2023-03-20 11:30:00,0.01519,0.01524,0.01513,0.01518,1942002.0
2023-03-20 11:45:00,0.01515,0.01526,0.01508,0.01511,1067607.0
2023-03-20 12:00:00,0.01511,0.01515,0.015,0.01507,3060105.0
2023-03-20 12:15:00,0.01507,0.01526,0.01492,0.01521,3894000.0
2023-03-20 12:30:00,0.0152,0.0152,0.01495,0.015,1502976.0
2023-03-20 12:45:00,0.015,0.0151,0.01497,0.01507,727542.0
2023-03-20 13:00:00,0.01505,0.01506,0.01491,0.01496,993566.0
2023-03-20 13:15:00,0.01496,0.01508,0.01488,0.01499,2585854.0
2023-03-20 13:30:00,0.01502,0.01503,0.01475,0.01488,1232495.0
2023-03-20 13:45:00,0.01485,0.015,0.01478,0.01485,1130135.0
2023-03-20 14:00:00,0.01484,0.015,0.01471,0.01474,3217278.0
2023-03-20 14:15:00,0.01479,0.01488,0.01475,0.01478,1753545.0
2023-03-20 14:30:00,0.01478,0.01481,0.01475,0.01477,1035681.0
2023-03-20 14:45:00,0.01477,0.01485,0.01475,0.01485,1125827.0
2023-03-20 15:00:00,0.01479,0.01485,0.01473,0.01476,1847761.0
2023-03-20 15:15:00,0.01476,0.01479,0.01467,0.01479,1095934.0
2023-03-20 15:30:00,0.01481,0.01481,0.0146,0.01479,1896286.0
2023-03-20 15:45:00,0.01479,0.0148,0.01463,0.01465,316495.0
2023-03-20 16:00:00,0.01465,0.01473,0.01454,0.01456,3402817.0
2023-03-20 16:15:00,0.01456,0.01463,0.014,0.01425,10631020.0
2023-03-20 16:30:00,0.01428,0.01441,0.01428,0.01436,1775224.0
2023-03-20 16:45:00,0.01435,0.01445,0.01406,0.01415,2843536.0
2023-03-20 17:00:00,0.01414,0.01457,0.01414,0.01442,7233834.0
2023-03-20 17:15:00,0.01438,0.01446,0.01433,0.01441,1082145.0
2023-03-20 17:30:00,0.01436,0.01464,0.01435,0.01445,2439306.0
2023-03-20 17:45:00,0.01449,0.01453,0.01428,0.0143,600173.0
2023-03-20 18:00:00,0.01429,0.01435,0.01423,0.01433,944692.0
2023-03-20 18:15:00,0.01429,0.01437,0.01422,0.01437,1336563.0
2023-03-20 18:30:00,0.01437,0.01437,0.01425,0.01437,1098196.0
2023-03-20 18:45:00,0.01436,0.01441,0.0142,0.01427,872181.0
2023-03-20 19:00:00,0.01425,0.01427,0.01385,0.01401,6492324.0
2023-03-20 19:15:00,0.01401,0.0141,0.01372,0.01386,3521298.0
2023-03-20 19:30:00,0.01383,0.01407,0.01382,0.01399,2237882.0
2023-03-20 19:45:00,0.01401,0.01408,0.01398,0.01407,949440.0
2023-03-20 20:00:00,0.01404,0.01417,0.01393,0.01411,2023546.0
2023-03-20 20:15:00,0.01411,0.01423,0.01404,0.01419,850089.0
2023-03-20 20:30:00,0.01415,0.01417,0.01408,0.01411,1417487.0
2023-03-20 20:45:00,0.01408,0.01417,0.01396,0.0141,1217283.0
2023-03-20 21:00:00,0.01409,0.01422,0.01404,0.01422,1319499.0
2023-03-20 21:15:00,0.01417,0.01417,0.01389,0.01394,1890712.0
2023-03-20 21:30:00,0.01394,0.01403,0.01394,0.01397,1200369.0
2023-03-20 21:45:00,0.01395,0.01405,0.01386,0.01396,1264951.0
2023-03-20 22:00:00,0.01401,0.01409,0.01384,0.01385,478948.0
2023-03-20 22:15:00,0.0139,0.01402,0.0139,0.01397,764057.0
2023-03-20 22:30:00,0.01397,0.01397,0.0139,0.01397,878735.0
2023-03-20 22:45:00,0.0139,0.01407,0.01384,0.01407,428743.0
2023-03-20 23:00:00,0.01392,0.01399,0.01386,0.01387,627224.0
2023-03-20 23:15:00,0.01394,0.01397,0.01375,0.01397,465796.0
2023-03-20 23:30:00,0.0139,0.01391,0.0138,0.0138,2021981.0
2023-03-20 23:45:00,0.0138,0.0138,0.01336,0.01373,9582408.0
2023-03-21 00:00:00,0.01378,0.01448,0.01376,0.01381,4095351.0
2023-03-21 00:15:00,0.01384,0.01392,0.01376,0.01381,2598558.0
2023-03-21 00:30:00,0.01386,0.01391,0.01363,0.01376,3175866.0
2023-03-21 00:45:00,0.01381,0.01382,0.0137,0.0137,770024.0
2023-03-21 01:00:00,0.0137,0.01373,0.01338,0.01348,3901518.0
2023-03-21 01:15:00,0.01345,0.0135,0.01327,0.01343,3337186.0
2023-03-21 01:30:00,0.01342,0.01356,0.01336,0.0135,794288.0
2023-03-21 01:45:00,0.01351,0.01364,0.01338,0.01352,2489405.0
2023-03-21 02:00:00,0.01353,0.01362,0.01334,0.01343,1117978.0
2023-03-21 02:15:00,0.01346,0.01347,0.01326,0.01345,2485233.0
2023-03-21 02:30:00,0.01347,0.01357,0.01345,0.01355,528436.0
2023-03-21 02:45:00,0.01355,0.01359,0.01343,0.01345,676567.0
2023-03-21 03:00:00,0.01344,0.01359,0.01344,0.01356,284069.0
2023-03-21 03:15:00,0.01358,0.01358,0.01344,0.01345,486688.0
2023-03-21 03:30:00,0.01346,0.01354,0.01343,0.01353,505323.0
2023-03-21 03:45:00,0.0135,0.01354,0.01342,0.0135,758655.0
2023-03-21 04:00:00,0.01355,0.01368,0.01355,0.01361,1884181.0
2023-03-21 04:15:00,0.0136,0.01377,0.01358,0.01359,829142.0
2023-03-21 04:30:00,0.01358,0.01369,0.01358,0.01362,836823.0
2023-03-21 04:45:00,0.01362,0.01373,0.01361,0.01368,516849.0
2023-03-21 05:00:00,0.01367,0.01367,0.01353,0.01364,809981.0
2023-03-21 05:15:00,0.01361,0.01373,0.01359,0.01368,1879381.0
2023-03-21 05:30:00,0.01366,0.01367,0.01337,0.01339,1435180.0
2023-03-21 05:45:00,0.01344,0.01349,0.01338,0.01345,762611.0
2023-03-21 06:00:00,0.01344,0.01349,0.01339,0.01346,705160.0
2023-03-21 06:15:00,0.01347,0.01355,0.01346,0.0135,223412.0
2023-03-21 06:30:00,0.0135,0.01384,0.01345,0.01366,1649121.0
2023-03-21 06:45:00,0.01363,0.01374,0.01358,0.01359,1006247.0
2023-03-21 07:00:00,0.01366,0.01368,0.01307,0.01324,3764532.0
2023-03-21 07:15:00,0.01322,0.01337,0.01316,0.01333,3168322.0
2023-03-21 07:30:00,0.01332,0.01342,0.01328,0.01336,1254674.0
2023-03-21 07:45:00,0.01334,0.01354,0.01334,0.01344,1827581.0
2023-03-21 08:00:00,0.01337,0.01347,0.01331,0.01331,466869.0
2023-03-21 08:15:00,0.01339,0.0134,0.01313,0.01329,967571.0
2023-03-21 08:30:00,0.0133,0.01346,0.0133,0.01342,1906495.0
2023-03-21 08:45:00,0.01343,0.01361,0.0134,0.01359,542863.0
2023-03-21 09:00:00,0.01357,0.0137,0.01346,0.01365,1120645.0
2023-03-21 09:15:00,0.01363,0.01367,0.01359,0.01361,441894.0
2023-03-21 09:30:00,0.0136,0.01379,0.01354,0.01371,675969.0
2023-03-21 09:45:00,0.01375,0.0139,0.01375,0.01381,1372601.0
2023-03-21 10:00:00,0.01373,0.01377,0.01367,0.01372,444045.0
2023-03-21 10:15:00,0.0137,0.01384,0.01363,0.01375,724687.0
2023-03-21 10:30:00,0.01373,0.01378,0.01362,0.01362,444710.0
2023-03-21 10:45:00,0.01365,0.0137,0.01361,0.0137,992145.0
2023-03-21 11:00:00,0.0137,0.0137,0.01366,0.01366,889213.0
2023-03-21 11:15:00,0.01368,0.01378,0.01364,0.01369,1595593.0
2023-03-21 11:30:00,0.01369,0.0138,0.01357,0.01378,890800.0
2023-03-21 11:45:00,0.01374,0.01394,0.01373,0.01387,1804307.0
2023-03-21 12:00:00,0.01375,0.01385,0.01369,0.01376,1912239.0
2023-03-21 12:15:00,0.01376,0.01382,0.01363,0.01373,912677.0
2023-03-21 12:30:00,0.01373,0.01391,0.01368,0.01391,1982272.0
2023-03-21 12:45:00,0.01391,0.01404,0.01383,0.014,1563148.0
2023-03-21 13:00:00,0.01401,0.01405,0.0139,0.0139,1365500.0
2023-03-21 13:15:00,0.01394,0.01402,0.01389,0.01396,2134656.0
2023-03-21 13:30:00,0.01395,0.01415,0.01392,0.01392,1722883.0
2023-03-21 13:45:00,0.01393,0.0148,0.01379,0.01404,8526958.0
2023-03-21 14:00:00,0.01407,0.01412,0.01384,0.01385,1297596.0
2023-03-21 14:15:00,0.01385,0.0139,0.0137,0.01379,2991170.0
2023-03-21 14:30:00,0.01379,0.01392,0.01375,0.01384,1775725.0
2023-03-21 14:45:00,0.01388,0.01388,0.0137,0.01376,1277449.0
2023-03-21 15:00:00,0.01378,0.01386,0.01375,0.01378,504920.0
2023-03-21 15:15:00,0.01384,0.01385,0.01375,0.01377,1318634.0
2023-03-21 15:30:00,0.01376,0.0139,0.01376,0.01383,738495.0
2023-03-21 15:45:00,0.01381,0.01384,0.01374,0.01378,772234.0
2023-03-21 16:00:00,0.01378,0.01392,0.01373,0.01386,3107976.0
2023-03-21 16:15:00,0.01385,0.01456,0.01383,0.0141,7900706.0
2023-03-21 16:30:00,0.01408,0.01408,0.0139,0.01401,1477085.0
2023-03-21 16:45:00,0.014,0.01402,0.01393,0.01396,529342.0
2023-03-21 17:00:00,0.01393,0.01398,0.01382,0.01386,1497969.0
2023-03-21 17:15:00,0.01388,0.0139,0.01381,0.01381,1388889.0
2023-03-21 17:30:00,0.01381,0.01384,0.01362,0.01362,1375449.0
2023-03-21 17:45:00,0.01363,0.01383,0.01362,0.01382,954999.0
2023-03-21 18:00:00,0.0138,0.01381,0.01371,0.01374,323740.0
2023-03-21 18:15:00,0.01377,0.01379,0.01362,0.0137,756075.0
2023-03-21 18:30:00,0.0137,0.01376,0.01364,0.01372,157143.0
2023-03-21 18:45:00,0.01372,0.01372,0.01345,0.0136,9478498.0
2023-03-21 19:00:00,0.01359,0.01368,0.01352,0.01365,730778.0
2023-03-21 19:15:00,0.01363,0.01371,0.01358,0.0137,1486303.0
2023-03-21 19:30:00,0.01368,0.01375,0.01365,0.01375,606525.0
2023-03-21 19:45:00,0.01375,0.01376,0.01368,0.01369,313826.0
2023-03-21 20:00:00,0.01369,0.01389,0.01367,0.0138,716202.0
2023-03-21 20:15:00,0.01384,0.01388,0.01376,0.01385,990802.0
2023-03-21 20:30:00,0.01381,0.01391,0.01378,0.01385,719644.0
2023-03-21 20:45:00,0.01384,0.01384,0.01371,0.01379,468316.0
2023-03-21 21:00:00,0.01382,0.01388,0.01367,0.01371,727850.0
2023-03-21 21:15:00,0.01371,0.01385,0.01369,0.01385,827994.0
2023-03-21 21:30:00,0.01382,0.01382,0.01369,0.01373,435070.0
2023-03-21 21:45:00,0.01373,0.01378,0.01371,0.01374,191550.0
2023-03-21 22:00:00,0.01377,0.01383,0.01363,0.0137,526723.0
2023-03-21 22:15:00,0.01372,0.01377,0.01358,0.0136,1561314.0
2023-03-21 22:30:00,0.01361,0.01365,0.01351,0.01354,478540.0
2023-03-21 22:45:00,0.01353,0.01362,0.0135,0.01361,341884.0
2023-03-21 23:00:00,0.01361,0.01364,0.01355,0.01357,187808.0
2023-03-21 23:15:00,0.01357,0.01372,0.01357,0.01361,597234.0
2023-03-21 23:30:00,0.01366,0.01366,0.01362,0.01362,75002.0
2023-03-21 23:45:00,0.0137,0.01385,0.0137,0.01371,692979.0
2023-03-22 00:00:00,0.01375,0.01381,0.01371,0.01375,801533.0
2023-03-22 00:15:00,0.01371,0.01377,0.01368,0.01372,321079.0
2023-03-22 00:30:00,0.01372,0.01372,0.01335,0.01341,1103882.0
2023-03-22 00:45:00,0.0134,0.01347,0.0134,0.01346,284394.0
2023-03-22 01:00:00,0.01344,0.01355,0.01335,0.01344,993201.0
2023-03-22 01:15:00,0.01343,0.01346,0.0132,0.01333,5968282.0
2023-03-22 01:30:00,0.01332,0.01333,0.01318,0.01328,2051737.0
2023-03-22 01:45:00,0.01325,0.01342,0.01325,0.01335,569857.0
2023-03-22 02:00:00,0.01334,0.0135,0.01334,0.01346,531801.0
2023-03-22 02:15:00,0.01346,0.0135,0.01341,0.01344,433268.0
2023-03-22 02:30:00,0.01342,0.01353,0.0134,0.01347,366957.0
2023-03-22 02:45:00,0.01347,0.01354,0.01345,0.01349,825685.0
2023-03-22 03:00:00,0.01346,0.01363,0.01345,0.01362,1622637.0
2023-03-22 03:15:00,0.01366,0.0137,0.01361,0.01363,1064049.0
2023-03-22 03:30:00,0.01367,0.01367,0.01354,0.0136,1803063.0
2023-03-22 03:45:00,0.01362,0.01363,0.0135,0.01355,921897.0
2023-03-22 04:00:00,0.01353,0.01359,0.01352,0.01355,511226.0
2023-03-22 04:15:00,0.01355,0.01366,0.01354,0.01355,1360737.0
2023-03-22 04:30:00,0.01356,0.01361,0.01352,0.01352,512166.0
2023-03-22 04:45:00,0.0135,0.01364,0.0135,0.01364,671397.0
2023-03-22 05:00:00,0.01363,0.01363,0.01352,0.01357,726871.0
2023-03-22 05:15:00,0.01357,0.01372,0.01353,0.01367,1303149.0
2023-03-22 05:30:00,0.0137,0.01375,0.01358,0.01362,556115.0
2023-03-22 05:45:00,0.01362,0.01372,0.01362,0.01369,491055.0
2023-03-22 06:00:00,0.01368,0.01368,0.01355,0.01359,1645401.0
2023-03-22 06:15:00,0.01359,0.01363,0.01356,0.01358,224119.0
2023-03-22 06:30:00,0.01357,0.01363,0.01353,0.01361,380382.0
2023-03-22 06:45:00,0.01358,0.01366,0.01356,0.01363,272761.0
2023-03-22 07:00:00,0.0136,0.01366,0.01358,0.01358,395767.0
2023-03-22 07:15:00,0.01358,0.01364,0.0135,0.01351,267330.0
2023-03-22 07:30:00,0.01351,0.01351,0.01342,0.01343,327899.0
2023-03-22 07:45:00,0.01343,0.01347,0.0134,0.01344,422572.0
2023-03-22 08:00:00,0.01345,0.01351,0.01337,0.01346,354688.0
2023-03-22 08:15:00,0.01346,0.01348,0.01339,0.01341,1281005.0
2023-03-22 08:30:00,0.01339,0.01344,0.01336,0.0134,987007.0
2023-03-22 08:45:00,0.0134,0.01343,0.01325,0.01325,1499284.0
2023-03-22 09:00:00,0.01325,0.01339,0.01321,0.01324,959060.0
2023-03-22 09:15:00,0.01325,0.01331,0.01321,0.01323,1298210.0
2023-03-22 09:30:00,0.01322,0.01331,0.0132,0.01324,894695.0
2023-03-22 09:45:00,0.01325,0.01325,0.01311,0.01311,1193107.0
2023-03-22 10:00:00,0.01312,0.0134,0.01308,0.01324,2323735.0
2023-03-22 10:15:00,0.01324,0.01343,0.0132,0.01336,685523.0
2023-03-22 10:30:00,0.01336,0.01337,0.01321,0.01325,639939.0
2023-03-22 10:45:00,0.0133,0.01333,0.01322,0.01328,659909.0
2023-03-22 11:00:00,0.01325,0.01349,0.01324,0.01327,3132443.0
2023-03-22 11:15:00,0.01328,0.01336,0.0132,0.0132,1149205.0
2023-03-22 11:30:00,0.0132,0.01323,0.0131,0.01311,1754972.0
2023-03-22 11:45:00,0.0131,0.01313,0.01291,0.01309,4449686.0
2023-03-22 12:00:00,0.01308,0.01312,0.01301,0.01307,3274709.0
2023-03-22 12:15:00,0.01307,0.01317,0.01303,0.01307,1806199.0
2023-03-22 12:30:00,0.01304,0.01306,0.01293,0.01302,3796230.0
2023-03-22 12:45:00,0.01301,0.01302,0.01271,0.01282,12796966.0
2023-03-22 13:00:00,0.01281,0.01285,0.01272,0.01276,2665531.0
2023-03-22 13:15:00,0.01279,0.01283,0.01274,0.01278,2054880.0
2023-03-22 13:30:00,0.01276,0.01285,0.01272,0.01277,2716283.0
2023-03-22 13:45:00,0.01277,0.0128,0.0127,0.01275,2973200.0
2023-03-22 14:00:00,0.01273,0.01292,0.01271,0.01285,3750862.0
2023-03-22 14:15:00,0.01286,0.01309,0.01281,0.01303,7754941.0
2023-03-22 14:30:00,0.01303,0.01311,0.01287,0.01295,6188017.0
2023-03-22 14:45:00,0.01295,0.01316,0.01294,0.01309,2748599.0
2023-03-22 15:00:00,0.0131,0.01316,0.01303,0.01309,1038470.0
2023-03-22 15:15:00,0.01309,0.01317,0.01296,0.013,1802299.0
2023-03-22 15:30:00,0.013,0.01315,0.01297,0.013,2150304.0
2023-03-22 15:45:00,0.01299,0.01299,0.01285,0.01293,2563272.0
2023-03-22 16:00:00,0.01296,0.01305,0.0129,0.01292,2262280.0
2023-03-22 16:15:00,0.01291,0.01294,0.0128,0.01293,2149598.0
2023-03-22 16:30:00,0.01292,0.01299,0.01291,0.01293,1182353.0
2023-03-22 16:45:00,0.01292,0.01294,0.01286,0.0129,701184.0
2023-03-22 17:00:00,0.01287,0.013,0.01285,0.01287,1947013.0
2023-03-22 17:15:00,0.01283,0.01283,0.01252,0.01274,4579661.0
2023-03-22 17:30:00,0.01274,0.01294,0.01274,0.01287,2326696.0
2023-03-22 17:45:00,0.01288,0.01297,0.01284,0.01294,1763227.0
2023-03-22 18:00:00,0.01296,0.0132,0.01295,0.01303,4498710.0
2023-03-22 18:15:00,0.01308,0.01325,0.01308,0.0132,1797104.0
2023-03-22 18:30:00,0.01321,0.01336,0.01274,0.01307,4769596.0
2023-03-22 18:45:00,0.01308,0.01337,0.01308,0.01315,2533995.0
2023-03-22 19:00:00,0.01314,0.01319,0.0127,0.01282,4662179.0
2023-03-22 19:15:00,0.01281,0.01299,0.0128,0.01294,1127607.0
2023-03-22 19:30:00,0.01296,0.013,0.0127,0.0127,1283271.0
2023-03-22 19:45:00,0.01269,0.01269,0.01222,0.01248,7730525.0
2023-03-22 20:00:00,0.01251,0.01267,0.01231,0.01248,1692720.0
2023-03-22 20:15:00,0.01252,0.01264,0.01249,0.01259,1080527.0
2023-03-22 20:30:00,0.01263,0.01269,0.01253,0.01263,1573409.0
2023-03-22 20:45:00,0.01267,0.01279,0.01266,0.01279,2155281.0
2023-03-22 21:00:00,0.01278,0.01279,0.01269,0.01279,674572.0
2023-03-22 21:15:00,0.01279,0.01279,0.01266,0.01272,293251.0
2023-03-22 21:30:00,0.01269,0.01272,0.01259,0.0126,822632.0
2023-03-22 21:45:00,0.01263,0.01271,0.01258,0.01259,1125662.0
2023-03-22 22:00:00,0.01259,0.01271,0.01254,0.0126,1250860.0
2023-03-22 22:15:00,0.01259,0.01262,0.01255,0.0126,635127.0
2023-03-22 22:30:00,0.0126,0.01263,0.01246,0.01249,629177.0
2023-03-22 22:45:00,0.0125,0.01263,0.01246,0.01262,451091.0
2023-03-22 23:00:00,0.01262,0.01264,0.01257,0.01258,377121.0
2023-03-22 23:15:00,0.0126,0.01275,0.0126,0.01272,1145646.0
2023-03-22 23:30:00,0.01272,0.01273,0.01264,0.01269,285764.0
2023-03-22 23:45:00,0.01266,0.0127,0.01264,0.0127,146239.0
2023-03-23 00:00:00,0.01265,0.01275,0.01265,0.01271,377351.0
2023-03-23 00:15:00,0.01275,0.01285,0.01272,0.01282,644404.0
2023-03-23 00:30:00,0.01284,0.01291,0.01282,0.01286,369608.0
2023-03-23 00:45:00,0.01285,0.01286,0.01279,0.01282,395643.0
2023-03-23 01:00:00,0.01279,0.01283,0.01276,0.01278,270284.0
2023-03-23 01:15:00,0.01276,0.01277,0.01269,0.01269,415371.0
2023-03-23 01:30:00,0.0127,0.01273,0.01267,0.0127,244047.0
2023-03-23 01:45:00,0.01273,0.01273,0.01265,0.0127,94583.0
2023-03-23 02:00:00,0.0127,0.01271,0.01268,0.01271,93272.0
2023-03-23 02:15:00,0.01276,0.01278,0.01272,0.01278,60715.0
2023-03-23 02:30:00,0.01281,0.01291,0.01279,0.01288,362340.0
2023-03-23 02:45:00,0.01287,0.01306,0.01287,0.01302,936887.0
2023-03-23 03:00:00,0.01302,0.01308,0.01302,0.01308,469766.0
2023-03-23 03:15:00,0.01306,0.0131,0.01305,0.01305,575067.0
2023-03-23 03:30:00,0.01305,0.01314,0.013,0.01306,815813.0
2023-03-23 03:45:00,0.01306,0.0131,0.01303,0.01303,73468.0
2023-03-23 04:00:00,0.01301,0.01301,0.01288,0.01301,227141.0
2023-03-23 04:15:00,0.01305,0.01308,0.01302,0.01308,297516.0
2023-03-23 04:30:00,0.01303,0.01308,0.01303,0.01305,45479.0
2023-03-23 04:45:00,0.01302,0.01303,0.01296,0.01296,53039.0
2023-03-23 05:00:00,0.01301,0.01312,0.013,0.0131,568478.0
2023-03-23 05:15:00,0.01308,0.01312,0.01306,0.01308,366520.0
2023-03-23 05:30:00,0.01312,0.0133,0.01312,0.0132,1861821.0
2023-03-23 05:45:00,0.01321,0.01332,0.01321,0.01328,371151.0
2023-03-23 06:00:00,0.01328,0.01333,0.01325,0.01325,444121.0
2023-03-23 06:15:00,0.01326,0.0133,0.01322,0.01325,338765.0
2023-03-23 06:30:00,0.01325,0.01328,0.01322,0.01322,141017.0
2023-03-23 06:45:00,0.01322,0.01324,0.01307,0.01315,573446.0
2023-03-23 07:00:00,0.01319,0.0133,0.01317,0.01326,894503.0
2023-03-23 07:15:00,0.01326,0.01326,0.01313,0.01317,693726.0
2023-03-23 07:30:00,0.01314,0.01327,0.01314,0.01323,574504.0
2023-03-23 07:45:00,0.01323,0.01326,0.01317,0.01322,364739.0
2023-03-23 08:00:00,0.0132,0.01326,0.01317,0.01323,1976462.0
2023-03-23 08:15:00,0.01324,0.01332,0.01315,0.01323,2695210.0
2023-03-23 08:30:00,0.0132,0.01323,0.01313,0.0132,1761855.0
2023-03-23 08:45:00,0.01319,0.01328,0.01319,0.01324,476706.0
2023-03-23 09:00:00,0.01326,0.01333,0.01321,0.01333,307022.0
2023-03-23 09:15:00,0.01328,0.01328,0.01317,0.0132,214222.0
2023-03-23 09:30:00,0.01323,0.01329,0.01323,0.01325,197057.0
2023-03-23 09:45:00,0.01325,0.01331,0.01323,0.0133,382330.0
2023-03-23 10:00:00,0.01328,0.01335,0.01326,0.01326,715151.0
2023-03-23 10:15:00,0.0133,0.01363,0.01327,0.01333,2231189.0
2023-03-23 10:30:00,0.01334,0.01355,0.01331,0.01352,4425134.0
2023-03-23 10:45:00,0.01344,0.01347,0.01339,0.01344,1433082.0
2023-03-23 11:00:00,0.01341,0.01341,0.01328,0.01328,677369.0
2023-03-23 11:15:00,0.01328,0.01349,0.01328,0.01344,1293279.0
2023-03-23 11:30:00,0.01345,0.01346,0.01331,0.01335,2999934.0
2023-03-23 11:45:00,0.01339,0.01342,0.01332,0.0134,861451.0
2023-03-23 12:00:00,0.01342,0.01342,0.01329,0.01334,499634.0
2023-03-23 12:15:00,0.01337,0.01337,0.01327,0.01332,691969.0
2023-03-23 12:30:00,0.01332,0.01333,0.01321,0.01325,888738.0
2023-03-23 12:45:00,0.01331,0.01339,0.01327,0.01333,727675.0
2023-03-23 13:00:00,0.01336,0.01341,0.01316,0.01337,5301944.0
2023-03-23 13:15:00,0.01335,0.01337,0.01318,0.01322,7106127.0
2023-03-23 13:30:00,0.01327,0.01351,0.01324,0.01344,4664988.0
2023-03-23 13:45:00,0.01342,0.01345,0.01332,0.01341,2541402.0
2023-03-23 14:00:00,0.01333,0.01341,0.01322,0.01341,1648335.0
2023-03-23 14:15:00,0.01343,0.0136,0.01342,0.01346,5557845.0
2023-03-23 14:30:00,0.01345,0.01357,0.01337,0.01349,2046569.0
2023-03-23 14:45:00,0.01354,0.01372,0.01346,0.01363,3438799.0
2023-03-23 15:00:00,0.01363,0.01378,0.01363,0.0137,3111711.0
2023-03-23 15:15:00,0.01373,0.01388,0.01359,0.01372,4361307.0
2023-03-23 15:30:00,0.01379,0.014,0.01373,0.01392,4711281.0
2023-03-23 15:45:00,0.01391,0.01432,0.01391,0.01406,10712327.0
2023-03-23 16:00:00,0.01406,0.01406,0.01378,0.01396,4404223.0
2023-03-23 16:15:00,0.01395,0.01395,0.01369,0.0138,3386883.0
2023-03-23 16:30:00,0.01379,0.0139,0.01369,0.01374,2750278.0
2023-03-23 16:45:00,0.01374,0.01396,0.01364,0.01369,8005120.0
2023-03-23 17:00:00,0.01371,0.01377,0.01359,0.01362,4086694.0
2023-03-23 17:15:00,0.01361,0.01363,0.01349,0.01353,3209718.0
2023-03-23 17:30:00,0.01352,0.01357,0.0135,0.01355,1367635.0
2023-03-23 17:45:00,0.01355,0.01355,0.01339,0.01351,2463002.0
2023-03-23 18:00:00,0.01352,0.01359,0.01352,0.01356,3295318.0
2023-03-23 18:15:00,0.01357,0.01358,0.01346,0.01346,1585679.0
2023-03-23 18:30:00,0.01347,0.01348,0.01339,0.01345,931495.0
2023-03-23 18:45:00,0.01344,0.01346,0.01328,0.01331,1223124.0
2023-03-23 19:00:00,0.01329,0.0134,0.01328,0.01339,1450250.0
2023-03-23 19:15:00,0.0134,0.01349,0.01338,0.01342,752462.0
2023-03-23 19:30:00,0.01345,0.01349,0.01342,0.01349,427271.0
2023-03-23 19:45:00,0.01353,0.0136,0.0135,0.01357,651032.0
2023-03-23 20:00:00,0.01357,0.01357,0.01349,0.01352,441498.0
2023-03-23 20:15:00,0.0135,0.0135,0.01337,0.01342,372074.0
2023-03-23 20:30:00,0.01343,0.01349,0.01343,0.01348,370162.0
2023-03-23 20:45:00,0.01347,0.01354,0.01346,0.01354,381755.0
2023-03-23 21:00:00,0.01351,0.01352,0.01346,0.01349,297659.0
2023-03-23 21:15:00,0.0135,0.01351,0.01341,0.01349,957776.0
2023-03-23 21:30:00,0.01349,0.01352,0.01346,0.01347,418130.0
2023-03-23 21:45:00,0.01348,0.01353,0.01345,0.01351,456018.0
2023-03-23 22:00:00,0.01352,0.0136,0.01349,0.0136,1281389.0
2023-03-23 22:15:00,0.01359,0.01369,0.01358,0.0136,1767295.0
2023-03-23 22:30:00,0.0136,0.01371,0.01359,0.01371,1593174.0
2023-03-23 22:45:00,0.01367,0.01373,0.01366,0.01366,536814.0
2023-03-23 23:00:00,0.01366,0.01375,0.01366,0.01373,775888.0
2023-03-23 23:15:00,0.01372,0.01376,0.01371,0.01375,703015.0
2023-03-23 23:30:00,0.0137,0.01375,0.01369,0.01373,842006.0
2023-03-23 23:45:00,0.01373,0.01373,0.0136,0.01363,1347812.0
2023-03-24 00:00:00,0.01364,0.01379,0.01364,0.01374,2761964.0
2023-03-24 00:15:00,0.01372,0.01382,0.01368,0.01373,1193189.0
2023-03-24 00:30:00,0.01372,0.01375,0.01369,0.01371,322313.0
2023-03-24 00:45:00,0.0137,0.01373,0.01361,0.01361,914239.0
2023-03-24 01:00:00,0.01362,0.01368,0.01362,0.01363,212887.0
2023-03-24 01:15:00,0.01364,0.01372,0.01364,0.0137,710521.0
2023-03-24 01:30:00,0.01373,0.01373,0.01367,0.01373,592507.0
2023-03-24 01:45:00,0.01374,0.01376,0.01368,0.01375,1234558.0
2023-03-24 02:00:00,0.01373,0.01376,0.01369,0.01373,881066.0
2023-03-24 02:15:00,0.01375,0.01378,0.01372,0.01374,519234.0
2023-03-24 02:30:00,0.01376,0.01377,0.01368,0.01369,372447.0
2023-03-24 02:45:00,0.01368,0.01369,0.01357,0.01357,1538135.0
2023-03-24 03:00:00,0.0136,0.01387,0.01358,0.01364,1561539.0
2023-03-24 03:15:00,0.01362,0.01372,0.01362,0.01371,693913.0
2023-03-24 03:30:00,0.01368,0.01369,0.01366,0.01368,368263.0
2023-03-24 03:45:00,0.01365,0.01366,0.01363,0.01364,447062.0
2023-03-24 04:00:00,0.01363,0.01364,0.01357,0.01364,206658.0
2023-03-24 04:15:00,0.01364,0.01366,0.01361,0.01364,913263.0
2023-03-24 04:30:00,0.01364,0.01364,0.01354,0.01354,966338.0
2023-03-24 04:45:00,0.01356,0.01356,0.0135,0.0135,944209.0
2023-03-24 05:00:00,0.0135,0.01352,0.01346,0.01351,682083.0
2023-03-24 05:15:00,0.01352,0.01358,0.01352,0.01357,419417.0
2023-03-24 05:30:00,0.01357,0.0136,0.01355,0.01359,525282.0
2023-03-24 05:45:00,0.01359,0.01361,0.01357,0.01358,433824.0
2023-03-24 06:00:00,0.01356,0.01357,0.01347,0.0135,666285.0
2023-03-24 06:15:00,0.0135,0.01351,0.01346,0.0135,685133.0
2023-03-24 06:30:00,0.01348,0.01353,0.01345,0.01345,1137157.0
2023-03-24 06:45:00,0.01345,0.01347,0.01338,0.0134,855374.0
2023-03-24 07:00:00,0.01343,0.01352,0.01343,0.01351,544232.0
2023-03-24 07:15:00,0.01348,0.01357,0.01345,0.01356,436521.0
2023-03-24 07:30:00,0.01356,0.01356,0.0134,0.01342,1091507.0
2023-03-24 07:45:00,0.01348,0.01351,0.01344,0.01351,306759.0
2023-03-24 08:00:00,0.01352,0.01364,0.01348,0.01349,921364.0
2023-03-24 08:15:00,0.01347,0.01348,0.01342,0.01346,651323.0
2023-03-24 08:30:00,0.01346,0.01346,0.01337,0.01341,790256.0
2023-03-24 08:45:00,0.01342,0.01344,0.01328,0.01334,1229716.0
2023-03-24 09:00:00,0.01333,0.01337,0.01329,0.01332,674246.0
2023-03-24 09:15:00,0.01333,0.01338,0.01331,0.01337,1077586.0
2023-03-24 09:30:00,0.0134,0.01347,0.0134,0.01343,324585.0
2023-03-24 09:45:00,0.01343,0.01343,0.01332,0.01333,274558.0
2023-03-24 10:00:00,0.01333,0.01336,0.01325,0.01336,1377254.0
2023-03-24 10:15:00,0.01334,0.01352,0.01331,0.01352,512690.0
2023-03-24 10:30:00,0.01353,0.01357,0.01337,0.01347,998344.0
2023-03-24 10:45:00,0.0134,0.01342,0.01333,0.01336,759525.0
2023-03-24 11:00:00,0.01338,0.01339,0.01327,0.01337,1911788.0
2023-03-24 11:15:00,0.01337,0.01347,0.01337,0.01347,834506.0
2023-03-24 11:30:00,0.01347,0.01347,0.01347,0.01347,0.0
2023-03-24 11:45:00,0.01347,0.01347,0.01347,0.01347,0.0
2023-03-24 12:00:00,0.01347,0.01347,0.01347,0.01347,0.0
2023-03-24 12:15:00,0.01347,0.01347,0.01347,0.01347,0.0
2023-03-24 12:30:00,0.01347,0.01347,0.01347,0.01347,0.0
2023-03-24 14:00:00,0.01349,0.01364,0.01334,0.01364,2886597.0
2023-03-24 14:15:00,0.01366,0.01379,0.01358,0.01377,839958.0
2023-03-24 14:30:00,0.01377,0.01381,0.01367,0.01374,763797.0
2023-03-24 14:45:00,0.01375,0.01378,0.01363,0.01363,1795856.0
2023-03-24 15:00:00,0.01363,0.01366,0.01347,0.01348,595562.0
2023-03-24 15:15:00,0.01347,0.01359,0.0134,0.01358,932189.0
2023-03-24 15:30:00,0.01358,0.01358,0.01349,0.01349,767907.0
2023-03-24 15:45:00,0.01352,0.01361,0.01345,0.01359,1011222.0
2023-03-24 16:00:00,0.01359,0.01359,0.01342,0.01345,1110945.0
2023-03-24 16:15:00,0.01346,0.01353,0.0134,0.01351,738720.0
2023-03-24 16:30:00,0.01351,0.01351,0.01333,0.01336,1602658.0
2023-03-24 16:45:00,0.01337,0.01339,0.01329,0.01333,997160.0
2023-03-24 17:00:00,0.01332,0.01332,0.01319,0.01323,656533.0
2023-03-24 17:15:00,0.01322,0.01323,0.013,0.0131,2214632.0
2023-03-24 17:30:00,0.01311,0.01315,0.01303,0.01304,968583.0
2023-03-24 17:45:00,0.01306,0.01315,0.01297,0.01308,1640846.0
2023-03-24 18:00:00,0.01308,0.01318,0.01308,0.01316,772350.0
2023-03-24 18:15:00,0.01315,0.01318,0.0131,0.01315,458068.0
2023-03-24 18:30:00,0.01315,0.0132,0.01315,0.01318,400175.0
2023-03-24 18:45:00,0.01319,0.01327,0.01315,0.01325,953568.0
2023-03-24 19:00:00,0.01325,0.01331,0.0132,0.0133,1015200.0
2023-03-24 19:15:00,0.01329,0.01339,0.01329,0.01332,800474.0
2023-03-24 19:30:00,0.01332,0.01335,0.01327,0.01327,460328.0
2023-03-24 19:45:00,0.01329,0.0133,0.01316,0.01317,607710.0
2023-03-24 20:00:00,0.01317,0.01333,0.01317,0.01324,507423.0
2023-03-24 20:15:00,0.01325,0.01339,0.01321,0.01321,1772669.0
2023-03-24 20:30:00,0.0132,0.01321,0.01304,0.01309,658109.0
2023-03-24 20:45:00,0.01308,0.0131,0.01291,0.01291,1906160.0
2023-03-24 21:00:00,0.01297,0.013,0.01291,0.01294,1406292.0
2023-03-24 21:15:00,0.01294,0.01294,0.01279,0.01282,4490101.0
2023-03-24 21:30:00,0.01284,0.01288,0.01274,0.01286,1763578.0
2023-03-24 21:45:00,0.01287,0.01296,0.01283,0.01295,1747703.0
2023-03-24 22:00:00,0.01296,0.01304,0.01295,0.01295,683987.0
2023-03-24 22:15:00,0.01298,0.01305,0.01297,0.01305,3288086.0
2023-03-24 22:30:00,0.01304,0.01308,0.01299,0.01305,561743.0
2023-03-24 22:45:00,0.01304,0.01308,0.01304,0.01306,347502.0
2023-03-24 23:00:00,0.01305,0.01308,0.01299,0.01308,560936.0
2023-03-24 23:15:00,0.01309,0.01316,0.01309,0.01315,494516.0
2023-03-24 23:30:00,0.01315,0.01317,0.01315,0.01317,172913.0
2023-03-24 23:45:00,0.01315,0.01317,0.01312,0.01316,353273.0
2023-03-25 00:00:00,0.01317,0.01319,0.01303,0.01305,660132.0
2023-03-25 00:15:00,0.01307,0.0132,0.01307,0.01319,455941.0
2023-03-25 00:30:00,0.01319,0.01343,0.01319,0.01343,1729879.0
2023-03-25 00:45:00,0.01341,0.01341,0.01331,0.01331,208139.0
2023-03-25 01:00:00,0.0133,0.0133,0.01325,0.01327,272486.0
2023-03-25 01:15:00,0.01327,0.01328,0.01319,0.01319,199763.0
2023-03-25 01:30:00,0.01319,0.01331,0.01316,0.01322,933713.0
2023-03-25 01:45:00,0.01321,0.01322,0.01315,0.01318,415104.0
2023-03-25 02:00:00,0.01318,0.01336,0.01318,0.01336,175526.0
2023-03-25 02:15:00,0.01336,0.01336,0.01329,0.01331,294646.0
2023-03-25 02:30:00,0.01331,0.01339,0.01328,0.0133,461145.0
2023-03-25 02:45:00,0.01328,0.01334,0.01328,0.01334,181830.0
2023-03-25 03:00:00,0.01333,0.01333,0.01322,0.01324,532634.0
2023-03-25 03:15:00,0.01326,0.0133,0.01321,0.01321,573392.0
2023-03-25 03:30:00,0.01323,0.01328,0.01321,0.01326,323917.0
2023-03-25 03:45:00,0.01326,0.01326,0.0132,0.0132,483838.0
2023-03-25 04:00:00,0.01321,0.01329,0.01321,0.01322,460618.0
2023-03-25 04:15:00,0.01323,0.01326,0.0132,0.01324,278692.0
2023-03-25 04:30:00,0.01324,0.01325,0.01321,0.01321,94778.0
2023-03-25 04:45:00,0.01322,0.01322,0.01317,0.01319,232109.0
2023-03-25 05:00:00,0.01317,0.0132,0.01312,0.01318,446839.0
2023-03-25 05:15:00,0.01318,0.01323,0.01318,0.01318,291325.0
2023-03-25 05:30:00,0.01318,0.01318,0.01308,0.0131,832343.0
2023-03-25 05:45:00,0.01309,0.01309,0.01295,0.013,1220742.0
2023-03-25 06:00:00,0.013,0.01309,0.013,0.01307,175633.0
2023-03-25 06:15:00,0.01306,0.01309,0.01302,0.01303,372732.0
2023-03-25 06:30:00,0.01301,0.01306,0.013,0.01305,537142.0
2023-03-25 06:45:00,0.01306,0.01312,0.01306,0.01311,327967.0
2023-03-25 07:00:00,0.01311,0.01311,0.01299,0.01299,318068.0
2023-03-25 07:15:00,0.013,0.01307,0.01298,0.01303,1158074.0
2023-03-25 07:30:00,0.01302,0.01307,0.013,0.01304,258139.0
2023-03-25 07:45:00,0.01302,0.01302,0.01296,0.01296,345862.0
2023-03-25 08:00:00,0.01298,0.01302,0.01294,0.01302,933530.0
2023-03-25 08:15:00,0.01301,0.01301,0.01296,0.01296,370150.0
2023-03-25 08:30:00,0.01296,0.01298,0.01293,0.01296,592593.0
2023-03-25 08:45:00,0.01296,0.01299,0.01293,0.01297,320796.0
2023-03-25 09:00:00,0.01295,0.01306,0.01294,0.01299,1585238.0
2023-03-25 09:15:00,0.01301,0.01304,0.01295,0.01298,894831.0
2023-03-25 09:30:00,0.01298,0.01299,0.01295,0.01298,693482.0
2023-03-25 09:45:00,0.013,0.01304,0.01298,0.01303,236950.0
2023-03-25 10:00:00,0.01304,0.01309,0.013,0.01301,912503.0
2023-03-25 10:15:00,0.01301,0.01303,0.01296,0.013,401459.0
2023-03-25 10:30:00,0.01298,0.01324,0.01296,0.01302,1200475.0
2023-03-25 10:45:00,0.01304,0.01307,0.01296,0.01297,368510.0
2023-03-25 11:00:00,0.01299,0.01299,0.0129,0.01293,647120.0
2023-03-25 11:15:00,0.01294,0.01296,0.0129,0.01294,311978.0
2023-03-25 11:30:00,0.01294,0.01297,0.01293,0.01296,394337.0
2023-03-25 11:45:00,0.01297,0.01302,0.01297,0.01302,522331.0
2023-03-25 12:00:00,0.01302,0.01302,0.01294,0.01298,842082.0
2023-03-25 12:15:00,0.01299,0.013,0.01294,0.01296,307449.0
2023-03-25 12:30:00,0.01295,0.01296,0.01293,0.01296,206947.0
2023-03-25 12:45:00,0.01296,0.01307,0.01294,0.01302,397398.0
2023-03-25 13:00:00,0.01302,0.01302,0.01296,0.01298,116207.0
2023-03-25 13:15:00,0.01298,0.01308,0.01297,0.01307,520349.0
2023-03-25 13:30:00,0.01307,0.01317,0.01305,0.01312,367290.0
2023-03-25 13:45:00,0.01313,0.0132,0.013,0.01312,2234859.0
2023-03-25 14:00:00,0.01312,0.01319,0.01312,0.01313,947189.0
2023-03-25 14:15:00,0.01314,0.01324,0.01314,0.01322,1244706.0
2023-03-25 14:30:00,0.01324,0.01329,0.01319,0.01323,970953.0
2023-03-25 14:45:00,0.01323,0.01328,0.01322,0.01324,618082.0
2023-03-25 15:00:00,0.01322,0.01326,0.01321,0.01323,373775.0
2023-03-25 15:15:00,0.01324,0.01336,0.01322,0.01334,760673.0
2023-03-25 15:30:00,0.01334,0.01338,0.01329,0.01331,740351.0
2023-03-25 15:45:00,0.01332,0.01345,0.01331,0.01334,564999.0
2023-03-25 16:00:00,0.01331,0.01337,0.01328,0.01336,1738268.0
2023-03-25 16:15:00,0.01335,0.01338,0.01328,0.01337,1053369.0
2023-03-25 16:30:00,0.01337,0.01348,0.01337,0.01339,846794.0
2023-03-25 16:45:00,0.01341,0.01341,0.01335,0.01335,772882.0
2023-03-25 17:00:00,0.01338,0.01338,0.01335,0.01335,373101.0
2023-03-25 17:15:00,0.01336,0.01339,0.01319,0.01322,567725.0
2023-03-25 17:30:00,0.01322,0.01325,0.01321,0.01325,319442.0
2023-03-25 17:45:00,0.01325,0.01332,0.01325,0.0133,406004.0
2023-03-25 18:00:00,0.0133,0.0133,0.01319,0.01325,301217.0
2023-03-25 18:15:00,0.01322,0.01325,0.01322,0.01325,21552.0
2023-03-25 18:30:00,0.01323,0.01323,0.0131,0.01318,731345.0
2023-03-25 18:45:00,0.01318,0.01318,0.0131,0.01311,276712.0
2023-03-25 19:00:00,0.01308,0.01311,0.013,0.01302,1038060.0
2023-03-25 19:15:00,0.01304,0.01307,0.01299,0.01299,437392.0
2023-03-25 19:30:00,0.01298,0.01299,0.01292,0.01295,551916.0
2023-03-25 19:45:00,0.01295,0.01301,0.01289,0.01297,835362.0
2023-03-25 20:00:00,0.01295,0.01303,0.0129,0.01302,856952.0
2023-03-25 20:15:00,0.01302,0.0131,0.01302,0.01306,686102.0
2023-03-25 20:30:00,0.01305,0.01307,0.01297,0.01307,959675.0
2023-03-25 20:45:00,0.01306,0.01313,0.01305,0.01309,352062.0
2023-03-25 21:00:00,0.01309,0.01313,0.01302,0.01312,471322.0
2023-03-25 21:15:00,0.01314,0.01314,0.0131,0.0131,524680.0
2023-03-25 21:30:00,0.01309,0.01313,0.01304,0.01304,364527.0
2023-03-25 21:45:00,0.01303,0.01304,0.01297,0.01298,1250792.0
2023-03-25 22:00:00,0.01301,0.01314,0.013,0.01314,415407.0
2023-03-25 22:15:00,0.01314,0.01319,0.01311,0.01315,435407.0
2023-03-25 22:30:00,0.01314,0.01315,0.01308,0.01312,671410.0
2023-03-25 22:45:00,0.01313,0.01316,0.01311,0.01313,178044.0
2023-03-25 23:00:00,0.01312,0.01322,0.01311,0.0132,416461.0
2023-03-25 23:15:00,0.01319,0.01323,0.01312,0.01313,741317.0
2023-03-25 23:30:00,0.01315,0.01318,0.01312,0.01316,633556.0
2023-03-25 23:45:00,0.01316,0.01326,0.01308,0.01316,1018872.0
2023-03-26 00:00:00,0.01318,0.0132,0.01305,0.01305,401984.0
2023-03-26 00:15:00,0.01305,0.01306,0.01299,0.01301,303586.0
2023-03-26 00:30:00,0.013,0.01309,0.013,0.01306,704843.0
2023-03-26 00:45:00,0.01308,0.0131,0.01306,0.01306,137734.0
2023-03-26 01:00:00,0.01305,0.01306,0.01295,0.01298,417760.0
2023-03-26 01:15:00,0.01296,0.01306,0.01294,0.01306,855417.0
2023-03-26 01:30:00,0.01303,0.01309,0.01303,0.01308,394418.0
2023-03-26 01:45:00,0.01307,0.0132,0.01304,0.01318,401951.0
2023-03-26 02:00:00,0.01319,0.01321,0.01318,0.01318,98381.0
2023-03-26 02:15:00,0.01318,0.01322,0.01318,0.0132,497069.0
2023-03-26 02:30:00,0.0132,0.01322,0.01315,0.01317,388941.0
2023-03-26 02:45:00,0.01317,0.01324,0.01317,0.01322,196370.0
2023-03-26 03:00:00,0.01322,0.01324,0.01321,0.01324,106698.0
2023-03-26 03:15:00,0.01324,0.01325,0.01321,0.01322,186556.0
2023-03-26 03:30:00,0.01321,0.01323,0.0132,0.01323,140411.0
2023-03-26 03:45:00,0.01324,0.01324,0.01319,0.01319,374215.0
2023-03-26 04:00:00,0.01321,0.01327,0.01321,0.01327,196110.0
2023-03-26 04:15:00,0.01327,0.01332,0.01323,0.01327,219354.0
2023-03-26 04:30:00,0.01326,0.01329,0.01322,0.01329,279785.0
2023-03-26 04:45:00,0.01325,0.01329,0.01322,0.01324,407028.0
2023-03-26 05:00:00,0.01326,0.01327,0.0132,0.01322,414933.0
2023-03-26 05:15:00,0.01321,0.01321,0.01313,0.01314,245158.0
2023-03-26 05:30:00,0.01314,0.01318,0.01312,0.01315,539055.0
2023-03-26 05:45:00,0.01316,0.01323,0.01316,0.01322,302450.0
2023-03-26 06:00:00,0.01323,0.01328,0.01322,0.01325,258378.0
2023-03-26 06:15:00,0.01324,0.0133,0.01322,0.01325,428534.0
2023-03-26 06:30:00,0.01323,0.01324,0.01319,0.01321,483723.0
2023-03-26 06:45:00,0.01322,0.01328,0.01319,0.01328,674868.0
2023-03-26 07:00:00,0.01327,0.01342,0.01326,0.01341,2816089.0
2023-03-26 07:15:00,0.01341,0.01345,0.01333,0.01333,1116647.0
2023-03-26 07:30:00,0.01335,0.0135,0.01335,0.01346,1578253.0
2023-03-26 07:45:00,0.01346,0.01347,0.0134,0.01344,434447.0
2023-03-26 08:00:00,0.01344,0.01344,0.0133,0.01331,734956.0
2023-03-26 08:15:00,0.01333,0.01335,0.01327,0.01334,735693.0
2023-03-26 08:30:00,0.01334,0.01347,0.01333,0.01347,709918.0
2023-03-26 08:45:00,0.01347,0.01349,0.01338,0.01338,1199919.0
2023-03-26 09:00:00,0.01339,0.01348,0.01338,0.01348,478873.0
2023-03-26 09:15:00,0.01348,0.01353,0.01347,0.01347,1411749.0
2023-03-26 09:30:00,0.01346,0.01346,0.0134,0.01343,417436.0
2023-03-26 09:45:00,0.01342,0.01345,0.01341,0.01344,600996.0
2023-03-26 10:00:00,0.01345,0.01353,0.01345,0.01349,854027.0
2023-03-26 10:15:00,0.0135,0.01352,0.01347,0.01349,1142082.0
2023-03-26 10:30:00,0.01349,0.01352,0.01346,0.01351,905813.0
2023-03-26 10:45:00,0.01351,0.01354,0.01345,0.0135,864181.0
2023-03-26 11:00:00,0.01349,0.0137,0.01349,0.01369,2170512.0
2023-03-26 11:15:00,0.0137,0.0137,0.01355,0.01362,1619079.0
2023-03-26 11:30:00,0.01364,0.01366,0.01352,0.01362,1721013.0
2023-03-26 11:45:00,0.01361,0.01361,0.01346,0.0135,1404443.0
2023-03-26 12:00:00,0.01352,0.01355,0.01345,0.01349,1552705.0
2023-03-26 12:15:00,0.0135,0.01355,0.01344,0.01349,1117526.0
2023-03-26 12:30:00,0.01349,0.01356,0.01346,0.01352,1365641.0
2023-03-26 12:45:00,0.01352,0.01352,0.01344,0.01348,1384350.0
2023-03-26 13:00:00,0.01348,0.01352,0.01339,0.0134,519121.0
2023-03-26 13:15:00,0.0134,0.01347,0.01339,0.01339,844272.0
2023-03-26 13:30:00,0.01341,0.01352,0.01341,0.01346,668430.0
2023-03-26 13:45:00,0.01347,0.01354,0.01344,0.0135,1358280.0
2023-03-26 14:00:00,0.01352,0.01357,0.01342,0.01347,658279.0
2023-03-26 14:15:00,0.01345,0.01345,0.01332,0.01333,1140569.0
2023-03-26 14:30:00,0.01332,0.01336,0.01324,0.0133,993528.0
2023-03-26 14:45:00,0.0133,0.01337,0.01328,0.01329,368023.0
2023-03-26 15:00:00,0.01329,0.01339,0.01326,0.01336,869130.0
2023-03-26 15:15:00,0.01335,0.01337,0.0133,0.01336,242422.0
2023-03-26 15:30:00,0.01335,0.01336,0.01324,0.01324,147725.0
2023-03-26 15:45:00,0.01325,0.01332,0.01323,0.0133,680038.0
2023-03-26 16:00:00,0.01329,0.01329,0.01323,0.01325,236259.0
2023-03-26 16:15:00,0.01324,0.01325,0.01319,0.01322,541757.0
2023-03-26 16:30:00,0.01325,0.0133,0.01318,0.01322,820785.0
2023-03-26 16:45:00,0.01324,0.01327,0.0132,0.0132,317977.0
2023-03-26 17:00:00,0.0132,0.01332,0.01319,0.01331,1166506.0
2023-03-26 17:15:00,0.01331,0.01337,0.01328,0.01337,849074.0
2023-03-26 17:30:00,0.01335,0.01337,0.01331,0.01336,274489.0
2023-03-26 17:45:00,0.01338,0.01339,0.01328,0.01333,1546268.0
2023-03-26 18:00:00,0.01333,0.0134,0.01331,0.01334,578310.0
2023-03-26 18:15:00,0.01335,0.01336,0.01327,0.01332,466110.0
2023-03-26 18:30:00,0.01332,0.01338,0.0133,0.01336,554592.0
2023-03-26 18:45:00,0.01336,0.01342,0.01332,0.01334,504842.0
2023-03-26 19:00:00,0.01335,0.01339,0.0133,0.01335,709075.0
2023-03-26 19:15:00,0.01337,0.01342,0.01335,0.01336,188535.0
2023-03-26 19:30:00,0.01336,0.01338,0.01332,0.01337,542063.0
2023-03-26 19:45:00,0.01337,0.01341,0.01335,0.01335,171479.0
2023-03-26 20:00:00,0.01336,0.0134,0.01333,0.01337,465824.0
2023-03-26 20:15:00,0.01337,0.01337,0.0133,0.0133,393556.0
2023-03-26 20:30:00,0.01332,0.01332,0.01318,0.01321,531100.0
2023-03-26 20:45:00,0.01321,0.01323,0.01316,0.0132,444185.0
2023-03-26 21:00:00,0.01321,0.01324,0.01318,0.01321,308066.0
2023-03-26 21:15:00,0.01324,0.01328,0.01323,0.01326,181844.0
2023-03-26 21:30:00,0.01324,0.01327,0.01323,0.01323,131743.0
2023-03-26 21:45:00,0.01323,0.0133,0.01323,0.0133,77142.0
2023-03-26 22:00:00,0.01329,0.01336,0.01329,0.01335,417167.0
2023-03-26 22:15:00,0.01338,0.01343,0.01334,0.01339,367313.0
2023-03-26 22:30:00,0.01342,0.01349,0.0134,0.01343,1025928.0
2023-03-26 22:45:00,0.01343,0.01349,0.01341,0.01346,296750.0
2023-03-26 23:00:00,0.01343,0.01354,0.01342,0.01351,308276.0
2023-03-26 23:15:00,0.01351,0.01359,0.01344,0.01353,624283.0
2023-03-26 23:30:00,0.0135,0.01355,0.01345,0.01349,727720.0
2023-03-26 23:45:00,0.01348,0.01351,0.01342,0.01343,386407.0
2023-03-27 00:00:00,0.01343,0.01348,0.01333,0.01333,467525.0
2023-03-27 00:15:00,0.01336,0.01337,0.01331,0.01336,476698.0
2023-03-27 00:30:00,0.01336,0.01341,0.01331,0.01338,370223.0
2023-03-27 00:45:00,0.01336,0.01336,0.0133,0.01336,732249.0
2023-03-27 01:00:00,0.01334,0.01334,0.01327,0.01329,281274.0
2023-03-27 01:15:00,0.01329,0.0133,0.01322,0.0133,293330.0
2023-03-27 01:30:00,0.0133,0.01332,0.01324,0.01327,578807.0
2023-03-27 01:45:00,0.01326,0.01342,0.01326,0.01339,518958.0
2023-03-27 02:00:00,0.01339,0.0134,0.01316,0.01326,1055823.0
2023-03-27 02:15:00,0.01326,0.01328,0.01322,0.01327,414145.0
2023-03-27 02:30:00,0.01323,0.01323,0.01317,0.01322,322980.0
2023-03-27 02:45:00,0.01319,0.01322,0.01316,0.01318,487784.0
2023-03-27 03:00:00,0.0132,0.01325,0.01316,0.01324,755298.0
2023-03-27 03:15:00,0.01322,0.01327,0.01318,0.0132,394837.0
2023-03-27 03:30:00,0.0132,0.01327,0.01318,0.01325,583592.0
2023-03-27 03:45:00,0.01326,0.01327,0.01319,0.01321,446946.0
2023-03-27 04:00:00,0.01321,0.01329,0.01321,0.01327,399125.0
2023-03-27 04:15:00,0.01327,0.01328,0.01325,0.01326,240097.0
2023-03-27 04:30:00,0.01326,0.01327,0.01321,0.01322,171903.0
2023-03-27 04:45:00,0.01321,0.01327,0.0132,0.01323,303716.0
2023-03-27 05:00:00,0.01323,0.01335,0.01321,0.01331,291718.0
2023-03-27 05:15:00,0.01331,0.01331,0.013,0.01317,9035586.0
2023-03-27 05:30:00,0.01317,0.01317,0.01313,0.01313,1161671.0
2023-03-27 05:45:00,0.01315,0.01318,0.01299,0.01304,819944.0
2023-03-27 06:00:00,0.01304,0.0131,0.01303,0.01307,517970.0
2023-03-27 06:15:00,0.01308,0.01308,0.01303,0.01305,1017365.0
2023-03-27 06:30:00,0.01306,0.01307,0.01303,0.01305,781359.0
2023-03-27 06:45:00,0.01304,0.0131,0.01303,0.0131,982611.0
2023-03-27 07:00:00,0.01308,0.01309,0.01303,0.01308,478328.0
2023-03-27 07:15:00,0.01308,0.01311,0.01301,0.01303,562204.0
2023-03-27 07:30:00,0.01303,0.01303,0.01292,0.01298,939709.0
2023-03-27 07:45:00,0.01297,0.01299,0.0129,0.01295,1117957.0
2023-03-27 08:00:00,0.01294,0.01298,0.01282,0.01293,1259982.0
2023-03-27 08:15:00,0.01293,0.01293,0.01286,0.0129,773356.0
2023-03-27 08:30:00,0.0129,0.01293,0.0129,0.01291,235342.0
2023-03-27 08:45:00,0.01292,0.01309,0.01292,0.01307,698730.0
2023-03-27 09:00:00,0.01306,0.01306,0.01287,0.01291,532481.0
2023-03-27 09:15:00,0.01291,0.01306,0.01289,0.01302,610539.0
2023-03-27 09:30:00,0.01302,0.01305,0.01298,0.013,462978.0
2023-03-27 09:45:00,0.013,0.01301,0.01296,0.013,184448.0
2023-03-27 10:00:00,0.01301,0.01303,0.01299,0.01302,86023.0
2023-03-27 10:15:00,0.01302,0.01302,0.01297,0.01297,340421.0
2023-03-27 10:30:00,0.01296,0.013,0.01294,0.01297,189890.0
2023-03-27 10:45:00,0.01298,0.01299,0.01294,0.01299,166170.0
2023-03-27 11:00:00,0.01298,0.013,0.01296,0.01296,261194.0
2023-03-27 11:15:00,0.01296,0.013,0.01294,0.01297,323167.0
2023-03-27 11:30:00,0.01297,0.01302,0.01297,0.013,236180.0
2023-03-27 11:45:00,0.01301,0.01304,0.01293,0.013,1723665.0
2023-03-27 12:00:00,0.01299,0.013,0.01295,0.01299,338277.0
2023-03-27 12:15:00,0.01301,0.01304,0.01295,0.013,975249.0
2023-03-27 12:30:00,0.013,0.01301,0.01294,0.01295,369820.0
2023-03-27 12:45:00,0.01295,0.01296,0.01289,0.01295,570184.0
2023-03-27 13:00:00,0.01295,0.01297,0.01291,0.01292,273578.0
2023-03-27 13:15:00,0.01292,0.01293,0.0129,0.01293,248789.0
2023-03-27 13:30:00,0.01294,0.01297,0.01281,0.01296,2279515.0
2023-03-27 13:45:00,0.01295,0.01297,0.01289,0.01291,984800.0
2023-03-27 14:00:00,0.01291,0.013,0.01291,0.01296,511202.0
2023-03-27 14:15:00,0.01296,0.01299,0.0127,0.01276,1472691.0
2023-03-27 14:30:00,0.01277,0.01282,0.01271,0.01281,1586813.0
2023-03-27 14:45:00,0.01281,0.01285,0.01269,0.01269,450422.0
2023-03-27 15:00:00,0.01268,0.01268,0.01203,0.01222,6772932.0
2023-03-27 15:15:00,0.01222,0.01238,0.01217,0.01236,3049070.0
2023-03-27 15:30:00,0.01239,0.01239,0.01226,0.01237,351399.0
2023-03-27 15:45:00,0.01238,0.01238,0.01229,0.01235,406067.0
2023-03-27 16:00:00,0.01231,0.01251,0.01231,0.01248,872941.0
2023-03-27 16:15:00,0.01248,0.01259,0.01248,0.01253,1206712.0
2023-03-27 16:30:00,0.01252,0.01253,0.01246,0.01249,897041.0
2023-03-27 16:45:00,0.0125,0.01253,0.01244,0.01247,2483381.0
2023-03-27 17:00:00,0.01247,0.01254,0.01247,0.01252,907870.0
2023-03-27 17:15:00,0.01254,0.0126,0.01247,0.01247,2011867.0
2023-03-27 17:30:00,0.01247,0.01256,0.01247,0.0125,1634070.0
2023-03-27 17:45:00,0.0125,0.01252,0.01242,0.01242,1356850.0
2023-03-27 18:00:00,0.01242,0.01248,0.0124,0.01245,803442.0
2023-03-27 18:15:00,0.01245,0.01253,0.01245,0.01249,517719.0
2023-03-27 18:30:00,0.0125,0.01251,0.01245,0.01247,703356.0
2023-03-27 18:45:00,0.01247,0.01252,0.01246,0.01249,95250.0
2023-03-27 19:00:00,0.01247,0.01252,0.01247,0.01251,219841.0
2023-03-27 19:15:00,0.01251,0.01252,0.01245,0.0125,271178.0
2023-03-27 19:30:00,0.0125,0.01252,0.01241,0.01241,514086.0
2023-03-27 19:45:00,0.01241,0.01242,0.01229,0.01232,624193.0
2023-03-27 20:00:00,0.01232,0.01239,0.01228,0.01232,715802.0
2023-03-27 20:15:00,0.01232,0.01238,0.01231,0.01235,439213.0
2023-03-27 20:30:00,0.01236,0.01236,0.01222,0.01229,1069872.0
2023-03-27 20:45:00,0.01228,0.01232,0.01227,0.01232,127910.0
2023-03-27 21:00:00,0.01232,0.01239,0.01229,0.01236,385686.0
2023-03-27 21:15:00,0.01235,0.01236,0.01232,0.01235,308601.0
2023-03-27 21:30:00,0.01234,0.01234,0.0123,0.01231,235337.0
2023-03-27 21:45:00,0.0123,0.01233,0.01229,0.01233,56705.0
2023-03-27 22:00:00,0.01234,0.01237,0.0123,0.01237,518708.0
2023-03-27 22:15:00,0.01237,0.01237,0.01228,0.01235,1571944.0
2023-03-27 22:30:00,0.01235,0.01235,0.01228,0.01229,263152.0
2023-03-27 22:45:00,0.0123,0.01238,0.01229,0.01238,288755.0
2023-03-27 23:00:00,0.01238,0.01238,0.01233,0.01237,175307.0
2023-03-27 23:15:00,0.01238,0.01238,0.01231,0.01233,684582.0
2023-03-27 23:30:00,0.01234,0.0124,0.01234,0.01235,635067.0
2023-03-27 23:45:00,0.01236,0.01238,0.01234,0.01235,72505.0
2023-03-28 00:00:00,0.01235,0.01251,0.01235,0.01243,496152.0
2023-03-28 00:15:00,0.01242,0.01242,0.01235,0.01238,688285.0
2023-03-28 00:30:00,0.01235,0.01235,0.01223,0.01228,1318748.0
2023-03-28 00:45:00,0.01228,0.01229,0.01223,0.01223,112824.0
2023-03-28 01:00:00,0.01223,0.01225,0.01221,0.01225,53419.0
2023-03-28 01:15:00,0.01225,0.01236,0.01225,0.01235,678330.0
2023-03-28 01:30:00,0.01235,0.01249,0.01233,0.01239,895779.0
2023-03-28 01:45:00,0.01239,0.01244,0.01233,0.01235,176624.0
2023-03-28 02:00:00,0.01232,0.01238,0.01231,0.01233,79883.0
2023-03-28 02:15:00,0.01233,0.01233,0.01225,0.01225,145047.0
2023-03-28 02:30:00,0.01224,0.01225,0.01219,0.01225,74851.0
2023-03-28 02:45:00,0.01224,0.01227,0.01221,0.01226,119260.0
2023-03-28 03:00:00,0.01228,0.01229,0.01225,0.01229,169166.0
2023-03-28 03:15:00,0.01228,0.0123,0.01227,0.01228,657770.0
2023-03-28 03:30:00,0.01228,0.01229,0.01218,0.01221,956091.0
2023-03-28 03:45:00,0.0122,0.01228,0.0122,0.01225,377266.0
2023-03-28 04:00:00,0.01225,0.01226,0.01219,0.01225,575622.0
2023-03-28 04:15:00,0.01226,0.01228,0.01224,0.01224,151204.0
2023-03-28 04:30:00,0.01225,0.01227,0.0122,0.01221,140974.0
2023-03-28 04:45:00,0.01221,0.01226,0.01218,0.01226,310819.0
2023-03-28 05:00:00,0.01227,0.01231,0.01227,0.0123,296396.0
2023-03-28 05:15:00,0.01231,0.01231,0.01227,0.01227,241940.0
2023-03-28 05:30:00,0.01227,0.0123,0.01226,0.01229,110072.0
2023-03-28 05:45:00,0.01229,0.0123,0.01225,0.01228,261871.0
2023-03-28 06:00:00,0.01231,0.01247,0.01231,0.01241,856597.0
2023-03-28 06:15:00,0.01242,0.01246,0.01241,0.01243,703786.0
2023-03-28 06:30:00,0.01244,0.01245,0.01232,0.01238,486719.0
2023-03-28 06:45:00,0.01238,0.01241,0.01236,0.01238,514479.0
2023-03-28 07:00:00,0.01238,0.01241,0.01237,0.01237,434280.0
2023-03-28 07:15:00,0.01237,0.01237,0.01232,0.01234,98759.0
2023-03-28 07:30:00,0.01235,0.01237,0.01234,0.01235,105295.0
2023-03-28 07:45:00,0.01235,0.01236,0.0123,0.0123,89297.0
2023-03-28 08:00:00,0.0123,0.01235,0.01225,0.01234,150176.0
2023-03-28 08:15:00,0.01234,0.01236,0.01232,0.01233,201163.0
2023-03-28 08:30:00,0.01233,0.01236,0.01228,0.01235,213203.0
2023-03-28 08:45:00,0.01237,0.01243,0.01236,0.01237,542133.0
2023-03-28 09:00:00,0.01238,0.01239,0.01236,0.01237,300465.0
2023-03-28 09:15:00,0.01237,0.0124,0.0123,0.01232,197468.0
2023-03-28 09:30:00,0.01232,0.01232,0.01229,0.01231,310644.0
2023-03-28 09:45:00,0.0123,0.0123,0.01222,0.01224,410653.0
2023-03-28 10:00:00,0.01224,0.01231,0.01221,0.01228,744318.0
2023-03-28 10:15:00,0.01227,0.01232,0.01227,0.0123,297931.0
2023-03-28 10:30:00,0.01228,0.01228,0.01219,0.01222,522205.0
2023-03-28 10:45:00,0.01221,0.01221,0.01214,0.0122,568905.0
2023-03-28 11:00:00,0.01221,0.01226,0.01221,0.01226,723868.0
2023-03-28 11:15:00,0.01227,0.0124,0.01225,0.01233,670302.0
2023-03-28 11:30:00,0.01232,0.01235,0.0123,0.01232,361531.0
2023-03-28 11:45:00,0.01233,0.01243,0.0123,0.0124,631609.0
2023-03-28 12:00:00,0.01241,0.01257,0.01241,0.01253,524453.0
2023-03-28 12:15:00,0.01253,0.01254,0.01244,0.01244,254140.0
2023-03-28 12:30:00,0.01244,0.01247,0.01241,0.01245,382510.0
2023-03-28 12:45:00,0.01246,0.01256,0.01246,0.01252,544695.0
2023-03-28 13:00:00,0.01252,0.01253,0.01244,0.01244,165616.0
2023-03-28 13:15:00,0.01245,0.01248,0.01244,0.01246,167008.0
2023-03-28 13:30:00,0.01247,0.01252,0.01245,0.01249,213961.0
2023-03-28 13:45:00,0.0125,0.01253,0.01248,0.01249,154726.0
2023-03-28 14:00:00,0.0125,0.01259,0.0125,0.01257,601861.0
2023-03-28 14:15:00,0.01257,0.01257,0.01252,0.01255,251232.0
2023-03-28 14:30:00,0.01256,0.01257,0.01249,0.01251,82035.0
2023-03-28 14:45:00,0.01253,0.01257,0.01253,0.01256,78285.0
2023-03-28 15:00:00,0.01256,0.01259,0.01253,0.01254,107925.0
2023-03-28 15:15:00,0.01256,0.01258,0.01247,0.0125,253032.0
2023-03-28 15:30:00,0.01252,0.01257,0.01252,0.01252,136607.0
2023-03-28 15:45:00,0.01251,0.01251,0.01245,0.01247,260249.0
2023-03-28 16:00:00,0.01248,0.0125,0.01239,0.01239,1128387.0
2023-03-28 16:15:00,0.01239,0.01239,0.01233,0.01236,565734.0
2023-03-28 16:30:00,0.01236,0.01236,0.0123,0.01233,460568.0
2023-03-28 16:45:00,0.01233,0.01234,0.01222,0.01223,270394.0
2023-03-28 17:00:00,0.01224,0.01232,0.01224,0.01231,189053.0
2023-03-28 17:15:00,0.0123,0.01243,0.01225,0.01237,2047393.0
2023-03-28 17:30:00,0.01237,0.01239,0.01232,0.01239,185979.0
2023-03-28 17:45:00,0.01238,0.0124,0.01229,0.0124,1649278.0
2023-03-28 18:00:00,0.01238,0.01238,0.01232,0.01232,196513.0
2023-03-28 18:15:00,0.01231,0.01233,0.01231,0.01232,83295.0
2023-03-28 18:30:00,0.01231,0.0124,0.01231,0.01239,52394.0
2023-03-28 18:45:00,0.0124,0.01258,0.0124,0.01256,1126679.0
2023-03-28 19:00:00,0.01257,0.01261,0.01246,0.0126,835221.0
2023-03-28 19:15:00,0.01261,0.01269,0.01259,0.01262,396512.0
2023-03-28 19:30:00,0.01264,0.01292,0.01264,0.01278,3293178.0
2023-03-28 19:45:00,0.01278,0.0129,0.01275,0.01289,885488.0
2023-03-28 20:00:00,0.0129,0.01293,0.01278,0.01278,1405989.0
2023-03-28 20:15:00,0.01278,0.01279,0.01273,0.01276,327581.0
2023-03-28 20:30:00,0.01276,0.01279,0.01272,0.01272,545033.0
2023-03-28 20:45:00,0.01272,0.01282,0.0127,0.01278,511415.0
2023-03-28 21:00:00,0.01277,0.01282,0.01273,0.01273,605222.0
2023-03-28 21:15:00,0.01272,0.01274,0.01268,0.01269,1060061.0
2023-03-28 21:30:00,0.0127,0.0128,0.0127,0.0128,853445.0
2023-03-28 21:45:00,0.0128,0.0128,0.01271,0.01275,154900.0
2023-03-28 22:00:00,0.01275,0.01277,0.01268,0.01277,103627.0
2023-03-28 22:15:00,0.01278,0.0128,0.01275,0.01278,106793.0
2023-03-28 22:30:00,0.01278,0.0128,0.01269,0.01269,117887.0
2023-03-28 22:45:00,0.0127,0.01272,0.01269,0.01272,231153.0
2023-03-28 23:00:00,0.01273,0.01281,0.01273,0.01281,231783.0
2023-03-28 23:15:00,0.0128,0.01281,0.01276,0.0128,175627.0
2023-03-28 23:30:00,0.01282,0.01284,0.0128,0.01281,201023.0
2023-03-28 23:45:00,0.01281,0.01285,0.01281,0.01284,104568.0
2023-03-29 00:00:00,0.01285,0.01288,0.01282,0.01287,512599.0
2023-03-29 00:15:00,0.01287,0.01291,0.01286,0.01289,141289.0
2023-03-29 00:30:00,0.0129,0.01291,0.0128,0.01282,2590807.0
2023-03-29 00:45:00,0.01283,0.01286,0.0128,0.01282,879578.0
2023-03-29 01:00:00,0.01283,0.01291,0.01283,0.01289,234885.0
2023-03-29 01:15:00,0.0129,0.01295,0.0129,0.01294,356419.0
2023-03-29 01:30:00,0.01295,0.01298,0.01291,0.01292,325208.0
2023-03-29 01:45:00,0.01292,0.0131,0.01292,0.01303,1784631.0
2023-03-29 02:00:00,0.01304,0.01305,0.01299,0.01301,603867.0
2023-03-29 02:15:00,0.013,0.0131,0.01296,0.0131,385048.0
2023-03-29 02:30:00,0.01309,0.01313,0.01306,0.0131,501216.0
2023-03-29 02:45:00,0.01311,0.01316,0.01305,0.01307,432068.0
2023-03-29 03:00:00,0.01308,0.01314,0.01307,0.01309,98304.0
2023-03-29 03:15:00,0.01309,0.01314,0.01309,0.01313,161471.0
2023-03-29 03:30:00,0.01312,0.01315,0.01311,0.01311,877630.0
2023-03-29 03:45:00,0.01311,0.01314,0.01311,0.01313,131501.0
2023-03-29 04:00:00,0.01314,0.01318,0.01312,0.01314,347772.0
2023-03-29 04:15:00,0.01315,0.01323,0.01314,0.01322,212034.0
2023-03-29 04:30:00,0.01322,0.01327,0.01319,0.01319,491930.0
2023-03-29 04:45:00,0.01319,0.01322,0.01316,0.01319,399932.0
2023-03-29 05:00:00,0.01321,0.01328,0.01321,0.01322,276575.0
2023-03-29 05:15:00,0.01323,0.0133,0.01323,0.01327,157390.0
2023-03-29 05:30:00,0.01328,0.01334,0.01324,0.01333,616141.0
2023-03-29 05:45:00,0.01333,0.01341,0.01329,0.01337,1691989.0
2023-03-29 06:00:00,0.01336,0.01336,0.0132,0.01329,1471496.0
2023-03-29 06:15:00,0.01329,0.0135,0.01322,0.01334,1265078.0
2023-03-29 06:30:00,0.01336,0.0134,0.01328,0.01331,611190.0
2023-03-29 06:45:00,0.01333,0.01335,0.0133,0.01331,292892.0
2023-03-29 07:00:00,0.01331,0.01335,0.01321,0.01325,1075659.0
2023-03-29 07:15:00,0.01326,0.01333,0.01325,0.01326,814392.0
2023-03-29 07:30:00,0.01326,0.01333,0.01326,0.01333,960788.0
2023-03-29 07:45:00,0.01334,0.01337,0.01331,0.01331,1089778.0
2023-03-29 08:00:00,0.01331,0.01333,0.01322,0.01333,930459.0
2023-03-29 08:15:00,0.01333,0.01333,0.01325,0.01329,265174.0
2023-03-29 08:30:00,0.0133,0.01333,0.01323,0.01324,491450.0
2023-03-29 08:45:00,0.01324,0.01328,0.01322,0.01325,1450340.0
2023-03-29 09:00:00,0.01327,0.01337,0.01327,0.01333,961156.0
2023-03-29 09:15:00,0.01333,0.01333,0.01329,0.0133,256315.0
2023-03-29 09:30:00,0.01328,0.01328,0.01324,0.01326,233490.0
2023-03-29 09:45:00,0.01324,0.01324,0.01318,0.01322,336219.0
2023-03-29 10:00:00,0.0132,0.01323,0.01317,0.01319,552454.0
2023-03-29 10:15:00,0.01319,0.01323,0.01319,0.01322,143378.0
2023-03-29 10:30:00,0.01323,0.01323,0.0132,0.01323,231292.0
2023-03-29 10:45:00,0.01321,0.0135,0.01318,0.0134,4141108.0
2023-03-29 11:00:00,0.01339,0.0144,0.0133,0.01369,69817987.0
2023-03-29 11:15:00,0.01368,0.01391,0.01357,0.01374,16053841.0
2023-03-29 11:30:00,0.01374,0.01378,0.01364,0.01371,1521229.0
2023-03-29 11:45:00,0.01373,0.01387,0.01373,0.01387,5203929.0
2023-03-29 12:00:00,0.01386,0.01386,0.0136,0.0136,4388294.0
2023-03-29 12:15:00,0.01362,0.01368,0.01349,0.01353,7420933.0
2023-03-29 12:30:00,0.01354,0.01379,0.01354,0.01371,2311960.0
2023-03-29 12:45:00,0.01371,0.01377,0.01367,0.01374,1063172.0
2023-03-29 13:00:00,0.01374,0.01375,0.01369,0.01373,761937.0
2023-03-29 13:15:00,0.01372,0.01388,0.0137,0.01388,3531660.0
2023-03-29 13:30:00,0.01388,0.0145,0.01385,0.01423,18201394.0
2023-03-29 13:45:00,0.01422,0.01427,0.01401,0.01407,4537613.0
2023-03-29 14:00:00,0.01406,0.01459,0.01405,0.01437,25957220.0
2023-03-29 14:15:00,0.01437,0.01448,0.01419,0.01431,6821602.0
2023-03-29 14:30:00,0.01431,0.01432,0.01395,0.01404,6995657.0
2023-03-29 14:45:00,0.01405,0.01409,0.01384,0.01388,3535223.0
2023-03-29 15:00:00,0.01387,0.01415,0.01377,0.01401,4598730.0
2023-03-29 15:15:00,0.01401,0.01411,0.01398,0.01403,4677251.0
2023-03-29 15:30:00,0.01405,0.01408,0.01387,0.01405,3877327.0
2023-03-29 15:45:00,0.01404,0.01411,0.01403,0.01403,1527248.0
2023-03-29 16:00:00,0.01402,0.01404,0.01379,0.01389,5219124.0
2023-03-29 16:15:00,0.0139,0.01404,0.01388,0.01398,1814119.0
2023-03-29 16:30:00,0.01399,0.01399,0.01379,0.01388,3420335.0
2023-03-29 16:45:00,0.01388,0.0139,0.01369,0.01371,5120504.0
2023-03-29 17:00:00,0.01372,0.0139,0.01372,0.01388,1161166.0
2023-03-29 17:15:00,0.01388,0.01388,0.01378,0.0138,1575370.0
2023-03-29 17:30:00,0.01381,0.01382,0.01371,0.01371,1717981.0
2023-03-29 17:45:00,0.01372,0.01377,0.0137,0.01377,365428.0
2023-03-29 18:00:00,0.01376,0.01386,0.01375,0.01375,1041952.0
2023-03-29 18:15:00,0.01375,0.0138,0.01372,0.01377,291470.0
2023-03-29 18:30:00,0.01377,0.01401,0.01376,0.01397,1548144.0
2023-03-29 18:45:00,0.01396,0.01417,0.0139,0.01407,5819588.0
2023-03-29 19:00:00,0.01407,0.01407,0.01384,0.01403,1988412.0
2023-03-29 19:15:00,0.01404,0.01409,0.014,0.01403,1383621.0
2023-03-29 19:30:00,0.01403,0.01407,0.01401,0.01404,819626.0
2023-03-29 19:45:00,0.01403,0.01409,0.01401,0.01409,829596.0
2023-03-29 20:00:00,0.0141,0.01413,0.014,0.014,979248.0
2023-03-29 20:15:00,0.01401,0.0142,0.01401,0.01414,603778.0
2023-03-29 20:30:00,0.01415,0.01432,0.01414,0.01432,2081564.0
2023-03-29 20:45:00,0.01431,0.01431,0.01415,0.01417,1323993.0
2023-03-29 21:00:00,0.01418,0.01431,0.01415,0.01427,1116961.0
2023-03-29 21:15:00,0.01428,0.0144,0.01428,0.01429,2068902.0
2023-03-29 21:30:00,0.01428,0.01428,0.0142,0.01422,3461837.0
2023-03-29 21:45:00,0.01422,0.01434,0.01421,0.01425,2005932.0
2023-03-29 22:00:00,0.01426,0.0145,0.01413,0.01439,4689232.0
2023-03-29 22:15:00,0.01438,0.01449,0.01426,0.01427,3608303.0
2023-03-29 22:30:00,0.01427,0.01443,0.01426,0.01435,1644706.0
2023-03-29 22:45:00,0.01441,0.0145,0.01433,0.01433,2126461.0
2023-03-29 23:00:00,0.01433,0.01453,0.01433,0.01434,1697406.0
2023-03-29 23:15:00,0.01439,0.01439,0.01421,0.01427,4937402.0
2023-03-29 23:30:00,0.01431,0.01431,0.01416,0.01428,896600.0
2023-03-29 23:45:00,0.0143,0.01439,0.01421,0.01423,1170678.0
2023-03-30 00:00:00,0.01427,0.01427,0.01406,0.01416,1954974.0
2023-03-30 00:15:00,0.01419,0.01438,0.01419,0.01424,941441.0
2023-03-30 00:30:00,0.01425,0.01426,0.0141,0.01415,2212446.0
2023-03-30 00:45:00,0.01414,0.01416,0.01366,0.01392,10981691.0
2023-03-30 01:00:00,0.01393,0.01408,0.01392,0.01397,2556299.0
2023-03-30 01:15:00,0.01396,0.0145,0.01396,0.01436,7719762.0
2023-03-30 01:30:00,0.01436,0.01436,0.0141,0.0141,2814546.0
2023-03-30 01:45:00,0.0141,0.01424,0.01409,0.01416,877967.0
2023-03-30 02:00:00,0.01418,0.01419,0.01413,0.01415,358528.0
2023-03-30 02:15:00,0.01415,0.01418,0.0141,0.01417,1127464.0
2023-03-30 02:30:00,0.01417,0.01435,0.01417,0.01432,1120871.0
2023-03-30 02:45:00,0.01432,0.01446,0.01426,0.01446,3437591.0
2023-03-30 03:00:00,0.01444,0.01444,0.01396,0.01403,7077415.0
2023-03-30 03:15:00,0.01403,0.01408,0.01395,0.01405,808953.0
2023-03-30 03:30:00,0.01405,0.01417,0.01403,0.01404,1346133.0
2023-03-30 03:45:00,0.01407,0.01413,0.01407,0.0141,147701.0
2023-03-30 04:00:00,0.01409,0.01409,0.01398,0.01403,693466.0
2023-03-30 04:15:00,0.01404,0.01413,0.01404,0.01413,554049.0
2023-03-30 04:30:00,0.01414,0.01418,0.01412,0.01413,655217.0
2023-03-30 04:45:00,0.01414,0.01414,0.01406,0.01406,586320.0
2023-03-30 05:00:00,0.01406,0.01406,0.01397,0.01401,1032976.0
2023-03-30 05:15:00,0.01399,0.01399,0.01383,0.01383,1953083.0
2023-03-30 05:30:00,0.01386,0.01395,0.01386,0.01395,517633.0
2023-03-30 05:45:00,0.01394,0.01398,0.01389,0.01396,988529.0
2023-03-30 06:00:00,0.01395,0.01399,0.01385,0.01392,874514.0
2023-03-30 06:15:00,0.0139,0.0139,0.01369,0.01373,3487871.0
2023-03-30 06:30:00,0.01374,0.01381,0.01372,0.01376,685105.0
2023-03-30 06:45:00,0.01375,0.01381,0.01375,0.0138,1994686.0
2023-03-30 07:00:00,0.01379,0.01379,0.01364,0.01364,1211921.0
2023-03-30 07:15:00,0.01366,0.01383,0.01366,0.01382,1178476.0
2023-03-30 07:30:00,0.01382,0.01393,0.01382,0.01384,2895649.0
2023-03-30 07:45:00,0.01386,0.01386,0.01375,0.01376,1285489.0
2023-03-30 08:00:00,0.01377,0.01382,0.01371,0.01377,660172.0
2023-03-30 08:15:00,0.01374,0.01375,0.0136,0.01364,1030409.0
2023-03-30 08:30:00,0.01362,0.0137,0.01342,0.01349,4270449.0
2023-03-30 08:45:00,0.01351,0.01361,0.01341,0.01353,3583065.0
2023-03-30 09:00:00,0.01352,0.01355,0.01345,0.01345,899395.0
2023-03-30 09:15:00,0.01345,0.01351,0.0134,0.01351,1761787.0
2023-03-30 09:30:00,0.0135,0.0135,0.01336,0.01342,2764437.0
2023-03-30 09:45:00,0.01345,0.0135,0.01343,0.01348,512178.0
2023-03-30 10:00:00,0.01348,0.01394,0.01344,0.01361,4243769.0
2023-03-30 10:15:00,0.01359,0.0137,0.01357,0.01363,1393140.0
2023-03-30 10:30:00,0.01362,0.01362,0.01354,0.01357,1053654.0
2023-03-30 10:45:00,0.01358,0.01358,0.01348,0.0135,849508.0
2023-03-30 11:00:00,0.01353,0.01358,0.01349,0.01352,499108.0
2023-03-30 11:15:00,0.01352,0.01352,0.01347,0.0135,233239.0
2023-03-30 11:30:00,0.01351,0.01358,0.01351,0.01356,564537.0
2023-03-30 11:45:00,0.01357,0.01359,0.01349,0.01349,2243462.0
2023-03-30 12:00:00,0.01351,0.01387,0.01347,0.01351,16670875.0
2023-03-30 12:15:00,0.0135,0.01352,0.01347,0.0135,1776668.0
2023-03-30 12:30:00,0.01351,0.01357,0.0135,0.01353,2080200.0
2023-03-30 12:45:00,0.01355,0.01362,0.01352,0.01361,2406091.0
2023-03-30 13:00:00,0.01359,0.01361,0.01354,0.01361,767250.0
2023-03-30 13:15:00,0.0136,0.01361,0.01355,0.01357,1349936.0
2023-03-30 13:30:00,0.01356,0.01359,0.01354,0.01358,765800.0
2023-03-30 13:45:00,0.01358,0.01362,0.01352,0.01353,1785836.0
2023-03-30 14:00:00,0.01354,0.01357,0.01339,0.01339,1573843.0
2023-03-30 14:15:00,0.01339,0.01347,0.01337,0.01347,843709.0
2023-03-30 14:30:00,0.01347,0.0135,0.0134,0.01347,979888.0
2023-03-30 14:45:00,0.01347,0.01347,0.01342,0.01345,1622866.0
2023-03-30 15:00:00,0.01345,0.0135,0.01341,0.01345,606314.0
2023-03-30 15:15:00,0.01344,0.01346,0.01337,0.01337,538218.0
2023-03-30 15:30:00,0.01337,0.01337,0.0133,0.0133,1193907.0
2023-03-30 15:45:00,0.01331,0.01334,0.0133,0.01333,648325.0
2023-03-30 16:00:00,0.01333,0.01339,0.01331,0.01338,1635163.0
2023-03-30 16:15:00,0.01337,0.01343,0.01336,0.01343,1656024.0
2023-03-30 16:30:00,0.01342,0.01344,0.0134,0.01342,1202131.0
2023-03-30 16:45:00,0.01342,0.01342,0.01335,0.0134,779864.0
2023-03-30 17:00:00,0.0134,0.01345,0.01327,0.01334,8618706.0
2023-03-30 17:15:00,0.01334,0.01337,0.0133,0.01336,2094634.0
2023-03-30 17:30:00,0.01335,0.01335,0.01318,0.01326,3220121.0
2023-03-30 17:45:00,0.01326,0.01343,0.0131,0.01323,17824944.0
2023-03-30 18:00:00,0.01323,0.01336,0.01323,0.01331,1663480.0
2023-03-30 18:15:00,0.0133,0.01331,0.01327,0.01328,695124.0
2023-03-30 18:30:00,0.0133,0.01333,0.01329,0.01333,334710.0
2023-03-30 18:45:00,0.01333,0.01352,0.0133,0.01343,7682959.0
2023-03-30 19:00:00,0.01343,0.01343,0.01337,0.01342,399149.0
2023-03-30 19:15:00,0.01343,0.01351,0.01343,0.0135,1034144.0
2023-03-30 19:30:00,0.0135,0.01351,0.01341,0.01341,333537.0
2023-03-30 19:45:00,0.01342,0.01347,0.01342,0.01345,403343.0
2023-03-30 20:00:00,0.01346,0.01349,0.01342,0.01347,1354090.0
2023-03-30 20:15:00,0.01347,0.01352,0.01346,0.01352,721270.0
2023-03-30 20:30:00,0.01352,0.01362,0.01352,0.01359,816934.0
2023-03-30 20:45:00,0.01358,0.0137,0.01358,0.01368,1334102.0
2023-03-30 21:00:00,0.01368,0.01369,0.0136,0.01366,1075115.0
2023-03-30 21:15:00,0.01366,0.0137,0.0136,0.0137,850715.0
2023-03-30 21:30:00,0.01368,0.0137,0.01357,0.01358,860464.0
2023-03-30 21:45:00,0.0136,0.0137,0.0136,0.01368,1565084.0
2023-03-30 22:00:00,0.01368,0.01371,0.01363,0.01363,1151379.0
2023-03-30 22:15:00,0.01364,0.0139,0.01364,0.01375,1538028.0
2023-03-30 22:30:00,0.01373,0.01438,0.01373,0.01377,8488746.0
2023-03-30 22:45:00,0.01375,0.01377,0.01354,0.01367,2093803.0
2023-03-30 23:00:00,0.01366,0.01373,0.01365,0.01372,1517918.0
2023-03-30 23:15:00,0.01372,0.0138,0.01372,0.01378,1373480.0
2023-03-30 23:30:00,0.01375,0.01381,0.0137,0.01376,693501.0
2023-03-30 23:45:00,0.01374,0.01403,0.01369,0.01389,5836876.0
2023-03-31 00:00:00,0.01385,0.01387,0.01363,0.01367,2090085.0
2023-03-31 00:15:00,0.01367,0.0138,0.01363,0.0138,568448.0
2023-03-31 00:30:00,0.01378,0.01382,0.01371,0.01373,1013669.0
2023-03-31 00:45:00,0.01373,0.01385,0.01373,0.01378,1371733.0
2023-03-31 01:00:00,0.01379,0.01391,0.01379,0.01384,1345874.0
2023-03-31 01:15:00,0.01384,0.01385,0.01374,0.01377,2221466.0
2023-03-31 01:30:00,0.01378,0.0138,0.01371,0.01373,1025135.0
2023-03-31 01:45:00,0.01373,0.01398,0.01371,0.01396,3203599.0
2023-03-31 02:00:00,0.01394,0.01395,0.01349,0.01361,11107973.0
2023-03-31 02:15:00,0.01361,0.01367,0.01352,0.01361,1852627.0
2023-03-31 02:30:00,0.01363,0.01366,0.01361,0.01361,984092.0
2023-03-31 02:45:00,0.01361,0.01368,0.01361,0.01366,548900.0
2023-03-31 03:00:00,0.01366,0.01366,0.01361,0.01363,552164.0
2023-03-31 03:15:00,0.01363,0.01368,0.01362,0.01368,581031.0
2023-03-31 03:30:00,0.01368,0.01372,0.01366,0.01366,702860.0
2023-03-31 03:45:00,0.01367,0.01371,0.01366,0.01369,494922.0
2023-03-31 04:00:00,0.01369,0.01369,0.01361,0.01364,900452.0
2023-03-31 04:15:00,0.01362,0.01363,0.01358,0.01363,396706.0
2023-03-31 04:30:00,0.01364,0.01374,0.01364,0.01373,588804.0
2023-03-31 04:45:00,0.01373,0.01377,0.01372,0.01372,489712.0
2023-03-31 05:00:00,0.01373,0.01375,0.01368,0.01368,630704.0
2023-03-31 05:15:00,0.0137,0.0138,0.01368,0.0138,710357.0
2023-03-31 05:30:00,0.0138,0.01386,0.01375,0.01375,837835.0
2023-03-31 05:45:00,0.01376,0.0138,0.01362,0.01365,1000654.0
2023-03-31 06:00:00,0.01366,0.01373,0.01364,0.01365,1418315.0
2023-03-31 06:15:00,0.01366,0.01372,0.01364,0.0137,252334.0
2023-03-31 06:30:00,0.0137,0.0137,0.01358,0.01365,4880202.0
2023-03-31 06:45:00,0.01364,0.01369,0.01359,0.01362,900838.0
2023-03-31 07:00:00,0.0136,0.01361,0.01344,0.01346,2065622.0
2023-03-31 07:15:00,0.01344,0.01354,0.01336,0.01345,5390778.0
2023-03-31 07:30:00,0.01345,0.01351,0.01337,0.01345,1274952.0
2023-03-31 07:45:00,0.01344,0.0135,0.01337,0.01346,1511465.0
2023-03-31 08:00:00,0.01348,0.01366,0.01348,0.01353,1518558.0
2023-03-31 08:15:00,0.01352,0.01357,0.01349,0.01354,593050.0
2023-03-31 08:30:00,0.01352,0.01352,0.01348,0.0135,436616.0
2023-03-31 08:45:00,0.0135,0.01357,0.01348,0.01353,766454.0
2023-03-31 09:00:00,0.01353,0.01355,0.01342,0.01347,4113186.0
2023-03-31 09:15:00,0.01348,0.01353,0.0134,0.01341,3630144.0
2023-03-31 09:30:00,0.01343,0.01344,0.01334,0.01338,4359739.0
2023-03-31 09:45:00,0.01337,0.01339,0.01328,0.01333,4125916.0
2023-03-31 10:00:00,0.01333,0.01339,0.0133,0.01336,4043299.0
2023-03-31 10:15:00,0.01336,0.0135,0.01336,0.01343,2568404.0
2023-03-31 10:30:00,0.01344,0.01347,0.01333,0.01335,1763562.0
2023-03-31 10:45:00,0.01335,0.01343,0.01334,0.01339,2233521.0
2023-03-31 11:00:00,0.01339,0.01346,0.01336,0.01346,1491607.0
2023-03-31 11:15:00,0.01345,0.01346,0.0134,0.0134,1464783.0
2023-03-31 11:30:00,0.0134,0.01346,0.01337,0.01344,1033092.0
2023-03-31 11:45:00,0.01343,0.01349,0.01343,0.01344,867006.0
2023-03-31 12:00:00,0.01344,0.01344,0.01326,0.01327,2464218.0
2023-03-31 12:15:00,0.01328,0.0133,0.01323,0.01326,1290863.0
2023-03-31 12:30:00,0.01324,0.01342,0.01324,0.01339,1697769.0
2023-03-31 12:45:00,0.01338,0.01338,0.0132,0.01331,8028550.0
2023-03-31 13:00:00,0.01332,0.01336,0.01327,0.01332,1934550.0
2023-03-31 13:15:00,0.01332,0.01337,0.01315,0.01335,8294002.0
2023-03-31 13:30:00,0.01335,0.01344,0.01332,0.0134,1949840.0
2023-03-31 13:45:00,0.01341,0.01345,0.01335,0.01338,1716298.0
2023-03-31 14:00:00,0.01339,0.01349,0.01339,0.01344,1491900.0
2023-03-31 14:15:00,0.01346,0.01353,0.01343,0.01351,2138043.0
2023-03-31 14:30:00,0.0135,0.0136,0.01349,0.01355,2820004.0
2023-03-31 14:45:00,0.01355,0.01358,0.01349,0.01353,1337438.0
2023-03-31 15:00:00,0.01352,0.01358,0.01351,0.01351,804727.0
2023-03-31 15:15:00,0.01351,0.01352,0.01339,0.01342,1012580.0
2023-03-31 15:30:00,0.01342,0.01349,0.01341,0.01345,688442.0
2023-03-31 15:45:00,0.01345,0.01347,0.01339,0.01346,895706.0
2023-03-31 16:00:00,0.01347,0.01354,0.01345,0.01351,1302559.0
2023-03-31 16:15:00,0.01351,0.01355,0.01345,0.01345,1047765.0
2023-03-31 16:30:00,0.01347,0.01353,0.01344,0.01351,778255.0
2023-03-31 16:45:00,0.0135,0.01353,0.01345,0.01353,816567.0
2023-03-31 17:00:00,0.01351,0.01361,0.01347,0.01357,1755457.0
2023-03-31 17:15:00,0.01357,0.0136,0.01354,0.01359,1427497.0
2023-03-31 17:30:00,0.01357,0.01358,0.01348,0.0135,1684381.0
2023-03-31 17:45:00,0.0135,0.01354,0.01348,0.0135,1505555.0
2023-03-31 18:00:00,0.0135,0.01361,0.0135,0.01357,1430763.0
2023-03-31 18:15:00,0.01357,0.0136,0.01351,0.01357,1454517.0
2023-03-31 18:30:00,0.01356,0.01359,0.01355,0.01357,774253.0
2023-03-31 18:45:00,0.01358,0.01358,0.01352,0.01353,1094437.0
2023-03-31 19:00:00,0.01353,0.01357,0.01351,0.01356,821800.0
2023-03-31 19:15:00,0.01356,0.01356,0.0135,0.01353,394714.0
2023-03-31 19:30:00,0.01353,0.01356,0.01352,0.01353,1368964.0
2023-03-31 19:45:00,0.01354,0.01357,0.01351,0.01355,1156807.0
2023-03-31 20:00:00,0.01354,0.01362,0.01354,0.01362,1545005.0
2023-03-31 20:15:00,0.0136,0.01361,0.01354,0.01355,918713.0
2023-03-31 20:30:00,0.01355,0.01357,0.01353,0.01355,995139.0
2023-03-31 20:45:00,0.01356,0.01359,0.01354,0.01355,813742.0
2023-03-31 21:00:00,0.01355,0.0136,0.01354,0.0136,862795.0
2023-03-31 21:15:00,0.01361,0.01364,0.0136,0.01363,462939.0
2023-03-31 21:30:00,0.01362,0.01366,0.01362,0.01365,1090063.0
2023-03-31 21:45:00,0.01366,0.01369,0.01364,0.01364,1384200.0
2023-03-31 22:00:00,0.01364,0.01367,0.01364,0.01364,1060189.0
2023-03-31 22:15:00,0.01364,0.01367,0.01362,0.01366,576767.0
2023-03-31 22:30:00,0.01366,0.01367,0.01365,0.01367,302587.0
2023-03-31 22:45:00,0.01367,0.01368,0.01365,0.01368,1517810.0
2023-03-31 23:00:00,0.01367,0.01367,0.0136,0.01366,1229125.0
2023-03-31 23:15:00,0.01365,0.01369,0.01364,0.01365,622854.0
2023-03-31 23:30:00,0.01365,0.01368,0.01361,0.01362,1200243.0
2023-03-31 23:45:00,0.01363,0.01364,0.01356,0.01358,1367924.0
2023-04-01 00:00:00,0.0136,0.01385,0.01358,0.01383,5712247.0
2023-04-01 00:15:00,0.01384,0.01398,0.01381,0.01387,6982526.0
2023-04-01 00:30:00,0.01386,0.01394,0.01381,0.01385,1749705.0
2023-04-01 00:45:00,0.01385,0.01403,0.01385,0.01402,3597707.0
2023-04-01 01:00:00,0.01402,0.01403,0.01394,0.014,2622452.0
2023-04-01 01:15:00,0.014,0.014,0.01383,0.01389,3627580.0
2023-04-01 01:30:00,0.01389,0.01401,0.01388,0.01398,1749652.0
2023-04-01 01:45:00,0.01398,0.01414,0.01396,0.01409,1229832.0
2023-04-01 02:00:00,0.01408,0.01438,0.01407,0.0143,9744353.0
2023-04-01 02:15:00,0.01431,0.01431,0.01415,0.01423,3149213.0
2023-04-01 02:30:00,0.01423,0.01424,0.01412,0.01418,1146888.0
2023-04-01 02:45:00,0.01418,0.01422,0.01412,0.01413,2129381.0
2023-04-01 03:00:00,0.01413,0.01429,0.01412,0.01427,7047407.0
2023-04-01 03:15:00,0.01427,0.01429,0.01423,0.01426,1132060.0
2023-04-01 03:30:00,0.01426,0.01427,0.0142,0.01425,2302259.0
2023-04-01 03:45:00,0.01425,0.01437,0.01425,0.01431,3242665.0
2023-04-01 04:00:00,0.0143,0.01431,0.0142,0.0142,2024207.0
2023-04-01 04:15:00,0.01421,0.01427,0.01419,0.01422,1727760.0
2023-04-01 04:30:00,0.01422,0.01427,0.01414,0.01418,2181697.0
2023-04-01 04:45:00,0.01419,0.01424,0.01415,0.01419,1277092.0
2023-04-01 05:00:00,0.01419,0.01425,0.01415,0.01418,3128135.0
2023-04-01 05:15:00,0.01418,0.01436,0.01415,0.01423,2794984.0
2023-04-01 05:30:00,0.01422,0.01423,0.01413,0.01418,4351248.0
2023-04-01 05:45:00,0.01417,0.01419,0.01415,0.01419,795327.0
2023-04-01 06:00:00,0.01419,0.01426,0.01418,0.01421,784962.0
2023-04-01 06:15:00,0.01422,0.01423,0.0141,0.0141,1092291.0
2023-04-01 06:30:00,0.01411,0.01419,0.0141,0.01417,1025304.0
2023-04-01 06:45:00,0.01418,0.01422,0.01417,0.01422,682962.0
2023-04-01 07:00:00,0.01421,0.01421,0.01411,0.01411,1195832.0
2023-04-01 07:15:00,0.01411,0.01416,0.01407,0.01414,842113.0
2023-04-01 07:30:00,0.01415,0.0142,0.01413,0.0142,882554.0
2023-04-01 07:45:00,0.0142,0.0142,0.01409,0.0141,952172.0
2023-04-01 08:00:00,0.0141,0.01415,0.01404,0.01414,5274082.0
2023-04-01 08:15:00,0.01415,0.01427,0.01415,0.01427,6964373.0
2023-04-01 08:30:00,0.01427,0.01427,0.01414,0.01418,1522056.0
2023-04-01 08:45:00,0.01418,0.01425,0.01414,0.01416,2465932.0
2023-04-01 09:00:00,0.01416,0.01421,0.01412,0.01415,837102.0
2023-04-01 09:15:00,0.01415,0.01425,0.01414,0.01425,944782.0
2023-04-01 09:30:00,0.01424,0.01425,0.01411,0.01415,1458770.0
2023-04-01 09:45:00,0.01416,0.01416,0.01411,0.01414,345472.0
2023-04-01 10:00:00,0.01414,0.01414,0.0139,0.01396,6598708.0
2023-04-01 10:15:00,0.01396,0.01399,0.01392,0.01393,1579975.0
2023-04-01 10:30:00,0.01394,0.01401,0.01394,0.01395,1339633.0
2023-04-01 10:45:00,0.01396,0.01404,0.01396,0.014,1219430.0
2023-04-01 11:00:00,0.014,0.01401,0.01396,0.014,739077.0
2023-04-01 11:15:00,0.01399,0.01399,0.01391,0.01394,1955011.0
2023-04-01 11:30:00,0.01394,0.014,0.01393,0.01396,1062554.0
2023-04-01 11:45:00,0.01396,0.01397,0.01386,0.0139,1948010.0
2023-04-01 12:00:00,0.0139,0.01396,0.01387,0.01394,2686025.0
2023-04-01 12:15:00,0.01395,0.01396,0.0139,0.01394,870762.0
2023-04-01 12:30:00,0.01394,0.01395,0.01389,0.01393,727172.0
2023-04-01 12:45:00,0.01393,0.01398,0.0139,0.01393,1102657.0
2023-04-01 13:00:00,0.01394,0.014,0.0139,0.01398,731963.0
2023-04-01 13:15:00,0.01398,0.01423,0.01397,0.01421,5743719.0
2023-04-01 13:30:00,0.01421,0.01424,0.014,0.01402,3634296.0
2023-04-01 13:45:00,0.01401,0.01412,0.01401,0.01402,2363048.0
2023-04-01 14:00:00,0.01403,0.01408,0.01402,0.01406,445409.0
2023-04-01 14:15:00,0.01406,0.01406,0.01392,0.01395,1534003.0
2023-04-01 14:30:00,0.01395,0.01399,0.01385,0.01388,2474371.0
2023-04-01 14:45:00,0.01389,0.01392,0.01386,0.01386,1352595.0
2023-04-01 15:00:00,0.01385,0.0139,0.01385,0.01388,743258.0
2023-04-01 15:15:00,0.0139,0.01391,0.01384,0.01388,1496706.0
2023-04-01 15:30:00,0.01388,0.01391,0.01383,0.01383,584364.0
2023-04-01 15:45:00,0.01384,0.01386,0.01382,0.01384,1258040.0
2023-04-01 16:00:00,0.01384,0.01389,0.01383,0.01387,399233.0
2023-04-01 16:15:00,0.01389,0.01413,0.01389,0.01408,2746122.0
2023-04-01 16:30:00,0.01407,0.01408,0.01402,0.01405,1362404.0
2023-04-01 16:45:00,0.01404,0.01414,0.01404,0.01413,3597715.0
2023-04-01 17:00:00,0.01411,0.01411,0.01391,0.01392,4372984.0
2023-04-01 17:15:00,0.01393,0.01401,0.01392,0.01401,1088251.0
2023-04-01 17:30:00,0.014,0.01401,0.01391,0.014,1187613.0
2023-04-01 17:45:00,0.014,0.014,0.01387,0.01387,1298340.0
2023-04-01 18:00:00,0.01388,0.01399,0.01388,0.01399,1013545.0
2023-04-01 18:15:00,0.01398,0.01404,0.01393,0.01394,717712.0
2023-04-01 18:30:00,0.01394,0.01419,0.01394,0.01405,2785046.0
2023-04-01 18:45:00,0.01409,0.01424,0.01409,0.01416,2989516.0
2023-04-01 19:00:00,0.01416,0.01416,0.01394,0.01398,3904343.0
2023-04-01 19:15:00,0.01398,0.01403,0.01396,0.01396,477025.0
2023-04-01 19:30:00,0.014,0.014,0.01395,0.01396,1032063.0
2023-04-01 19:45:00,0.01396,0.01396,0.01392,0.01392,548640.0
2023-04-01 20:00:00,0.01392,0.01402,0.01392,0.01399,681188.0
2023-04-01 20:15:00,0.01399,0.01403,0.01399,0.01403,949491.0
2023-04-01 20:30:00,0.01403,0.01408,0.01399,0.01402,1350845.0
2023-04-01 20:45:00,0.01402,0.01406,0.01397,0.01398,1537323.0
2023-04-01 21:00:00,0.01398,0.01403,0.01398,0.01401,778578.0
2023-04-01 21:15:00,0.01402,0.01408,0.014,0.01401,1145030.0
2023-04-01 21:30:00,0.01402,0.01407,0.014,0.01401,1097269.0
2023-04-01 21:45:00,0.01401,0.01405,0.01399,0.01404,754575.0
2023-04-01 22:00:00,0.01403,0.01406,0.01399,0.01405,1364805.0
2023-04-01 22:15:00,0.01405,0.01408,0.01403,0.01406,476256.0
2023-04-01 22:30:00,0.01407,0.01409,0.01404,0.01409,553107.0
2023-04-01 22:45:00,0.01409,0.01412,0.01406,0.0141,783199.0
2023-04-01 23:00:00,0.01409,0.0142,0.01409,0.0142,1366269.0
2023-04-01 23:15:00,0.01419,0.01424,0.01416,0.0142,2045794.0
2023-04-01 23:30:00,0.01421,0.01423,0.01417,0.01421,1303264.0
2023-04-01 23:45:00,0.01421,0.01423,0.0141,0.01412,1898624.0
2023-04-02 00:00:00,0.01412,0.01451,0.01412,0.0145,8611321.0
2023-04-02 00:15:00,0.01451,0.01451,0.01429,0.01432,2995924.0
2023-04-02 00:30:00,0.01432,0.01449,0.01432,0.01447,1452218.0
2023-04-02 00:45:00,0.01445,0.01445,0.01427,0.01431,2258569.0
2023-04-02 01:00:00,0.01429,0.01432,0.01425,0.01425,873554.0
2023-04-02 01:15:00,0.01425,0.01426,0.01413,0.0142,4209371.0
2023-04-02 01:30:00,0.0142,0.01421,0.01413,0.01419,1203155.0
2023-04-02 01:45:00,0.01417,0.01422,0.01411,0.01417,954971.0
2023-04-02 02:00:00,0.01417,0.01417,0.01406,0.01407,1220600.0
2023-04-02 02:15:00,0.01409,0.01411,0.01405,0.01407,961974.0
2023-04-02 02:30:00,0.01406,0.01414,0.01406,0.0141,219235.0
2023-04-02 02:45:00,0.01411,0.01414,0.01406,0.01406,817892.0
2023-04-02 03:00:00,0.01405,0.01409,0.01401,0.01401,540394.0
2023-04-02 03:15:00,0.01402,0.01409,0.01402,0.01409,395764.0
2023-04-02 03:30:00,0.01409,0.01413,0.01407,0.01411,673681.0
2023-04-02 03:45:00,0.01412,0.01416,0.01412,0.01413,894567.0
2023-04-02 04:00:00,0.01414,0.01419,0.01413,0.01415,506393.0
2023-04-02 04:15:00,0.01416,0.01416,0.0141,0.01413,398028.0
2023-04-02 04:30:00,0.01412,0.01413,0.01403,0.01404,444519.0
2023-04-02 04:45:00,0.01405,0.01406,0.01396,0.01396,1324285.0
2023-04-02 05:00:00,0.01396,0.01404,0.01395,0.01402,829142.0
2023-04-02 05:15:00,0.01404,0.01405,0.014,0.01403,566928.0
2023-04-02 05:30:00,0.01403,0.01409,0.01402,0.01409,428910.0
2023-04-02 05:45:00,0.01409,0.01411,0.01406,0.01411,261148.0
2023-04-02 06:00:00,0.01411,0.01417,0.0141,0.01417,638829.0
2023-04-02 06:15:00,0.01416,0.01416,0.01411,0.01411,341513.0
2023-04-02 06:30:00,0.01411,0.01423,0.01411,0.01423,408519.0
2023-04-02 06:45:00,0.01423,0.01423,0.01419,0.01421,617299.0
2023-04-02 07:00:00,0.01421,0.01429,0.01417,0.01428,916878.0
2023-04-02 07:15:00,0.01427,0.01427,0.01416,0.01426,927158.0
2023-04-02 07:30:00,0.01425,0.01425,0.01418,0.01419,1167915.0
2023-04-02 07:45:00,0.01417,0.01427,0.01416,0.01422,1469870.0
2023-04-02 08:00:00,0.01421,0.01422,0.01412,0.01412,550245.0
2023-04-02 08:15:00,0.01412,0.01417,0.01412,0.01414,540537.0
2023-04-02 08:30:00,0.01414,0.0142,0.01408,0.01414,1281345.0
2023-04-02 08:45:00,0.01414,0.01414,0.01407,0.0141,540672.0
2023-04-02 09:00:00,0.0141,0.0141,0.01404,0.01406,547324.0
2023-04-02 09:15:00,0.01405,0.01406,0.01402,0.01404,920270.0
2023-04-02 09:30:00,0.01405,0.01409,0.01405,0.01409,907606.0
2023-04-02 09:45:00,0.01408,0.01409,0.01403,0.01406,1955167.0
2023-04-02 10:00:00,0.01406,0.01406,0.01398,0.01398,323891.0
2023-04-02 10:15:00,0.01398,0.01398,0.01396,0.01398,441730.0
2023-04-02 10:30:00,0.01397,0.014,0.01395,0.01397,573647.0
2023-04-02 10:45:00,0.01396,0.01397,0.0139,0.01391,1528775.0
2023-04-02 11:00:00,0.01392,0.01396,0.0139,0.01391,908837.0
2023-04-02 11:15:00,0.01392,0.01394,0.0139,0.01394,285143.0
2023-04-02 11:30:00,0.01391,0.01395,0.01389,0.01393,681517.0
2023-04-02 11:45:00,0.01392,0.01395,0.01391,0.01394,1074438.0
2023-04-02 12:00:00,0.01392,0.01398,0.0139,0.01395,692204.0
2023-04-02 12:15:00,0.01396,0.01397,0.0139,0.01391,1875842.0
2023-04-02 12:30:00,0.01391,0.01391,0.01374,0.01385,2796197.0
2023-04-02 12:45:00,0.01386,0.01386,0.01378,0.01381,965531.0
2023-04-02 13:00:00,0.0138,0.0138,0.01369,0.0137,1080829.0
2023-04-02 13:15:00,0.0137,0.01382,0.01368,0.0138,1975127.0
2023-04-02 13:30:00,0.01381,0.01384,0.01377,0.01381,1226349.0
2023-04-02 13:45:00,0.01381,0.01386,0.01375,0.01376,803505.0
2023-04-02 14:00:00,0.01376,0.01378,0.01367,0.0137,1407474.0
2023-04-02 14:15:00,0.0137,0.01373,0.01366,0.01373,935371.0
2023-04-02 14:30:00,0.01373,0.01376,0.0137,0.0137,891210.0
2023-04-02 14:45:00,0.0137,0.01374,0.01363,0.01365,1301013.0
2023-04-02 15:00:00,0.01365,0.01365,0.01335,0.0135,4889229.0
2023-04-02 15:15:00,0.01349,0.01351,0.01335,0.01346,3098458.0
2023-04-02 15:30:00,0.01346,0.01352,0.01343,0.01349,1036969.0
2023-04-02 15:45:00,0.01348,0.01353,0.01347,0.0135,953282.0
2023-04-02 16:00:00,0.0135,0.01355,0.01349,0.01351,709572.0
2023-04-02 16:15:00,0.0135,0.0135,0.01347,0.01347,1942685.0
2023-04-02 16:30:00,0.01347,0.01351,0.01342,0.01349,858270.0
2023-04-02 16:45:00,0.01349,0.01353,0.01347,0.01351,606905.0
2023-04-02 17:00:00,0.01352,0.01356,0.01351,0.01355,345959.0
2023-04-02 17:15:00,0.01354,0.01356,0.01354,0.01356,253370.0
2023-04-02 17:30:00,0.01357,0.01364,0.01356,0.01364,821219.0
2023-04-02 17:45:00,0.01363,0.01364,0.0136,0.01361,356473.0
2023-04-02 18:00:00,0.0136,0.01367,0.0136,0.01366,348894.0
2023-04-02 18:15:00,0.01366,0.01366,0.0136,0.01363,530456.0
2023-04-02 18:30:00,0.0136,0.01362,0.0135,0.01355,3418586.0
2023-04-02 18:45:00,0.01355,0.01355,0.01351,0.01351,612198.0
2023-04-02 19:00:00,0.01352,0.01352,0.01349,0.0135,305767.0
2023-04-02 19:15:00,0.01351,0.01356,0.01349,0.01355,952272.0
2023-04-02 19:30:00,0.01354,0.01355,0.0134,0.01341,703624.0
2023-04-02 19:45:00,0.01339,0.01354,0.01339,0.0135,1880345.0
2023-04-02 20:00:00,0.0135,0.01368,0.01349,0.01355,5664363.0
2023-04-02 20:15:00,0.01354,0.01362,0.0135,0.0136,2167374.0
2023-04-02 20:30:00,0.0136,0.01375,0.01359,0.01375,6793863.0
2023-04-02 20:45:00,0.01374,0.01376,0.01369,0.01371,956897.0
2023-04-02 21:00:00,0.01371,0.01374,0.01366,0.01374,396155.0
2023-04-02 21:15:00,0.01374,0.01374,0.01362,0.01364,2315709.0
2023-04-02 21:30:00,0.01365,0.01369,0.01365,0.01365,436562.0
2023-04-02 21:45:00,0.01365,0.01368,0.0136,0.01363,880497.0
2023-04-02 22:00:00,0.01362,0.01363,0.01355,0.01358,1852043.0
2023-04-02 22:15:00,0.01358,0.0136,0.01346,0.0136,1726932.0
2023-04-02 22:30:00,0.01359,0.01359,0.01354,0.01359,916045.0
2023-04-02 22:45:00,0.0136,0.0137,0.01358,0.01369,1093246.0
2023-04-02 23:00:00,0.01369,0.0138,0.01368,0.01371,1563178.0
2023-04-02 23:15:00,0.01372,0.01379,0.01368,0.01379,466520.0
2023-04-02 23:30:00,0.01379,0.0138,0.01373,0.01378,548026.0
2023-04-02 23:45:00,0.01379,0.01379,0.01374,0.01376,405038.0
2023-04-03 00:00:00,0.01376,0.01378,0.01367,0.01377,757845.0
2023-04-03 00:15:00,0.01377,0.01377,0.0137,0.01376,449756.0
2023-04-03 00:30:00,0.01376,0.01377,0.0136,0.0136,478367.0
2023-04-03 00:45:00,0.0136,0.01373,0.0136,0.01371,360659.0
2023-04-03 01:00:00,0.01372,0.01374,0.01365,0.01366,791936.0
2023-04-03 01:15:00,0.01367,0.01371,0.01362,0.01362,1776175.0
2023-04-03 01:30:00,0.01361,0.01361,0.0134,0.01342,1289189.0
2023-04-03 01:45:00,0.01339,0.0134,0.01323,0.01339,3836896.0
2023-04-03 02:00:00,0.0134,0.01359,0.0134,0.01359,1051935.0
2023-04-03 02:15:00,0.01359,0.01362,0.01354,0.01358,1062152.0
2023-04-03 02:30:00,0.01358,0.01372,0.01356,0.01372,1122236.0
2023-04-03 02:45:00,0.01371,0.01371,0.01364,0.01365,997533.0
2023-04-03 03:00:00,0.01365,0.01383,0.01365,0.01381,3512489.0
2023-04-03 03:15:00,0.01382,0.01388,0.01371,0.01376,2519912.0
2023-04-03 03:30:00,0.01376,0.01383,0.01374,0.01379,692671.0
2023-04-03 03:45:00,0.0138,0.01384,0.01376,0.01382,699903.0
2023-04-03 04:00:00,0.01382,0.01388,0.01374,0.01375,2665105.0
2023-04-03 04:15:00,0.01376,0.01386,0.01376,0.01383,897406.0
2023-04-03 04:30:00,0.01383,0.01385,0.01376,0.01376,384009.0
2023-04-03 04:45:00,0.01377,0.01386,0.01377,0.01385,1538637.0
2023-04-03 05:00:00,0.01386,0.01398,0.01383,0.0139,3714486.0
2023-04-03 05:15:00,0.0139,0.01404,0.0139,0.014,2195977.0
2023-04-03 05:30:00,0.01399,0.01407,0.01399,0.01405,7785773.0
2023-04-03 05:45:00,0.01404,0.01404,0.01396,0.01397,1502137.0
2023-04-03 06:00:00,0.01397,0.01399,0.0139,0.01392,990261.0
2023-04-03 06:15:00,0.01393,0.01394,0.01374,0.01384,5590194.0
2023-04-03 06:30:00,0.01383,0.01384,0.01376,0.01377,478553.0
2023-04-03 06:45:00,0.01378,0.01381,0.01378,0.01379,131636.0
2023-04-03 07:00:00,0.0138,0.01383,0.01373,0.01376,625119.0
2023-04-03 07:15:00,0.01373,0.01383,0.01373,0.01382,1042926.0
2023-04-03 07:30:00,0.0138,0.01383,0.01376,0.01376,902151.0
2023-04-03 07:45:00,0.01375,0.0138,0.01369,0.0137,7351490.0
2023-04-03 08:00:00,0.0137,0.01379,0.0137,0.01372,12125819.0
2023-04-03 08:15:00,0.01372,0.01388,0.01372,0.01388,5524062.0
2023-04-03 08:30:00,0.01387,0.01392,0.0138,0.01382,4054658.0
2023-04-03 08:45:00,0.01383,0.01388,0.0138,0.01382,1307640.0
2023-04-03 09:00:00,0.01382,0.01383,0.01375,0.01375,1159674.0
2023-04-03 09:15:00,0.01375,0.01379,0.01373,0.01373,1506165.0
2023-04-03 09:30:00,0.01374,0.01375,0.01362,0.01364,4027745.0
2023-04-03 09:45:00,0.01364,0.01366,0.01361,0.01365,1119156.0
2023-04-03 10:00:00,0.01365,0.01366,0.01359,0.01361,1276475.0
2023-04-03 10:15:00,0.0136,0.01367,0.01359,0.01363,2545763.0
2023-04-03 10:30:00,0.01363,0.01393,0.0135,0.01369,11787728.0
2023-04-03 10:45:00,0.01368,0.01385,0.01357,0.0136,7117395.0
2023-04-03 11:00:00,0.01362,0.01373,0.0135,0.01364,7477346.0
2023-04-03 11:15:00,0.01364,0.01364,0.01356,0.01358,2400881.0
2023-04-03 11:30:00,0.01358,0.01365,0.01356,0.01364,1189761.0
2023-04-03 11:45:00,0.01364,0.01364,0.01355,0.01357,1408583.0
2023-04-03 12:00:00,0.01357,0.01365,0.01357,0.01364,1807496.0
2023-04-03 12:15:00,0.01364,0.01365,0.01354,0.01354,1269461.0
2023-04-03 12:30:00,0.01354,0.01358,0.01351,0.01353,1533305.0
2023-04-03 12:45:00,0.01352,0.01354,0.01347,0.01353,3142955.0
2023-04-03 13:00:00,0.01352,0.01353,0.01346,0.01348,1406219.0
2023-04-03 13:15:00,0.01348,0.01348,0.01337,0.01347,3142465.0
2023-04-03 13:30:00,0.01348,0.01349,0.01343,0.01346,954488.0
2023-04-03 13:45:00,0.01346,0.01352,0.01343,0.01348,1570688.0
2023-04-03 14:00:00,0.01348,0.0135,0.01346,0.0135,1991249.0
2023-04-03 14:15:00,0.01349,0.01353,0.01348,0.01353,3090729.0
2023-04-03 14:30:00,0.01354,0.01355,0.01343,0.0135,1498573.0
2023-04-03 14:45:00,0.0135,0.0135,0.0134,0.01343,2360632.0
2023-04-03 15:00:00,0.01342,0.01346,0.0134,0.01341,4222000.0
2023-04-03 15:15:00,0.01341,0.01346,0.0134,0.01341,2125088.0
2023-04-03 15:30:00,0.01341,0.01356,0.01341,0.01346,1857345.0
2023-04-03 15:45:00,0.01346,0.01351,0.01341,0.01346,2320616.0
2023-04-03 16:00:00,0.01346,0.01349,0.01343,0.01347,3007375.0
2023-04-03 16:15:00,0.01346,0.01348,0.01343,0.01343,441579.0
2023-04-03 16:30:00,0.01343,0.01347,0.0134,0.01344,1313698.0
2023-04-03 16:45:00,0.01344,0.01347,0.01342,0.01343,1010960.0
2023-04-03 17:00:00,0.01343,0.01351,0.01343,0.01351,784108.0
2023-04-03 17:15:00,0.0135,0.01354,0.01348,0.01354,820635.0
2023-04-03 17:30:00,0.01352,0.01366,0.01348,0.01363,3238137.0
2023-04-03 17:45:00,0.01362,0.01363,0.01352,0.01355,2820341.0
2023-04-03 18:00:00,0.01356,0.01361,0.01353,0.01355,2210898.0
2023-04-03 18:15:00,0.01356,0.01376,0.01356,0.0136,3561209.0
2023-04-03 18:30:00,0.01361,0.01385,0.01361,0.01372,2822169.0
2023-04-03 18:45:00,0.01374,0.01384,0.01374,0.01378,2102680.0
2023-04-03 19:00:00,0.01381,0.01395,0.01381,0.01395,1413039.0
2023-04-03 19:15:00,0.01397,0.014,0.01392,0.01397,2756707.0
2023-04-03 19:30:00,0.01395,0.014,0.01388,0.01398,2191759.0
2023-04-03 19:45:00,0.01399,0.01399,0.01385,0.01391,1083266.0
2023-04-03 20:00:00,0.01393,0.01396,0.01359,0.01364,960657.0
2023-04-03 20:15:00,0.0136,0.0136,0.01332,0.01356,2672604.0
2023-04-03 20:30:00,0.01351,0.01361,0.01342,0.01358,1102582.0
2023-04-03 20:45:00,0.01359,0.0136,0.01347,0.0135,1300389.0
2023-04-03 21:00:00,0.0135,0.0135,0.0133,0.0134,1997583.0
2023-04-03 21:15:00,0.01341,0.01354,0.0134,0.01352,1292990.0
2023-04-03 21:30:00,0.01352,0.01373,0.01352,0.01373,2572832.0
2023-04-03 21:45:00,0.01369,0.01377,0.01367,0.01373,1810123.0
2023-04-03 22:00:00,0.01375,0.01378,0.01369,0.01375,938035.0
2023-04-03 22:15:00,0.01376,0.01385,0.01375,0.01385,1064454.0
2023-04-03 22:30:00,0.01384,0.01385,0.01378,0.01378,710981.0
2023-04-03 22:45:00,0.0138,0.01382,0.01378,0.0138,428623.0
2023-04-03 23:00:00,0.01381,0.0139,0.01379,0.01387,1025649.0
2023-04-03 23:15:00,0.01388,0.01388,0.0138,0.01382,609782.0
2023-04-03 23:30:00,0.01382,0.01392,0.01376,0.01378,3642409.0
2023-04-03 23:45:00,0.01378,0.01385,0.01376,0.01383,900517.0
2023-04-04 00:00:00,0.01383,0.0139,0.01381,0.01389,1371379.0
2023-04-04 00:15:00,0.01388,0.01389,0.01374,0.01378,1231487.0
2023-04-04 00:30:00,0.01377,0.0139,0.01367,0.01379,1556835.0
2023-04-04 00:45:00,0.01377,0.01379,0.01369,0.01369,1423839.0
2023-04-04 01:00:00,0.01369,0.0138,0.01369,0.01372,614681.0
2023-04-04 01:15:00,0.01374,0.01382,0.0137,0.01381,958200.0
2023-04-04 01:30:00,0.01381,0.01384,0.01375,0.01379,1331990.0
2023-04-04 01:45:00,0.0138,0.0138,0.01372,0.01373,989730.0
2023-04-04 02:00:00,0.01374,0.01384,0.01373,0.01384,886634.0
2023-04-04 02:15:00,0.01384,0.01384,0.01378,0.0138,812433.0
2023-04-04 02:30:00,0.01381,0.01389,0.01381,0.01386,778618.0
2023-04-04 02:45:00,0.01385,0.01385,0.01378,0.01379,602118.0
2023-04-04 03:00:00,0.01379,0.01389,0.01379,0.01386,1026506.0
2023-04-04 03:15:00,0.01386,0.01386,0.01378,0.01378,1775508.0
2023-04-04 03:30:00,0.01379,0.01392,0.01378,0.01388,2634127.0
2023-04-04 03:45:00,0.01387,0.01387,0.01379,0.01381,513028.0
2023-04-04 04:00:00,0.0138,0.0139,0.0138,0.01385,768346.0
2023-04-04 04:15:00,0.01385,0.0139,0.01382,0.01385,1507961.0
2023-04-04 04:30:00,0.01385,0.01386,0.0138,0.01383,540755.0
2023-04-04 04:45:00,0.01382,0.01383,0.01377,0.0138,1451408.0
2023-04-04 05:00:00,0.01379,0.01387,0.01377,0.01385,605585.0
2023-04-04 05:15:00,0.01386,0.01393,0.01385,0.01391,2190720.0
2023-04-04 05:30:00,0.01392,0.01393,0.01386,0.01386,934881.0
2023-04-04 05:45:00,0.01386,0.01394,0.01386,0.01391,1654576.0
2023-04-04 06:00:00,0.01391,0.01395,0.01389,0.0139,1858057.0
2023-04-04 06:15:00,0.01391,0.01395,0.01384,0.01389,1052686.0
2023-04-04 06:30:00,0.0139,0.01394,0.01385,0.01394,1745005.0
2023-04-04 06:45:00,0.01395,0.01406,0.01393,0.01402,2705982.0
2023-04-04 07:00:00,0.01399,0.01403,0.01392,0.01394,854790.0
2023-04-04 07:15:00,0.01395,0.01402,0.01395,0.01399,1349824.0
2023-04-04 07:30:00,0.01399,0.01399,0.0139,0.0139,444201.0
2023-04-04 07:45:00,0.01389,0.01394,0.01388,0.01392,1552470.0
2023-04-04 08:00:00,0.01392,0.01394,0.01386,0.01386,1714887.0
2023-04-04 08:15:00,0.01386,0.01392,0.01384,0.01387,2030747.0
2023-04-04 08:30:00,0.01388,0.01389,0.0138,0.01384,2415643.0
2023-04-04 08:45:00,0.01383,0.01384,0.01379,0.01382,1626334.0
2023-04-04 09:00:00,0.01381,0.01385,0.01364,0.01372,14703668.0
2023-04-04 09:15:00,0.01371,0.0144,0.01339,0.01381,25641856.0
2023-04-04 09:30:00,0.01381,0.01394,0.01372,0.01373,6880085.0
2023-04-04 09:45:00,0.01372,0.01373,0.01363,0.01365,4954727.0
2023-04-04 10:00:00,0.01363,0.01371,0.01357,0.0136,6363225.0
2023-04-04 10:15:00,0.01359,0.01362,0.01349,0.0135,5128975.0
2023-04-04 10:30:00,0.0135,0.01354,0.01348,0.01351,2299780.0
2023-04-04 10:45:00,0.01351,0.01351,0.01348,0.01348,1468916.0
2023-04-04 11:00:00,0.01348,0.0136,0.01345,0.01358,2317592.0
2023-04-04 11:15:00,0.01358,0.0136,0.01355,0.01357,2040933.0
2023-04-04 11:30:00,0.01357,0.01358,0.01346,0.01349,1175124.0
2023-04-04 11:45:00,0.01349,0.01361,0.01348,0.01358,1549191.0
2023-04-04 12:00:00,0.01358,0.01371,0.01358,0.0137,1583642.0
2023-04-04 12:15:00,0.01369,0.01375,0.01365,0.01371,649246.0
2023-04-04 12:30:00,0.01372,0.01372,0.01368,0.01368,873706.0
2023-04-04 12:45:00,0.01368,0.01371,0.01368,0.0137,473881.0
2023-04-04 13:00:00,0.0137,0.01372,0.01367,0.01368,777410.0
2023-04-04 13:15:00,0.01368,0.01371,0.01364,0.01368,546318.0
2023-04-04 13:30:00,0.01368,0.0137,0.01357,0.01358,972713.0
2023-04-04 13:45:00,0.01359,0.01366,0.01358,0.0136,572615.0
2023-04-04 14:00:00,0.01361,0.01363,0.01359,0.01363,337428.0
2023-04-04 14:15:00,0.01363,0.0137,0.01362,0.01363,763809.0
2023-04-04 14:30:00,0.01364,0.01371,0.01364,0.01368,675233.0
2023-04-04 14:45:00,0.01367,0.01368,0.01359,0.01359,327255.0
2023-04-04 15:00:00,0.0136,0.01361,0.01352,0.01354,1378494.0
2023-04-04 15:15:00,0.01354,0.01354,0.01347,0.01349,4820279.0
2023-04-04 15:30:00,0.0135,0.01352,0.01348,0.01352,597533.0
2023-04-04 15:45:00,0.01352,0.01353,0.01348,0.0135,1113864.0
2023-04-04 16:00:00,0.01349,0.0135,0.01344,0.01344,562055.0
2023-04-04 16:15:00,0.01346,0.01348,0.01343,0.01347,521995.0
2023-04-04 16:30:00,0.01347,0.0135,0.01344,0.01349,1231377.0
2023-04-04 16:45:00,0.0135,0.01351,0.01336,0.01341,5670212.0
2023-04-04 17:00:00,0.01341,0.01343,0.01338,0.01342,1525294.0
2023-04-04 17:15:00,0.01341,0.01345,0.01339,0.01344,1551597.0
2023-04-04 17:30:00,0.01344,0.01344,0.01335,0.0134,1418780.0
2023-04-04 17:45:00,0.01341,0.01341,0.01339,0.01341,362203.0
2023-04-04 18:00:00,0.0134,0.0134,0.01337,0.01338,2588143.0
2023-04-04 18:15:00,0.01337,0.01338,0.01336,0.01338,1206694.0
2023-04-04 18:30:00,0.01337,0.01339,0.01336,0.01339,1354357.0
2023-04-04 18:45:00,0.01339,0.01345,0.01338,0.0134,972394.0
2023-04-04 19:00:00,0.01342,0.01346,0.01341,0.01344,735488.0
2023-04-04 19:15:00,0.01345,0.01348,0.01343,0.01348,688303.0
2023-04-04 19:30:00,0.01345,0.01349,0.01345,0.01349,121717.0
2023-04-04 19:45:00,0.0135,0.01353,0.01349,0.01352,688721.0
2023-04-04 20:00:00,0.01353,0.01356,0.01349,0.01355,1002062.0
2023-04-04 20:15:00,0.01355,0.01359,0.01355,0.01355,871457.0
2023-04-04 20:30:00,0.01355,0.01359,0.01355,0.01358,447249.0
2023-04-04 20:45:00,0.01357,0.01364,0.01357,0.01361,444570.0
2023-04-04 21:00:00,0.0136,0.0136,0.01356,0.01357,603460.0
2023-04-04 21:15:00,0.01356,0.01357,0.01353,0.01353,762498.0
2023-04-04 21:30:00,0.01354,0.0136,0.01349,0.01353,1177426.0
2023-04-04 21:45:00,0.01353,0.01353,0.0135,0.01351,284076.0
2023-04-04 22:00:00,0.01352,0.01356,0.01349,0.01354,1350851.0
2023-04-04 22:15:00,0.01352,0.01353,0.01349,0.01349,403025.0
2023-04-04 22:30:00,0.01351,0.01353,0.01351,0.01351,218611.0
2023-04-04 22:45:00,0.01351,0.01355,0.01349,0.01355,496993.0
2023-04-04 23:00:00,0.01355,0.01355,0.01352,0.01354,280745.0
2023-04-04 23:15:00,0.0135,0.01352,0.01343,0.01346,331639.0
2023-04-04 23:30:00,0.01345,0.01346,0.01341,0.01346,866839.0
2023-04-04 23:45:00,0.01346,0.01349,0.01344,0.01348,139782.0
2023-04-05 00:00:00,0.01348,0.01348,0.01338,0.0134,733968.0
2023-04-05 00:15:00,0.01339,0.01352,0.01338,0.01352,911481.0
2023-04-05 00:30:00,0.01353,0.01365,0.01352,0.01364,901969.0
2023-04-05 00:45:00,0.01364,0.0137,0.01359,0.01369,1294254.0
2023-04-05 01:00:00,0.01369,0.01373,0.01359,0.01369,3319008.0
2023-04-05 01:15:00,0.0137,0.01374,0.01367,0.01373,556864.0
2023-04-05 01:30:00,0.01373,0.01376,0.01372,0.01373,863637.0
2023-04-05 01:45:00,0.01372,0.01385,0.01372,0.01383,3212199.0
2023-04-05 02:00:00,0.01384,0.01388,0.0138,0.0138,1136550.0
2023-04-05 02:15:00,0.01381,0.01383,0.01379,0.01382,451220.0
2023-04-05 02:30:00,0.01381,0.01384,0.01372,0.01372,1648657.0
2023-04-05 02:45:00,0.01373,0.01379,0.01372,0.01376,425408.0
2023-04-05 03:00:00,0.01376,0.01382,0.01376,0.01381,346978.0
2023-04-05 03:15:00,0.01383,0.01383,0.01375,0.01379,901323.0
2023-04-05 03:30:00,0.01379,0.0138,0.01373,0.01377,1281626.0
2023-04-05 03:45:00,0.01379,0.01381,0.01377,0.01379,317035.0
2023-04-05 04:00:00,0.01378,0.01387,0.01377,0.01382,490055.0
2023-04-05 04:15:00,0.01381,0.01384,0.01379,0.0138,442112.0
2023-04-05 04:30:00,0.0138,0.01381,0.01379,0.01379,266130.0
2023-04-05 04:45:00,0.0138,0.01381,0.01378,0.01379,377878.0
2023-04-05 05:00:00,0.01379,0.0138,0.01369,0.01373,3018396.0
2023-04-05 05:15:00,0.01374,0.01383,0.01373,0.01379,1418390.0
2023-04-05 05:30:00,0.01378,0.01379,0.01375,0.01379,1066910.0
2023-04-05 05:45:00,0.01379,0.0138,0.01376,0.0138,810390.0
2023-04-05 06:00:00,0.0138,0.01391,0.0138,0.01389,1270789.0
2023-04-05 06:15:00,0.01389,0.01389,0.01381,0.01384,1556964.0
2023-04-05 06:30:00,0.01384,0.01396,0.01384,0.01384,4855192.0
2023-04-05 06:45:00,0.01384,0.0139,0.01384,0.01389,318479.0
2023-04-05 07:00:00,0.01387,0.01388,0.01384,0.01385,1379169.0
2023-04-05 07:15:00,0.01385,0.01386,0.01372,0.01378,2512654.0
2023-04-05 07:30:00,0.01378,0.0138,0.01374,0.01378,329948.0
2023-04-05 07:45:00,0.01377,0.01377,0.01367,0.01375,1288222.0
2023-04-05 08:00:00,0.01375,0.01378,0.0137,0.01372,533119.0
2023-04-05 08:15:00,0.01371,0.01379,0.01365,0.01379,1376586.0
2023-04-05 08:30:00,0.01376,0.01378,0.01374,0.01375,126580.0
2023-04-05 08:45:00,0.01375,0.01377,0.01372,0.01377,231022.0
2023-04-05 09:00:00,0.01377,0.01377,0.01369,0.01371,1366133.0
2023-04-05 09:15:00,0.01371,0.01375,0.01371,0.01372,537597.0
2023-04-05 09:30:00,0.01372,0.01373,0.01366,0.01367,1114517.0
2023-04-05 09:45:00,0.01368,0.01373,0.01367,0.01372,465409.0
2023-04-05 10:00:00,0.01372,0.01373,0.01368,0.01371,413281.0
2023-04-05 10:15:00,0.01371,0.01372,0.01366,0.01367,873929.0
2023-04-05 10:30:00,0.01366,0.01371,0.01363,0.0137,922678.0
2023-04-05 10:45:00,0.01371,0.01373,0.01369,0.01373,496895.0
2023-04-05 11:00:00,0.01372,0.01374,0.01367,0.01368,2239490.0
2023-04-05 11:15:00,0.01368,0.01371,0.01368,0.0137,128889.0
2023-04-05 11:30:00,0.01371,0.01372,0.0137,0.0137,453127.0
2023-04-05 11:45:00,0.0137,0.01374,0.01369,0.01374,997421.0
2023-04-05 12:00:00,0.01373,0.01373,0.01367,0.01367,1305515.0
2023-04-05 12:15:00,0.01367,0.01368,0.01346,0.01358,4082114.0
2023-04-05 12:30:00,0.01357,0.01358,0.01347,0.01356,2779581.0
2023-04-05 12:45:00,0.01356,0.01369,0.01355,0.0136,1951009.0
2023-04-05 13:00:00,0.01359,0.0136,0.01355,0.01358,438742.0
2023-04-05 13:15:00,0.01358,0.01358,0.01349,0.01352,1097231.0
2023-04-05 13:30:00,0.01352,0.01356,0.01345,0.01345,1841022.0
2023-04-05 13:45:00,0.01346,0.0135,0.01345,0.0135,759389.0
2023-04-05 14:00:00,0.0135,0.0135,0.01339,0.01339,2510677.0
2023-04-05 14:15:00,0.01339,0.01344,0.01331,0.0134,1851027.0
2023-04-05 14:30:00,0.01341,0.01347,0.01341,0.01342,262820.0
2023-04-05 14:45:00,0.01343,0.01343,0.01338,0.01339,1130436.0
2023-04-05 15:00:00,0.01339,0.01339,0.01325,0.01334,1331306.0
2023-04-05 15:15:00,0.01334,0.01336,0.0133,0.01335,382032.0
2023-04-05 15:30:00,0.01336,0.01342,0.01334,0.01339,622616.0
2023-04-05 15:45:00,0.01339,0.01345,0.01339,0.01341,619282.0
2023-04-05 16:00:00,0.0134,0.0134,0.01328,0.01329,871991.0
2023-04-05 16:15:00,0.01329,0.01332,0.01323,0.01329,893148.0
2023-04-05 16:30:00,0.01331,0.01337,0.01329,0.01337,318100.0
2023-04-05 16:45:00,0.01335,0.01337,0.0133,0.01331,876502.0
2023-04-05 17:00:00,0.01331,0.0134,0.01331,0.01338,405794.0
2023-04-05 17:15:00,0.0134,0.01348,0.0134,0.01345,995218.0
2023-04-05 17:30:00,0.01344,0.01345,0.01337,0.01338,688908.0
2023-04-05 17:45:00,0.01336,0.01338,0.01334,0.01337,157589.0
2023-04-05 18:00:00,0.01336,0.01336,0.01331,0.01334,511859.0
2023-04-05 18:15:00,0.01336,0.01336,0.01331,0.01331,324999.0
2023-04-05 18:30:00,0.01331,0.01338,0.01329,0.01334,1671274.0
2023-04-05 18:45:00,0.01334,0.01351,0.01334,0.01343,2167382.0
2023-04-05 19:00:00,0.01343,0.01343,0.01336,0.01337,254160.0
2023-04-05 19:15:00,0.0134,0.01351,0.0134,0.01347,564967.0
2023-04-05 19:30:00,0.01347,0.0135,0.01346,0.0135,1126311.0
2023-04-05 19:45:00,0.01349,0.0135,0.01344,0.01348,1927879.0
2023-04-05 20:00:00,0.01349,0.01359,0.01346,0.01355,5407210.0
2023-04-05 20:15:00,0.01351,0.01358,0.01351,0.01351,657450.0
2023-04-05 20:30:00,0.0135,0.01351,0.01344,0.01351,694759.0
2023-04-05 20:45:00,0.01349,0.01349,0.01347,0.01347,41988.0
2023-04-05 21:00:00,0.01347,0.0135,0.01347,0.0135,460322.0
2023-04-05 21:15:00,0.01349,0.01351,0.01349,0.01349,97391.0
2023-04-05 21:30:00,0.01349,0.01349,0.01342,0.01343,368062.0
2023-04-05 21:45:00,0.01346,0.01346,0.01339,0.0134,888854.0
2023-04-05 22:00:00,0.01341,0.01346,0.01341,0.01346,202822.0
2023-04-05 22:15:00,0.01346,0.01346,0.0134,0.01344,261623.0
2023-04-05 22:30:00,0.01341,0.01345,0.0134,0.01344,308309.0
2023-04-05 22:45:00,0.01345,0.0135,0.01345,0.0135,431371.0
2023-04-05 23:00:00,0.01348,0.01349,0.01344,0.01344,498759.0
2023-04-05 23:15:00,0.01345,0.0135,0.01344,0.0135,169384.0
2023-04-05 23:30:00,0.01351,0.01354,0.0135,0.0135,586178.0
2023-04-05 23:45:00,0.0135,0.01353,0.0135,0.01351,341880.0
2023-04-06 00:00:00,0.01351,0.01352,0.01339,0.01341,758433.0
2023-04-06 00:15:00,0.01341,0.01345,0.01339,0.01343,1372872.0
2023-04-06 00:30:00,0.01344,0.01344,0.01332,0.01332,659538.0
2023-04-06 00:45:00,0.01333,0.01333,0.01331,0.01332,355832.0
2023-04-06 01:00:00,0.01332,0.0134,0.0133,0.01339,2274991.0
2023-04-06 01:15:00,0.01339,0.01342,0.01333,0.01334,607596.0
2023-04-06 01:30:00,0.01333,0.01338,0.01329,0.01338,1141523.0
2023-04-06 01:45:00,0.01338,0.01338,0.01333,0.01338,434495.0
2023-04-06 02:00:00,0.01337,0.01343,0.01336,0.01343,598246.0
2023-04-06 02:15:00,0.01341,0.01341,0.01339,0.01339,201306.0
2023-04-06 02:30:00,0.0134,0.0134,0.01338,0.0134,123110.0
2023-04-06 02:45:00,0.0134,0.0134,0.01333,0.01335,536588.0
2023-04-06 03:00:00,0.01335,0.01335,0.01333,0.01333,1519863.0
2023-04-06 03:15:00,0.01334,0.01336,0.01331,0.01334,762958.0
2023-04-06 03:30:00,0.01334,0.01341,0.01333,0.0134,461165.0
2023-04-06 03:45:00,0.0134,0.01342,0.0134,0.01342,135215.0
2023-04-06 04:00:00,0.01342,0.01342,0.01337,0.0134,679872.0
2023-04-06 04:15:00,0.01341,0.01341,0.01338,0.01338,321224.0
2023-04-06 04:30:00,0.01337,0.01337,0.01337,0.01337,12813.0
2023-04-06 04:45:00,0.01339,0.01341,0.01339,0.01341,401226.0
2023-04-06 05:00:00,0.0134,0.01342,0.01337,0.01341,658984.0
2023-04-06 05:15:00,0.01341,0.01342,0.0134,0.01341,296411.0
2023-04-06 05:30:00,0.01343,0.01343,0.0133,0.01331,1119470.0
2023-04-06 05:45:00,0.01331,0.01331,0.01323,0.01324,1857286.0
2023-04-06 06:00:00,0.01324,0.01327,0.01324,0.01326,271178.0
2023-04-06 06:15:00,0.01327,0.01332,0.01327,0.01331,584552.0
2023-04-06 06:30:00,0.01332,0.01334,0.01332,0.01333,46641.0
2023-04-06 06:45:00,0.01333,0.01333,0.01331,0.01331,471301.0
2023-04-06 07:00:00,0.01333,0.01334,0.01332,0.01333,351644.0
2023-04-06 07:15:00,0.01333,0.01336,0.01332,0.01333,252855.0
2023-04-06 07:30:00,0.01333,0.01333,0.01331,0.01332,536019.0
2023-04-06 07:45:00,0.01331,0.01332,0.01323,0.01327,1488039.0
2023-04-06 08:00:00,0.01326,0.01326,0.01306,0.01318,3919906.0
2023-04-06 08:15:00,0.01318,0.0132,0.01317,0.0132,154801.0
2023-04-06 08:30:00,0.0132,0.01323,0.01319,0.01323,129773.0
2023-04-06 08:45:00,0.01324,0.01326,0.0132,0.0132,282232.0
2023-04-06 09:00:00,0.01321,0.01322,0.01319,0.01322,120318.0
2023-04-06 09:15:00,0.01323,0.01324,0.01318,0.0132,821609.0
2023-04-06 09:30:00,0.01321,0.01324,0.0132,0.01321,372878.0
2023-04-06 09:45:00,0.0132,0.01321,0.01314,0.01317,905130.0
2023-04-06 10:00:00,0.01316,0.01317,0.01311,0.01315,2208382.0
2023-04-06 10:15:00,0.01315,0.01321,0.01314,0.01319,428079.0
2023-04-06 10:30:00,0.01319,0.0132,0.01311,0.01316,468242.0
2023-04-06 10:45:00,0.01316,0.01316,0.0131,0.01311,743023.0
2023-04-06 11:00:00,0.01312,0.01313,0.01306,0.01312,2458580.0
2023-04-06 11:15:00,0.01313,0.01317,0.01313,0.01317,839777.0
2023-04-06 11:30:00,0.01315,0.01323,0.01315,0.01322,1909356.0
2023-04-06 11:45:00,0.01323,0.01324,0.0132,0.01321,765410.0
2023-04-06 12:00:00,0.01322,0.01327,0.01321,0.01326,539125.0
2023-04-06 12:15:00,0.01326,0.01333,0.01325,0.01333,1543226.0
2023-04-06 12:30:00,0.01332,0.01333,0.01327,0.01327,287786.0
2023-04-06 12:45:00,0.01329,0.01329,0.01324,0.01324,213666.0
2023-04-06 13:00:00,0.01326,0.01328,0.01325,0.01326,532825.0
2023-04-06 13:15:00,0.01327,0.01331,0.01327,0.01329,251464.0
2023-04-06 13:30:00,0.0133,0.0133,0.01319,0.01319,676152.0
2023-04-06 13:45:00,0.0132,0.01328,0.01318,0.01328,955508.0
2023-04-06 14:00:00,0.01329,0.0133,0.01327,0.01327,506429.0
2023-04-06 14:15:00,0.01327,0.01327,0.01323,0.01323,440265.0
2023-04-06 14:30:00,0.01323,0.01326,0.0132,0.0132,340417.0
2023-04-06 14:45:00,0.0132,0.01322,0.0132,0.0132,213971.0
2023-04-06 15:00:00,0.01321,0.01328,0.0132,0.01326,312845.0
2023-04-06 15:15:00,0.01325,0.01329,0.01325,0.01329,207730.0
2023-04-06 15:30:00,0.01327,0.01336,0.01327,0.01333,464378.0
2023-04-06 15:45:00,0.01333,0.01334,0.01331,0.01334,336490.0
2023-04-06 16:00:00,0.01332,0.01337,0.01332,0.01335,1083716.0
2023-04-06 16:15:00,0.01336,0.01336,0.01334,0.01334,57489.0
2023-04-06 16:30:00,0.01334,0.01337,0.01333,0.01334,1002136.0
2023-04-06 16:45:00,0.01334,0.01335,0.01325,0.01325,2089571.0
2023-04-06 17:00:00,0.01326,0.01326,0.01325,0.01326,43725.0
2023-04-06 17:15:00,0.01326,0.01328,0.01325,0.01325,303207.0
2023-04-06 17:30:00,0.01326,0.0133,0.01326,0.01326,822056.0
2023-04-06 17:45:00,0.01327,0.01328,0.01324,0.01327,337653.0
2023-04-06 18:00:00,0.01327,0.01331,0.01327,0.01331,415508.0
2023-04-06 18:15:00,0.01332,0.01333,0.01331,0.01332,499927.0
2023-04-06 18:30:00,0.01332,0.01334,0.01325,0.01325,783654.0
2023-04-06 18:45:00,0.01325,0.01327,0.01325,0.01326,955289.0
2023-04-06 19:00:00,0.01325,0.01325,0.01322,0.01323,254575.0
2023-04-06 19:15:00,0.01323,0.01329,0.01322,0.01326,1056149.0
2023-04-06 19:30:00,0.01328,0.01331,0.01328,0.01329,587571.0
2023-04-06 19:45:00,0.01328,0.01329,0.01328,0.01328,231820.0
2023-04-06 20:00:00,0.01329,0.01331,0.01329,0.01331,230788.0
2023-04-06 20:15:00,0.01331,0.01334,0.0133,0.01334,665008.0
2023-04-06 20:30:00,0.01334,0.01335,0.01334,0.01335,865256.0
2023-04-06 20:45:00,0.01335,0.01338,0.01329,0.01329,1118839.0
2023-04-06 21:00:00,0.01329,0.01329,0.01322,0.01325,1048726.0
2023-04-06 21:15:00,0.01325,0.0133,0.01325,0.01326,351865.0
2023-04-06 21:30:00,0.01328,0.01329,0.01325,0.01327,343176.0
2023-04-06 21:45:00,0.01325,0.01325,0.0132,0.01322,723392.0
2023-04-06 22:00:00,0.0132,0.01323,0.0132,0.01323,569585.0
2023-04-06 22:15:00,0.01322,0.01323,0.01318,0.01321,856339.0
2023-04-06 22:30:00,0.01321,0.01322,0.01321,0.01322,44170.0
2023-04-06 22:45:00,0.01321,0.01326,0.01321,0.01326,178285.0
2023-04-06 23:00:00,0.01326,0.0133,0.01326,0.01329,223882.0
2023-04-06 23:15:00,0.0133,0.01335,0.01329,0.01335,379480.0
2023-04-06 23:30:00,0.01334,0.01336,0.01333,0.01335,78889.0
2023-04-06 23:45:00,0.01335,0.01337,0.01333,0.01334,223038.0
2023-04-07 00:00:00,0.01335,0.01335,0.01333,0.01334,438956.0
2023-04-07 00:15:00,0.01333,0.01338,0.01331,0.01337,837352.0
2023-04-07 00:30:00,0.01336,0.01339,0.01335,0.01339,291874.0
2023-04-07 00:45:00,0.0134,0.01342,0.01338,0.0134,965859.0
2023-04-07 01:00:00,0.01341,0.01344,0.01341,0.01342,276415.0
2023-04-07 01:15:00,0.01342,0.01343,0.0134,0.01341,567743.0
2023-04-07 01:30:00,0.0134,0.0134,0.01336,0.01336,74648.0
2023-04-07 01:45:00,0.01336,0.01336,0.01324,0.01325,1030625.0
2023-04-07 02:00:00,0.01326,0.01331,0.01325,0.01331,541449.0
2023-04-07 02:15:00,0.0133,0.0133,0.01323,0.01324,217663.0
2023-04-07 02:30:00,0.01324,0.01324,0.01318,0.01322,1117419.0
2023-04-07 02:45:00,0.01323,0.01329,0.01322,0.01328,169045.0
2023-04-07 03:00:00,0.01327,0.01327,0.0132,0.01325,639872.0
2023-04-07 03:15:00,0.01324,0.01325,0.01323,0.01323,32874.0
2023-04-07 03:30:00,0.01322,0.01323,0.01321,0.01323,317261.0
2023-04-07 03:45:00,0.01324,0.01325,0.01323,0.01324,55481.0
2023-04-07 04:00:00,0.01324,0.0133,0.01324,0.0133,852620.0
2023-04-07 04:15:00,0.0133,0.01337,0.0133,0.01336,276607.0
2023-04-07 04:30:00,0.01335,0.01336,0.01335,0.01335,164734.0
2023-04-07 04:45:00,0.01336,0.01337,0.01332,0.01334,364451.0
2023-04-07 05:00:00,0.01334,0.01339,0.01334,0.01334,357320.0
2023-04-07 05:15:00,0.01335,0.01335,0.01328,0.01328,153983.0
2023-04-07 05:30:00,0.01329,0.0133,0.01322,0.01323,202777.0
2023-04-07 05:45:00,0.01322,0.01324,0.0132,0.01321,490154.0
2023-04-07 06:00:00,0.01322,0.01325,0.01322,0.01322,306581.0
2023-04-07 06:15:00,0.01321,0.01322,0.01317,0.01322,582586.0
2023-04-07 06:30:00,0.01322,0.01323,0.01316,0.01318,122290.0
2023-04-07 06:45:00,0.01317,0.01318,0.01313,0.01315,486824.0
2023-04-07 07:00:00,0.01314,0.01316,0.01314,0.01316,184391.0
2023-04-07 07:15:00,0.01315,0.01344,0.01315,0.01341,17679579.0
2023-04-07 07:30:00,0.01341,0.01367,0.01322,0.01361,62321055.0
2023-04-07 07:45:00,0.01361,0.01375,0.01345,0.01358,82773566.0
2023-04-07 08:00:00,0.01359,0.01381,0.0135,0.0138,68135961.0
2023-04-07 08:15:00,0.0138,0.01383,0.01353,0.01361,64144008.0
2023-04-07 08:30:00,0.0136,0.0137,0.01344,0.01344,18980656.0
2023-04-07 08:45:00,0.01346,0.01351,0.0133,0.01338,4376575.0
2023-04-07 09:00:00,0.01338,0.01357,0.01328,0.01347,5115074.0
2023-04-07 09:15:00,0.01347,0.01348,0.01339,0.01345,604759.0
2023-04-07 09:30:00,0.01345,0.01351,0.01339,0.01351,1997020.0
2023-04-07 09:45:00,0.01351,0.01362,0.0135,0.01353,3622575.0
2023-04-07 10:00:00,0.01353,0.01357,0.01344,0.01349,1973313.0
2023-04-07 10:15:00,0.01349,0.01362,0.01345,0.01346,15672918.0
2023-04-07 10:30:00,0.01347,0.01358,0.01342,0.01344,2007255.0
2023-04-07 10:45:00,0.01345,0.01354,0.01342,0.01342,1874354.0
2023-04-07 11:00:00,0.01343,0.01356,0.01342,0.01343,1212333.0
2023-04-07 11:15:00,0.01344,0.01359,0.01337,0.0134,1941599.0
2023-04-07 11:30:00,0.0134,0.0135,0.0134,0.01343,936762.0
2023-04-07 11:45:00,0.01342,0.01345,0.01331,0.01334,1593260.0
2023-04-07 12:00:00,0.01333,0.01334,0.01332,0.01334,248696.0
2023-04-07 12:15:00,0.01334,0.01337,0.01331,0.01333,533678.0
2023-04-07 12:30:00,0.01333,0.0134,0.01333,0.01338,1058488.0
2023-04-07 12:45:00,0.01338,0.01344,0.01338,0.01344,356556.0
2023-04-07 13:00:00,0.01342,0.01344,0.0134,0.01343,278968.0
2023-04-07 13:15:00,0.01343,0.01344,0.01336,0.0134,524684.0
2023-04-07 13:30:00,0.01339,0.01342,0.01335,0.01342,204598.0
2023-04-07 13:45:00,0.01343,0.01345,0.0134,0.01344,106234.0
2023-04-07 14:00:00,0.01344,0.01357,0.01343,0.01348,1827874.0
2023-04-07 14:15:00,0.01348,0.01352,0.01346,0.01349,465358.0
2023-04-07 14:30:00,0.01348,0.0135,0.01339,0.01345,736736.0
2023-04-07 14:45:00,0.01345,0.01345,0.0134,0.01344,430681.0
2023-04-07 15:00:00,0.01345,0.01355,0.01345,0.01349,555699.0
2023-04-07 15:15:00,0.01348,0.01354,0.01345,0.0135,368676.0
2023-04-07 15:30:00,0.0135,0.01356,0.0135,0.01354,270965.0
2023-04-07 15:45:00,0.01353,0.01355,0.01347,0.01347,1338149.0
2023-04-07 16:00:00,0.01348,0.01359,0.01347,0.0135,1145734.0
2023-04-07 16:15:00,0.0135,0.01352,0.01347,0.01347,1718748.0
2023-04-07 16:30:00,0.01347,0.01354,0.01347,0.01348,507809.0
2023-04-07 16:45:00,0.01348,0.01355,0.01347,0.01352,449261.0
2023-04-07 17:00:00,0.01352,0.01356,0.01343,0.01344,790468.0
2023-04-07 17:15:00,0.01344,0.0135,0.01341,0.01342,1521248.0
2023-04-07 17:30:00,0.01343,0.01344,0.01341,0.01344,1179158.0
2023-04-07 17:45:00,0.01344,0.01344,0.01339,0.0134,593653.0
2023-04-07 18:00:00,0.01341,0.01342,0.01341,0.01341,227205.0
2023-04-07 18:15:00,0.01342,0.01343,0.01337,0.01339,1021179.0
2023-04-07 18:30:00,0.01337,0.01337,0.01334,0.01336,1004370.0
2023-04-07 18:45:00,0.01335,0.01336,0.01333,0.01335,524517.0
2023-04-07 19:00:00,0.01336,0.01338,0.01336,0.01338,404198.0
2023-04-07 19:15:00,0.01335,0.01335,0.01329,0.01332,552479.0
2023-04-07 19:30:00,0.01331,0.01332,0.01328,0.01331,1084511.0
2023-04-07 19:45:00,0.01331,0.01332,0.01329,0.01331,321876.0
2023-04-07 20:00:00,0.01331,0.01335,0.0133,0.01333,423784.0
2023-04-07 20:15:00,0.0133,0.01332,0.01328,0.01328,328718.0
2023-04-07 20:30:00,0.01331,0.01332,0.01329,0.01332,104794.0
2023-04-07 20:45:00,0.01332,0.01332,0.0133,0.01331,36555.0
2023-04-07 21:00:00,0.0133,0.01332,0.01329,0.01331,434063.0
2023-04-07 21:15:00,0.01331,0.01338,0.01331,0.01337,979860.0
2023-04-07 21:30:00,0.01336,0.01337,0.01333,0.01335,61384.0
2023-04-07 21:45:00,0.01333,0.01335,0.01332,0.01335,351599.0
2023-04-07 22:00:00,0.01337,0.01337,0.01334,0.01337,344301.0
2023-04-07 22:15:00,0.01333,0.01335,0.01333,0.01335,293266.0
2023-04-07 22:30:00,0.01336,0.01342,0.01333,0.01342,1107236.0
2023-04-07 22:45:00,0.01343,0.01344,0.01342,0.01343,608644.0
2023-04-07 23:00:00,0.01344,0.01346,0.01343,0.01344,889477.0
2023-04-07 23:15:00,0.01345,0.01345,0.01342,0.01342,116835.0
2023-04-07 23:30:00,0.01343,0.01348,0.01342,0.01347,898045.0
2023-04-07 23:45:00,0.01345,0.01345,0.01342,0.01344,285150.0
2023-04-08 00:00:00,0.01344,0.01344,0.01337,0.01338,592323.0
2023-04-08 00:15:00,0.01338,0.01339,0.01334,0.01334,536223.0
2023-04-08 00:30:00,0.01334,0.01336,0.01331,0.01332,2199378.0
2023-04-08 00:45:00,0.01331,0.01333,0.01315,0.01317,9097870.0
2023-04-08 01:00:00,0.01316,0.01326,0.01316,0.01325,4869205.0
2023-04-08 01:15:00,0.01325,0.0133,0.01323,0.01328,1221548.0
2023-04-08 01:30:00,0.01327,0.0133,0.01326,0.01329,548858.0
2023-04-08 01:45:00,0.01328,0.0133,0.01326,0.01329,3008853.0
2023-04-08 02:00:00,0.01328,0.01337,0.01328,0.01337,1218204.0
2023-04-08 02:15:00,0.01336,0.01342,0.01336,0.01341,998374.0
2023-04-08 02:30:00,0.0134,0.0134,0.01335,0.01335,759789.0
2023-04-08 02:45:00,0.01335,0.01343,0.01335,0.01339,707473.0
2023-04-08 03:00:00,0.0134,0.01341,0.01337,0.01339,2343031.0
2023-04-08 03:15:00,0.01341,0.01343,0.01337,0.0134,926873.0
2023-04-08 03:30:00,0.01341,0.01348,0.01341,0.01346,1270472.0
2023-04-08 03:45:00,0.01346,0.0135,0.01343,0.01347,895363.0
2023-04-08 04:00:00,0.01347,0.01349,0.01344,0.01348,1187315.0
2023-04-08 04:15:00,0.01348,0.0136,0.01346,0.01357,2540021.0
2023-04-08 04:30:00,0.01355,0.01355,0.01347,0.01354,2308710.0
2023-04-08 04:45:00,0.01353,0.0136,0.0135,0.01358,3250777.0
2023-04-08 05:00:00,0.01358,0.01358,0.0135,0.01357,1178276.0
2023-04-08 05:15:00,0.01359,0.01361,0.01356,0.01361,798822.0
2023-04-08 05:30:00,0.01361,0.01361,0.01356,0.01359,575185.0
2023-04-08 05:45:00,0.01362,0.01368,0.01361,0.01364,1051858.0
2023-04-08 06:00:00,0.01364,0.01369,0.01363,0.01364,1292596.0
2023-04-08 06:15:00,0.01364,0.01366,0.01361,0.01366,2126857.0
2023-04-08 06:30:00,0.01366,0.01371,0.01363,0.01366,3212460.0
2023-04-08 06:45:00,0.01366,0.01375,0.01365,0.01372,4695272.0
2023-04-08 07:00:00,0.01372,0.01375,0.01365,0.01368,1600653.0
2023-04-08 07:15:00,0.01367,0.01384,0.01367,0.0138,6257011.0
2023-04-08 07:30:00,0.01381,0.01382,0.01373,0.01376,2000712.0
2023-04-08 07:45:00,0.01377,0.01381,0.01374,0.01377,1433809.0
2023-04-08 08:00:00,0.01378,0.01378,0.01371,0.01374,1860532.0
2023-04-08 08:15:00,0.01375,0.01378,0.01369,0.01369,2199829.0
2023-04-08 08:30:00,0.01371,0.01373,0.01367,0.0137,1300168.0
2023-04-08 08:45:00,0.01369,0.01369,0.01365,0.01367,1380972.0
2023-04-08 09:00:00,0.01368,0.01369,0.0136,0.01364,3390885.0
2023-04-08 09:15:00,0.01366,0.01368,0.01365,0.01367,255747.0
2023-04-08 09:30:00,0.01368,0.01375,0.01367,0.01372,821132.0
2023-04-08 09:45:00,0.01372,0.01375,0.01367,0.01367,1341846.0
2023-04-08 10:00:00,0.01367,0.01381,0.01367,0.01374,1094762.0
2023-04-08 10:15:00,0.01373,0.01375,0.0137,0.0137,549821.0
2023-04-08 10:30:00,0.01371,0.01375,0.01371,0.01373,749880.0
2023-04-08 10:45:00,0.01373,0.01373,0.0137,0.0137,355015.0
2023-04-08 11:00:00,0.0137,0.01371,0.01367,0.01368,467829.0
2023-04-08 11:15:00,0.01367,0.01373,0.01363,0.0137,1711670.0
2023-04-08 11:30:00,0.01371,0.01381,0.01371,0.01379,3963254.0
2023-04-08 11:45:00,0.0138,0.01383,0.01379,0.01379,377472.0
2023-04-08 12:00:00,0.01379,0.01379,0.01363,0.01366,2595627.0
2023-04-08 12:15:00,0.01365,0.01368,0.01356,0.01362,2543043.0
2023-04-08 12:30:00,0.01363,0.0137,0.01363,0.01367,1658944.0
2023-04-08 12:45:00,0.01367,0.01367,0.01355,0.0136,3054155.0
2023-04-08 13:00:00,0.0136,0.01364,0.01355,0.01356,3183189.0
2023-04-08 13:15:00,0.01357,0.01358,0.01347,0.01347,3025109.0
2023-04-08 13:30:00,0.0135,0.01352,0.0133,0.0134,10495985.0
2023-04-08 13:45:00,0.01341,0.01346,0.01336,0.01346,8318649.0
2023-04-08 14:00:00,0.01345,0.01346,0.0134,0.01342,3477146.0
2023-04-08 14:15:00,0.01343,0.01347,0.0134,0.01343,2811620.0
2023-04-08 14:30:00,0.01343,0.01344,0.01337,0.0134,2290564.0
2023-04-08 14:45:00,0.0134,0.01345,0.01336,0.01339,2449231.0
2023-04-08 15:00:00,0.01339,0.01343,0.01336,0.01342,3275631.0
2023-04-08 15:15:00,0.01342,0.01342,0.01337,0.01338,1559102.0
2023-04-08 15:30:00,0.01338,0.01344,0.01338,0.01339,2032733.0
2023-04-08 15:45:00,0.01339,0.01351,0.01339,0.01346,5434758.0
2023-04-08 16:00:00,0.01348,0.01357,0.01343,0.01355,2992338.0
2023-04-08 16:15:00,0.01354,0.01361,0.01352,0.01356,2550239.0
2023-04-08 16:30:00,0.01355,0.01362,0.01353,0.01362,2265212.0
2023-04-08 16:45:00,0.01363,0.01364,0.01356,0.0136,1031985.0
2023-04-08 17:00:00,0.01358,0.01359,0.01356,0.01359,213664.0
2023-04-08 17:15:00,0.01357,0.0136,0.01354,0.0136,1362418.0
2023-04-08 17:30:00,0.01359,0.01362,0.01352,0.01354,1977251.0
2023-04-08 17:45:00,0.01355,0.01356,0.01341,0.01348,4882739.0
2023-04-08 18:00:00,0.01349,0.01359,0.01349,0.01358,1869479.0
2023-04-08 18:15:00,0.01358,0.01364,0.01356,0.0136,1381028.0
2023-04-08 18:30:00,0.01362,0.01365,0.01349,0.0136,5580528.0
2023-04-08 18:45:00,0.0136,0.01361,0.01349,0.01349,1839177.0
2023-04-08 19:00:00,0.01347,0.01351,0.01346,0.01347,683191.0
2023-04-08 19:15:00,0.01349,0.01352,0.01349,0.01351,103797.0
2023-04-08 19:30:00,0.01351,0.01352,0.01347,0.0135,1112032.0
2023-04-08 19:45:00,0.0135,0.01352,0.01347,0.01349,1614081.0
2023-04-08 20:00:00,0.01348,0.01356,0.01348,0.01356,362920.0
2023-04-08 20:15:00,0.01357,0.01357,0.01351,0.01354,2154401.0
2023-04-08 20:30:00,0.01355,0.01355,0.0135,0.0135,227078.0
2023-04-08 20:45:00,0.01352,0.01354,0.01349,0.01351,1022377.0
2023-04-08 21:00:00,0.01353,0.01353,0.01348,0.0135,718701.0
2023-04-08 21:15:00,0.01351,0.01355,0.01351,0.01355,370270.0
2023-04-08 21:30:00,0.01355,0.0136,0.01351,0.01357,2015385.0
2023-04-08 21:45:00,0.01355,0.01375,0.01349,0.01366,18693604.0
2023-04-08 22:00:00,0.01368,0.01373,0.01354,0.01362,9264746.0
2023-04-08 22:15:00,0.01363,0.01366,0.01347,0.01356,5779216.0
2023-04-08 22:30:00,0.01358,0.01364,0.01354,0.01357,1331147.0
2023-04-08 22:45:00,0.01359,0.01373,0.01357,0.01369,1294146.0
2023-04-08 23:00:00,0.01367,0.01372,0.01364,0.0137,2426118.0
2023-04-08 23:15:00,0.01368,0.0137,0.01359,0.01367,2633941.0
2023-04-08 23:30:00,0.01366,0.01373,0.01366,0.01369,2573784.0
2023-04-08 23:45:00,0.01366,0.01379,0.01364,0.01372,5667855.0
2023-04-09 00:00:00,0.01374,0.014,0.01366,0.01392,9085662.0
2023-04-09 00:15:00,0.01392,0.01408,0.01386,0.01401,10914812.0
2023-04-09 00:30:00,0.014,0.01405,0.01391,0.01404,4669046.0
2023-04-09 00:45:00,0.01403,0.01419,0.01398,0.01407,10811525.0
2023-04-09 01:00:00,0.01406,0.0143,0.014,0.01421,13498077.0
2023-04-09 01:15:00,0.01421,0.01431,0.01408,0.01426,6199755.0
2023-04-09 01:30:00,0.01428,0.01432,0.01418,0.01419,4538501.0
2023-04-09 01:45:00,0.01422,0.0144,0.01422,0.01425,10351079.0
2023-04-09 02:00:00,0.01425,0.01429,0.01414,0.01423,2064988.0
2023-04-09 02:15:00,0.01423,0.01464,0.01419,0.01438,20530732.0
2023-04-09 02:30:00,0.01436,0.01458,0.0143,0.01452,10263939.0
2023-04-09 02:45:00,0.01452,0.01456,0.01441,0.01444,9984773.0
2023-04-09 03:00:00,0.01444,0.01458,0.01441,0.01451,4581035.0
2023-04-09 03:15:00,0.0145,0.01475,0.0144,0.01467,10137256.0
2023-04-09 03:30:00,0.01465,0.01469,0.01452,0.01457,9164684.0
2023-04-09 03:45:00,0.01458,0.01463,0.01424,0.01429,11357068.0
2023-04-09 04:00:00,0.01432,0.01444,0.01428,0.0143,5183600.0
2023-04-09 04:15:00,0.0143,0.01442,0.0143,0.01438,2700120.0
2023-04-09 04:30:00,0.01439,0.01443,0.01434,0.01438,1579063.0
2023-04-09 04:45:00,0.0144,0.0146,0.0144,0.0145,3958600.0
2023-04-09 05:00:00,0.01451,0.01456,0.01441,0.01448,2737273.0
2023-04-09 05:15:00,0.01449,0.01454,0.01444,0.01447,3991429.0
2023-04-09 05:30:00,0.01449,0.01451,0.01435,0.01438,4537026.0
2023-04-09 05:45:00,0.01439,0.01442,0.0142,0.01426,8724065.0
2023-04-09 06:00:00,0.01427,0.01441,0.01427,0.01435,2522586.0
2023-04-09 06:15:00,0.01435,0.01445,0.01429,0.01439,3998372.0
2023-04-09 06:30:00,0.0144,0.01457,0.01432,0.01433,4388005.0
2023-04-09 06:45:00,0.01433,0.01433,0.01408,0.01415,15835734.0
2023-04-09 07:00:00,0.01415,0.01424,0.01403,0.0142,14265867.0
2023-04-09 07:15:00,0.01419,0.01425,0.0141,0.01421,4164503.0
2023-04-09 07:30:00,0.01423,0.01425,0.0141,0.01412,3738263.0
2023-04-09 07:45:00,0.01413,0.01421,0.0141,0.01415,1091949.0
2023-04-09 08:00:00,0.01414,0.01434,0.01414,0.01425,4424124.0
2023-04-09 08:15:00,0.01424,0.01426,0.0142,0.01424,2254147.0
2023-04-09 08:30:00,0.01424,0.01454,0.01424,0.0144,10799500.0
2023-04-09 08:45:00,0.0144,0.01445,0.01435,0.01436,3292016.0
2023-04-09 09:00:00,0.01434,0.01446,0.01431,0.01445,3772737.0
2023-04-09 09:15:00,0.01445,0.01461,0.01444,0.01447,6732722.0
2023-04-09 09:30:00,0.01447,0.01452,0.01443,0.01449,2134949.0
2023-04-09 09:45:00,0.01451,0.01453,0.01436,0.01442,3821417.0
2023-04-09 10:00:00,0.01443,0.01446,0.01431,0.01439,4160212.0
2023-04-09 10:15:00,0.01438,0.0145,0.01435,0.01448,1925017.0
2023-04-09 10:30:00,0.01447,0.01449,0.01438,0.01448,2803734.0
2023-04-09 10:45:00,0.01448,0.0146,0.0144,0.01443,5744009.0
2023-04-09 11:00:00,0.01445,0.01446,0.01435,0.01438,1982384.0
2023-04-09 11:15:00,0.01438,0.01441,0.01433,0.01441,2703590.0
2023-04-09 11:30:00,0.01441,0.01441,0.01426,0.01429,2656210.0
2023-04-09 11:45:00,0.01429,0.01433,0.01424,0.01425,3320653.0
2023-04-09 12:00:00,0.01425,0.01542,0.01424,0.01485,59648406.0
2023-04-09 12:15:00,0.01485,0.01536,0.01485,0.01509,63734321.0
2023-04-09 12:30:00,0.01509,0.01552,0.01498,0.01524,43206271.0
2023-04-09 12:45:00,0.01523,0.01528,0.01496,0.01503,19785192.0
2023-04-09 13:00:00,0.01503,0.01513,0.01489,0.01511,13177854.0
2023-04-09 13:15:00,0.0151,0.0151,0.01488,0.01496,6596397.0
2023-04-09 13:30:00,0.01496,0.01497,0.01479,0.0148,9727450.0
2023-04-09 13:45:00,0.01482,0.01494,0.01466,0.01471,5707349.0
2023-04-09 14:00:00,0.01473,0.01475,0.01455,0.01467,10733135.0
2023-04-09 14:15:00,0.01467,0.01474,0.01453,0.01459,6887492.0
2023-04-09 14:30:00,0.01458,0.0147,0.01456,0.01456,5756000.0
2023-04-09 14:45:00,0.01456,0.01457,0.01438,0.01443,10813436.0
2023-04-09 15:00:00,0.01443,0.01451,0.0144,0.01449,5491515.0
2023-04-09 15:15:00,0.01447,0.01466,0.01445,0.01459,10900169.0
2023-04-09 15:30:00,0.01462,0.01502,0.01462,0.01487,25468674.0
2023-04-09 15:45:00,0.01489,0.01495,0.0147,0.01475,9330163.0
2023-04-09 16:00:00,0.01478,0.01501,0.01473,0.01491,11938970.0
2023-04-09 16:15:00,0.0149,0.01497,0.0148,0.01493,7244944.0
2023-04-09 16:30:00,0.01493,0.01516,0.01482,0.0149,14968446.0
2023-04-09 16:45:00,0.0149,0.01493,0.01475,0.01481,3773189.0
2023-04-09 17:00:00,0.01479,0.01503,0.01477,0.01495,4685829.0
2023-04-09 17:15:00,0.01494,0.01495,0.01486,0.01491,2598068.0
2023-04-09 17:30:00,0.01492,0.01495,0.01481,0.01493,2120587.0
2023-04-09 17:45:00,0.01493,0.01496,0.01481,0.01481,4168027.0
2023-04-09 18:00:00,0.01481,0.01494,0.01476,0.01479,2130231.0
2023-04-09 18:15:00,0.01479,0.01486,0.01474,0.01484,2935592.0
2023-04-09 18:30:00,0.01484,0.01485,0.01475,0.01477,5614333.0
2023-04-09 18:45:00,0.01477,0.01501,0.01477,0.01497,4505424.0
2023-04-09 19:00:00,0.01496,0.01516,0.01493,0.01508,7773697.0
2023-04-09 19:15:00,0.01509,0.01528,0.015,0.01514,9048779.0
2023-04-09 19:30:00,0.01513,0.0152,0.015,0.01508,6573528.0
2023-04-09 19:45:00,0.01506,0.01547,0.01506,0.01518,13747153.0
2023-04-09 20:00:00,0.01519,0.01531,0.01515,0.01519,7327236.0
2023-04-09 20:15:00,0.01519,0.01537,0.01519,0.01528,5266652.0
2023-04-09 20:30:00,0.01528,0.0153,0.01519,0.01523,4568076.0
2023-04-09 20:45:00,0.01523,0.0153,0.01519,0.01527,3466346.0
2023-04-09 21:00:00,0.01527,0.0155,0.01523,0.01525,13668469.0
2023-04-09 21:15:00,0.01525,0.01534,0.0152,0.01527,4927167.0
2023-04-09 21:30:00,0.01529,0.01531,0.01518,0.01521,5508883.0
2023-04-09 21:45:00,0.01521,0.01528,0.01513,0.01519,4159552.0
2023-04-09 22:00:00,0.0152,0.01537,0.01506,0.01511,8946660.0
2023-04-09 22:15:00,0.01513,0.01515,0.01506,0.01506,3861778.0
2023-04-09 22:30:00,0.01507,0.01524,0.01507,0.01511,3485700.0
2023-04-09 22:45:00,0.01511,0.01525,0.01507,0.01516,1584970.0
2023-04-09 23:00:00,0.01515,0.01527,0.01513,0.01515,3458140.0
2023-04-09 23:15:00,0.01514,0.01518,0.01507,0.0151,1553335.0
2023-04-09 23:30:00,0.01509,0.01511,0.0149,0.01496,3318759.0
2023-04-09 23:45:00,0.01498,0.01506,0.01495,0.01503,4348566.0
2023-04-10 00:00:00,0.01504,0.01825,0.01504,0.01777,103374806.0
2023-04-10 00:15:00,0.01777,0.01777,0.01641,0.01658,86302865.0
2023-04-10 00:30:00,0.01658,0.01659,0.01587,0.01599,48191230.0
2023-04-10 00:45:00,0.016,0.01648,0.01599,0.01611,19113813.0
2023-04-10 01:00:00,0.01608,0.01645,0.01582,0.01611,22168783.0
2023-04-10 01:15:00,0.01612,0.01645,0.0158,0.01583,24853561.0
2023-04-10 01:30:00,0.01583,0.01614,0.01583,0.01597,6137093.0
2023-04-10 01:45:00,0.01598,0.01609,0.01578,0.01592,9603402.0
2023-04-10 02:00:00,0.01591,0.01596,0.01576,0.01584,5950366.0
2023-04-10 02:15:00,0.01581,0.01582,0.01552,0.01571,9314334.0
2023-04-10 02:30:00,0.01571,0.01599,0.01559,0.01567,4833982.0
2023-04-10 02:45:00,0.01568,0.01585,0.01568,0.01581,3989422.0
2023-04-10 03:00:00,0.01581,0.01594,0.01563,0.01589,4757887.0
2023-04-10 03:15:00,0.01588,0.01609,0.01577,0.01584,5568549.0
2023-04-10 03:30:00,0.01585,0.01587,0.0157,0.01574,4552119.0
2023-04-10 03:45:00,0.01575,0.01595,0.01575,0.01593,2778733.0
2023-04-10 04:00:00,0.01594,0.01594,0.01567,0.01587,2135540.0
2023-04-10 04:15:00,0.01588,0.01589,0.01571,0.01573,2559966.0
2023-04-10 04:30:00,0.01576,0.0158,0.0155,0.01556,21304783.0
2023-04-10 04:45:00,0.01559,0.01561,0.01535,0.0154,8136930.0
2023-04-10 05:00:00,0.0154,0.01566,0.0154,0.01549,6771842.0
2023-04-10 05:15:00,0.01547,0.01554,0.01544,0.01552,1182615.0
2023-04-10 05:30:00,0.0155,0.01561,0.01548,0.0156,3088358.0
2023-04-10 05:45:00,0.01559,0.01564,0.01552,0.01554,1824233.0
2023-04-10 06:00:00,0.01555,0.01559,0.01553,0.01554,916789.0
2023-04-10 06:15:00,0.01554,0.01557,0.01546,0.01549,2738075.0
2023-04-10 06:30:00,0.01549,0.01551,0.01529,0.01539,7843819.0
2023-04-10 06:45:00,0.01537,0.01539,0.01511,0.01525,7128359.0
2023-04-10 07:00:00,0.01525,0.01534,0.01507,0.01507,9646691.0
2023-04-10 07:15:00,0.01509,0.01528,0.01508,0.01518,5756035.0
2023-04-10 07:30:00,0.01516,0.01555,0.01513,0.01532,4981226.0
2023-04-10 07:45:00,0.01532,0.01544,0.0153,0.01536,3378312.0
2023-04-10 08:00:00,0.01535,0.01541,0.01509,0.01534,12777026.0
2023-04-10 08:15:00,0.01533,0.01542,0.01525,0.01534,4131998.0
2023-04-10 08:30:00,0.01534,0.01536,0.01516,0.01522,2915877.0
2023-04-10 08:45:00,0.01522,0.01522,0.0151,0.01519,1827434.0
2023-04-10 09:00:00,0.01519,0.0152,0.01502,0.01515,2206600.0
2023-04-10 09:15:00,0.01514,0.01523,0.01513,0.01515,835750.0
2023-04-10 09:30:00,0.01514,0.01516,0.01485,0.01512,16416158.0
2023-04-10 09:45:00,0.01513,0.01515,0.01507,0.01508,3626890.0
2023-04-10 10:00:00,0.01511,0.01515,0.01484,0.01494,7797882.0
2023-04-10 10:15:00,0.01494,0.01503,0.01489,0.01497,6673016.0
2023-04-10 10:30:00,0.01496,0.01503,0.0149,0.01501,1856168.0
2023-04-10 10:45:00,0.01501,0.01501,0.01491,0.01499,2768335.0
2023-04-10 11:00:00,0.01498,0.01505,0.01493,0.01502,1166771.0
2023-04-10 11:15:00,0.01501,0.01518,0.01499,0.0151,3750205.0
2023-04-10 11:30:00,0.0151,0.0151,0.01497,0.01505,2074410.0
2023-04-10 11:45:00,0.01505,0.01509,0.01483,0.01492,7644415.0
2023-04-10 12:00:00,0.01492,0.01503,0.01491,0.01498,1953630.0
2023-04-10 12:15:00,0.01496,0.01498,0.01489,0.01494,1211958.0
2023-04-10 12:30:00,0.01493,0.01495,0.01479,0.01485,7172539.0
2023-04-10 12:45:00,0.01486,0.01495,0.01474,0.01474,2099241.0
2023-04-10 13:00:00,0.01476,0.01491,0.01476,0.01487,1814374.0
2023-04-10 13:15:00,0.01487,0.01494,0.01486,0.01492,1479934.0
2023-04-10 13:30:00,0.01492,0.01492,0.01478,0.01478,1436494.0
2023-04-10 13:45:00,0.01478,0.01484,0.01453,0.01467,20319054.0
2023-04-10 14:00:00,0.01469,0.01481,0.01469,0.01479,2858175.0
2023-04-10 14:15:00,0.01479,0.01479,0.0147,0.01476,793382.0
2023-04-10 14:30:00,0.01474,0.01479,0.01474,0.01479,298515.0
2023-04-10 14:45:00,0.01478,0.01485,0.01475,0.01475,1274918.0
2023-04-10 15:00:00,0.01476,0.01476,0.01465,0.01471,1653511.0
2023-04-10 15:15:00,0.01472,0.01475,0.01471,0.01473,518951.0
2023-04-10 15:30:00,0.01473,0.0148,0.01473,0.01476,4132143.0
2023-04-10 15:45:00,0.01476,0.01479,0.0146,0.01461,2769524.0
2023-04-10 16:00:00,0.01461,0.01466,0.01443,0.0145,9117884.0
2023-04-10 16:15:00,0.01452,0.01455,0.01446,0.01449,4278566.0
2023-04-10 16:30:00,0.0145,0.01454,0.01446,0.01451,4949515.0
2023-04-10 16:45:00,0.01451,0.01469,0.01451,0.01467,4673097.0
2023-04-10 17:00:00,0.01467,0.01477,0.01465,0.0147,4211577.0
2023-04-10 17:15:00,0.01468,0.01472,0.01462,0.01465,3428752.0
2023-04-10 17:30:00,0.01467,0.01475,0.0146,0.01466,5564530.0
2023-04-10 17:45:00,0.01464,0.01486,0.01464,0.01486,3295742.0
2023-04-10 18:00:00,0.01486,0.0149,0.01479,0.01481,3905663.0
2023-04-10 18:15:00,0.01483,0.01486,0.01476,0.01484,2112298.0
2023-04-10 18:30:00,0.01484,0.01495,0.01483,0.01487,1507105.0
2023-04-10 18:45:00,0.01486,0.01513,0.01486,0.01495,4322089.0
2023-04-10 19:00:00,0.01495,0.01495,0.01462,0.0148,8124473.0
2023-04-10 19:15:00,0.01479,0.01483,0.0147,0.01474,989126.0
2023-04-10 19:30:00,0.01473,0.01483,0.01473,0.01483,492553.0
2023-04-10 19:45:00,0.01482,0.01484,0.01475,0.0148,1654463.0
2023-04-10 20:00:00,0.01481,0.0149,0.01477,0.0148,3187131.0
2023-04-10 20:15:00,0.01482,0.01483,0.01476,0.01479,2953729.0
2023-04-10 20:30:00,0.0148,0.01484,0.01477,0.01478,1250912.0
2023-04-10 20:45:00,0.01478,0.01486,0.01478,0.01482,617151.0
2023-04-10 21:00:00,0.01483,0.01489,0.01481,0.01482,1947827.0
2023-04-10 21:15:00,0.01482,0.0149,0.01481,0.01485,737290.0
2023-04-10 21:30:00,0.01485,0.01488,0.01483,0.01483,1475122.0
2023-04-10 21:45:00,0.01483,0.01483,0.01481,0.01483,235091.0
2023-04-10 22:00:00,0.01482,0.01496,0.01482,0.0149,1485751.0
2023-04-10 22:15:00,0.01491,0.01495,0.01489,0.01494,486822.0
2023-04-10 22:30:00,0.01494,0.01495,0.01489,0.01492,538348.0
2023-04-10 22:45:00,0.01492,0.01493,0.01485,0.0149,547835.0
2023-04-10 23:00:00,0.0149,0.01508,0.0149,0.01499,4355818.0
2023-04-10 23:15:00,0.01498,0.01498,0.01491,0.01497,2597275.0
2023-04-10 23:30:00,0.01497,0.01498,0.01488,0.01491,3092187.0
2023-04-10 23:45:00,0.0149,0.0149,0.01484,0.01488,2308406.0
2023-04-11 00:00:00,0.01488,0.0149,0.01469,0.01471,4168885.0
2023-04-11 00:15:00,0.01471,0.01477,0.0147,0.0147,1136674.0
2023-04-11 00:30:00,0.01471,0.01482,0.0147,0.01475,2108500.0
2023-04-11 00:45:00,0.01475,0.01484,0.01475,0.01483,1217365.0
2023-04-11 01:00:00,0.01482,0.01498,0.0148,0.0148,3758885.0
2023-04-11 01:15:00,0.01481,0.01481,0.01472,0.01475,1520784.0
2023-04-11 01:30:00,0.01474,0.01484,0.01474,0.01484,865865.0
2023-04-11 01:45:00,0.01484,0.015,0.01484,0.01493,3453864.0
2023-04-11 02:00:00,0.01493,0.01498,0.01489,0.01497,1498232.0
2023-04-11 02:15:00,0.01498,0.01498,0.01491,0.01492,744203.0
2023-04-11 02:30:00,0.01491,0.01497,0.01485,0.01486,1847061.0
2023-04-11 02:45:00,0.01486,0.01489,0.01481,0.01484,985874.0
2023-04-11 03:00:00,0.01483,0.01512,0.01481,0.01481,3285579.0
2023-04-11 03:15:00,0.01481,0.01481,0.01475,0.01481,1145154.0
2023-04-11 03:30:00,0.01482,0.01483,0.01481,0.01483,457203.0
2023-04-11 03:45:00,0.01482,0.01485,0.01482,0.01485,75595.0
2023-04-11 04:00:00,0.01485,0.01486,0.01479,0.01486,1608050.0
2023-04-11 04:15:00,0.01485,0.01489,0.01481,0.01487,1599718.0
2023-04-11 04:30:00,0.01487,0.01487,0.0148,0.01482,761087.0
2023-04-11 04:45:00,0.01481,0.01484,0.01481,0.01482,639276.0
2023-04-11 05:00:00,0.01483,0.01489,0.01483,0.01488,909372.0
2023-04-11 05:15:00,0.01489,0.01491,0.01486,0.01486,481465.0
2023-04-11 05:30:00,0.01486,0.01488,0.01476,0.01477,3089260.0
2023-04-11 05:45:00,0.01477,0.01477,0.01468,0.01469,3268049.0
2023-04-11 06:00:00,0.01469,0.01473,0.01466,0.01473,1951289.0
2023-04-11 06:15:00,0.01475,0.01476,0.01471,0.01475,1474402.0
2023-04-11 06:30:00,0.01475,0.01478,0.01473,0.01478,1095639.0
2023-04-11 06:45:00,0.01478,0.01481,0.01477,0.01479,469890.0
2023-04-11 07:00:00,0.01478,0.01479,0.01467,0.01467,4742397.0
2023-04-11 07:15:00,0.01469,0.01472,0.01467,0.0147,1337046.0
2023-04-11 07:30:00,0.01471,0.01471,0.0146,0.01462,3935204.0
2023-04-11 07:45:00,0.01462,0.01468,0.01458,0.0146,4198127.0
2023-04-11 08:00:00,0.0146,0.01462,0.01448,0.01451,3675003.0
2023-04-11 08:15:00,0.01451,0.01455,0.01448,0.01455,1514919.0
2023-04-11 08:30:00,0.01455,0.01461,0.01455,0.01458,1345761.0
2023-04-11 08:45:00,0.01457,0.01457,0.01446,0.01451,2329196.0
2023-04-11 09:00:00,0.0145,0.0145,0.01443,0.0145,1702623.0
2023-04-11 09:15:00,0.01451,0.01451,0.01445,0.0145,1048191.0
2023-04-11 09:30:00,0.0145,0.01453,0.01449,0.01452,767006.0
2023-04-11 09:45:00,0.01452,0.01459,0.01449,0.01457,954481.0
2023-04-11 10:00:00,0.01456,0.0146,0.01456,0.01457,246652.0
2023-04-11 10:15:00,0.01457,0.01458,0.01452,0.01456,1010180.0
2023-04-11 10:30:00,0.01456,0.01465,0.01453,0.0146,2903519.0
2023-04-11 10:45:00,0.0146,0.01467,0.01457,0.01467,2213155.0
2023-04-11 11:00:00,0.01466,0.01466,0.01457,0.01458,323645.0
2023-04-11 11:15:00,0.01459,0.01465,0.01458,0.01463,689332.0
2023-04-11 11:30:00,0.01462,0.01463,0.01455,0.01456,637163.0
2023-04-11 11:45:00,0.01456,0.0146,0.01455,0.01459,466365.0
2023-04-11 12:00:00,0.0146,0.0146,0.01449,0.01451,2435844.0
2023-04-11 12:15:00,0.01451,0.01457,0.0145,0.01451,1995386.0
2023-04-11 12:30:00,0.0145,0.01454,0.0145,0.01452,1208510.0
2023-04-11 12:45:00,0.01453,0.01455,0.0145,0.01453,835098.0
2023-04-11 13:00:00,0.01454,0.01455,0.01451,0.01454,726707.0
2023-04-11 13:15:00,0.01453,0.01457,0.01452,0.01457,420955.0
2023-04-11 13:30:00,0.01457,0.01462,0.01456,0.01461,542448.0
2023-04-11 13:45:00,0.0146,0.01465,0.0146,0.01464,1244981.0
2023-04-11 14:00:00,0.01464,0.01464,0.0146,0.01461,1089001.0
2023-04-11 14:15:00,0.0146,0.01462,0.01458,0.01462,1011216.0
2023-04-11 14:30:00,0.01461,0.0147,0.01454,0.01459,2509416.0
2023-04-11 14:45:00,0.01458,0.01459,0.01455,0.01457,157059.0
2023-04-11 15:00:00,0.01457,0.01467,0.01457,0.01467,1149314.0
2023-04-11 15:15:00,0.01467,0.0147,0.01463,0.01464,737191.0
2023-04-11 15:30:00,0.01464,0.01465,0.01463,0.01463,188833.0
2023-04-11 15:45:00,0.01464,0.01477,0.01464,0.01473,1690327.0
2023-04-11 16:00:00,0.01473,0.01474,0.01458,0.01462,1830198.0
2023-04-11 16:15:00,0.01462,0.01462,0.0145,0.01453,1599606.0
2023-04-11 16:30:00,0.01455,0.01459,0.01441,0.01444,3964589.0
2023-04-11 16:45:00,0.01444,0.01444,0.01433,0.01436,3419269.0
2023-04-11 17:00:00,0.01437,0.0144,0.01433,0.01438,1038366.0
2023-04-11 17:15:00,0.01439,0.01439,0.01425,0.01436,2328070.0
2023-04-11 17:30:00,0.01437,0.01437,0.01435,0.01437,153803.0
2023-04-11 17:45:00,0.01437,0.01439,0.01436,0.01439,565793.0
2023-04-11 18:00:00,0.01439,0.01439,0.01435,0.01436,430880.0
2023-04-11 18:15:00,0.01437,0.01442,0.01435,0.01437,705792.0
2023-04-11 18:30:00,0.01437,0.01442,0.01436,0.0144,483256.0
2023-04-11 18:45:00,0.0144,0.01443,0.01437,0.01443,743650.0
2023-04-11 19:00:00,0.01441,0.01443,0.01439,0.01443,332723.0
2023-04-11 19:15:00,0.01443,0.01448,0.01442,0.01448,637318.0
2023-04-11 19:30:00,0.01448,0.01448,0.01438,0.01438,931409.0
2023-04-11 19:45:00,0.01438,0.01438,0.01428,0.01429,938667.0
2023-04-11 20:00:00,0.0143,0.01436,0.01428,0.01434,1293830.0
2023-04-11 20:15:00,0.01434,0.01434,0.01426,0.01431,904133.0
2023-04-11 20:30:00,0.01432,0.01434,0.01431,0.01433,366648.0
2023-04-11 20:45:00,0.01433,0.01435,0.01432,0.01434,485994.0
2023-04-11 21:00:00,0.01434,0.01436,0.01432,0.01436,924381.0
2023-04-11 21:15:00,0.01436,0.01436,0.01434,0.01436,196719.0
2023-04-11 21:30:00,0.01435,0.01437,0.01434,0.01434,266868.0
2023-04-11 21:45:00,0.01434,0.01436,0.01434,0.01436,387347.0
2023-04-11 22:00:00,0.01436,0.01437,0.01435,0.01437,344822.0
2023-04-11 22:15:00,0.01437,0.01439,0.01436,0.01438,259881.0
2023-04-11 22:30:00,0.01438,0.0144,0.01437,0.0144,234542.0
2023-04-11 22:45:00,0.01439,0.01442,0.01437,0.01441,446914.0
2023-04-11 23:00:00,0.01441,0.01441,0.01434,0.01435,1511909.0
2023-04-11 23:15:00,0.01435,0.01436,0.01429,0.01429,533956.0
2023-04-11 23:30:00,0.0143,0.01431,0.01427,0.0143,408286.0
2023-04-11 23:45:00,0.01429,0.01431,0.01427,0.01428,806108.0
2023-04-12 00:00:00,0.01429,0.01431,0.01417,0.01419,3393189.0
2023-04-12 00:15:00,0.01419,0.01437,0.01419,0.01437,1553679.0
2023-04-12 00:30:00,0.01437,0.01437,0.01427,0.01427,710102.0
2023-04-12 00:45:00,0.01426,0.01426,0.01392,0.01407,5741702.0
2023-04-12 01:00:00,0.01407,0.01408,0.01391,0.014,3161022.0
2023-04-12 01:15:00,0.01401,0.01404,0.01398,0.014,1480127.0
2023-04-12 01:30:00,0.014,0.01404,0.01392,0.01393,957422.0
2023-04-12 01:45:00,0.01392,0.01393,0.01383,0.01391,3437219.0
2023-04-12 02:00:00,0.01393,0.01398,0.01368,0.01372,3040551.0
2023-04-12 02:15:00,0.0137,0.01376,0.01357,0.01365,3399503.0
2023-04-12 02:30:00,0.01364,0.01372,0.01363,0.01371,759258.0
2023-04-12 02:45:00,0.0137,0.01371,0.0136,0.01362,1035461.0
2023-04-12 03:00:00,0.01362,0.0137,0.0136,0.0137,914116.0
2023-04-12 03:15:00,0.0137,0.01371,0.01367,0.01369,566803.0
2023-04-12 03:30:00,0.01368,0.01368,0.01362,0.01363,703838.0
2023-04-12 03:45:00,0.01363,0.01363,0.01359,0.01361,672091.0
2023-04-12 04:00:00,0.01361,0.01361,0.0135,0.01358,2016064.0
2023-04-12 04:15:00,0.01358,0.01359,0.01356,0.01357,585659.0
2023-04-12 04:30:00,0.01358,0.01365,0.01358,0.01365,274420.0
2023-04-12 04:45:00,0.01366,0.01368,0.01366,0.01367,307691.0
2023-04-12 05:00:00,0.01368,0.01369,0.01365,0.01366,1964966.0
2023-04-12 05:15:00,0.01366,0.01368,0.0136,0.01361,1021651.0
2023-04-12 05:30:00,0.01361,0.01361,0.01354,0.01357,1121864.0
2023-04-12 05:45:00,0.01355,0.01356,0.01345,0.01348,1523203.0
2023-04-12 06:00:00,0.01348,0.01362,0.01348,0.01358,1273777.0
2023-04-12 06:15:00,0.01358,0.01359,0.01355,0.01358,405921.0
2023-04-12 06:30:00,0.0136,0.01373,0.0136,0.01373,831409.0
2023-04-12 06:45:00,0.01372,0.01376,0.01369,0.01374,904719.0
2023-04-12 07:00:00,0.01374,0.01374,0.01363,0.01366,3440953.0
2023-04-12 07:15:00,0.01366,0.01375,0.01365,0.01375,1428449.0
2023-04-12 07:30:00,0.01373,0.01378,0.0137,0.0137,1057819.0
2023-04-12 07:45:00,0.01372,0.01372,0.01366,0.01366,1179493.0
2023-04-12 08:00:00,0.01366,0.01368,0.01364,0.01366,1168785.0
2023-04-12 08:15:00,0.01367,0.01367,0.0136,0.0136,1176894.0
2023-04-12 08:30:00,0.0136,0.0136,0.01355,0.0136,1711788.0
2023-04-12 08:45:00,0.0136,0.01362,0.01358,0.0136,1582100.0
2023-04-12 09:00:00,0.0136,0.01364,0.01348,0.01364,2059750.0
2023-04-12 09:15:00,0.01364,0.01371,0.01364,0.01369,507513.0
2023-04-12 09:30:00,0.01369,0.01408,0.01368,0.01395,5317736.0
2023-04-12 09:45:00,0.01392,0.014,0.01387,0.01387,2393454.0
2023-04-12 10:00:00,0.01388,0.01388,0.01366,0.01378,2565097.0
2023-04-12 10:15:00,0.01378,0.01382,0.01378,0.0138,636124.0
2023-04-12 10:30:00,0.01381,0.01391,0.01381,0.01388,1114397.0
2023-04-12 10:45:00,0.01389,0.0139,0.01383,0.01383,963101.0
2023-04-12 11:00:00,0.01383,0.01385,0.01376,0.01379,2624829.0
2023-04-12 11:15:00,0.0138,0.01383,0.01376,0.01382,1184067.0
2023-04-12 11:30:00,0.01382,0.01384,0.01381,0.01383,980099.0
2023-04-12 11:45:00,0.01383,0.01396,0.01383,0.01393,1599860.0
2023-04-12 12:00:00,0.01393,0.01393,0.0138,0.0138,4610419.0
2023-04-12 12:15:00,0.0138,0.01381,0.01378,0.0138,1497893.0
2023-04-12 12:30:00,0.01381,0.01408,0.01381,0.01405,3032596.0
2023-04-12 12:45:00,0.01405,0.01405,0.01396,0.01397,6248099.0
2023-04-12 13:00:00,0.01397,0.01413,0.01395,0.01413,2199102.0
2023-04-12 13:15:00,0.01414,0.01414,0.01405,0.01408,2073978.0
2023-04-12 13:30:00,0.01407,0.01409,0.01404,0.01404,1833614.0
2023-04-12 13:45:00,0.01405,0.0141,0.01401,0.01407,3270094.0
2023-04-12 14:00:00,0.01407,0.01415,0.014,0.01415,2295686.0
2023-04-12 14:15:00,0.01416,0.01425,0.01414,0.01423,1436059.0
2023-04-12 14:30:00,0.01424,0.01429,0.01423,0.01428,2297290.0
2023-04-12 14:45:00,0.01429,0.01433,0.01415,0.01415,1029398.0
2023-04-12 15:00:00,0.01417,0.01421,0.01405,0.01407,2335710.0
2023-04-12 15:15:00,0.01409,0.01418,0.01404,0.01416,743166.0
2023-04-12 15:30:00,0.01417,0.01421,0.01415,0.0142,677453.0
2023-04-12 15:45:00,0.01421,0.01425,0.01415,0.01415,2579086.0
2023-04-12 16:00:00,0.01417,0.01419,0.01408,0.01411,689896.0
2023-04-12 16:15:00,0.01411,0.01411,0.01403,0.01406,1131710.0
2023-04-12 16:30:00,0.01405,0.01405,0.01397,0.01397,771556.0
2023-04-12 16:45:00,0.01398,0.01401,0.01397,0.01401,533072.0
2023-04-12 17:00:00,0.01402,0.01409,0.01402,0.01408,1604978.0
2023-04-12 17:15:00,0.01408,0.01409,0.01408,0.01409,69646.0
2023-04-12 17:30:00,0.01409,0.01414,0.01408,0.01413,479536.0
2023-04-12 17:45:00,0.01412,0.01416,0.01411,0.01413,561834.0
2023-04-12 18:00:00,0.01412,0.01418,0.01404,0.01405,1310092.0
2023-04-12 18:15:00,0.01406,0.01409,0.01397,0.01397,2217429.0
2023-04-12 18:30:00,0.01398,0.01398,0.01391,0.01391,1494265.0
2023-04-12 18:45:00,0.01392,0.01394,0.01385,0.01391,1109084.0
2023-04-12 19:00:00,0.01391,0.01393,0.01382,0.01382,899004.0
2023-04-12 19:15:00,0.01383,0.01385,0.01375,0.01375,2267288.0
2023-04-12 19:30:00,0.01376,0.01387,0.01376,0.01385,510043.0
2023-04-12 19:45:00,0.01386,0.01387,0.01383,0.01387,2099572.0
2023-04-12 20:00:00,0.01387,0.01397,0.01387,0.01395,3319476.0
2023-04-12 20:15:00,0.01396,0.014,0.01395,0.01399,490258.0
2023-04-12 20:30:00,0.01397,0.01397,0.01393,0.01394,142148.0
2023-04-12 20:45:00,0.01394,0.01398,0.01393,0.01393,475551.0
2023-04-12 21:00:00,0.01395,0.014,0.01395,0.014,231397.0
2023-04-12 21:15:00,0.01398,0.01402,0.01398,0.01401,126667.0
2023-04-12 21:30:00,0.01402,0.01403,0.01399,0.01401,552693.0
2023-04-12 21:45:00,0.01402,0.01403,0.01401,0.01403,63975.0
2023-04-12 22:00:00,0.01403,0.01404,0.01399,0.01399,159149.0
2023-04-12 22:15:00,0.01399,0.01401,0.01399,0.014,433191.0
2023-04-12 22:30:00,0.01401,0.01401,0.01397,0.01398,450031.0
2023-04-12 22:45:00,0.01398,0.01399,0.01393,0.01393,630720.0
2023-04-12 23:00:00,0.01393,0.01396,0.01391,0.01396,592733.0
2023-04-12 23:15:00,0.01396,0.01408,0.01396,0.01406,839508.0
2023-04-12 23:30:00,0.01406,0.01407,0.014,0.014,371262.0
2023-04-12 23:45:00,0.01399,0.01399,0.01395,0.01395,499581.0
2023-04-13 00:00:00,0.01397,0.014,0.01395,0.01396,473329.0
2023-04-13 00:15:00,0.01395,0.01395,0.01384,0.01391,1300043.0
2023-04-13 00:30:00,0.01391,0.01395,0.01389,0.01389,1525062.0
2023-04-13 00:45:00,0.01391,0.01391,0.01384,0.01384,294371.0
2023-04-13 01:00:00,0.01383,0.01383,0.01377,0.01383,1651975.0
2023-04-13 01:15:00,0.01383,0.01383,0.0138,0.01383,494761.0
2023-04-13 01:30:00,0.01382,0.01388,0.01379,0.01388,634535.0
2023-04-13 01:45:00,0.01386,0.01391,0.01385,0.0139,746153.0
2023-04-13 02:00:00,0.01389,0.01389,0.0138,0.01382,679617.0
2023-04-13 02:15:00,0.01382,0.0139,0.01382,0.0139,1616417.0
2023-04-13 02:30:00,0.0139,0.01395,0.01388,0.01393,1139907.0
2023-04-13 02:45:00,0.01394,0.01395,0.01393,0.01393,352167.0
2023-04-13 03:00:00,0.01392,0.01392,0.01389,0.0139,158597.0
2023-04-13 03:15:00,0.01389,0.01394,0.01389,0.01394,138290.0
2023-04-13 03:30:00,0.01394,0.01395,0.01391,0.01395,344900.0
2023-04-13 03:45:00,0.01396,0.01398,0.01393,0.01395,326341.0
2023-04-13 04:00:00,0.01394,0.01396,0.0139,0.01394,404138.0
2023-04-13 04:15:00,0.01394,0.01396,0.0139,0.01396,259385.0
2023-04-13 04:30:00,0.01396,0.01397,0.01392,0.01393,125144.0
2023-04-13 04:45:00,0.01393,0.01394,0.01391,0.01391,353119.0
2023-04-13 05:00:00,0.01391,0.01391,0.01388,0.01389,350512.0
2023-04-13 05:15:00,0.01389,0.01392,0.01386,0.01389,588150.0
2023-04-13 05:30:00,0.0139,0.01392,0.0139,0.0139,108201.0
2023-04-13 05:45:00,0.0139,0.01391,0.01388,0.01391,212034.0
2023-04-13 06:00:00,0.01391,0.01399,0.01391,0.01394,2235291.0
2023-04-13 06:15:00,0.01395,0.01395,0.01392,0.01392,993107.0
2023-04-13 06:30:00,0.01391,0.01391,0.01384,0.01384,1817278.0
2023-04-13 06:45:00,0.01384,0.01386,0.01382,0.01382,440620.0
2023-04-13 07:00:00,0.01382,0.01386,0.01382,0.01386,128355.0
2023-04-13 07:15:00,0.01386,0.01388,0.01386,0.01387,200307.0
2023-04-13 07:30:00,0.01389,0.0139,0.01385,0.01387,777522.0
2023-04-13 07:45:00,0.01387,0.01395,0.01387,0.01393,386546.0
2023-04-13 08:00:00,0.01393,0.01393,0.01388,0.0139,1122065.0
2023-04-13 08:15:00,0.01388,0.01391,0.01388,0.01391,114027.0
2023-04-13 08:30:00,0.01391,0.01404,0.01391,0.01401,921781.0
2023-04-13 08:45:00,0.01402,0.01405,0.01399,0.01401,916592.0
2023-04-13 09:00:00,0.014,0.01408,0.014,0.01408,1521971.0
2023-04-13 09:15:00,0.0141,0.01415,0.01407,0.01409,1015435.0
2023-04-13 09:30:00,0.01408,0.01409,0.01402,0.01407,1485571.0
2023-04-13 09:45:00,0.01407,0.01408,0.01403,0.01404,387284.0
2023-04-13 10:00:00,0.01406,0.01409,0.01399,0.01399,568785.0
2023-04-13 10:15:00,0.01399,0.01403,0.01395,0.01403,993597.0
2023-04-13 10:30:00,0.01402,0.01404,0.014,0.01401,111650.0
2023-04-13 10:45:00,0.01402,0.01409,0.01402,0.01406,1063352.0
2023-04-13 11:00:00,0.01406,0.0141,0.01404,0.01409,1883804.0
2023-04-13 11:15:00,0.01408,0.01408,0.01404,0.01406,352396.0
2023-04-13 11:30:00,0.01406,0.01406,0.01399,0.014,706950.0
2023-04-13 11:45:00,0.01401,0.01402,0.01397,0.01398,1042630.0
2023-04-13 12:00:00,0.01398,0.01401,0.01397,0.014,388286.0
2023-04-13 12:15:00,0.01399,0.01402,0.01396,0.014,382598.0
2023-04-13 12:30:00,0.01399,0.01404,0.01396,0.01404,1530640.0
2023-04-13 12:45:00,0.01402,0.01408,0.01402,0.01408,539542.0
2023-04-13 13:00:00,0.01408,0.01411,0.01406,0.01406,1296152.0
2023-04-13 13:15:00,0.01407,0.01409,0.01403,0.01409,655945.0
2023-04-13 13:30:00,0.0141,0.0141,0.01402,0.01402,894921.0
2023-04-13 13:45:00,0.01402,0.0141,0.01402,0.01403,1012461.0
2023-04-13 14:00:00,0.01402,0.01405,0.01399,0.01403,781887.0
2023-04-13 14:15:00,0.01404,0.01409,0.01403,0.01408,800257.0
2023-04-13 14:30:00,0.01408,0.01409,0.01404,0.01406,1319497.0
2023-04-13 14:45:00,0.01405,0.0141,0.01405,0.01409,2250743.0
2023-04-13 15:00:00,0.01408,0.01413,0.01404,0.01406,1088778.0
2023-04-13 15:15:00,0.01406,0.01407,0.01404,0.01407,590813.0
2023-04-13 15:30:00,0.01407,0.01412,0.01407,0.01412,420022.0
2023-04-13 15:45:00,0.0141,0.0141,0.01404,0.01405,1574586.0
2023-04-13 16:00:00,0.01406,0.01413,0.01406,0.01408,1443386.0
2023-04-13 16:15:00,0.01406,0.01411,0.01406,0.01411,292340.0
2023-04-13 16:30:00,0.0141,0.01411,0.01408,0.01409,144725.0
2023-04-13 16:45:00,0.01409,0.01409,0.01404,0.01409,775302.0
2023-04-13 17:00:00,0.0141,0.01414,0.0141,0.01414,293873.0
2023-04-13 17:15:00,0.01414,0.01421,0.01414,0.01419,3607460.0
2023-04-13 17:30:00,0.01418,0.01427,0.01414,0.01421,2048152.0
2023-04-13 17:45:00,0.01423,0.01424,0.01417,0.0142,755372.0
2023-04-13 18:00:00,0.0142,0.0142,0.01416,0.01419,311863.0
2023-04-13 18:15:00,0.0142,0.0142,0.01414,0.01416,577762.0
2023-04-13 18:30:00,0.01415,0.01418,0.01415,0.01416,525091.0
2023-04-13 18:45:00,0.01417,0.01442,0.01417,0.0143,19947343.0
2023-04-13 19:00:00,0.01429,0.01429,0.01415,0.01424,7746953.0
2023-04-13 19:15:00,0.01422,0.01427,0.01417,0.01417,4314062.0
2023-04-13 19:30:00,0.01418,0.01424,0.01418,0.01422,1863738.0
2023-04-13 19:45:00,0.01423,0.01423,0.01418,0.01422,1996724.0
2023-04-13 20:00:00,0.01422,0.01426,0.01414,0.01421,2376401.0
2023-04-13 20:15:00,0.01418,0.01424,0.01418,0.01423,1349264.0
2023-04-13 20:30:00,0.01422,0.01427,0.01421,0.01422,617595.0
2023-04-13 20:45:00,0.01422,0.01428,0.01421,0.01425,1327984.0
2023-04-13 21:00:00,0.01423,0.0143,0.01423,0.01426,609383.0
2023-04-13 21:15:00,0.01426,0.01429,0.01423,0.01429,524262.0
2023-04-13 21:30:00,0.01429,0.0143,0.01427,0.01427,557549.0
2023-04-13 21:45:00,0.01428,0.01433,0.01428,0.01428,1510628.0
2023-04-13 22:00:00,0.01429,0.0143,0.01425,0.0143,785451.0
2023-04-13 22:15:00,0.0143,0.01432,0.01427,0.01429,635667.0
2023-04-13 22:30:00,0.0143,0.0144,0.0143,0.01432,1270783.0
2023-04-13 22:45:00,0.01432,0.01434,0.01425,0.01434,757933.0
2023-04-13 23:00:00,0.01433,0.01439,0.01432,0.01435,926944.0
2023-04-13 23:15:00,0.01435,0.01438,0.01434,0.01438,213805.0
2023-04-13 23:30:00,0.01437,0.01447,0.01435,0.01444,1664828.0
2023-04-13 23:45:00,0.01443,0.01443,0.0144,0.01441,237949.0
2023-04-14 00:00:00,0.01442,0.01445,0.01439,0.0144,695465.0
2023-04-14 00:15:00,0.01441,0.01444,0.01434,0.01439,817722.0
2023-04-14 00:30:00,0.0144,0.01472,0.0144,0.0146,6152632.0
2023-04-14 00:45:00,0.01461,0.01464,0.01454,0.01457,1568421.0
2023-04-14 01:00:00,0.01458,0.01465,0.01457,0.01465,2493567.0
2023-04-14 01:15:00,0.01465,0.01468,0.01455,0.01456,1349216.0
2023-04-14 01:30:00,0.01457,0.0147,0.01455,0.01463,3494582.0
2023-04-14 01:45:00,0.01463,0.01469,0.01451,0.01451,1798674.0
2023-04-14 02:00:00,0.01453,0.01469,0.01453,0.01469,3791445.0
2023-04-14 02:15:00,0.0147,0.01485,0.01464,0.01481,3655297.0
2023-04-14 02:30:00,0.0148,0.01489,0.01471,0.01474,4222933.0
2023-04-14 02:45:00,0.01473,0.01481,0.01465,0.01481,2567984.0
2023-04-14 03:00:00,0.0148,0.01492,0.01472,0.01492,3781063.0
2023-04-14 03:15:00,0.01491,0.01502,0.01487,0.01493,4992478.0
2023-04-14 03:30:00,0.01492,0.01496,0.01491,0.01492,1279829.0
2023-04-14 03:45:00,0.01493,0.01499,0.0149,0.01494,1576307.0
2023-04-14 04:00:00,0.01494,0.01504,0.01493,0.01499,2362856.0
2023-04-14 04:15:00,0.01499,0.01501,0.01492,0.015,978115.0
2023-04-14 04:30:00,0.01499,0.01502,0.01495,0.01498,769079.0
2023-04-14 04:45:00,0.01499,0.01505,0.0149,0.0149,7365011.0
2023-04-14 05:00:00,0.0149,0.01497,0.01481,0.01488,2565777.0
2023-04-14 05:15:00,0.01486,0.0149,0.01481,0.01489,1644599.0
2023-04-14 05:30:00,0.01489,0.01489,0.01476,0.01478,1607300.0
2023-04-14 05:45:00,0.01479,0.01481,0.01473,0.01475,1771266.0
2023-04-14 06:00:00,0.01475,0.01485,0.01467,0.01472,2093502.0
2023-04-14 06:15:00,0.01473,0.01477,0.01472,0.01473,1452814.0
2023-04-14 06:30:00,0.01473,0.01477,0.0146,0.01464,3161087.0
2023-04-14 06:45:00,0.01464,0.0147,0.01457,0.01467,3607047.0
2023-04-14 07:00:00,0.01467,0.0147,0.01457,0.01457,2617730.0
2023-04-14 07:15:00,0.01459,0.01463,0.01459,0.01462,644246.0
2023-04-14 07:30:00,0.01461,0.01461,0.01445,0.01448,5215372.0
2023-04-14 07:45:00,0.01448,0.01451,0.0144,0.01443,2714173.0
2023-04-14 08:00:00,0.01443,0.01456,0.01443,0.01453,2361187.0
2023-04-14 08:15:00,0.01452,0.0146,0.01448,0.01453,3188297.0
2023-04-14 08:30:00,0.01453,0.01459,0.01451,0.01455,650544.0
2023-04-14 08:45:00,0.01454,0.01469,0.01453,0.01469,797394.0
2023-04-14 09:00:00,0.01468,0.01471,0.01461,0.01462,1376839.0
2023-04-14 09:15:00,0.01462,0.01467,0.0146,0.01467,661759.0
2023-04-14 09:30:00,0.01467,0.01469,0.01464,0.01469,669865.0
2023-04-14 09:45:00,0.01469,0.01477,0.01469,0.0147,911348.0
2023-04-14 10:00:00,0.01471,0.01476,0.01468,0.01474,2285234.0
2023-04-14 10:15:00,0.01473,0.01474,0.01466,0.01467,2129203.0
2023-04-14 10:30:00,0.01467,0.01483,0.0146,0.01479,11431259.0
2023-04-14 10:45:00,0.01479,0.01505,0.01463,0.01465,34686910.0
2023-04-14 11:00:00,0.01465,0.01476,0.01463,0.01469,3862102.0
2023-04-14 11:15:00,0.01469,0.01472,0.01463,0.01472,1052303.0
2023-04-14 11:30:00,0.01472,0.01472,0.01461,0.01466,1696947.0
2023-04-14 11:45:00,0.01466,0.0147,0.01466,0.01468,153496.0
2023-04-14 12:00:00,0.01469,0.01471,0.01465,0.01467,745347.0
2023-04-14 12:15:00,0.01468,0.01468,0.01461,0.01467,1031361.0
2023-04-14 12:30:00,0.01467,0.01468,0.01461,0.01464,1153260.0
2023-04-14 12:45:00,0.01463,0.01463,0.0145,0.01451,3557751.0
2023-04-14 13:00:00,0.01451,0.01461,0.0145,0.0146,365051.0
2023-04-14 13:15:00,0.01461,0.01469,0.01459,0.01461,658215.0
2023-04-14 13:30:00,0.01461,0.01467,0.01456,0.01467,818416.0
2023-04-14 13:45:00,0.01467,0.01474,0.01461,0.01465,1308073.0
2023-04-14 14:00:00,0.01464,0.01472,0.01451,0.01456,2592587.0
2023-04-14 14:15:00,0.01456,0.01462,0.0145,0.01453,2645106.0
2023-04-14 14:30:00,0.01453,0.0146,0.01451,0.01456,843339.0
2023-04-14 14:45:00,0.01456,0.0146,0.01453,0.01458,511375.0
2023-04-14 15:00:00,0.01457,0.01457,0.01438,0.01453,4030054.0
2023-04-14 15:15:00,0.01452,0.01466,0.01441,0.01447,1312692.0
2023-04-14 15:30:00,0.01447,0.01452,0.01439,0.01449,1854663.0
2023-04-14 15:45:00,0.0145,0.0145,0.01434,0.01435,2376104.0
2023-04-14 16:00:00,0.01434,0.01438,0.01425,0.01435,2468929.0
2023-04-14 16:15:00,0.01435,0.01437,0.01426,0.01429,2752298.0
2023-04-14 16:30:00,0.01428,0.01432,0.01424,0.01431,1115918.0
2023-04-14 16:45:00,0.01431,0.01439,0.01424,0.01439,1172821.0
2023-04-14 17:00:00,0.01438,0.0145,0.01437,0.0145,1569490.0
2023-04-14 17:15:00,0.0145,0.0146,0.01449,0.01455,856951.0
2023-04-14 17:30:00,0.01456,0.0146,0.01451,0.01457,2724581.0
2023-04-14 17:45:00,0.01457,0.0146,0.01452,0.01459,849463.0
2023-04-14 18:00:00,0.01457,0.01462,0.01453,0.01458,2933539.0
2023-04-14 18:15:00,0.01458,0.0146,0.01455,0.0146,413008.0
2023-04-14 18:30:00,0.01459,0.01461,0.01454,0.01455,589266.0
2023-04-14 18:45:00,0.01456,0.01458,0.01454,0.01456,179519.0
2023-04-14 19:00:00,0.01455,0.01458,0.01452,0.01453,337276.0
2023-04-14 19:15:00,0.01452,0.01458,0.01452,0.01457,125589.0
2023-04-14 19:30:00,0.01457,0.01462,0.01456,0.01461,341920.0
2023-04-14 19:45:00,0.01461,0.01464,0.0146,0.01463,410915.0
2023-04-14 20:00:00,0.01463,0.01467,0.01458,0.01464,913786.0
2023-04-14 20:15:00,0.01465,0.01467,0.0146,0.01467,1280859.0
2023-04-14 20:30:00,0.01467,0.01468,0.01465,0.01467,968504.0
2023-04-14 20:45:00,0.01468,0.01469,0.01461,0.01462,1317024.0
2023-04-14 21:00:00,0.01463,0.01467,0.01461,0.01464,1169524.0
2023-04-14 21:15:00,0.01464,0.01464,0.0146,0.01462,1171122.0
2023-04-14 21:30:00,0.01462,0.01464,0.0146,0.01463,868120.0
2023-04-14 21:45:00,0.01463,0.01466,0.0146,0.01465,293586.0
2023-04-14 22:00:00,0.01465,0.01473,0.01463,0.01471,2219424.0
2023-04-14 22:15:00,0.01471,0.01479,0.01467,0.01479,2375827.0
2023-04-14 22:30:00,0.01478,0.01487,0.01475,0.01482,1945462.0
2023-04-14 22:45:00,0.01483,0.01498,0.01483,0.01495,1907092.0
2023-04-14 23:00:00,0.01494,0.01494,0.01485,0.01486,2972393.0
2023-04-14 23:15:00,0.01486,0.01488,0.01478,0.01483,784643.0
2023-04-14 23:30:00,0.01485,0.01486,0.01482,0.01483,477810.0
2023-04-14 23:45:00,0.01485,0.01489,0.01481,0.01482,734703.0
2023-04-15 00:00:00,0.01483,0.01488,0.01471,0.01473,3856964.0
2023-04-15 00:15:00,0.01472,0.01483,0.01472,0.01481,1315925.0
2023-04-15 00:30:00,0.01481,0.01484,0.01455,0.01455,4228060.0
2023-04-15 00:45:00,0.01457,0.01476,0.01457,0.0147,2786476.0
2023-04-15 01:00:00,0.01468,0.01468,0.01459,0.01467,1914752.0
2023-04-15 01:15:00,0.01467,0.01472,0.01463,0.01467,485729.0
2023-04-15 01:30:00,0.01466,0.01479,0.01466,0.01479,799378.0
2023-04-15 01:45:00,0.0148,0.01483,0.01471,0.01471,517659.0
2023-04-15 02:00:00,0.01471,0.01476,0.01469,0.01473,387623.0
2023-04-15 02:15:00,0.01474,0.01475,0.01468,0.01471,1090896.0
2023-04-15 02:30:00,0.01472,0.01478,0.01466,0.0147,561393.0
2023-04-15 02:45:00,0.01471,0.01474,0.01465,0.01466,176463.0
2023-04-15 03:00:00,0.01466,0.0147,0.01463,0.01464,1047447.0
2023-04-15 03:15:00,0.01465,0.01471,0.01465,0.01469,851422.0
2023-04-15 03:30:00,0.01468,0.01478,0.01466,0.01477,691544.0
2023-04-15 03:45:00,0.01475,0.0148,0.01472,0.01477,308600.0
2023-04-15 04:00:00,0.01476,0.01476,0.01468,0.01468,619835.0
2023-04-15 04:15:00,0.01469,0.01469,0.01459,0.01461,1718762.0
2023-04-15 04:30:00,0.01462,0.01469,0.01461,0.01464,1681007.0
2023-04-15 04:45:00,0.01465,0.01468,0.01465,0.01466,292184.0
2023-04-15 05:00:00,0.01468,0.01472,0.01467,0.01469,445633.0
2023-04-15 05:15:00,0.0147,0.0147,0.01466,0.01469,308175.0
2023-04-15 05:30:00,0.01469,0.01469,0.01463,0.01464,638156.0
2023-04-15 05:45:00,0.01464,0.01466,0.01463,0.01465,184337.0
2023-04-15 06:00:00,0.01465,0.01468,0.01456,0.01456,813236.0
2023-04-15 06:15:00,0.01455,0.01456,0.01454,0.01454,74663.0
2023-04-15 06:30:00,0.01455,0.01457,0.01446,0.01453,2522884.0
2023-04-15 06:45:00,0.01452,0.01455,0.0145,0.01452,1395596.0
2023-04-15 07:00:00,0.01452,0.01459,0.01452,0.01459,2855598.0
2023-04-15 07:15:00,0.01459,0.01461,0.01457,0.0146,598361.0
2023-04-15 07:30:00,0.01461,0.01464,0.0146,0.01463,939358.0
2023-04-15 07:45:00,0.01464,0.01467,0.01463,0.01466,232758.0
2023-04-15 08:00:00,0.01466,0.01473,0.01464,0.01471,835466.0
2023-04-15 08:15:00,0.01471,0.01471,0.01465,0.01471,493529.0
2023-04-15 08:30:00,0.01469,0.01495,0.01465,0.01495,14991994.0
2023-04-15 08:45:00,0.01494,0.01495,0.01477,0.01487,5521248.0
2023-04-15 09:00:00,0.01487,0.0149,0.01475,0.0148,3105066.0
2023-04-15 09:15:00,0.01482,0.01485,0.01481,0.01482,604504.0
2023-04-15 09:30:00,0.01483,0.01496,0.01483,0.01495,1267260.0
2023-04-15 09:45:00,0.01495,0.01495,0.01482,0.01485,2826124.0
2023-04-15 10:00:00,0.01485,0.01485,0.01474,0.01477,1659116.0
2023-04-15 10:15:00,0.01477,0.0148,0.01471,0.01473,915627.0
2023-04-15 10:30:00,0.01474,0.0148,0.01474,0.01475,1703606.0
2023-04-15 10:45:00,0.01474,0.01478,0.01473,0.01476,1171092.0
2023-04-15 11:00:00,0.01476,0.0148,0.01473,0.01476,706714.0
2023-04-15 11:15:00,0.01477,0.0148,0.01475,0.01476,1018576.0
2023-04-15 11:30:00,0.01476,0.01477,0.01473,0.01475,961816.0
2023-04-15 11:45:00,0.01475,0.01479,0.01472,0.01477,1752554.0
2023-04-15 12:00:00,0.01477,0.01486,0.01477,0.01484,1109488.0
2023-04-15 12:15:00,0.01484,0.01484,0.01473,0.01476,901639.0
2023-04-15 12:30:00,0.01475,0.01481,0.01475,0.01479,340540.0
2023-04-15 12:45:00,0.01479,0.01482,0.01477,0.01479,565448.0
2023-04-15 13:00:00,0.0148,0.01484,0.01478,0.01478,476712.0
2023-04-15 13:15:00,0.01479,0.01482,0.01471,0.01474,1123211.0
2023-04-15 13:30:00,0.01473,0.01473,0.01463,0.01468,2830338.0
2023-04-15 13:45:00,0.01467,0.01468,0.0146,0.0146,1255780.0
2023-04-15 14:00:00,0.01461,0.01478,0.0146,0.0147,3057858.0
2023-04-15 14:15:00,0.01469,0.01472,0.01466,0.0147,1524194.0
2023-04-15 14:30:00,0.0147,0.0147,0.01464,0.01468,1302016.0
2023-04-15 14:45:00,0.01469,0.0147,0.01465,0.01465,509184.0
2023-04-15 15:00:00,0.01465,0.01474,0.01465,0.01474,576108.0
2023-04-15 15:15:00,0.01472,0.01472,0.01468,0.01468,651704.0
2023-04-15 15:30:00,0.01468,0.01475,0.01468,0.01473,1942624.0
2023-04-15 15:45:00,0.01473,0.01475,0.01466,0.01467,2040323.0
2023-04-15 16:00:00,0.01466,0.01472,0.0146,0.01461,2269359.0
2023-04-15 16:15:00,0.01461,0.0147,0.01461,0.01469,513589.0
2023-04-15 16:30:00,0.01469,0.01475,0.01468,0.01475,796278.0
2023-04-15 16:45:00,0.01475,0.01475,0.01468,0.01474,1334381.0
2023-04-15 17:00:00,0.01473,0.01474,0.01467,0.01471,998517.0
2023-04-15 17:15:00,0.01472,0.01472,0.0146,0.01464,1707345.0
2023-04-15 17:30:00,0.01466,0.01467,0.01459,0.01467,662192.0
2023-04-15 17:45:00,0.01467,0.01475,0.01463,0.01472,1255745.0
2023-04-15 18:00:00,0.01472,0.01472,0.01467,0.01471,898312.0
2023-04-15 18:15:00,0.01472,0.01475,0.0147,0.01475,386771.0
2023-04-15 18:30:00,0.01475,0.0148,0.01475,0.01479,658485.0
2023-04-15 18:45:00,0.01478,0.01479,0.01476,0.01477,168840.0
2023-04-15 19:00:00,0.01476,0.0148,0.01475,0.01475,414361.0
2023-04-15 19:15:00,0.01475,0.01479,0.01472,0.01476,413382.0
2023-04-15 19:30:00,0.01475,0.01477,0.01468,0.01468,317797.0
2023-04-15 19:45:00,0.01466,0.01475,0.01465,0.01475,806481.0
2023-04-15 20:00:00,0.01477,0.01486,0.01472,0.01478,4277315.0
2023-04-15 20:15:00,0.01478,0.01481,0.01476,0.01478,116961.0
2023-04-15 20:30:00,0.0148,0.01491,0.0148,0.01484,3861727.0
2023-04-15 20:45:00,0.01486,0.01489,0.01479,0.01485,2369724.0
2023-04-15 21:00:00,0.01484,0.01484,0.01478,0.01479,1226010.0
2023-04-15 21:15:00,0.0148,0.01496,0.0148,0.01495,3309883.0
2023-04-15 21:30:00,0.01495,0.01495,0.01488,0.0149,1925878.0
2023-04-15 21:45:00,0.0149,0.01494,0.01485,0.01487,1549790.0
2023-04-15 22:00:00,0.01487,0.01496,0.01484,0.01495,1384008.0
2023-04-15 22:15:00,0.01495,0.01498,0.01491,0.01498,699515.0
2023-04-15 22:30:00,0.01498,0.0151,0.01495,0.01503,3279240.0
2023-04-15 22:45:00,0.01506,0.01508,0.01498,0.015,1799325.0
2023-04-15 23:00:00,0.01501,0.01511,0.01498,0.01499,1832471.0
2023-04-15 23:15:00,0.01501,0.01509,0.015,0.01501,1325372.0
2023-04-15 23:30:00,0.01503,0.01511,0.01503,0.01505,1372690.0
2023-04-15 23:45:00,0.01506,0.0151,0.01499,0.01502,1230319.0
2023-04-16 00:00:00,0.01499,0.015,0.01488,0.01492,1697172.0
2023-04-16 00:15:00,0.01491,0.01503,0.01491,0.01498,1623563.0
2023-04-16 00:30:00,0.01498,0.015,0.01495,0.01498,2503551.0
2023-04-16 00:45:00,0.01497,0.01498,0.01488,0.01491,2838600.0
2023-04-16 01:00:00,0.01492,0.01507,0.01491,0.01495,8297070.0
2023-04-16 01:15:00,0.01495,0.01526,0.01487,0.01518,15005914.0
2023-04-16 01:30:00,0.01516,0.01525,0.01512,0.01521,4880672.0
2023-04-16 01:45:00,0.01521,0.01521,0.015,0.01502,3220308.0
2023-04-16 02:00:00,0.01502,0.01509,0.01502,0.01509,1338361.0
2023-04-16 02:15:00,0.01509,0.01527,0.01508,0.01517,3470161.0
2023-04-16 02:30:00,0.01516,0.01516,0.0151,0.01513,2620039.0
2023-04-16 02:45:00,0.01514,0.01514,0.01507,0.01508,1093758.0
2023-04-16 03:00:00,0.01509,0.01513,0.01505,0.01507,1257338.0
2023-04-16 03:15:00,0.01507,0.01507,0.01494,0.01495,1009041.0
2023-04-16 03:30:00,0.01496,0.01502,0.01484,0.01486,5457393.0
2023-04-16 03:45:00,0.01487,0.01491,0.01481,0.01483,1469902.0
2023-04-16 04:00:00,0.01484,0.01497,0.01484,0.01492,4348357.0
2023-04-16 04:15:00,0.01492,0.01498,0.01489,0.01497,1479360.0
2023-04-16 04:30:00,0.01497,0.01498,0.01494,0.01498,1030076.0
2023-04-16 04:45:00,0.01498,0.01499,0.01497,0.01498,314457.0
2023-04-16 05:00:00,0.01499,0.015,0.01497,0.01498,552959.0
2023-04-16 05:15:00,0.01498,0.01503,0.01497,0.01502,520686.0
2023-04-16 05:30:00,0.01502,0.01506,0.015,0.01506,820216.0
2023-04-16 05:45:00,0.01506,0.01508,0.01505,0.01508,983579.0
2023-04-16 06:00:00,0.01509,0.01514,0.01507,0.01513,1129102.0
2023-04-16 06:15:00,0.01513,0.0152,0.01504,0.01514,3583103.0
2023-04-16 06:30:00,0.01514,0.01523,0.01514,0.01522,2644901.0
2023-04-16 06:45:00,0.01522,0.01524,0.01515,0.01521,1508124.0
2023-04-16 07:00:00,0.0152,0.016,0.01519,0.01576,54571784.0
2023-04-16 07:15:00,0.01576,0.01616,0.01576,0.01615,67633227.0
2023-04-16 07:30:00,0.01614,0.01614,0.01552,0.01575,38126223.0
2023-04-16 07:45:00,0.01576,0.0159,0.01573,0.01578,17862499.0
2023-04-16 08:00:00,0.01579,0.016,0.01569,0.01587,18630626.0
2023-04-16 08:15:00,0.01585,0.01606,0.01572,0.01602,13696563.0
2023-04-16 08:30:00,0.01601,0.01602,0.0158,0.01584,14647423.0
2023-04-16 08:45:00,0.01585,0.01618,0.01581,0.01612,21477110.0
2023-04-16 09:00:00,0.01612,0.01656,0.01592,0.016,63329871.0
2023-04-16 09:15:00,0.016,0.01632,0.01596,0.016,35039733.0
2023-04-16 09:30:00,0.01601,0.01633,0.016,0.01619,30889319.0
2023-04-16 09:45:00,0.01618,0.01623,0.0157,0.01584,15485888.0
2023-04-16 10:00:00,0.01585,0.01588,0.01578,0.01585,5287628.0
2023-04-16 10:15:00,0.01584,0.01592,0.0158,0.01589,20531922.0
2023-04-16 10:30:00,0.0159,0.01595,0.01575,0.01587,15859739.0
2023-04-16 10:45:00,0.01587,0.01593,0.01577,0.01585,27467202.0
2023-04-16 11:00:00,0.01585,0.0159,0.01558,0.0157,19475945.0
2023-04-16 11:15:00,0.01571,0.01576,0.01558,0.01562,4402093.0
2023-04-16 11:30:00,0.01561,0.01582,0.01556,0.01564,25200937.0
2023-04-16 11:45:00,0.01564,0.01566,0.01546,0.01552,22341318.0
2023-04-16 12:00:00,0.01552,0.0156,0.01551,0.01557,11365776.0
2023-04-16 12:15:00,0.01557,0.01557,0.01518,0.01528,31236176.0
2023-04-16 12:30:00,0.01529,0.01532,0.01519,0.01524,10219757.0
2023-04-16 12:45:00,0.01523,0.01534,0.0152,0.01532,2757197.0
2023-04-16 13:00:00,0.01533,0.01535,0.01529,0.01533,1909001.0
2023-04-16 13:15:00,0.01532,0.01537,0.01524,0.01529,2664212.0
2023-04-16 13:30:00,0.01529,0.01532,0.01526,0.01526,1398977.0
2023-04-16 13:45:00,0.01526,0.0153,0.0151,0.01511,8229148.0
2023-04-16 14:00:00,0.01511,0.0152,0.01511,0.01514,1463605.0
2023-04-16 14:15:00,0.01513,0.01517,0.01509,0.0151,1849888.0
2023-04-16 14:30:00,0.0151,0.01516,0.01506,0.01515,1754580.0
2023-04-16 14:45:00,0.01515,0.01522,0.01512,0.01522,2722208.0
2023-04-16 15:00:00,0.01521,0.01529,0.01518,0.01527,1773856.0
2023-04-16 15:15:00,0.01528,0.01538,0.01525,0.01538,3515472.0
2023-04-16 15:30:00,0.01537,0.01549,0.01536,0.01548,4329747.0
2023-04-16 15:45:00,0.01547,0.01555,0.01535,0.01537,10322533.0
2023-04-16 16:00:00,0.01537,0.01542,0.01526,0.01535,11002678.0
2023-04-16 16:15:00,0.01535,0.01549,0.01534,0.01539,2694425.0
2023-04-16 16:30:00,0.01539,0.0155,0.01538,0.01544,2040548.0
2023-04-16 16:45:00,0.01544,0.01555,0.01543,0.01549,2777680.0
2023-04-16 17:00:00,0.0155,0.01559,0.01549,0.01557,2249674.0
2023-04-16 17:15:00,0.01556,0.01571,0.01555,0.01567,2693700.0
2023-04-16 17:30:00,0.01566,0.01574,0.0156,0.01569,3957911.0
2023-04-16 17:45:00,0.01569,0.01585,0.01565,0.0158,3459804.0
2023-04-16 18:00:00,0.0158,0.0158,0.01556,0.01567,2545820.0
2023-04-16 18:15:00,0.01566,0.01578,0.01566,0.01575,1010881.0
2023-04-16 18:30:00,0.01577,0.01584,0.01575,0.01584,1200276.0
2023-04-16 18:45:00,0.01583,0.01593,0.01579,0.01592,2459626.0
2023-04-16 19:00:00,0.01592,0.016,0.0159,0.01599,3716184.0
2023-04-16 19:15:00,0.016,0.01614,0.01596,0.01602,5719918.0
2023-04-16 19:30:00,0.01602,0.01621,0.01601,0.01613,7999203.0
2023-04-16 19:45:00,0.01613,0.01628,0.01604,0.01607,8066463.0
2023-04-16 20:00:00,0.01607,0.01619,0.01587,0.01605,7012953.0
2023-04-16 20:15:00,0.01607,0.01617,0.01597,0.01617,1974373.0
2023-04-16 20:30:00,0.01615,0.01635,0.01612,0.01623,7041202.0
2023-04-16 20:45:00,0.01623,0.01628,0.01613,0.0162,3346419.0
2023-04-16 21:00:00,0.01621,0.01637,0.01616,0.01629,2345286.0
2023-04-16 21:15:00,0.01628,0.01634,0.01616,0.01619,2246261.0
2023-04-16 21:30:00,0.01621,0.01625,0.01602,0.01615,5962800.0
2023-04-16 21:45:00,0.01617,0.01618,0.01609,0.01609,2777500.0
2023-04-16 22:00:00,0.01609,0.01629,0.01609,0.01621,2745910.0
2023-04-16 22:15:00,0.01621,0.01625,0.01619,0.01622,1171119.0
2023-04-16 22:30:00,0.01621,0.01635,0.0162,0.01633,2978167.0
2023-04-16 22:45:00,0.01633,0.01644,0.01624,0.01627,6045514.0
2023-04-16 23:00:00,0.01628,0.01631,0.0162,0.01624,900809.0
2023-04-16 23:15:00,0.01624,0.01632,0.01624,0.01626,2060821.0
2023-04-16 23:30:00,0.01626,0.01627,0.01617,0.01622,1401772.0
2023-04-16 23:45:00,0.01622,0.01642,0.01621,0.0163,3387091.0
2023-04-17 00:00:00,0.0163,0.01634,0.01613,0.01632,3316919.0
2023-04-17 00:15:00,0.01632,0.0165,0.01617,0.01624,6550714.0
2023-04-17 00:30:00,0.01626,0.01644,0.01579,0.01613,21552981.0
2023-04-17 00:45:00,0.01613,0.01619,0.01583,0.0159,5613025.0
2023-04-17 01:00:00,0.0159,0.01606,0.01578,0.01606,5357646.0
2023-04-17 01:15:00,0.01603,0.01615,0.01599,0.01611,1709161.0
2023-04-17 01:30:00,0.0161,0.01616,0.01603,0.01613,1998352.0
2023-04-17 01:45:00,0.01614,0.01615,0.0159,0.01593,3636396.0
2023-04-17 02:00:00,0.01593,0.01598,0.0158,0.01582,2981861.0
2023-04-17 02:15:00,0.01583,0.0159,0.01578,0.01589,11935188.0
2023-04-17 02:30:00,0.01589,0.01595,0.01582,0.01594,4179569.0
2023-04-17 02:45:00,0.01594,0.01616,0.01594,0.01615,8064479.0
2023-04-17 03:00:00,0.01614,0.01626,0.01609,0.01622,5078032.0
2023-04-17 03:15:00,0.01622,0.01625,0.01612,0.01618,3015843.0
2023-04-17 03:30:00,0.01619,0.01624,0.01612,0.01615,2363322.0
2023-04-17 03:45:00,0.01614,0.01622,0.01613,0.01621,2029790.0
2023-04-17 04:00:00,0.01619,0.01619,0.01599,0.016,3140113.0
2023-04-17 04:15:00,0.01601,0.01605,0.01593,0.01598,2015492.0
2023-04-17 04:30:00,0.01596,0.01599,0.0158,0.01588,1947500.0
2023-04-17 04:45:00,0.01589,0.0159,0.01575,0.01581,1469381.0
2023-04-17 05:00:00,0.01584,0.01588,0.01574,0.01584,4424629.0
2023-04-17 05:15:00,0.01583,0.01589,0.01572,0.01575,2328710.0
2023-04-17 05:30:00,0.01576,0.01588,0.01573,0.01583,5099800.0
2023-04-17 05:45:00,0.01583,0.01586,0.01581,0.01586,339670.0
2023-04-17 06:00:00,0.01586,0.01588,0.01577,0.01582,1174637.0
2023-04-17 06:15:00,0.01582,0.01582,0.01567,0.01568,1435449.0
2023-04-17 06:30:00,0.01567,0.01572,0.01559,0.01563,2094990.0
2023-04-17 06:45:00,0.01563,0.0157,0.01559,0.01563,1227614.0
2023-04-17 07:00:00,0.01563,0.01569,0.01555,0.01569,1269173.0
2023-04-17 07:15:00,0.01569,0.01572,0.01559,0.01561,868768.0
2023-04-17 07:30:00,0.01559,0.01559,0.0155,0.01555,1060695.0
2023-04-17 07:45:00,0.01554,0.01554,0.01543,0.01547,1629376.0
2023-04-17 08:00:00,0.01547,0.01556,0.01544,0.01549,1610945.0
2023-04-17 08:15:00,0.01548,0.01559,0.01547,0.01556,1885196.0
2023-04-17 08:30:00,0.01556,0.01569,0.01556,0.01569,4249725.0
2023-04-17 08:45:00,0.01568,0.01569,0.01563,0.01569,768863.0
2023-04-17 09:00:00,0.01568,0.01575,0.01566,0.01573,2533313.0
2023-04-17 09:15:00,0.01571,0.01572,0.01566,0.0157,382819.0
2023-04-17 09:30:00,0.01569,0.0157,0.01561,0.01561,1896636.0
2023-04-17 09:45:00,0.01561,0.01561,0.01553,0.01558,1655697.0
2023-04-17 10:00:00,0.01559,0.0156,0.01549,0.01555,852257.0
2023-04-17 10:15:00,0.01555,0.01555,0.01541,0.01545,2089126.0
2023-04-17 10:30:00,0.01544,0.01554,0.01543,0.01554,492411.0
2023-04-17 10:45:00,0.01553,0.01557,0.0155,0.01557,254540.0
2023-04-17 11:00:00,0.01554,0.01556,0.01549,0.01551,355379.0
2023-04-17 11:15:00,0.01549,0.0155,0.0153,0.0153,2607595.0
2023-04-17 11:30:00,0.01532,0.01541,0.01513,0.01529,3133422.0
2023-04-17 11:45:00,0.01529,0.01536,0.01523,0.01533,997950.0
2023-04-17 12:00:00,0.01534,0.01549,0.01534,0.01542,1693099.0
2023-04-17 12:15:00,0.01544,0.01549,0.0154,0.01548,558526.0
2023-04-17 12:30:00,0.01548,0.01548,0.01535,0.01542,884721.0
2023-04-17 12:45:00,0.01542,0.01548,0.01539,0.01547,1180427.0
2023-04-17 13:00:00,0.01544,0.0155,0.01533,0.01534,4528984.0
2023-04-17 13:15:00,0.01535,0.01539,0.01523,0.0153,3490625.0
2023-04-17 13:30:00,0.01527,0.01543,0.01525,0.01541,880838.0
2023-04-17 13:45:00,0.01539,0.01544,0.01536,0.01542,614851.0
2023-04-17 14:00:00,0.01541,0.01543,0.01536,0.01542,699370.0
2023-04-17 14:15:00,0.0154,0.01543,0.01535,0.01538,1425485.0
2023-04-17 14:30:00,0.01537,0.01537,0.01519,0.01522,2327067.0
2023-04-17 14:45:00,0.01523,0.01531,0.01522,0.01531,731360.0
2023-04-17 15:00:00,0.01532,0.01534,0.01526,0.0153,483991.0
2023-04-17 15:15:00,0.0153,0.01533,0.01529,0.0153,400616.0
2023-04-17 15:30:00,0.0153,0.0153,0.01513,0.01519,2491712.0
2023-04-17 15:45:00,0.01519,0.01527,0.01515,0.01527,1294282.0
2023-04-17 16:00:00,0.01527,0.01543,0.01524,0.01542,1256753.0
2023-04-17 16:15:00,0.01542,0.0155,0.01538,0.01547,2462282.0
2023-04-17 16:30:00,0.01547,0.01563,0.01547,0.01553,2438196.0
2023-04-17 16:45:00,0.01551,0.01555,0.01549,0.01552,751786.0
2023-04-17 17:00:00,0.01552,0.01553,0.0155,0.01551,836862.0
2023-04-17 17:15:00,0.01552,0.01552,0.01545,0.01545,379803.0
2023-04-17 17:30:00,0.01545,0.01551,0.01545,0.01545,498454.0
2023-04-17 17:45:00,0.01545,0.01548,0.01544,0.01545,522464.0
2023-04-17 18:00:00,0.01545,0.01546,0.0154,0.01541,908360.0
2023-04-17 18:15:00,0.01543,0.01546,0.01543,0.01545,427696.0
2023-04-17 18:30:00,0.01545,0.01547,0.01544,0.01547,690461.0
2023-04-17 18:45:00,0.01547,0.01556,0.01547,0.01554,1023528.0
2023-04-17 19:00:00,0.01556,0.01561,0.01552,0.01556,1097437.0
2023-04-17 19:15:00,0.01558,0.01563,0.01558,0.0156,340506.0
2023-04-17 19:30:00,0.0156,0.0156,0.01555,0.01556,516427.0
2023-04-17 19:45:00,0.01556,0.01559,0.0155,0.01557,573909.0
2023-04-17 20:00:00,0.01558,0.01563,0.01558,0.01561,447790.0
2023-04-17 20:15:00,0.01561,0.01562,0.01558,0.01559,1789620.0
2023-04-17 20:30:00,0.01562,0.01569,0.01562,0.01569,1080753.0
2023-04-17 20:45:00,0.01569,0.01574,0.01565,0.01568,1084272.0
2023-04-17 21:00:00,0.01567,0.01574,0.01566,0.01568,341393.0
2023-04-17 21:15:00,0.01568,0.01571,0.01562,0.01571,1472697.0
2023-04-17 21:30:00,0.01571,0.01594,0.01567,0.01592,3585978.0
2023-04-17 21:45:00,0.01591,0.01595,0.01585,0.01589,1238471.0
2023-04-17 22:00:00,0.01589,0.01605,0.01589,0.01598,2303454.0
2023-04-17 22:15:00,0.016,0.0161,0.01592,0.016,5541094.0
2023-04-17 22:30:00,0.016,0.016,0.01595,0.01598,1059357.0
2023-04-17 22:45:00,0.01599,0.01603,0.01588,0.01591,3030040.0
2023-04-17 23:00:00,0.01591,0.01607,0.01591,0.01602,1363290.0
2023-04-17 23:15:00,0.01602,0.01607,0.01602,0.01606,944626.0
2023-04-17 23:30:00,0.01603,0.01606,0.01584,0.01593,3046118.0
2023-04-17 23:45:00,0.01593,0.01597,0.01581,0.01586,2758071.0
2023-04-18 00:00:00,0.01586,0.01611,0.01586,0.0159,5148203.0
2023-04-18 00:15:00,0.0159,0.0159,0.01581,0.01582,675986.0
2023-04-18 00:30:00,0.01583,0.01587,0.0157,0.01573,1652028.0
2023-04-18 00:45:00,0.01575,0.01584,0.01575,0.01584,770126.0
2023-04-18 01:00:00,0.01583,0.01585,0.01563,0.01564,1211651.0
2023-04-18 01:15:00,0.01562,0.01568,0.01553,0.01566,1164570.0
2023-04-18 01:30:00,0.01569,0.01571,0.01563,0.0157,1313925.0
2023-04-18 01:45:00,0.01571,0.01582,0.01569,0.0158,1160130.0
2023-04-18 02:00:00,0.01581,0.01591,0.0158,0.01581,2128639.0
2023-04-18 02:15:00,0.01582,0.01585,0.01571,0.01572,759110.0
2023-04-18 02:30:00,0.01574,0.01575,0.01568,0.01572,1016205.0
2023-04-18 02:45:00,0.01572,0.01574,0.01567,0.01568,842271.0
2023-04-18 03:00:00,0.01567,0.01571,0.01563,0.01566,1082786.0
2023-04-18 03:15:00,0.01563,0.01563,0.01554,0.01556,3097245.0
2023-04-18 03:30:00,0.01556,0.0156,0.01555,0.0156,345507.0
2023-04-18 03:45:00,0.01559,0.0156,0.01556,0.01556,182211.0
2023-04-18 04:00:00,0.01559,0.01564,0.01559,0.01564,271740.0
2023-04-18 04:15:00,0.01563,0.01566,0.0156,0.01563,192782.0
2023-04-18 04:30:00,0.01563,0.01567,0.0156,0.01566,1211166.0
2023-04-18 04:45:00,0.01566,0.01569,0.01564,0.01567,289307.0
2023-04-18 05:00:00,0.01569,0.01571,0.01568,0.0157,181859.0
2023-04-18 05:15:00,0.01571,0.01572,0.01569,0.0157,136693.0
2023-04-18 05:30:00,0.0157,0.01577,0.01568,0.01575,507364.0
2023-04-18 05:45:00,0.01575,0.01579,0.01573,0.01578,168795.0
2023-04-18 06:00:00,0.01579,0.01584,0.01576,0.0158,1081422.0
2023-04-18 06:15:00,0.01578,0.01584,0.01577,0.01584,288074.0
2023-04-18 06:30:00,0.01585,0.01585,0.01578,0.01578,504753.0
2023-04-18 06:45:00,0.01577,0.01578,0.01572,0.01575,1528203.0
2023-04-18 07:00:00,0.01576,0.01577,0.01565,0.01566,1697846.0
2023-04-18 07:15:00,0.01567,0.01578,0.01565,0.01574,2671618.0
2023-04-18 07:30:00,0.01574,0.01578,0.01573,0.01573,555234.0
2023-04-18 07:45:00,0.01572,0.01583,0.01572,0.0158,509579.0
2023-04-18 08:00:00,0.0158,0.01582,0.01577,0.0158,349986.0
2023-04-18 08:15:00,0.01578,0.01578,0.01565,0.01567,2811088.0
2023-04-18 08:30:00,0.01568,0.01568,0.01562,0.01563,2560783.0
2023-04-18 08:45:00,0.01562,0.01567,0.01559,0.01566,1705476.0
2023-04-18 09:00:00,0.01564,0.01568,0.01561,0.01567,1189898.0
2023-04-18 09:15:00,0.01566,0.01574,0.01563,0.01573,602594.0
2023-04-18 09:30:00,0.01573,0.01575,0.01571,0.01575,441581.0
2023-04-18 09:45:00,0.01574,0.01578,0.01566,0.01568,2331972.0
2023-04-18 10:00:00,0.01569,0.01572,0.01564,0.01565,1277358.0
2023-04-18 10:15:00,0.01566,0.0157,0.01565,0.01566,846462.0
2023-04-18 10:30:00,0.01567,0.01574,0.01566,0.01572,740068.0
2023-04-18 10:45:00,0.01571,0.01577,0.01571,0.01576,2524632.0
2023-04-18 11:00:00,0.01576,0.01582,0.01573,0.01582,3948049.0
2023-04-18 11:15:00,0.01583,0.01595,0.01581,0.01593,1901008.0
2023-04-18 11:30:00,0.01592,0.01597,0.01587,0.0159,2444146.0
2023-04-18 11:45:00,0.0159,0.01591,0.01585,0.01587,1233576.0
2023-04-18 12:00:00,0.01588,0.01588,0.01581,0.01583,1554384.0
2023-04-18 12:15:00,0.01583,0.01584,0.0158,0.01582,1433996.0
2023-04-18 12:30:00,0.01582,0.01582,0.01575,0.01575,4423998.0
2023-04-18 12:45:00,0.01575,0.0158,0.0157,0.01571,3319763.0
2023-04-18 13:00:00,0.01572,0.01575,0.01567,0.01571,4590951.0
2023-04-18 13:15:00,0.01571,0.01573,0.01565,0.01568,2355916.0
2023-04-18 13:30:00,0.01569,0.01572,0.01567,0.01572,1850699.0
2023-04-18 13:45:00,0.01571,0.01576,0.0157,0.01574,910132.0
2023-04-18 14:00:00,0.01574,0.01574,0.01567,0.0157,2443394.0
2023-04-18 14:15:00,0.01571,0.01576,0.01568,0.0157,4914562.0
2023-04-18 14:30:00,0.01569,0.01585,0.01566,0.01584,1482531.0
2023-04-18 14:45:00,0.01585,0.01598,0.01585,0.01593,6320908.0
2023-04-18 15:00:00,0.01593,0.01594,0.01575,0.01576,2086618.0
2023-04-18 15:15:00,0.01576,0.01582,0.01574,0.01582,831611.0
2023-04-18 15:30:00,0.01583,0.01593,0.0158,0.01584,1181853.0
2023-04-18 15:45:00,0.01585,0.01594,0.01582,0.01591,1188398.0
2023-04-18 16:00:00,0.01591,0.01598,0.01589,0.01593,296455.0
2023-04-18 16:15:00,0.01593,0.01597,0.01586,0.01587,3749714.0
2023-04-18 16:30:00,0.01587,0.01588,0.01581,0.01586,1576030.0
2023-04-18 16:45:00,0.01587,0.01587,0.01579,0.01579,649529.0
2023-04-18 17:00:00,0.01579,0.01584,0.01578,0.01583,685213.0
2023-04-18 17:15:00,0.01583,0.01583,0.0157,0.01571,2288828.0
2023-04-18 17:30:00,0.0157,0.01575,0.01563,0.01571,1071146.0
2023-04-18 17:45:00,0.0157,0.01625,0.01568,0.01587,30910068.0
2023-04-18 18:00:00,0.01587,0.0162,0.0158,0.01612,15327329.0
2023-04-18 18:15:00,0.01609,0.01613,0.01597,0.01603,4332351.0
2023-04-18 18:30:00,0.01606,0.01611,0.01596,0.01607,2323950.0
2023-04-18 18:45:00,0.01607,0.01618,0.01582,0.01588,7226880.0
2023-04-18 19:00:00,0.01588,0.01601,0.01588,0.01595,2480679.0
2023-04-18 19:15:00,0.01594,0.016,0.01593,0.016,1415161.0
2023-04-18 19:30:00,0.01602,0.01608,0.01594,0.01603,2462459.0
2023-04-18 19:45:00,0.01603,0.01604,0.01598,0.01598,1966395.0
2023-04-18 20:00:00,0.01598,0.01601,0.01594,0.01599,2165941.0
2023-04-18 20:15:00,0.016,0.01609,0.016,0.01609,746729.0
2023-04-18 20:30:00,0.01609,0.01614,0.01604,0.01607,2690575.0
2023-04-18 20:45:00,0.01609,0.01627,0.01606,0.01619,7187791.0
2023-04-18 21:00:00,0.01622,0.01624,0.01616,0.01624,717382.0
2023-04-18 21:15:00,0.01622,0.01625,0.01611,0.01614,3826803.0
2023-04-18 21:30:00,0.01615,0.01622,0.01613,0.0162,1959512.0
2023-04-18 21:45:00,0.01621,0.01629,0.0162,0.01627,463801.0
2023-04-18 22:00:00,0.01627,0.01637,0.01626,0.01632,1901331.0
2023-04-18 22:15:00,0.01633,0.01639,0.01628,0.01632,2806298.0
2023-04-18 22:30:00,0.01634,0.01636,0.01627,0.01634,888336.0
2023-04-18 22:45:00,0.01634,0.01635,0.01631,0.01633,215564.0
2023-04-18 23:00:00,0.01634,0.01646,0.01634,0.01645,1858317.0
2023-04-18 23:15:00,0.01645,0.01647,0.01635,0.01646,4908017.0
2023-04-18 23:30:00,0.01646,0.01654,0.01643,0.01645,3388355.0
2023-04-18 23:45:00,0.01646,0.0165,0.01643,0.01644,2669578.0
2023-04-19 00:00:00,0.01645,0.01646,0.01635,0.01643,3470038.0
2023-04-19 00:15:00,0.01644,0.01646,0.01637,0.01637,700303.0
2023-04-19 00:30:00,0.01638,0.0165,0.01638,0.01646,1366429.0
2023-04-19 00:45:00,0.01645,0.01646,0.01639,0.01639,585391.0
2023-04-19 01:00:00,0.01639,0.01651,0.01634,0.01636,1704220.0
2023-04-19 01:15:00,0.01635,0.01643,0.01629,0.01641,4854837.0
2023-04-19 01:30:00,0.01644,0.0165,0.01643,0.01649,866243.0
2023-04-19 01:45:00,0.0165,0.01668,0.01646,0.01664,3244760.0
2023-04-19 02:00:00,0.01662,0.01662,0.0163,0.01641,2771393.0
2023-04-19 02:15:00,0.01643,0.01644,0.01637,0.01643,1963858.0
2023-04-19 02:30:00,0.01645,0.01646,0.01641,0.01644,503112.0
2023-04-19 02:45:00,0.01643,0.01647,0.0164,0.01645,500319.0
2023-04-19 03:00:00,0.01645,0.01646,0.01635,0.01636,1844234.0
2023-04-19 03:15:00,0.01638,0.01641,0.01636,0.01639,557582.0
2023-04-19 03:30:00,0.01638,0.01638,0.01628,0.01631,1360505.0
2023-04-19 03:45:00,0.0163,0.0163,0.01623,0.01624,773836.0
2023-04-19 04:00:00,0.01625,0.01627,0.01608,0.0161,4211921.0
2023-04-19 04:15:00,0.01612,0.01619,0.01609,0.01611,1066017.0
2023-04-19 04:30:00,0.01612,0.01615,0.01611,0.01614,369794.0
2023-04-19 04:45:00,0.01613,0.01613,0.01606,0.0161,927748.0
2023-04-19 05:00:00,0.01612,0.01613,0.01609,0.01612,1084876.0
2023-04-19 05:15:00,0.01612,0.01613,0.01609,0.01609,111271.0
2023-04-19 05:30:00,0.01608,0.01612,0.01604,0.01612,2941618.0
2023-04-19 05:45:00,0.01611,0.01614,0.0161,0.01611,81153.0
2023-04-19 06:00:00,0.0161,0.01614,0.01605,0.01606,556703.0
2023-04-19 06:15:00,0.01605,0.01605,0.01582,0.01587,9200481.0
2023-04-19 06:30:00,0.01586,0.01588,0.01581,0.01584,2190684.0
2023-04-19 06:45:00,0.01583,0.01585,0.01579,0.01579,965735.0
2023-04-19 07:00:00,0.01578,0.01583,0.01572,0.01576,3478971.0
2023-04-19 07:15:00,0.01577,0.01587,0.01574,0.01587,1565920.0
2023-04-19 07:30:00,0.01586,0.01586,0.0158,0.01583,762815.0
2023-04-19 07:45:00,0.01581,0.01581,0.01571,0.01577,1983922.0
2023-04-19 08:00:00,0.01577,0.01583,0.01476,0.01491,16419148.0
2023-04-19 08:15:00,0.01493,0.01522,0.01425,0.01451,18964334.0
2023-04-19 08:30:00,0.0145,0.01455,0.01431,0.01452,8917118.0
2023-04-19 08:45:00,0.01452,0.01454,0.01438,0.01439,5299321.0
2023-04-19 09:00:00,0.01439,0.01455,0.01439,0.01455,4207869.0
2023-04-19 09:15:00,0.01455,0.01455,0.01444,0.01447,2295885.0
2023-04-19 09:30:00,0.01446,0.01457,0.01443,0.01455,1635882.0
2023-04-19 09:45:00,0.01455,0.01462,0.01451,0.01457,3233765.0
2023-04-19 10:00:00,0.01457,0.0147,0.01453,0.01468,1185895.0
2023-04-19 10:15:00,0.01465,0.01476,0.01462,0.01472,1059246.0
2023-04-19 10:30:00,0.01472,0.01476,0.01464,0.01473,1857604.0
2023-04-19 10:45:00,0.01471,0.0148,0.01467,0.01479,1486219.0
2023-04-19 11:00:00,0.01479,0.01487,0.01479,0.01484,1787230.0
2023-04-19 11:15:00,0.01485,0.0149,0.01483,0.01488,993060.0
2023-04-19 11:30:00,0.01488,0.01501,0.01487,0.01497,3437305.0
2023-04-19 11:45:00,0.01495,0.01498,0.01486,0.01495,1470427.0
2023-04-19 12:00:00,0.01492,0.01497,0.01485,0.01492,1796346.0
2023-04-19 12:15:00,0.0149,0.01502,0.0149,0.015,1592985.0
2023-04-19 12:30:00,0.015,0.01505,0.01494,0.015,2358976.0
2023-04-19 12:45:00,0.01502,0.0152,0.015,0.01516,3154807.0
2023-04-19 13:00:00,0.01515,0.01517,0.01495,0.01498,6625331.0
2023-04-19 13:15:00,0.01498,0.015,0.01497,0.01499,2201299.0
2023-04-19 13:30:00,0.01499,0.015,0.01483,0.01484,1330107.0
2023-04-19 13:45:00,0.01484,0.01492,0.01484,0.01485,587863.0
2023-04-19 14:00:00,0.01485,0.01502,0.01485,0.01502,2217535.0
2023-04-19 14:15:00,0.015,0.015,0.01485,0.01488,765484.0
2023-04-19 14:30:00,0.01487,0.01495,0.01486,0.01494,971362.0
2023-04-19 14:45:00,0.01492,0.01494,0.01481,0.01485,1338440.0
2023-04-19 15:00:00,0.01482,0.01485,0.01477,0.01479,952575.0
2023-04-19 15:15:00,0.0148,0.01483,0.01478,0.01479,670460.0
2023-04-19 15:30:00,0.01479,0.0148,0.01466,0.01474,797120.0
2023-04-19 15:45:00,0.01472,0.01476,0.01469,0.0147,866719.0
2023-04-19 16:00:00,0.01471,0.01473,0.01465,0.01468,1147429.0
2023-04-19 16:15:00,0.01468,0.01475,0.01468,0.01469,1575423.0
2023-04-19 16:30:00,0.0147,0.0147,0.01466,0.01466,407950.0
2023-04-19 16:45:00,0.01466,0.01468,0.01464,0.01466,1387439.0
2023-04-19 17:00:00,0.01465,0.01465,0.01458,0.01459,1321591.0
2023-04-19 17:15:00,0.01458,0.01458,0.01452,0.01455,1398256.0
2023-04-19 17:30:00,0.01455,0.01459,0.0145,0.01458,3885121.0
2023-04-19 17:45:00,0.01458,0.01462,0.01457,0.01461,2772156.0
2023-04-19 18:00:00,0.01462,0.01465,0.01462,0.01464,770681.0
2023-04-19 18:15:00,0.01463,0.01467,0.01459,0.01462,1238904.0
2023-04-19 18:30:00,0.01462,0.01463,0.01453,0.01455,2157021.0
2023-04-19 18:45:00,0.01455,0.01461,0.01453,0.01461,480876.0
2023-04-19 19:00:00,0.01461,0.01467,0.01456,0.01467,786548.0
2023-04-19 19:15:00,0.01467,0.01476,0.01466,0.01474,1339308.0
2023-04-19 19:30:00,0.01473,0.01477,0.01468,0.01473,3068540.0
2023-04-19 19:45:00,0.01473,0.01479,0.0147,0.01475,2879102.0
2023-04-19 20:00:00,0.01477,0.01477,0.01462,0.01466,5699834.0
2023-04-19 20:15:00,0.01467,0.01469,0.01461,0.01462,750472.0
2023-04-19 20:30:00,0.01462,0.01466,0.0146,0.01465,441419.0
2023-04-19 20:45:00,0.01462,0.01467,0.01461,0.01467,348227.0
2023-04-19 21:00:00,0.01465,0.01466,0.01461,0.01461,863306.0
2023-04-19 21:15:00,0.01461,0.01466,0.01442,0.0145,2137416.0
2023-04-19 21:30:00,0.0145,0.0146,0.01444,0.01453,2096738.0
2023-04-19 21:45:00,0.01456,0.01473,0.01456,0.01471,1792706.0
2023-04-19 22:00:00,0.01472,0.01477,0.01464,0.01474,901413.0
2023-04-19 22:15:00,0.01474,0.01476,0.01468,0.01468,595845.0
2023-04-19 22:30:00,0.01468,0.0148,0.01468,0.01478,883559.0
2023-04-19 22:45:00,0.01478,0.01478,0.01472,0.01472,408930.0
2023-04-19 23:00:00,0.01471,0.01476,0.01461,0.01464,1016734.0
2023-04-19 23:15:00,0.01465,0.01469,0.01438,0.01448,2202311.0
2023-04-19 23:30:00,0.01446,0.01454,0.01442,0.01448,768884.0
2023-04-19 23:45:00,0.0145,0.01459,0.01447,0.01455,1113514.0
2023-04-20 00:00:00,0.01456,0.01456,0.01446,0.01451,1481485.0
2023-04-20 00:15:00,0.0145,0.01468,0.0145,0.01468,1279518.0
2023-04-20 00:30:00,0.01466,0.01475,0.01466,0.01475,418848.0
2023-04-20 00:45:00,0.01474,0.01481,0.01474,0.01478,1077740.0
2023-04-20 01:00:00,0.01478,0.01483,0.01473,0.01479,995020.0
2023-04-20 01:15:00,0.01478,0.01484,0.01475,0.0148,453274.0
2023-04-20 01:30:00,0.01477,0.01488,0.01477,0.01485,199724.0
2023-04-20 01:45:00,0.01487,0.01504,0.01487,0.01501,1611292.0
2023-04-20 02:00:00,0.01502,0.0151,0.01496,0.01497,3304592.0
2023-04-20 02:15:00,0.01498,0.01499,0.01489,0.01496,690373.0
2023-04-20 02:30:00,0.01496,0.01505,0.01493,0.015,1272745.0
2023-04-20 02:45:00,0.01498,0.01501,0.01487,0.0149,913006.0
2023-04-20 03:00:00,0.01491,0.01504,0.01482,0.01504,1051645.0
2023-04-20 03:15:00,0.01502,0.01519,0.01502,0.01516,1494016.0
2023-04-20 03:30:00,0.01518,0.01521,0.01509,0.01516,1960355.0
2023-04-20 03:45:00,0.01515,0.01525,0.01512,0.01521,1290395.0
2023-04-20 04:00:00,0.01523,0.01534,0.01523,0.01525,2143860.0
2023-04-20 04:15:00,0.01525,0.0153,0.01525,0.0153,456330.0
2023-04-20 04:30:00,0.0153,0.01536,0.01524,0.01531,3064502.0
2023-04-20 04:45:00,0.0153,0.0153,0.0152,0.01521,1278807.0
2023-04-20 05:00:00,0.01523,0.01525,0.01519,0.01519,588863.0
2023-04-20 05:15:00,0.01519,0.01519,0.01509,0.01515,1581751.0
2023-04-20 05:30:00,0.01514,0.01519,0.0151,0.01512,2067244.0
2023-04-20 05:45:00,0.01515,0.01532,0.01513,0.01528,1619764.0
2023-04-20 06:00:00,0.01531,0.01538,0.01526,0.01529,3157564.0
2023-04-20 06:15:00,0.01529,0.01536,0.01522,0.01523,960372.0
2023-04-20 06:30:00,0.01523,0.01523,0.01512,0.01515,622094.0
2023-04-20 06:45:00,0.01515,0.0152,0.01513,0.01517,1199084.0
2023-04-20 07:00:00,0.01515,0.0152,0.01513,0.01514,427678.0
2023-04-20 07:15:00,0.01515,0.01517,0.01509,0.0151,456223.0
2023-04-20 07:30:00,0.0151,0.01511,0.01503,0.01506,1347916.0
2023-04-20 07:45:00,0.01506,0.01512,0.01504,0.01504,1106800.0
2023-04-20 08:00:00,0.01504,0.01522,0.01502,0.01519,527318.0
2023-04-20 08:15:00,0.0152,0.01528,0.01518,0.01526,1170374.0
2023-04-20 08:30:00,0.01528,0.01528,0.01518,0.0152,1570299.0
2023-04-20 08:45:00,0.01519,0.01522,0.01516,0.01519,974354.0
2023-04-20 09:00:00,0.01519,0.0153,0.01515,0.01529,1036128.0
2023-04-20 09:15:00,0.01527,0.0153,0.01518,0.01519,1877923.0
2023-04-20 09:30:00,0.0152,0.01521,0.0151,0.01511,2041063.0
2023-04-20 09:45:00,0.01511,0.01511,0.01505,0.01506,1852626.0
2023-04-20 10:00:00,0.01506,0.01506,0.01495,0.01496,3300578.0
2023-04-20 10:15:00,0.01495,0.01496,0.01488,0.01489,3488809.0
2023-04-20 10:30:00,0.01489,0.01492,0.01482,0.01491,3509303.0
2023-04-20 10:45:00,0.0149,0.01492,0.01487,0.0149,558618.0
2023-04-20 11:00:00,0.01487,0.0149,0.01478,0.01479,1082306.0
2023-04-20 11:15:00,0.0148,0.01482,0.01478,0.01482,385322.0
2023-04-20 11:30:00,0.01481,0.01482,0.01474,0.01478,1217706.0
2023-04-20 11:45:00,0.01478,0.01478,0.01469,0.0147,672036.0
2023-04-20 12:00:00,0.01471,0.0148,0.01468,0.01475,2535636.0
2023-04-20 12:15:00,0.01475,0.01486,0.01465,0.0148,766799.0
2023-04-20 12:30:00,0.01482,0.01493,0.01482,0.01489,1796349.0
2023-04-20 12:45:00,0.0149,0.01495,0.0149,0.01493,1303214.0
2023-04-20 13:00:00,0.01493,0.01495,0.01488,0.01492,834471.0
2023-04-20 13:15:00,0.01493,0.01493,0.01484,0.01484,859157.0
2023-04-20 13:30:00,0.01484,0.01488,0.01479,0.01479,1428649.0
2023-04-20 13:45:00,0.01479,0.01485,0.01475,0.01483,319509.0
2023-04-20 14:00:00,0.01484,0.01485,0.01479,0.01485,360825.0
2023-04-20 14:15:00,0.01484,0.01484,0.01473,0.01475,534092.0
2023-04-20 14:30:00,0.01474,0.01475,0.01467,0.01472,903516.0
2023-04-20 14:45:00,0.01471,0.01475,0.01468,0.01468,225669.0
2023-04-20 15:00:00,0.01469,0.01469,0.0146,0.01465,2307601.0
2023-04-20 15:15:00,0.01463,0.01463,0.01456,0.01457,1110656.0
2023-04-20 15:30:00,0.01458,0.01458,0.01437,0.01439,5245795.0
2023-04-20 15:45:00,0.0144,0.01442,0.01429,0.01429,3282016.0
2023-04-20 16:00:00,0.01429,0.01429,0.01397,0.01413,5273734.0
2023-04-20 16:15:00,0.01412,0.01428,0.01412,0.01421,1773986.0
2023-04-20 16:30:00,0.01421,0.01424,0.01414,0.0142,1528032.0
2023-04-20 16:45:00,0.01423,0.01423,0.01396,0.01396,4465539.0
2023-04-20 17:00:00,0.01396,0.01403,0.01381,0.01397,11111801.0
2023-04-20 17:15:00,0.01397,0.01411,0.01393,0.0141,910761.0
2023-04-20 17:30:00,0.01409,0.0141,0.01403,0.01404,1287755.0
2023-04-20 17:45:00,0.01404,0.01409,0.014,0.01402,1625771.0
2023-04-20 18:00:00,0.01401,0.01411,0.01395,0.01406,1057367.0
2023-04-20 18:15:00,0.01409,0.01409,0.01395,0.01395,721317.0
2023-04-20 18:30:00,0.01395,0.01399,0.01394,0.01398,510023.0
2023-04-20 18:45:00,0.01395,0.01404,0.01394,0.01404,587656.0
2023-04-20 19:00:00,0.01401,0.01401,0.01386,0.01389,1312989.0
2023-04-20 19:15:00,0.01387,0.01392,0.0138,0.01383,1072335.0
2023-04-20 19:30:00,0.01384,0.01392,0.01379,0.01391,1970303.0
2023-04-20 19:45:00,0.01391,0.01395,0.01388,0.01389,695262.0
2023-04-20 20:00:00,0.01388,0.01396,0.01386,0.0139,489679.0
2023-04-20 20:15:00,0.0139,0.01398,0.01385,0.01398,543550.0
2023-04-20 20:30:00,0.01399,0.01405,0.01399,0.01402,665906.0
2023-04-20 20:45:00,0.01402,0.01406,0.014,0.01401,760339.0
2023-04-20 21:00:00,0.01399,0.01403,0.01396,0.01398,604304.0
2023-04-20 21:15:00,0.014,0.01403,0.01397,0.01397,408728.0
2023-04-20 21:30:00,0.01396,0.01397,0.01391,0.01394,818531.0
2023-04-20 21:45:00,0.01394,0.01395,0.01391,0.01395,378720.0
2023-04-20 22:00:00,0.01395,0.01404,0.01392,0.01403,474668.0
2023-04-20 22:15:00,0.01403,0.01406,0.01398,0.01399,1260840.0
2023-04-20 22:30:00,0.01399,0.01399,0.01393,0.01393,729952.0
2023-04-20 22:45:00,0.01392,0.01393,0.01391,0.01391,801178.0
2023-04-20 23:00:00,0.01391,0.01397,0.01391,0.01395,477357.0
2023-04-20 23:15:00,0.01395,0.01395,0.01387,0.01387,426971.0
2023-04-20 23:30:00,0.01387,0.01393,0.01384,0.01391,629325.0
2023-04-20 23:45:00,0.01391,0.01395,0.01391,0.01392,143998.0
2023-04-21 00:00:00,0.01392,0.014,0.01392,0.01398,716494.0
2023-04-21 00:15:00,0.01397,0.014,0.01385,0.01385,1478896.0
2023-04-21 00:30:00,0.01386,0.01399,0.01383,0.01399,3074956.0
2023-04-21 00:45:00,0.014,0.01409,0.014,0.01403,2850404.0
2023-04-21 01:00:00,0.01404,0.01408,0.01398,0.01403,1554078.0
2023-04-21 01:15:00,0.01401,0.01403,0.01398,0.01398,513770.0
2023-04-21 01:30:00,0.01398,0.01401,0.01396,0.01397,162270.0
2023-04-21 01:45:00,0.01398,0.01401,0.01398,0.014,220783.0
2023-04-21 02:00:00,0.01399,0.01406,0.01397,0.01406,1360746.0
2023-04-21 02:15:00,0.01406,0.0141,0.01405,0.01406,754432.0
2023-04-21 02:30:00,0.01405,0.0142,0.01402,0.0142,3698875.0
2023-04-21 02:45:00,0.01417,0.01424,0.01416,0.01424,681554.0
2023-04-21 03:00:00,0.01421,0.01427,0.0142,0.01427,444382.0
2023-04-21 03:15:00,0.01425,0.01437,0.01425,0.01436,1630983.0
2023-04-21 03:30:00,0.01435,0.01446,0.01435,0.01443,2361032.0
2023-04-21 03:45:00,0.01443,0.0146,0.01443,0.01456,2511268.0
2023-04-21 04:00:00,0.01456,0.01456,0.01438,0.01439,1130171.0
2023-04-21 04:15:00,0.01439,0.01444,0.01432,0.01432,6152919.0
2023-04-21 04:30:00,0.01432,0.01436,0.01425,0.01425,2085525.0
2023-04-21 04:45:00,0.01426,0.01427,0.01422,0.01423,459921.0
2023-04-21 05:00:00,0.01424,0.01426,0.01421,0.01424,334113.0
2023-04-21 05:15:00,0.01421,0.01423,0.0142,0.01422,136633.0
2023-04-21 05:30:00,0.01422,0.01427,0.01421,0.01425,187192.0
2023-04-21 05:45:00,0.01425,0.01426,0.01414,0.01415,1307937.0
2023-04-21 06:00:00,0.01415,0.01421,0.01409,0.01414,1656602.0
2023-04-21 06:15:00,0.01414,0.01423,0.01414,0.01419,681226.0
2023-04-21 06:30:00,0.01418,0.01418,0.01398,0.01405,1010042.0
2023-04-21 06:45:00,0.01402,0.01404,0.01388,0.01394,2650413.0
2023-04-21 07:00:00,0.01394,0.01405,0.01394,0.01402,632612.0
2023-04-21 07:15:00,0.01404,0.01404,0.01397,0.01401,825036.0
2023-04-21 07:30:00,0.01401,0.01403,0.01395,0.01403,523327.0
2023-04-21 07:45:00,0.01402,0.01417,0.01402,0.01414,1476361.0
2023-04-21 08:00:00,0.01416,0.0143,0.01416,0.01424,1449064.0
2023-04-21 08:15:00,0.01423,0.01423,0.01417,0.01417,306473.0
2023-04-21 08:30:00,0.01415,0.01415,0.01407,0.01408,993290.0
2023-04-21 08:45:00,0.0141,0.01415,0.01406,0.01411,3192012.0
2023-04-21 09:00:00,0.01411,0.01411,0.01396,0.01397,1249849.0
2023-04-21 09:15:00,0.01398,0.01407,0.01398,0.014,964597.0
2023-04-21 09:30:00,0.014,0.01404,0.01397,0.01403,712306.0
2023-04-21 09:45:00,0.01403,0.01403,0.01393,0.01394,991993.0
2023-04-21 10:00:00,0.01395,0.01403,0.01395,0.014,2107753.0
2023-04-21 10:15:00,0.01402,0.01406,0.014,0.01406,549399.0
2023-04-21 10:30:00,0.01406,0.01406,0.0139,0.01396,1296904.0
2023-04-21 10:45:00,0.01397,0.01397,0.01389,0.01392,845925.0
2023-04-21 11:00:00,0.0139,0.0139,0.01381,0.01386,729329.0
2023-04-21 11:15:00,0.01386,0.01392,0.01384,0.0139,2789952.0
2023-04-21 11:30:00,0.0139,0.01394,0.01386,0.01386,379739.0
2023-04-21 11:45:00,0.01385,0.01391,0.01384,0.01391,546238.0
2023-04-21 12:00:00,0.0139,0.01392,0.01382,0.01392,1055432.0
2023-04-21 12:15:00,0.0139,0.01402,0.0139,0.014,831180.0
2023-04-21 12:30:00,0.014,0.01406,0.01397,0.01397,644381.0
2023-04-21 12:45:00,0.01399,0.01407,0.01397,0.01405,873414.0
2023-04-21 13:00:00,0.01405,0.01409,0.01402,0.01407,382352.0
2023-04-21 13:15:00,0.01405,0.01408,0.01398,0.01398,424157.0
2023-04-21 13:30:00,0.01399,0.01407,0.01399,0.01404,295230.0
2023-04-21 13:45:00,0.01403,0.01404,0.01382,0.01382,1625585.0
2023-04-21 14:00:00,0.01386,0.01391,0.01383,0.0139,998232.0
2023-04-21 14:15:00,0.01389,0.01398,0.01383,0.01393,981227.0
2023-04-21 14:30:00,0.01395,0.01397,0.01386,0.01386,582533.0
2023-04-21 14:45:00,0.01385,0.01386,0.01378,0.01384,2463564.0
2023-04-21 15:00:00,0.01384,0.01398,0.01382,0.01393,2777204.0
2023-04-21 15:15:00,0.01391,0.01392,0.01383,0.01384,437129.0
2023-04-21 15:30:00,0.01384,0.01389,0.01384,0.01386,278293.0
2023-04-21 15:45:00,0.01388,0.01389,0.0138,0.01387,3393211.0
2023-04-21 16:00:00,0.01386,0.01389,0.01382,0.01388,2876979.0
2023-04-21 16:15:00,0.01389,0.01393,0.01382,0.01386,484452.0
2023-04-21 16:30:00,0.01385,0.01388,0.01378,0.01388,798096.0
2023-04-21 16:45:00,0.0139,0.01392,0.01387,0.01391,224744.0
2023-04-21 17:00:00,0.0139,0.01393,0.01385,0.01391,418933.0
2023-04-21 17:15:00,0.0139,0.0139,0.01365,0.01374,2911205.0
2023-04-21 17:30:00,0.01374,0.01378,0.01369,0.01378,805825.0
2023-04-21 17:45:00,0.01378,0.01383,0.01377,0.01381,408070.0
2023-04-21 18:00:00,0.0138,0.0138,0.01368,0.01373,1010661.0
2023-04-21 18:15:00,0.01374,0.01378,0.01374,0.01376,494898.0
2023-04-21 18:30:00,0.01375,0.01376,0.01367,0.0137,297495.0
2023-04-21 18:45:00,0.01369,0.01372,0.01365,0.0137,562433.0
2023-04-21 19:00:00,0.01368,0.0137,0.01301,0.01317,11838838.0
2023-04-21 19:15:00,0.01314,0.01327,0.0131,0.01318,1682128.0
2023-04-21 19:30:00,0.01318,0.01331,0.01318,0.01329,2103712.0
2023-04-21 19:45:00,0.01328,0.0133,0.01321,0.01325,1918563.0
2023-04-21 20:00:00,0.01324,0.01324,0.01308,0.01318,1899660.0
2023-04-21 20:15:00,0.01319,0.01322,0.01316,0.01318,691904.0
2023-04-21 20:30:00,0.01319,0.0132,0.0131,0.0131,779733.0
2023-04-21 20:45:00,0.01312,0.01312,0.01302,0.01303,782776.0
2023-04-21 21:00:00,0.01301,0.01308,0.01293,0.01305,3585043.0
2023-04-21 21:15:00,0.01304,0.01306,0.01302,0.01305,692545.0
2023-04-21 21:30:00,0.01307,0.01313,0.01307,0.01311,346526.0
2023-04-21 21:45:00,0.01309,0.01309,0.01298,0.01298,480984.0
2023-04-21 22:00:00,0.01298,0.01306,0.01295,0.01305,1154890.0
2023-04-21 22:15:00,0.01306,0.01308,0.01296,0.01298,638402.0
2023-04-21 22:30:00,0.01298,0.01302,0.01294,0.01302,628627.0
2023-04-21 22:45:00,0.01302,0.01304,0.013,0.01301,352877.0
2023-04-21 23:00:00,0.01302,0.01313,0.01302,0.0131,1141716.0
2023-04-21 23:15:00,0.01311,0.01314,0.0131,0.0131,190562.0
2023-04-21 23:30:00,0.01311,0.01315,0.01308,0.01311,457640.0
2023-04-21 23:45:00,0.01309,0.01312,0.01307,0.01312,722358.0
2023-04-22 00:00:00,0.0131,0.01317,0.01308,0.01316,902087.0
2023-04-22 00:15:00,0.01317,0.01319,0.01311,0.01311,246460.0
2023-04-22 00:30:00,0.0131,0.01314,0.01309,0.01313,354053.0
2023-04-22 00:45:00,0.0131,0.01311,0.01303,0.01309,816280.0
2023-04-22 01:00:00,0.01307,0.0131,0.01299,0.01301,764314.0
2023-04-22 01:15:00,0.01302,0.01308,0.01301,0.01303,518449.0
2023-04-22 01:30:00,0.01302,0.0131,0.013,0.0131,409664.0
2023-04-22 01:45:00,0.0131,0.01314,0.0131,0.01312,259537.0
2023-04-22 02:00:00,0.01312,0.01314,0.01311,0.01314,281250.0
2023-04-22 02:15:00,0.01311,0.01312,0.01309,0.01311,213968.0
2023-04-22 02:30:00,0.0131,0.01312,0.01306,0.01308,264966.0
2023-04-22 02:45:00,0.01306,0.01309,0.01306,0.01308,76683.0
2023-04-22 03:00:00,0.01308,0.01311,0.01307,0.01307,235617.0
2023-04-22 03:15:00,0.01309,0.01313,0.01308,0.01313,136021.0
2023-04-22 03:30:00,0.01311,0.01316,0.0131,0.01314,247584.0
2023-04-22 03:45:00,0.01317,0.01321,0.01317,0.01319,527613.0
2023-04-22 04:00:00,0.01319,0.01319,0.01316,0.01319,121770.0
2023-04-22 04:15:00,0.01319,0.01323,0.01318,0.01322,318363.0
2023-04-22 04:30:00,0.01323,0.01326,0.01323,0.01324,170515.0
2023-04-22 04:45:00,0.01325,0.01328,0.01324,0.01326,317940.0
2023-04-22 05:00:00,0.01327,0.01328,0.01323,0.01323,383944.0
2023-04-22 05:15:00,0.01324,0.01326,0.01324,0.01326,67585.0
2023-04-22 05:30:00,0.01325,0.01328,0.01324,0.01327,358223.0
2023-04-22 05:45:00,0.01327,0.01331,0.01324,0.01326,743287.0
2023-04-22 06:00:00,0.01325,0.01325,0.01316,0.01318,308779.0
2023-04-22 06:15:00,0.01318,0.01319,0.01315,0.01315,464665.0
2023-04-22 06:30:00,0.01315,0.01316,0.01312,0.01314,162646.0
2023-04-22 06:45:00,0.01315,0.01315,0.01312,0.01313,122328.0
2023-04-22 07:00:00,0.01314,0.01316,0.01312,0.01314,388183.0
2023-04-22 07:15:00,0.01312,0.01316,0.01311,0.01315,1248138.0
2023-04-22 07:30:00,0.01315,0.01315,0.0131,0.0131,465579.0
2023-04-22 07:45:00,0.0131,0.0131,0.01301,0.01305,1402921.0
2023-04-22 08:00:00,0.01304,0.01304,0.01302,0.01302,436613.0
2023-04-22 08:15:00,0.01301,0.01306,0.01297,0.01297,479245.0
2023-04-22 08:30:00,0.01297,0.01302,0.01294,0.01298,1108365.0
2023-04-22 08:45:00,0.01297,0.01297,0.01292,0.01293,661160.0
2023-04-22 09:00:00,0.01294,0.01296,0.01292,0.01295,911340.0
2023-04-22 09:15:00,0.01297,0.01299,0.01297,0.01298,431941.0
2023-04-22 09:30:00,0.01298,0.01304,0.01298,0.01304,704117.0
2023-04-22 09:45:00,0.01305,0.01305,0.01299,0.01301,521414.0
2023-04-22 10:00:00,0.013,0.013,0.01294,0.01296,477160.0
2023-04-22 10:15:00,0.01297,0.01297,0.01285,0.01291,898383.0
2023-04-22 10:30:00,0.01291,0.01293,0.01288,0.01289,604734.0
2023-04-22 10:45:00,0.01291,0.01293,0.01289,0.01292,1055461.0
2023-04-22 11:00:00,0.01294,0.01298,0.01292,0.01298,237061.0
2023-04-22 11:15:00,0.01299,0.013,0.01292,0.01297,767717.0
2023-04-22 11:30:00,0.01298,0.01298,0.01294,0.01295,374079.0
2023-04-22 11:45:00,0.01296,0.013,0.01295,0.01299,680962.0
2023-04-22 12:00:00,0.01297,0.01297,0.01293,0.01294,376595.0
2023-04-22 12:15:00,0.01293,0.01296,0.01293,0.01295,601221.0
2023-04-22 12:30:00,0.01293,0.01294,0.01291,0.01292,1187868.0
2023-04-22 12:45:00,0.01293,0.01296,0.0129,0.01295,945215.0
2023-04-22 13:00:00,0.01297,0.013,0.01296,0.01299,720123.0
2023-04-22 13:15:00,0.013,0.01301,0.0129,0.01292,497855.0
2023-04-22 13:30:00,0.01292,0.01292,0.01281,0.01284,3643380.0
2023-04-22 13:45:00,0.01282,0.01288,0.0128,0.01287,835321.0
2023-04-22 14:00:00,0.01285,0.01288,0.01285,0.01286,409630.0
2023-04-22 14:15:00,0.01287,0.01294,0.01286,0.01291,342807.0
2023-04-22 14:30:00,0.01291,0.01293,0.01289,0.01293,286178.0
2023-04-22 14:45:00,0.01295,0.01308,0.01295,0.01306,2211625.0
2023-04-22 15:00:00,0.01306,0.01313,0.01301,0.01309,3084129.0
2023-04-22 15:15:00,0.01309,0.01314,0.01306,0.01313,444045.0
2023-04-22 15:30:00,0.01314,0.01315,0.01313,0.01314,727977.0
2023-04-22 15:45:00,0.01313,0.01313,0.01307,0.01312,977556.0
2023-04-22 16:00:00,0.01311,0.01319,0.01306,0.01319,596008.0
2023-04-22 16:15:00,0.01317,0.01327,0.01317,0.01318,1769929.0
2023-04-22 16:30:00,0.01318,0.01319,0.01314,0.01316,501666.0
2023-04-22 16:45:00,0.01317,0.01318,0.01303,0.01306,2693939.0
2023-04-22 17:00:00,0.01307,0.01312,0.01305,0.01312,395497.0
2023-04-22 17:15:00,0.01313,0.01316,0.01313,0.01316,695509.0
2023-04-22 17:30:00,0.01314,0.01315,0.01311,0.01314,99168.0
2023-04-22 17:45:00,0.01312,0.01313,0.01309,0.01312,469801.0
2023-04-22 18:00:00,0.01312,0.01313,0.01309,0.0131,133189.0
2023-04-22 18:15:00,0.01309,0.01309,0.01307,0.01307,454068.0
2023-04-22 18:30:00,0.01305,0.01305,0.01303,0.01304,162722.0
2023-04-22 18:45:00,0.01307,0.0131,0.01307,0.01308,190421.0
2023-04-22 19:00:00,0.01308,0.01313,0.01305,0.01313,674127.0
2023-04-22 19:15:00,0.01314,0.01316,0.01313,0.01315,263772.0
2023-04-22 19:30:00,0.01314,0.01316,0.01312,0.01315,206904.0
2023-04-22 19:45:00,0.01314,0.01317,0.01312,0.01312,330438.0
2023-04-22 20:00:00,0.01312,0.01316,0.01312,0.01316,289410.0
2023-04-22 20:15:00,0.01316,0.01318,0.01314,0.01314,359930.0
2023-04-22 20:30:00,0.01315,0.0132,0.01314,0.01316,199969.0
2023-04-22 20:45:00,0.01317,0.01321,0.01317,0.01317,622903.0
2023-04-22 21:00:00,0.01316,0.01318,0.01315,0.01315,175475.0
2023-04-22 21:15:00,0.01316,0.01319,0.01313,0.01315,494818.0
2023-04-22 21:30:00,0.01316,0.01324,0.01316,0.01322,339047.0
2023-04-22 21:45:00,0.0132,0.01324,0.01319,0.01324,168002.0
2023-04-22 22:00:00,0.01324,0.01331,0.01324,0.0133,703030.0
2023-04-22 22:15:00,0.0133,0.01333,0.0133,0.01331,654991.0
2023-04-22 22:30:00,0.0133,0.01331,0.01326,0.0133,475446.0
2023-04-22 22:45:00,0.01331,0.01333,0.01329,0.01332,416174.0
2023-04-22 23:00:00,0.01332,0.01332,0.01327,0.01327,162516.0
2023-04-22 23:15:00,0.0133,0.0133,0.01327,0.01328,137547.0
2023-04-22 23:30:00,0.01326,0.01328,0.01326,0.01327,463861.0
2023-04-22 23:45:00,0.01326,0.01327,0.01325,0.01327,137779.0
2023-04-23 00:00:00,0.01326,0.01327,0.01314,0.01315,421517.0
2023-04-23 00:15:00,0.01313,0.01317,0.01312,0.01317,414253.0
2023-04-23 00:30:00,0.01315,0.01315,0.01293,0.01304,3081444.0
2023-04-23 00:45:00,0.01305,0.0131,0.01305,0.01308,248360.0
2023-04-23 01:00:00,0.0131,0.01311,0.01307,0.01311,227918.0
2023-04-23 01:15:00,0.01312,0.01313,0.01308,0.01313,603103.0
2023-04-23 01:30:00,0.01313,0.01313,0.01302,0.01303,1090274.0
2023-04-23 01:45:00,0.01302,0.01304,0.01301,0.01302,448212.0
2023-04-23 02:00:00,0.01301,0.01303,0.01299,0.01299,544819.0
2023-04-23 02:15:00,0.013,0.01301,0.01297,0.013,91472.0
2023-04-23 02:30:00,0.01299,0.01311,0.01299,0.01309,1279357.0
2023-04-23 02:45:00,0.01308,0.01309,0.01306,0.01309,262427.0
2023-04-23 03:00:00,0.01307,0.01311,0.01305,0.01309,467410.0
2023-04-23 03:15:00,0.01309,0.01313,0.01307,0.01312,234548.0
2023-04-23 03:30:00,0.01314,0.01318,0.01314,0.01316,606097.0
2023-04-23 03:45:00,0.01315,0.01315,0.01312,0.01313,46423.0
2023-04-23 04:00:00,0.01312,0.01313,0.01306,0.01308,790196.0
2023-04-23 04:15:00,0.01308,0.01314,0.01308,0.01311,191054.0
2023-04-23 04:30:00,0.01313,0.01315,0.0131,0.0131,596925.0
2023-04-23 04:45:00,0.01311,0.01314,0.01311,0.01313,87991.0
2023-04-23 05:00:00,0.01314,0.01315,0.01308,0.01308,742370.0
2023-04-23 05:15:00,0.0131,0.01313,0.01309,0.01313,209324.0
2023-04-23 05:30:00,0.01312,0.01315,0.0131,0.01311,196395.0
2023-04-23 05:45:00,0.01313,0.01316,0.0131,0.01315,315158.0
2023-04-23 06:00:00,0.01316,0.01319,0.01315,0.01317,264469.0
2023-04-23 06:15:00,0.01316,0.01319,0.01314,0.01319,596445.0
2023-04-23 06:30:00,0.01316,0.01317,0.01314,0.01314,208777.0
2023-04-23 06:45:00,0.01314,0.01314,0.0131,0.01312,719055.0
2023-04-23 07:00:00,0.01314,0.01316,0.01308,0.01309,834987.0
2023-04-23 07:15:00,0.0131,0.01315,0.0131,0.01315,373091.0
2023-04-23 07:30:00,0.01314,0.01323,0.01312,0.01321,1097484.0
2023-04-23 07:45:00,0.0132,0.01325,0.0132,0.01322,472881.0
2023-04-23 08:00:00,0.01322,0.01322,0.01317,0.0132,640299.0
2023-04-23 08:15:00,0.01319,0.0132,0.01318,0.01318,568708.0
2023-04-23 08:30:00,0.01319,0.01324,0.01319,0.01324,310537.0
2023-04-23 08:45:00,0.01324,0.01326,0.01324,0.01325,384562.0
2023-04-23 09:00:00,0.01325,0.01325,0.0132,0.01322,516691.0
2023-04-23 09:15:00,0.01323,0.01323,0.01318,0.0132,409427.0
2023-04-23 09:30:00,0.0132,0.0132,0.01314,0.01315,454625.0
2023-04-23 09:45:00,0.01314,0.01316,0.01313,0.01315,700221.0
2023-04-23 10:00:00,0.01316,0.01318,0.01314,0.01318,424185.0
2023-04-23 10:15:00,0.01318,0.01318,0.01307,0.01308,651153.0
2023-04-23 10:30:00,0.01307,0.0131,0.01305,0.01309,870154.0
2023-04-23 10:45:00,0.01309,0.0131,0.01305,0.01305,577685.0
2023-04-23 11:00:00,0.01306,0.01311,0.01304,0.0131,717868.0
2023-04-23 11:15:00,0.01309,0.01311,0.01308,0.0131,95959.0
2023-04-23 11:30:00,0.0131,0.01311,0.01308,0.01309,379999.0
2023-04-23 11:45:00,0.0131,0.01318,0.01309,0.01317,581572.0
2023-04-23 12:00:00,0.01315,0.01315,0.01312,0.01312,395805.0
2023-04-23 12:15:00,0.01311,0.01316,0.0131,0.01316,1002185.0
2023-04-23 12:30:00,0.01317,0.0132,0.0131,0.01314,1373553.0
2023-04-23 12:45:00,0.01312,0.01313,0.0131,0.01312,140069.0
2023-04-23 13:00:00,0.01311,0.01311,0.01301,0.01305,432277.0
2023-04-23 13:15:00,0.01305,0.01309,0.01304,0.01307,438170.0
2023-04-23 13:30:00,0.01309,0.01311,0.01304,0.0131,630068.0
2023-04-23 13:45:00,0.0131,0.01311,0.01307,0.01307,137463.0
2023-04-23 14:00:00,0.01308,0.01311,0.01305,0.01307,460617.0
2023-04-23 14:15:00,0.01307,0.01309,0.01305,0.01306,707880.0
2023-04-23 14:30:00,0.01307,0.01308,0.01302,0.01306,473942.0
2023-04-23 14:45:00,0.01305,0.01305,0.01295,0.01296,1894348.0
2023-04-23 15:00:00,0.01296,0.013,0.01291,0.01294,2560242.0
2023-04-23 15:15:00,0.01295,0.01296,0.01284,0.01284,6894467.0
2023-04-23 15:30:00,0.01283,0.01288,0.01283,0.01287,891675.0
2023-04-23 15:45:00,0.01288,0.01293,0.01287,0.01291,2898716.0
2023-04-23 16:00:00,0.01289,0.01289,0.01266,0.01268,4356856.0
2023-04-23 16:15:00,0.01269,0.01283,0.01268,0.01283,1126659.0
2023-04-23 16:30:00,0.01283,0.0129,0.0128,0.01288,1206403.0
2023-04-23 16:45:00,0.01288,0.01292,0.01283,0.01286,2602465.0
2023-04-23 17:00:00,0.01287,0.01287,0.01285,0.01287,171824.0
2023-04-23 17:15:00,0.01287,0.01288,0.01283,0.01285,477812.0
2023-04-23 17:30:00,0.01285,0.01286,0.01282,0.01282,543843.0
2023-04-23 17:45:00,0.01282,0.01283,0.01273,0.01274,712737.0
2023-04-23 18:00:00,0.01273,0.01273,0.01257,0.01267,2754207.0
2023-04-23 18:15:00,0.01267,0.01267,0.01258,0.0126,1502665.0
2023-04-23 18:30:00,0.0126,0.01268,0.01257,0.01265,2208174.0
2023-04-23 18:45:00,0.01266,0.01266,0.01244,0.01253,4880763.0
2023-04-23 19:00:00,0.01253,0.0126,0.01253,0.01258,1644339.0
2023-04-23 19:15:00,0.01258,0.01262,0.01253,0.01261,970687.0
2023-04-23 19:30:00,0.01262,0.01273,0.01261,0.01269,1167523.0
2023-04-23 19:45:00,0.01272,0.01276,0.0127,0.01271,1195684.0
2023-04-23 20:00:00,0.0127,0.0127,0.01263,0.01268,355813.0
2023-04-23 20:15:00,0.01268,0.01276,0.01268,0.01275,684563.0
2023-04-23 20:30:00,0.01276,0.01278,0.01273,0.01274,607476.0
2023-04-23 20:45:00,0.01273,0.01275,0.0127,0.01271,1018344.0
2023-04-23 21:00:00,0.01272,0.01275,0.01271,0.01275,1139309.0
2023-04-23 21:15:00,0.01272,0.01272,0.01266,0.01269,713513.0
2023-04-23 21:30:00,0.01269,0.01269,0.01266,0.01269,761074.0
2023-04-23 21:45:00,0.01269,0.01278,0.01269,0.01278,953623.0
2023-04-23 22:00:00,0.01278,0.01278,0.01272,0.01273,374391.0
2023-04-23 22:15:00,0.01273,0.01281,0.01271,0.01281,347940.0
2023-04-23 22:30:00,0.0128,0.0129,0.0128,0.01289,533925.0
2023-04-23 22:45:00,0.01291,0.01292,0.01288,0.01289,282860.0
2023-04-23 23:00:00,0.01289,0.01293,0.01289,0.01291,766264.0
2023-04-23 23:15:00,0.01292,0.01296,0.0129,0.01291,819696.0
2023-04-23 23:30:00,0.01292,0.01294,0.01289,0.01289,561752.0
2023-04-23 23:45:00,0.01288,0.01292,0.01288,0.01291,99178.0
2023-04-24 00:00:00,0.01291,0.01291,0.01279,0.01279,2687922.0
2023-04-24 00:15:00,0.01279,0.01279,0.0127,0.0127,772821.0
2023-04-24 00:30:00,0.0127,0.01275,0.0127,0.01273,607655.0
2023-04-24 00:45:00,0.01273,0.013,0.01273,0.01296,3071293.0
2023-04-24 01:00:00,0.013,0.0131,0.013,0.01305,1253932.0
2023-04-24 01:15:00,0.01305,0.01311,0.01298,0.01298,1808144.0
2023-04-24 01:30:00,0.01299,0.01299,0.01295,0.01298,327163.0
2023-04-24 01:45:00,0.01299,0.01305,0.01297,0.01297,650908.0
2023-04-24 02:00:00,0.01297,0.01302,0.01292,0.01301,854820.0
2023-04-24 02:15:00,0.013,0.013,0.01294,0.01294,698086.0
2023-04-24 02:30:00,0.01292,0.01294,0.01289,0.0129,189490.0
2023-04-24 02:45:00,0.01289,0.01294,0.01288,0.0129,266764.0
2023-04-24 03:00:00,0.0129,0.01293,0.0129,0.01292,92860.0
2023-04-24 03:15:00,0.01291,0.01291,0.01283,0.01286,279438.0
2023-04-24 03:30:00,0.01286,0.01291,0.01282,0.01291,466822.0
2023-04-24 03:45:00,0.01289,0.01291,0.01287,0.0129,372469.0
2023-04-24 04:00:00,0.01289,0.01289,0.01286,0.01287,37015.0
2023-04-24 04:15:00,0.01286,0.01286,0.01284,0.01285,298911.0
2023-04-24 04:30:00,0.01287,0.01293,0.01287,0.01288,213141.0
2023-04-24 04:45:00,0.01288,0.0129,0.01288,0.01289,16336.0
2023-04-24 05:00:00,0.01286,0.0129,0.01285,0.01289,197372.0
2023-04-24 05:15:00,0.0129,0.01291,0.0129,0.01291,76579.0
2023-04-24 05:30:00,0.0129,0.0129,0.01276,0.01276,667261.0
2023-04-24 05:45:00,0.01278,0.01278,0.01274,0.01275,152944.0
2023-04-24 06:00:00,0.01277,0.01279,0.01276,0.01278,589475.0
2023-04-24 06:15:00,0.01277,0.01278,0.0127,0.01274,1299521.0
2023-04-24 06:30:00,0.01275,0.01276,0.01267,0.0127,1383160.0
2023-04-24 06:45:00,0.01269,0.01271,0.01263,0.01269,413007.0
2023-04-24 07:00:00,0.01268,0.01268,0.01262,0.01268,1176963.0
2023-04-24 07:15:00,0.01267,0.01272,0.01261,0.01272,728902.0
2023-04-24 07:30:00,0.01271,0.01272,0.01265,0.01272,287598.0
2023-04-24 07:45:00,0.01271,0.01271,0.01268,0.01271,209803.0
2023-04-24 08:00:00,0.01271,0.01272,0.01261,0.01271,1359883.0
2023-04-24 08:15:00,0.0127,0.01271,0.01262,0.01263,317689.0
2023-04-24 08:30:00,0.01264,0.01267,0.01256,0.0126,1304194.0
2023-04-24 08:45:00,0.0126,0.0126,0.01254,0.01258,1449007.0
2023-04-24 09:00:00,0.01256,0.01269,0.01256,0.01264,439717.0
2023-04-24 09:15:00,0.01266,0.01266,0.01263,0.01263,810797.0
2023-04-24 09:30:00,0.01265,0.01268,0.01265,0.01267,354657.0
2023-04-24 09:45:00,0.01266,0.01271,0.01265,0.01271,252949.0
2023-04-24 10:00:00,0.0127,0.01275,0.01268,0.01273,834320.0
2023-04-24 10:15:00,0.01272,0.01273,0.01269,0.0127,174222.0
2023-04-24 10:30:00,0.01272,0.01274,0.01269,0.01269,291203.0
2023-04-24 10:45:00,0.0127,0.01275,0.0127,0.01274,717676.0
2023-04-24 11:00:00,0.01274,0.01276,0.01273,0.01276,353021.0
2023-04-24 11:15:00,0.01275,0.01276,0.01273,0.01276,578860.0
2023-04-24 11:30:00,0.01276,0.01282,0.01276,0.01281,434785.0
2023-04-24 11:45:00,0.01281,0.01284,0.01279,0.01284,250037.0
2023-04-24 12:00:00,0.01284,0.01285,0.01276,0.01278,1045321.0
2023-04-24 12:15:00,0.01279,0.01281,0.01276,0.01279,865876.0
2023-04-24 12:30:00,0.0128,0.01284,0.01277,0.01282,258010.0
2023-04-24 12:45:00,0.01283,0.01284,0.01278,0.0128,105142.0
2023-04-24 13:00:00,0.01279,0.01282,0.01275,0.0128,625930.0
2023-04-24 13:15:00,0.01281,0.01284,0.01279,0.01281,365963.0
2023-04-24 13:30:00,0.01281,0.01294,0.0128,0.01291,995820.0
2023-04-24 13:45:00,0.01292,0.01298,0.01292,0.01292,690027.0
2023-04-24 14:00:00,0.01294,0.01297,0.01293,0.01296,181864.0
2023-04-24 14:15:00,0.01297,0.01301,0.01293,0.01295,632128.0
2023-04-24 14:30:00,0.01294,0.01294,0.01275,0.0128,855287.0
2023-04-24 14:45:00,0.01279,0.01295,0.01278,0.01287,3795567.0
2023-04-24 15:00:00,0.01286,0.01286,0.0128,0.0128,647853.0
2023-04-24 15:15:00,0.01281,0.01281,0.01272,0.01273,969979.0
2023-04-24 15:30:00,0.01273,0.01275,0.01268,0.01271,720302.0
2023-04-24 15:45:00,0.01269,0.01273,0.01267,0.01271,600580.0
2023-04-24 16:00:00,0.0127,0.01275,0.0127,0.01274,178740.0
2023-04-24 16:15:00,0.01272,0.01277,0.01269,0.01274,385249.0
2023-04-24 16:30:00,0.01274,0.01278,0.01273,0.01277,267252.0
2023-04-24 16:45:00,0.01275,0.01275,0.01257,0.01262,917772.0
2023-04-24 17:00:00,0.0126,0.01271,0.01253,0.01268,730051.0
2023-04-24 17:15:00,0.01269,0.01275,0.01268,0.01271,972604.0
2023-04-24 17:30:00,0.01273,0.01283,0.01273,0.0128,2176786.0
2023-04-24 17:45:00,0.01279,0.0128,0.01274,0.01275,650803.0
2023-04-24 18:00:00,0.01275,0.01283,0.01275,0.01279,445434.0
2023-04-24 18:15:00,0.0128,0.01286,0.01279,0.01281,513768.0
2023-04-24 18:30:00,0.01282,0.01285,0.01276,0.01277,481941.0
2023-04-24 18:45:00,0.01278,0.0128,0.01276,0.01279,239090.0
2023-04-24 19:00:00,0.01277,0.01281,0.01276,0.01279,101240.0
2023-04-24 19:15:00,0.01279,0.01281,0.01278,0.01281,182028.0
2023-04-24 19:30:00,0.0128,0.01282,0.01275,0.01281,311520.0
2023-04-24 19:45:00,0.01281,0.01285,0.0128,0.01282,249178.0
2023-04-24 20:00:00,0.01281,0.01287,0.0128,0.01287,190063.0
2023-04-24 20:15:00,0.01287,0.0129,0.01286,0.01287,255463.0
2023-04-24 20:30:00,0.01287,0.01288,0.01284,0.01284,298351.0
2023-04-24 20:45:00,0.01285,0.01291,0.01285,0.01291,299787.0
2023-04-24 21:00:00,0.01291,0.01291,0.01288,0.01288,452303.0
2023-04-24 21:15:00,0.01288,0.01289,0.01283,0.01285,363986.0
2023-04-24 21:30:00,0.01286,0.01287,0.01283,0.01287,108002.0
2023-04-24 21:45:00,0.01286,0.01288,0.01284,0.01288,129609.0
2023-04-24 22:00:00,0.01287,0.01288,0.01283,0.01288,183977.0
2023-04-24 22:15:00,0.01288,0.01297,0.01288,0.01294,360891.0
2023-04-24 22:30:00,0.01295,0.01296,0.01291,0.01291,287100.0
2023-04-24 22:45:00,0.01291,0.01293,0.01291,0.01291,93303.0
2023-04-24 23:00:00,0.0129,0.01296,0.0129,0.01295,182702.0
2023-04-24 23:15:00,0.01295,0.01298,0.01293,0.01297,165448.0
2023-04-24 23:30:00,0.01297,0.01298,0.01294,0.01295,399484.0
2023-04-24 23:45:00,0.01294,0.01294,0.01292,0.01292,329968.0
2023-04-25 00:00:00,0.01293,0.01294,0.01288,0.01292,420812.0
2023-04-25 00:15:00,0.01294,0.01297,0.01286,0.0129,600771.0
2023-04-25 00:30:00,0.01288,0.01288,0.01275,0.01279,3094565.0
2023-04-25 00:45:00,0.01279,0.01279,0.01273,0.01275,426583.0
2023-04-25 01:00:00,0.01276,0.0128,0.01276,0.01277,637404.0
2023-04-25 01:15:00,0.01276,0.0128,0.01275,0.01279,127598.0
2023-04-25 01:30:00,0.01278,0.01279,0.01275,0.01275,628744.0
2023-04-25 01:45:00,0.01275,0.01276,0.01269,0.01271,637239.0
2023-04-25 02:00:00,0.0127,0.01273,0.0127,0.0127,170791.0
2023-04-25 02:15:00,0.0127,0.01271,0.01266,0.01271,249962.0
2023-04-25 02:30:00,0.01271,0.01271,0.01268,0.01268,62358.0
2023-04-25 02:45:00,0.01269,0.01271,0.01262,0.01265,564121.0
2023-04-25 03:00:00,0.01264,0.01264,0.01258,0.01263,618357.0
2023-04-25 03:15:00,0.01262,0.01267,0.01261,0.01266,148721.0
2023-04-25 03:30:00,0.01266,0.01266,0.01263,0.01263,655437.0
2023-04-25 03:45:00,0.01264,0.01265,0.01256,0.01258,1154481.0
2023-04-25 04:00:00,0.01258,0.01262,0.01257,0.01261,620167.0
2023-04-25 04:15:00,0.01262,0.01265,0.0126,0.01265,521477.0
2023-04-25 04:30:00,0.01265,0.01269,0.01263,0.01268,248529.0
2023-04-25 04:45:00,0.01268,0.0127,0.01265,0.01265,383198.0
2023-04-25 05:00:00,0.01266,0.01267,0.01259,0.01259,380815.0
2023-04-25 05:15:00,0.01259,0.0126,0.01258,0.0126,762769.0
2023-04-25 05:30:00,0.0126,0.01262,0.01258,0.01262,99580.0
2023-04-25 05:45:00,0.01263,0.0127,0.01263,0.01266,829172.0
2023-04-25 06:00:00,0.01266,0.01268,0.01264,0.01265,136526.0
2023-04-25 06:15:00,0.01265,0.01269,0.01264,0.01266,592439.0
2023-04-25 06:30:00,0.01266,0.01268,0.01265,0.01267,390992.0
2023-04-25 06:45:00,0.01266,0.01267,0.01258,0.01259,456802.0
2023-04-25 07:00:00,0.01258,0.0126,0.0125,0.01255,1357690.0
2023-04-25 07:15:00,0.01257,0.01258,0.01249,0.01252,895406.0
2023-04-25 07:30:00,0.01251,0.01251,0.01243,0.01245,587071.0
2023-04-25 07:45:00,0.01245,0.01249,0.01244,0.01246,261653.0
2023-04-25 08:00:00,0.01245,0.01248,0.01238,0.01248,1179934.0
2023-04-25 08:15:00,0.01246,0.01247,0.01237,0.01245,897391.0
2023-04-25 08:30:00,0.01245,0.01248,0.01241,0.01248,521210.0
2023-04-25 08:45:00,0.01249,0.0126,0.01248,0.01258,1749617.0
2023-04-25 09:00:00,0.01256,0.01258,0.01255,0.01257,313621.0
2023-04-25 09:15:00,0.01256,0.01269,0.01255,0.01258,4245048.0
2023-04-25 09:30:00,0.01258,0.01259,0.01249,0.01254,2242036.0
2023-04-25 09:45:00,0.01253,0.01253,0.0124,0.01249,6231226.0
2023-04-25 10:00:00,0.01248,0.01248,0.01242,0.01244,2122519.0
2023-04-25 10:15:00,0.01245,0.01246,0.01237,0.01238,4111447.0
2023-04-25 10:30:00,0.01239,0.01243,0.01236,0.01241,977105.0
2023-04-25 10:45:00,0.01241,0.01243,0.01239,0.01239,283942.0
2023-04-25 11:00:00,0.01241,0.01248,0.01241,0.01247,1261543.0
2023-04-25 11:15:00,0.01248,0.01249,0.01245,0.01245,347434.0
2023-04-25 11:30:00,0.01245,0.01254,0.01245,0.01251,597258.0
2023-04-25 11:45:00,0.01253,0.01255,0.01248,0.01249,298559.0
2023-04-25 12:00:00,0.01249,0.01249,0.01246,0.01247,283610.0
2023-04-25 12:15:00,0.01246,0.01252,0.01246,0.01247,902253.0
2023-04-25 12:30:00,0.01249,0.0125,0.01245,0.01247,593240.0
2023-04-25 12:45:00,0.01248,0.0125,0.01247,0.0125,302185.0
2023-04-25 13:00:00,0.01249,0.01253,0.01248,0.0125,296821.0
2023-04-25 13:15:00,0.01252,0.01256,0.01251,0.01251,386730.0
2023-04-25 13:30:00,0.01254,0.01258,0.0125,0.01253,1609220.0
2023-04-25 13:45:00,0.01252,0.01252,0.01247,0.01251,811141.0
2023-04-25 14:00:00,0.01251,0.01254,0.0124,0.0124,1409029.0
2023-04-25 14:15:00,0.01241,0.01245,0.01238,0.01242,580024.0
2023-04-25 14:30:00,0.01241,0.01243,0.0123,0.01235,2554752.0
2023-04-25 14:45:00,0.01235,0.01241,0.01235,0.0124,582874.0
2023-04-25 15:00:00,0.01239,0.01252,0.01237,0.01251,893410.0
2023-04-25 15:15:00,0.01252,0.01253,0.01247,0.01247,1519556.0
2023-04-25 15:30:00,0.01249,0.0125,0.01241,0.01245,853747.0
2023-04-25 15:45:00,0.01245,0.01247,0.01237,0.01241,704005.0
2023-04-25 16:00:00,0.01243,0.01245,0.01238,0.01242,510977.0
2023-04-25 16:15:00,0.0124,0.01251,0.01237,0.01246,862393.0
2023-04-25 16:30:00,0.01246,0.0125,0.01243,0.01247,506065.0
2023-04-25 16:45:00,0.01247,0.0125,0.01245,0.0125,883985.0
2023-04-25 17:00:00,0.0125,0.0125,0.01246,0.01246,501329.0
2023-04-25 17:15:00,0.01245,0.01245,0.01241,0.01245,402846.0
2023-04-25 17:30:00,0.01245,0.01256,0.01243,0.01255,545060.0
2023-04-25 17:45:00,0.01257,0.01265,0.01255,0.01261,1861483.0
2023-04-25 18:00:00,0.01263,0.01273,0.01261,0.01267,809075.0
2023-04-25 18:15:00,0.01268,0.01272,0.01266,0.01268,318161.0
2023-04-25 18:30:00,0.01268,0.01268,0.01261,0.01261,1239240.0
2023-04-25 18:45:00,0.01261,0.01266,0.01259,0.01259,107478.0
2023-04-25 19:00:00,0.0126,0.01262,0.01257,0.01258,81712.0
2023-04-25 19:15:00,0.01258,0.01259,0.01258,0.01258,42819.0
2023-04-25 19:30:00,0.01258,0.01259,0.01255,0.01256,266756.0
2023-04-25 19:45:00,0.01255,0.0126,0.01255,0.01258,381296.0
2023-04-25 20:00:00,0.01259,0.01277,0.01259,0.01274,1071504.0
2023-04-25 20:15:00,0.01276,0.01285,0.01276,0.01283,463382.0
2023-04-25 20:30:00,0.01283,0.01288,0.01282,0.01283,1642937.0
2023-04-25 20:45:00,0.01285,0.01289,0.01284,0.01284,577489.0
2023-04-25 21:00:00,0.01286,0.01297,0.01286,0.01296,1289435.0
2023-04-25 21:15:00,0.01296,0.01299,0.01292,0.01298,828376.0
2023-04-25 21:30:00,0.01298,0.013,0.01295,0.013,224293.0
2023-04-25 21:45:00,0.01299,0.01306,0.01299,0.01304,518505.0
2023-04-25 22:00:00,0.01306,0.01311,0.01302,0.01302,1078371.0
2023-04-25 22:15:00,0.01301,0.01308,0.01301,0.01306,464162.0
2023-04-25 22:30:00,0.01305,0.01306,0.01303,0.01305,213776.0
2023-04-25 22:45:00,0.01306,0.01308,0.01304,0.01305,361072.0
2023-04-25 23:00:00,0.01304,0.01305,0.013,0.013,240039.0
2023-04-25 23:15:00,0.013,0.01313,0.013,0.01312,1561143.0
2023-04-25 23:30:00,0.01311,0.01316,0.01311,0.01314,593759.0
2023-04-25 23:45:00,0.01314,0.01322,0.01313,0.01319,462159.0
2023-04-26 00:00:00,0.01319,0.01321,0.01315,0.01321,640547.0
2023-04-26 00:15:00,0.01321,0.01329,0.0132,0.01325,1961227.0
2023-04-26 00:30:00,0.01324,0.01327,0.01317,0.01317,1140851.0
2023-04-26 00:45:00,0.01317,0.0132,0.01317,0.01319,806992.0
2023-04-26 01:00:00,0.01318,0.01318,0.01311,0.01311,524476.0
2023-04-26 01:15:00,0.01312,0.01315,0.01311,0.01315,123578.0
2023-04-26 01:30:00,0.01315,0.01319,0.01314,0.01319,443250.0
2023-04-26 01:45:00,0.0132,0.01325,0.0132,0.01324,327919.0
2023-04-26 02:00:00,0.01318,0.01322,0.01318,0.0132,451079.0
2023-04-26 02:15:00,0.01321,0.01323,0.01319,0.01319,96570.0
2023-04-26 02:30:00,0.0132,0.01321,0.01317,0.01319,333732.0
2023-04-26 02:45:00,0.01319,0.01325,0.01318,0.01325,85626.0
2023-04-26 03:00:00,0.01324,0.01324,0.01314,0.01318,1444536.0
2023-04-26 03:15:00,0.01318,0.01318,0.01314,0.01315,147535.0
2023-04-26 03:30:00,0.01316,0.01316,0.01313,0.01315,69431.0
2023-04-26 03:45:00,0.01317,0.01317,0.01314,0.01314,111687.0
2023-04-26 04:00:00,0.01316,0.01319,0.01315,0.01319,242024.0
2023-04-26 04:15:00,0.0132,0.0132,0.01318,0.01318,242945.0
2023-04-26 04:30:00,0.0132,0.01325,0.0132,0.01322,379482.0
2023-04-26 04:45:00,0.01321,0.01321,0.01314,0.01314,2079060.0
2023-04-26 05:00:00,0.01316,0.01319,0.01316,0.01317,369834.0
2023-04-26 05:15:00,0.01317,0.01321,0.01317,0.01321,172758.0
2023-04-26 05:30:00,0.01321,0.01325,0.01316,0.01318,1108948.0
2023-04-26 05:45:00,0.01319,0.0132,0.01317,0.01318,221698.0
2023-04-26 06:00:00,0.0132,0.01323,0.01317,0.01318,654753.0
2023-04-26 06:15:00,0.01317,0.01318,0.01308,0.01308,892031.0
2023-04-26 06:30:00,0.01308,0.01311,0.01305,0.01305,857858.0
2023-04-26 06:45:00,0.01307,0.0131,0.01307,0.01309,78366.0
2023-04-26 07:00:00,0.0131,0.0131,0.01307,0.01308,323247.0
2023-04-26 07:15:00,0.01308,0.0131,0.01305,0.01305,113307.0
2023-04-26 07:30:00,0.01306,0.01306,0.01301,0.01304,1131192.0
2023-04-26 07:45:00,0.01303,0.01307,0.01301,0.01307,1012805.0
2023-04-26 08:00:00,0.01306,0.01308,0.01304,0.01307,207590.0
2023-04-26 08:15:00,0.01307,0.01314,0.01302,0.01314,1118168.0
2023-04-26 08:30:00,0.01315,0.01324,0.01314,0.01324,1419417.0
2023-04-26 08:45:00,0.01324,0.01334,0.01322,0.01332,513365.0
2023-04-26 09:00:00,0.01331,0.01336,0.01326,0.0133,1056142.0
2023-04-26 09:15:00,0.01329,0.01336,0.01326,0.01332,898042.0
2023-04-26 09:30:00,0.01333,0.01334,0.0133,0.01332,1585836.0
2023-04-26 09:45:00,0.0133,0.01333,0.01328,0.01332,1591106.0
2023-04-26 10:00:00,0.01332,0.01343,0.01331,0.0134,1440532.0
2023-04-26 10:15:00,0.0134,0.01351,0.01335,0.01348,2025971.0
2023-04-26 10:30:00,0.01346,0.01351,0.01341,0.01351,1156687.0
2023-04-26 10:45:00,0.01352,0.01355,0.0135,0.01353,1637703.0
2023-04-26 11:00:00,0.01354,0.01355,0.01343,0.01343,2237066.0
2023-04-26 11:15:00,0.01344,0.01348,0.01342,0.01343,933957.0
2023-04-26 11:30:00,0.01343,0.01349,0.01343,0.01349,329381.0
2023-04-26 11:45:00,0.01347,0.01347,0.01341,0.01344,551605.0
2023-04-26 12:00:00,0.01345,0.0135,0.01345,0.01348,399064.0
2023-04-26 12:15:00,0.01348,0.01358,0.01348,0.01356,1565662.0
2023-04-26 12:30:00,0.01356,0.01364,0.01355,0.01357,1151837.0
2023-04-26 12:45:00,0.01358,0.0136,0.01355,0.01359,707855.0
2023-04-26 13:00:00,0.01359,0.01359,0.01351,0.01354,1408084.0
2023-04-26 13:15:00,0.01354,0.01356,0.01348,0.01354,1825016.0
2023-04-26 13:30:00,0.01354,0.01356,0.01338,0.0134,1319046.0
2023-04-26 13:45:00,0.01341,0.0135,0.01341,0.01349,771726.0
2023-04-26 14:00:00,0.01349,0.01353,0.01344,0.01344,1124926.0
2023-04-26 14:15:00,0.01344,0.01346,0.01335,0.01339,1242272.0
2023-04-26 14:30:00,0.01341,0.01344,0.01335,0.01341,1144457.0
2023-04-26 14:45:00,0.01343,0.01348,0.01341,0.01345,1153146.0
2023-04-26 15:00:00,0.01346,0.0135,0.01345,0.0135,777834.0
2023-04-26 15:15:00,0.01349,0.0135,0.01344,0.01344,401235.0
2023-04-26 15:30:00,0.01345,0.01351,0.01345,0.01348,667941.0
2023-04-26 15:45:00,0.01348,0.0135,0.01347,0.01347,386127.0
2023-04-26 16:00:00,0.01349,0.01353,0.01346,0.0135,2448500.0
2023-04-26 16:15:00,0.0135,0.01352,0.01342,0.01351,796509.0
2023-04-26 16:30:00,0.0135,0.01352,0.01346,0.0135,797743.0
2023-04-26 16:45:00,0.0135,0.01353,0.01347,0.01351,544989.0
2023-04-26 17:00:00,0.01351,0.01354,0.01349,0.01353,467621.0
2023-04-26 17:15:00,0.01353,0.01358,0.01351,0.01356,526312.0
2023-04-26 17:30:00,0.01354,0.01358,0.01353,0.01357,62281.0
2023-04-26 17:45:00,0.01356,0.01359,0.01349,0.01349,686321.0
2023-04-26 18:00:00,0.01349,0.01355,0.01349,0.01355,236396.0
2023-04-26 18:15:00,0.01354,0.01359,0.01354,0.01357,195234.0
2023-04-26 18:30:00,0.01356,0.0136,0.01353,0.01354,817895.0
2023-04-26 18:45:00,0.01354,0.01358,0.01354,0.01358,133949.0
2023-04-26 19:00:00,0.01357,0.01357,0.01347,0.01353,538286.0
2023-04-26 19:15:00,0.01351,0.01352,0.01326,0.0133,2169783.0
2023-04-26 19:30:00,0.01331,0.01331,0.01282,0.01285,5282102.0
2023-04-26 19:45:00,0.01284,0.01284,0.01252,0.01264,5423496.0
2023-04-26 20:00:00,0.01261,0.01261,0.01218,0.01257,5304241.0
2023-04-26 20:15:00,0.01258,0.01266,0.01255,0.01258,2041630.0
2023-04-26 20:30:00,0.01258,0.01284,0.01258,0.01282,2329121.0
2023-04-26 20:45:00,0.01282,0.01292,0.01278,0.01292,1573726.0
2023-04-26 21:00:00,0.01295,0.01295,0.0127,0.01285,3348657.0
2023-04-26 21:15:00,0.01285,0.01291,0.01283,0.01291,957342.0
2023-04-26 21:30:00,0.01292,0.01294,0.01288,0.01293,599202.0
2023-04-26 21:45:00,0.01295,0.01311,0.01294,0.01311,1053647.0
2023-04-26 22:00:00,0.01311,0.01312,0.01306,0.01308,345697.0
2023-04-26 22:15:00,0.01308,0.01312,0.01302,0.01302,798048.0
2023-04-26 22:30:00,0.01304,0.01304,0.01296,0.01301,1106386.0
2023-04-26 22:45:00,0.013,0.01303,0.013,0.01301,94763.0
2023-04-26 23:00:00,0.01301,0.0131,0.01301,0.0131,839209.0
2023-04-26 23:15:00,0.01312,0.01312,0.01307,0.01309,337674.0
2023-04-26 23:30:00,0.01311,0.01316,0.01309,0.01312,319771.0
2023-04-26 23:45:00,0.01311,0.01317,0.01311,0.01314,198710.0
2023-04-27 00:00:00,0.01314,0.0132,0.01306,0.01319,553631.0
2023-04-27 00:15:00,0.0132,0.0134,0.0132,0.01338,2459807.0
2023-04-27 00:30:00,0.01338,0.01348,0.01332,0.01343,1995087.0
2023-04-27 00:45:00,0.01344,0.0135,0.01342,0.01345,878171.0
2023-04-27 01:00:00,0.01347,0.01353,0.01341,0.01342,1312267.0
2023-04-27 01:15:00,0.01341,0.01347,0.01321,0.01333,1193974.0
2023-04-27 01:30:00,0.01334,0.0134,0.01333,0.01337,405296.0
2023-04-27 01:45:00,0.01335,0.01335,0.01328,0.01328,1011256.0
2023-04-27 02:00:00,0.01328,0.01337,0.01328,0.01337,933462.0
2023-04-27 02:15:00,0.01338,0.01338,0.01331,0.01331,445773.0
2023-04-27 02:30:00,0.01333,0.01337,0.01333,0.01334,71555.0
2023-04-27 02:45:00,0.01333,0.01336,0.01332,0.01333,449945.0
2023-04-27 03:00:00,0.01334,0.01334,0.01328,0.01329,646616.0
2023-04-27 03:15:00,0.01331,0.01332,0.01329,0.01331,133195.0
2023-04-27 03:30:00,0.0133,0.01332,0.01328,0.01329,173051.0
2023-04-27 03:45:00,0.01329,0.01334,0.01326,0.01328,301625.0
2023-04-27 04:00:00,0.0133,0.01335,0.01328,0.01335,202705.0
2023-04-27 04:15:00,0.01334,0.01334,0.0133,0.01333,204819.0
2023-04-27 04:30:00,0.01334,0.01336,0.01332,0.01336,172352.0
2023-04-27 04:45:00,0.01335,0.01342,0.01334,0.01342,1132844.0
2023-04-27 05:00:00,0.01342,0.01342,0.01336,0.01337,527608.0
2023-04-27 05:15:00,0.01337,0.0134,0.01335,0.0134,412596.0
2023-04-27 05:30:00,0.0134,0.01341,0.01332,0.01332,549542.0
2023-04-27 05:45:00,0.01332,0.01334,0.01326,0.01327,350094.0
2023-04-27 06:00:00,0.01328,0.01329,0.01321,0.01321,553942.0
2023-04-27 06:15:00,0.01323,0.01324,0.01319,0.01319,179325.0
2023-04-27 06:30:00,0.0132,0.01329,0.0132,0.01322,252316.0
2023-04-27 06:45:00,0.01322,0.01323,0.01304,0.01311,1413362.0
2023-04-27 07:00:00,0.01313,0.01319,0.01308,0.01316,1356938.0
2023-04-27 07:15:00,0.01314,0.01317,0.01309,0.0131,359548.0
2023-04-27 07:30:00,0.01311,0.01315,0.01309,0.01312,270682.0
2023-04-27 07:45:00,0.0131,0.01312,0.01307,0.0131,202230.0
2023-04-27 08:00:00,0.01308,0.01309,0.013,0.013,1211017.0
2023-04-27 08:15:00,0.01299,0.01311,0.01299,0.01307,609625.0
2023-04-27 08:30:00,0.01306,0.01312,0.01306,0.01308,191293.0
2023-04-27 08:45:00,0.01306,0.01306,0.01302,0.01302,404663.0
2023-04-27 09:00:00,0.01301,0.01302,0.01297,0.01299,230242.0
2023-04-27 09:15:00,0.01298,0.01298,0.01293,0.01295,221707.0
2023-04-27 09:30:00,0.01294,0.01299,0.01293,0.01298,103498.0
2023-04-27 09:45:00,0.01299,0.01302,0.01293,0.01294,391514.0
2023-04-27 10:00:00,0.01295,0.013,0.01294,0.01299,160787.0
2023-04-27 10:15:00,0.01299,0.013,0.01296,0.01297,215435.0
2023-04-27 10:30:00,0.01298,0.013,0.01295,0.01296,710641.0
2023-04-27 10:45:00,0.01298,0.01299,0.01294,0.01296,258229.0
2023-04-27 11:00:00,0.01296,0.01303,0.01294,0.013,372670.0
2023-04-27 11:15:00,0.013,0.013,0.01296,0.01297,328283.0
2023-04-27 11:30:00,0.01297,0.013,0.01292,0.01298,915394.0
2023-04-27 11:45:00,0.01298,0.01326,0.01292,0.01314,14392130.0
2023-04-27 12:00:00,0.01314,0.01343,0.01303,0.01339,20009407.0
2023-04-27 12:15:00,0.01337,0.01349,0.01334,0.01341,14784575.0
2023-04-27 12:30:00,0.01341,0.01358,0.01326,0.01342,44077319.0
2023-04-27 12:45:00,0.01341,0.01356,0.01335,0.01343,23012089.0
2023-04-27 13:00:00,0.01343,0.01363,0.01323,0.01327,81327353.0
2023-04-27 13:15:00,0.01328,0.0134,0.0131,0.01328,36441288.0
2023-04-27 13:30:00,0.01325,0.01342,0.01324,0.01338,7957286.0
2023-04-27 13:45:00,0.01338,0.0135,0.01327,0.01336,66613972.0
2023-04-27 14:00:00,0.01336,0.01363,0.0133,0.01333,38247267.0
2023-04-27 14:15:00,0.01334,0.01357,0.01326,0.01357,84531196.0
2023-04-27 14:30:00,0.01354,0.01368,0.01324,0.0133,58447876.0
2023-04-27 14:45:00,0.0133,0.01337,0.01326,0.0133,17976219.0
2023-04-27 15:00:00,0.01332,0.01343,0.01315,0.0132,44492839.0
2023-04-27 15:15:00,0.01319,0.01335,0.01313,0.01322,46968951.0
2023-04-27 15:30:00,0.01322,0.01333,0.01314,0.01314,19248143.0
2023-04-27 15:45:00,0.01313,0.01317,0.01308,0.01316,2590605.0
2023-04-27 16:00:00,0.01317,0.01331,0.01317,0.01322,3110027.0
2023-04-27 16:15:00,0.01322,0.01325,0.01318,0.01324,2129716.0
2023-04-27 16:30:00,0.01325,0.01327,0.01321,0.01324,683593.0
2023-04-27 16:45:00,0.01326,0.01328,0.01321,0.01325,980583.0
2023-04-27 17:00:00,0.01327,0.01334,0.01327,0.01332,1143802.0
2023-04-27 17:15:00,0.01331,0.01333,0.0133,0.01331,859981.0
2023-04-27 17:30:00,0.01334,0.01335,0.01331,0.01335,442482.0
2023-04-27 17:45:00,0.01335,0.01342,0.01335,0.01338,2030827.0
2023-04-27 18:00:00,0.01339,0.0135,0.01339,0.01347,3408796.0
2023-04-27 18:15:00,0.01347,0.01355,0.01347,0.01352,2181314.0
2023-04-27 18:30:00,0.01353,0.01363,0.01353,0.01357,3702580.0
2023-04-27 18:45:00,0.01357,0.01358,0.01345,0.01345,1561059.0
2023-04-27 19:00:00,0.01347,0.01348,0.01335,0.0134,1247702.0
2023-04-27 19:15:00,0.01339,0.01346,0.01338,0.01345,438030.0
2023-04-27 19:30:00,0.01346,0.01352,0.01346,0.01346,1138825.0
2023-04-27 19:45:00,0.01348,0.01349,0.01343,0.01344,1265470.0
2023-04-27 20:00:00,0.01344,0.01358,0.01344,0.01349,1901670.0
2023-04-27 20:15:00,0.01349,0.01352,0.01346,0.0135,509317.0
2023-04-27 20:30:00,0.01349,0.01354,0.01349,0.01352,1024465.0
2023-04-27 20:45:00,0.0135,0.01352,0.01348,0.01349,306669.0
2023-04-27 21:00:00,0.0135,0.01356,0.0135,0.01352,582685.0
2023-04-27 21:15:00,0.01352,0.01355,0.0135,0.0135,462184.0
2023-04-27 21:30:00,0.0135,0.01352,0.01344,0.01347,1244610.0
2023-04-27 21:45:00,0.01346,0.01347,0.01346,0.01346,83639.0
2023-04-27 22:00:00,0.01344,0.01348,0.01344,0.01344,295823.0
2023-04-27 22:15:00,0.01345,0.01346,0.01338,0.01339,821432.0
2023-04-27 22:30:00,0.01339,0.01342,0.01339,0.01341,128700.0
2023-04-27 22:45:00,0.0134,0.01341,0.0133,0.0134,1351261.0
2023-04-27 23:00:00,0.01339,0.01345,0.01338,0.01343,810377.0
2023-04-27 23:15:00,0.01345,0.01348,0.01345,0.01346,352562.0
2023-04-27 23:30:00,0.01346,0.01346,0.0134,0.0134,118410.0
2023-04-27 23:45:00,0.01342,0.01346,0.0134,0.01343,128100.0
2023-04-28 00:00:00,0.01343,0.01343,0.01337,0.01337,679689.0
2023-04-28 00:15:00,0.01336,0.01338,0.0133,0.01332,944001.0
2023-04-28 00:30:00,0.01332,0.01338,0.01331,0.01335,745507.0
2023-04-28 00:45:00,0.01336,0.01345,0.01336,0.01345,685621.0
2023-04-28 01:00:00,0.01345,0.01347,0.01342,0.01342,458567.0
2023-04-28 01:15:00,0.01342,0.01345,0.01339,0.01341,699037.0
2023-04-28 01:30:00,0.0134,0.01344,0.01336,0.01343,349840.0
2023-04-28 01:45:00,0.01343,0.0135,0.01343,0.01345,682494.0
2023-04-28 02:00:00,0.01344,0.01347,0.01341,0.01341,159164.0
2023-04-28 02:15:00,0.01341,0.01343,0.0134,0.01342,443948.0
2023-04-28 02:30:00,0.0134,0.01341,0.01339,0.01339,62342.0
2023-04-28 02:45:00,0.0134,0.01342,0.0134,0.01341,241408.0
2023-04-28 03:00:00,0.0134,0.0134,0.0133,0.01333,1838767.0
2023-04-28 03:15:00,0.01334,0.01334,0.01332,0.01332,936153.0
2023-04-28 03:30:00,0.01332,0.01336,0.01332,0.01334,206881.0
2023-04-28 03:45:00,0.01333,0.01337,0.01333,0.01334,356865.0
2023-04-28 04:00:00,0.01336,0.01338,0.01334,0.01337,198821.0
2023-04-28 04:15:00,0.01336,0.01338,0.01336,0.01337,76285.0
2023-04-28 04:30:00,0.01339,0.01341,0.01339,0.01341,158911.0
2023-04-28 04:45:00,0.01341,0.01345,0.0134,0.01345,198394.0
2023-04-28 05:00:00,0.01343,0.01344,0.0134,0.01341,551050.0
2023-04-28 05:15:00,0.01342,0.01342,0.0134,0.01341,174316.0
2023-04-28 05:30:00,0.01341,0.01346,0.01339,0.01342,1178134.0
2023-04-28 05:45:00,0.01342,0.01342,0.0134,0.0134,219928.0
2023-04-28 06:00:00,0.01342,0.01344,0.01342,0.01342,433927.0
2023-04-28 06:15:00,0.01343,0.01344,0.01339,0.01339,422363.0
2023-04-28 06:30:00,0.0134,0.01343,0.0134,0.01342,472173.0
2023-04-28 06:45:00,0.01341,0.01347,0.01341,0.01347,209377.0
2023-04-28 07:00:00,0.01346,0.01351,0.01342,0.0135,948260.0
2023-04-28 07:15:00,0.0135,0.0135,0.01345,0.01346,218475.0
2023-04-28 07:30:00,0.01347,0.01353,0.01347,0.01353,632011.0
2023-04-28 07:45:00,0.01353,0.01353,0.01346,0.01347,1011968.0
2023-04-28 08:00:00,0.01348,0.01349,0.01341,0.01341,1298888.0
2023-04-28 08:15:00,0.01341,0.01341,0.01337,0.01337,813852.0
2023-04-28 08:30:00,0.01338,0.0134,0.0133,0.0133,2674173.0
2023-04-28 08:45:00,0.01331,0.01335,0.0133,0.01334,1049903.0
2023-04-28 09:00:00,0.01334,0.01336,0.01333,0.01335,908935.0
2023-04-28 09:15:00,0.01337,0.01338,0.01333,0.01333,739349.0
2023-04-28 09:30:00,0.01332,0.01333,0.01327,0.01329,1379883.0
2023-04-28 09:45:00,0.01329,0.01329,0.01324,0.01325,839033.0
2023-04-28 10:00:00,0.01324,0.01327,0.01321,0.01324,898988.0
2023-04-28 10:15:00,0.01324,0.01327,0.01323,0.01327,253802.0
2023-04-28 10:30:00,0.01328,0.01332,0.01326,0.01331,588206.0
2023-04-28 10:45:00,0.0133,0.0133,0.01328,0.01328,393328.0
2023-04-28 11:00:00,0.01327,0.01329,0.01326,0.01329,714618.0
2023-04-28 11:15:00,0.01329,0.01336,0.01326,0.01335,2390041.0
2023-04-28 11:30:00,0.01334,0.01339,0.01332,0.01334,2162671.0
2023-04-28 11:45:00,0.01334,0.01335,0.01316,0.0132,6736990.0
2023-04-28 12:00:00,0.01319,0.01323,0.01315,0.01323,1884848.0
2023-04-28 12:15:00,0.01323,0.01326,0.01323,0.01325,1333400.0
2023-04-28 12:30:00,0.01326,0.01329,0.01322,0.01326,1998743.0
2023-04-28 12:45:00,0.01326,0.01326,0.0132,0.01323,853770.0
2023-04-28 13:00:00,0.01323,0.01333,0.01322,0.01333,2794507.0
2023-04-28 13:15:00,0.01334,0.01335,0.01332,0.01334,231926.0
2023-04-28 13:30:00,0.01334,0.01334,0.01315,0.01315,1668819.0
2023-04-28 13:45:00,0.01315,0.01324,0.01315,0.01322,1895924.0
2023-04-28 14:00:00,0.01321,0.01335,0.0132,0.01335,1237929.0
2023-04-28 14:15:00,0.01332,0.01337,0.01331,0.01332,1163067.0
2023-04-28 14:30:00,0.01332,0.01334,0.01325,0.01325,2989675.0
2023-04-28 14:45:00,0.01325,0.01329,0.01318,0.01321,3182215.0
2023-04-28 15:00:00,0.01322,0.01322,0.01318,0.01318,491548.0
2023-04-28 15:15:00,0.01318,0.01321,0.01317,0.0132,923244.0
2023-04-28 15:30:00,0.0132,0.01321,0.01317,0.01318,1853001.0
2023-04-28 15:45:00,0.0132,0.01325,0.0132,0.01322,353723.0
2023-04-28 16:00:00,0.01322,0.01323,0.01317,0.01323,1321080.0
2023-04-28 16:15:00,0.01323,0.01323,0.01313,0.01315,1315677.0
2023-04-28 16:30:00,0.01316,0.01319,0.01314,0.01317,270387.0
2023-04-28 16:45:00,0.01318,0.01323,0.01318,0.01322,170557.0
2023-04-28 17:00:00,0.01324,0.01326,0.01322,0.01325,538916.0
2023-04-28 17:15:00,0.01325,0.01325,0.01319,0.01323,1166697.0
2023-04-28 17:30:00,0.01323,0.01327,0.01322,0.01327,211108.0
2023-04-28 17:45:00,0.01328,0.01329,0.01324,0.01327,1676027.0
2023-04-28 18:00:00,0.01326,0.01327,0.01319,0.01321,448931.0
2023-04-28 18:15:00,0.01321,0.01323,0.01319,0.01321,311298.0
2023-04-28 18:30:00,0.0132,0.01323,0.01317,0.0132,453324.0
2023-04-28 18:45:00,0.0132,0.01322,0.01318,0.01322,243530.0
2023-04-28 19:00:00,0.01323,0.01329,0.01323,0.01324,1036702.0
2023-04-28 19:15:00,0.01324,0.01324,0.01323,0.01323,106523.0
2023-04-28 19:30:00,0.01321,0.01324,0.01321,0.01324,389346.0
2023-04-28 19:45:00,0.01325,0.01325,0.01318,0.01319,941274.0
2023-04-28 20:00:00,0.0132,0.01322,0.01319,0.01321,316772.0
2023-04-28 20:15:00,0.01322,0.01323,0.01319,0.01321,37330.0
2023-04-28 20:30:00,0.01321,0.01322,0.0132,0.01322,66770.0
2023-04-28 20:45:00,0.01323,0.01325,0.0132,0.01321,497845.0
2023-04-28 21:00:00,0.01322,0.01322,0.01314,0.01316,6577907.0
2023-04-28 21:15:00,0.01317,0.01318,0.0131,0.01315,4499093.0
2023-04-28 21:30:00,0.01315,0.01317,0.01314,0.01314,176604.0
2023-04-28 21:45:00,0.01314,0.01314,0.0131,0.01311,347205.0
2023-04-28 22:00:00,0.01311,0.01316,0.01311,0.01314,471886.0
2023-04-28 22:15:00,0.01315,0.01319,0.01314,0.01319,493983.0
2023-04-28 22:30:00,0.01317,0.01321,0.01317,0.01319,385206.0
2023-04-28 22:45:00,0.01321,0.01322,0.01316,0.01317,350585.0
2023-04-28 23:00:00,0.01315,0.01317,0.01315,0.01317,129635.0
2023-04-28 23:15:00,0.01318,0.01318,0.01314,0.01315,127863.0
2023-04-28 23:30:00,0.01315,0.01319,0.01315,0.01319,160690.0
2023-04-28 23:45:00,0.01318,0.01319,0.01316,0.01316,1053114.0
2023-04-29 00:00:00,0.01317,0.01319,0.01315,0.01316,225957.0
2023-04-29 00:15:00,0.01316,0.01317,0.01314,0.01317,96687.0
2023-04-29 00:30:00,0.01316,0.01317,0.01315,0.01317,115410.0
2023-04-29 00:45:00,0.01316,0.01316,0.0131,0.01313,383301.0
2023-04-29 01:00:00,0.01312,0.01312,0.01308,0.01308,303708.0
2023-04-29 01:15:00,0.01308,0.01313,0.01308,0.01312,126549.0
2023-04-29 01:30:00,0.01313,0.01316,0.01313,0.01316,102962.0
2023-04-29 01:45:00,0.01314,0.01316,0.01314,0.01316,73928.0
2023-04-29 02:00:00,0.01315,0.01316,0.01312,0.01314,583438.0
2023-04-29 02:15:00,0.01315,0.01315,0.01312,0.01314,343255.0
2023-04-29 02:30:00,0.01314,0.01318,0.01314,0.01318,296091.0
2023-04-29 02:45:00,0.01318,0.01321,0.01318,0.01321,116749.0
2023-04-29 03:00:00,0.01321,0.01322,0.01321,0.01322,188649.0
2023-04-29 03:15:00,0.01322,0.01325,0.01321,0.01324,464218.0
2023-04-29 03:30:00,0.01324,0.01325,0.01321,0.01322,388483.0
2023-04-29 03:45:00,0.01323,0.01325,0.01322,0.01323,425454.0
2023-04-29 04:00:00,0.01322,0.01326,0.01322,0.01326,332561.0
2023-04-29 04:15:00,0.01325,0.0133,0.01325,0.01329,85570.0
2023-04-29 04:30:00,0.01328,0.01328,0.01325,0.01325,172298.0
2023-04-29 04:45:00,0.01327,0.01333,0.01327,0.01332,186091.0
2023-04-29 05:00:00,0.01331,0.01336,0.01331,0.01334,832088.0
2023-04-29 05:15:00,0.01333,0.01333,0.01329,0.01331,457872.0
2023-04-29 05:30:00,0.01331,0.01331,0.01327,0.01327,355117.0
2023-04-29 05:45:00,0.01329,0.01331,0.01327,0.0133,424445.0
2023-04-29 06:00:00,0.01331,0.01332,0.01329,0.01329,994562.0
2023-04-29 06:15:00,0.0133,0.01333,0.01329,0.0133,1994160.0
2023-04-29 06:30:00,0.0133,0.01331,0.01327,0.0133,362663.0
2023-04-29 06:45:00,0.0133,0.01337,0.0133,0.01333,326942.0
2023-04-29 07:00:00,0.01333,0.01338,0.01333,0.01338,127174.0
2023-04-29 07:15:00,0.01336,0.01339,0.01334,0.01339,518233.0
2023-04-29 07:30:00,0.01338,0.01345,0.01338,0.01343,505208.0
2023-04-29 07:45:00,0.01343,0.01343,0.01339,0.0134,361367.0
2023-04-29 08:00:00,0.01338,0.01338,0.01333,0.01334,625197.0
2023-04-29 08:15:00,0.01336,0.0135,0.01336,0.01344,2263892.0
2023-04-29 08:30:00,0.01346,0.0135,0.01343,0.01348,1675681.0
2023-04-29 08:45:00,0.01349,0.01355,0.01347,0.0135,2301707.0
2023-04-29 09:00:00,0.0135,0.01352,0.01342,0.01343,1597633.0
2023-04-29 09:15:00,0.01343,0.01346,0.01342,0.01344,490186.0
2023-04-29 09:30:00,0.01344,0.01344,0.01341,0.01341,483340.0
2023-04-29 09:45:00,0.01342,0.01345,0.0134,0.01344,445645.0
2023-04-29 10:00:00,0.01344,0.01344,0.01335,0.01341,1092507.0
2023-04-29 10:15:00,0.01341,0.01341,0.01336,0.01339,320289.0
2023-04-29 10:30:00,0.01341,0.01342,0.01338,0.01338,77731.0
2023-04-29 10:45:00,0.01338,0.01341,0.01338,0.01338,98098.0
2023-04-29 11:00:00,0.01338,0.01338,0.01335,0.01338,893512.0
2023-04-29 11:15:00,0.01337,0.01337,0.01336,0.01336,147437.0
2023-04-29 11:30:00,0.01335,0.01336,0.01333,0.01335,181564.0
2023-04-29 11:45:00,0.01337,0.01337,0.01335,0.01337,81604.0
2023-04-29 12:00:00,0.01338,0.01339,0.01335,0.01336,168851.0
2023-04-29 12:15:00,0.01336,0.01337,0.01334,0.01334,48282.0
2023-04-29 12:30:00,0.01335,0.01335,0.01332,0.01332,380434.0
2023-04-29 12:45:00,0.01333,0.01335,0.01332,0.01332,371002.0
2023-04-29 13:00:00,0.01332,0.01334,0.01332,0.01334,89009.0
2023-04-29 13:15:00,0.01334,0.01335,0.01333,0.01335,253491.0
2023-04-29 13:30:00,0.01337,0.01338,0.01336,0.01337,168172.0
2023-04-29 13:45:00,0.01338,0.01342,0.01337,0.0134,249389.0
2023-04-29 14:00:00,0.0134,0.01343,0.0134,0.01342,147002.0
2023-04-29 14:15:00,0.01342,0.01345,0.01341,0.01345,1075956.0
2023-04-29 14:30:00,0.01345,0.01346,0.01342,0.01344,309656.0
2023-04-29 14:45:00,0.01346,0.01346,0.01342,0.01342,200385.0
2023-04-29 15:00:00,0.01343,0.01343,0.01341,0.01342,98318.0
2023-04-29 15:15:00,0.01343,0.01346,0.01343,0.01346,129428.0
2023-04-29 15:30:00,0.01345,0.0135,0.01344,0.01347,1829361.0
2023-04-29 15:45:00,0.01347,0.01348,0.0134,0.0134,712186.0
2023-04-29 16:00:00,0.01341,0.01344,0.01341,0.01342,274922.0
2023-04-29 16:15:00,0.01342,0.01343,0.01334,0.01337,950820.0
2023-04-29 16:30:00,0.01337,0.01339,0.01335,0.01339,241892.0
2023-04-29 16:45:00,0.01339,0.01343,0.01339,0.01343,514010.0
2023-04-29 17:00:00,0.01343,0.01344,0.01341,0.01343,412581.0
2023-04-29 17:15:00,0.01343,0.01345,0.01341,0.01341,397108.0
2023-04-29 17:30:00,0.0134,0.0134,0.01325,0.0133,2100104.0
2023-04-29 17:45:00,0.01331,0.01331,0.0133,0.0133,783682.0
2023-04-29 18:00:00,0.01331,0.01338,0.0133,0.01338,512367.0
2023-04-29 18:15:00,0.01337,0.01338,0.01334,0.01336,320178.0
2023-04-29 18:30:00,0.01335,0.01335,0.01332,0.01334,270058.0
2023-04-29 18:45:00,0.01333,0.01336,0.01332,0.01336,131677.0
2023-04-29 19:00:00,0.01336,0.01337,0.01334,0.01337,332789.0
2023-04-29 19:15:00,0.01337,0.0134,0.01335,0.01339,854169.0
2023-04-29 19:30:00,0.01339,0.01342,0.01339,0.0134,414398.0
2023-04-29 19:45:00,0.0134,0.01342,0.01338,0.01341,909350.0
2023-04-29 20:00:00,0.01341,0.01344,0.0134,0.01341,534056.0
2023-04-29 20:15:00,0.01341,0.01343,0.01338,0.01341,1017022.0
2023-04-29 20:30:00,0.01342,0.01342,0.01339,0.01339,162228.0
2023-04-29 20:45:00,0.01341,0.01342,0.01339,0.0134,322667.0
2023-04-29 21:00:00,0.01341,0.01341,0.01339,0.01339,29773.0
2023-04-29 21:15:00,0.01339,0.01342,0.01337,0.01337,806969.0
2023-04-29 21:30:00,0.01337,0.01339,0.01336,0.01339,123750.0
2023-04-29 21:45:00,0.01339,0.01339,0.01337,0.01338,201052.0
2023-04-29 22:00:00,0.01339,0.01343,0.01339,0.0134,559210.0
2023-04-29 22:15:00,0.0134,0.0134,0.01337,0.01338,75963.0
2023-04-29 22:30:00,0.01338,0.01341,0.01337,0.0134,199502.0
2023-04-29 22:45:00,0.0134,0.01342,0.0134,0.0134,23613.0
2023-04-29 23:00:00,0.01339,0.01339,0.01335,0.01335,224919.0
2023-04-29 23:15:00,0.01336,0.01339,0.01336,0.01339,214985.0
2023-04-29 23:30:00,0.0134,0.0134,0.01338,0.0134,144259.0
2023-04-29 23:45:00,0.01341,0.01344,0.0134,0.01342,188052.0
2023-04-30 00:00:00,0.01342,0.01342,0.01338,0.01339,115743.0
2023-04-30 00:15:00,0.01338,0.01341,0.01337,0.0134,337164.0
2023-04-30 00:30:00,0.01337,0.01337,0.01334,0.01334,98727.0
2023-04-30 00:45:00,0.01334,0.01334,0.01333,0.01333,42368.0
2023-04-30 01:00:00,0.01331,0.01333,0.01331,0.01331,56725.0
2023-04-30 01:15:00,0.01332,0.01334,0.0133,0.01331,266941.0
2023-04-30 01:30:00,0.01329,0.0133,0.01327,0.0133,213118.0
2023-04-30 01:45:00,0.01328,0.0133,0.01325,0.01326,104126.0
2023-04-30 02:00:00,0.01325,0.01328,0.01325,0.01328,17937.0
2023-04-30 02:15:00,0.01328,0.01329,0.01325,0.01326,79015.0
2023-04-30 02:30:00,0.01325,0.01328,0.01325,0.01326,457621.0
2023-04-30 02:45:00,0.01326,0.01329,0.01326,0.01328,75475.0
2023-04-30 03:00:00,0.0133,0.01332,0.01329,0.01329,202347.0
2023-04-30 03:15:00,0.01329,0.01329,0.01324,0.01325,344945.0
2023-04-30 03:30:00,0.01328,0.01328,0.01326,0.01326,29896.0
2023-04-30 03:45:00,0.01328,0.01328,0.01325,0.01325,103516.0
2023-04-30 04:00:00,0.01325,0.01327,0.01324,0.01327,20922.0
2023-04-30 04:15:00,0.01327,0.01327,0.01327,0.01327,0.0
2023-04-30 04:30:00,0.01326,0.01327,0.01325,0.01327,216722.0
2023-04-30 04:45:00,0.01329,0.01329,0.01326,0.01326,207416.0
2023-04-30 05:00:00,0.01327,0.0133,0.01327,0.01328,125202.0
2023-04-30 05:15:00,0.0133,0.0133,0.01328,0.01329,119541.0
2023-04-30 05:30:00,0.01329,0.01329,0.01329,0.01329,45098.0
2023-04-30 05:45:00,0.01329,0.0133,0.01328,0.0133,465009.0
2023-04-30 06:00:00,0.0133,0.01335,0.0133,0.01331,1533216.0
2023-04-30 06:15:00,0.01332,0.01333,0.01331,0.01332,217743.0
2023-04-30 06:30:00,0.0133,0.01331,0.01328,0.01328,363238.0
2023-04-30 06:45:00,0.01329,0.01331,0.01328,0.01328,592980.0
2023-04-30 07:00:00,0.01329,0.0133,0.01327,0.01327,456259.0
2023-04-30 07:15:00,0.01327,0.01328,0.01326,0.01327,166839.0
2023-04-30 07:30:00,0.01326,0.01326,0.01323,0.01324,204419.0
2023-04-30 07:45:00,0.01322,0.01322,0.01322,0.01322,46279.0
2023-04-30 08:00:00,0.01321,0.01322,0.01321,0.01322,23207.0
2023-04-30 08:15:00,0.01321,0.01326,0.01319,0.01326,1339459.0
2023-04-30 08:30:00,0.01325,0.01327,0.01325,0.01327,113326.0
2023-04-30 08:45:00,0.01326,0.01326,0.01324,0.01326,323176.0
2023-04-30 09:00:00,0.01326,0.01326,0.01324,0.01324,16230.0
2023-04-30 09:15:00,0.01324,0.01324,0.01321,0.01322,340170.0
2023-04-30 09:30:00,0.01322,0.01324,0.01321,0.01322,167842.0
2023-04-30 09:45:00,0.01323,0.01324,0.01321,0.01323,253542.0
2023-04-30 10:00:00,0.01322,0.01326,0.01322,0.01324,101009.0
2023-04-30 10:15:00,0.01325,0.01325,0.01323,0.01323,48261.0
2023-04-30 10:30:00,0.01322,0.01322,0.01318,0.01318,585188.0
2023-04-30 10:45:00,0.01318,0.01318,0.01314,0.01315,1096977.0
2023-04-30 11:00:00,0.01317,0.01318,0.01317,0.01317,154226.0
2023-04-30 11:15:00,0.01316,0.01317,0.01314,0.01317,548980.0
2023-04-30 11:30:00,0.01315,0.01316,0.01314,0.01314,39187.0
2023-04-30 11:45:00,0.01314,0.01315,0.0131,0.01311,1015494.0
2023-04-30 12:00:00,0.01312,0.01313,0.01307,0.01309,430524.0
2023-04-30 12:15:00,0.01309,0.01312,0.01309,0.01312,113259.0
2023-04-30 12:30:00,0.0131,0.01312,0.01309,0.01309,76572.0
2023-04-30 12:45:00,0.0131,0.0131,0.01309,0.01309,24601.0
2023-04-30 13:00:00,0.01308,0.01311,0.01307,0.0131,130431.0
2023-04-30 13:15:00,0.01311,0.01313,0.01307,0.01312,438356.0
2023-04-30 13:30:00,0.01311,0.01311,0.01307,0.01309,602710.0
2023-04-30 13:45:00,0.01309,0.01311,0.01309,0.01311,39055.0
2023-04-30 14:00:00,0.01311,0.01312,0.01309,0.01309,201934.0
2023-04-30 14:15:00,0.01311,0.01311,0.01308,0.01308,18158.0
2023-04-30 14:30:00,0.0131,0.01317,0.0131,0.01316,338545.0
2023-04-30 14:45:00,0.01315,0.01319,0.01315,0.01318,890452.0
2023-04-30 15:00:00,0.01319,0.01326,0.01319,0.01326,378020.0
2023-04-30 15:15:00,0.01327,0.01334,0.01327,0.01332,222449.0
2023-04-30 15:30:00,0.01332,0.01336,0.01332,0.01334,619746.0
2023-04-30 15:45:00,0.01334,0.01334,0.0132,0.01326,843677.0
2023-04-30 16:00:00,0.01328,0.01332,0.01328,0.01329,171476.0
2023-04-30 16:15:00,0.01329,0.01335,0.01324,0.01324,693431.0
2023-04-30 16:30:00,0.01327,0.01333,0.01327,0.01332,502497.0
2023-04-30 16:45:00,0.01332,0.01334,0.01332,0.01332,217861.0
2023-04-30 17:00:00,0.01334,0.01335,0.01331,0.01333,434049.0
2023-04-30 17:15:00,0.01333,0.01335,0.01333,0.01335,44561.0
2023-04-30 17:30:00,0.01334,0.01336,0.01331,0.01334,233536.0
2023-04-30 17:45:00,0.01334,0.01336,0.01331,0.01331,227550.0
2023-04-30 18:00:00,0.0133,0.0133,0.01321,0.01328,862820.0
2023-04-30 18:15:00,0.01329,0.01329,0.01327,0.01327,76158.0
2023-04-30 18:30:00,0.01327,0.01328,0.01325,0.01325,80965.0
2023-04-30 18:45:00,0.01326,0.01326,0.01322,0.01325,185210.0
2023-04-30 19:00:00,0.01326,0.01331,0.0132,0.01321,908593.0
2023-04-30 19:15:00,0.01322,0.01324,0.01305,0.01314,1759040.0
2023-04-30 19:30:00,0.0131,0.01315,0.0131,0.01315,179867.0
2023-04-30 19:45:00,0.01313,0.01314,0.01312,0.01312,397918.0
2023-04-30 20:00:00,0.01311,0.01312,0.01293,0.01295,1799496.0
2023-04-30 20:15:00,0.01296,0.01302,0.01293,0.01302,855298.0
2023-04-30 20:30:00,0.013,0.01304,0.01299,0.01304,183072.0
2023-04-30 20:45:00,0.01303,0.01303,0.013,0.01303,751005.0
2023-04-30 21:00:00,0.01302,0.01307,0.01302,0.01307,250610.0
2023-04-30 21:15:00,0.01307,0.01308,0.01305,0.01307,130236.0
2023-04-30 21:30:00,0.01308,0.01308,0.01302,0.01302,370146.0
2023-04-30 21:45:00,0.01305,0.01308,0.01305,0.01307,303064.0
2023-04-30 22:00:00,0.01306,0.01308,0.01305,0.01308,99706.0
2023-04-30 22:15:00,0.01308,0.01314,0.01308,0.01313,686039.0
2023-04-30 22:30:00,0.01313,0.01316,0.01311,0.01314,234693.0
2023-04-30 22:45:00,0.01313,0.01316,0.01313,0.01314,53559.0
2023-04-30 23:00:00,0.01315,0.01317,0.01309,0.01316,177445.0
2023-04-30 23:15:00,0.01316,0.01316,0.01313,0.01315,87057.0
2023-04-30 23:30:00,0.01318,0.01323,0.01317,0.01321,1055940.0
2023-04-30 23:45:00,0.01319,0.01319,0.01306,0.01307,378691.0
2023-05-01 00:00:00,0.01306,0.01311,0.01305,0.01311,108789.0
2023-05-01 00:15:00,0.01312,0.01313,0.01311,0.01313,63756.0
2023-05-01 00:30:00,0.01315,0.01317,0.01315,0.01317,114957.0
2023-05-01 00:45:00,0.01316,0.01317,0.01314,0.01315,493825.0
2023-05-01 01:00:00,0.01314,0.01317,0.01313,0.01316,156589.0
2023-05-01 01:15:00,0.01316,0.01319,0.01315,0.01318,269392.0
2023-05-01 01:30:00,0.01318,0.01319,0.0128,0.01282,2365323.0
2023-05-01 01:45:00,0.0128,0.01282,0.01266,0.01279,4592967.0
2023-05-01 02:00:00,0.01278,0.01286,0.01276,0.01286,2041306.0
2023-05-01 02:15:00,0.01285,0.01285,0.0128,0.01281,1487052.0
2023-05-01 02:30:00,0.01283,0.01284,0.0128,0.01281,552380.0
2023-05-01 02:45:00,0.01282,0.01285,0.01282,0.01284,259140.0
2023-05-01 03:00:00,0.01284,0.01286,0.01282,0.01282,255766.0
2023-05-01 03:15:00,0.01281,0.01289,0.0128,0.01284,574041.0
2023-05-01 03:30:00,0.01284,0.01285,0.01283,0.01283,132762.0
2023-05-01 03:45:00,0.01282,0.01286,0.01282,0.01283,1376013.0
2023-05-01 04:00:00,0.01284,0.01284,0.01279,0.01279,1013314.0
2023-05-01 04:15:00,0.01279,0.01281,0.01278,0.0128,186424.0
2023-05-01 04:30:00,0.01281,0.01282,0.01279,0.01279,107593.0
2023-05-01 04:45:00,0.01279,0.01282,0.01279,0.01281,51605.0
2023-05-01 05:00:00,0.0128,0.0128,0.01275,0.01277,2479050.0
2023-05-01 05:15:00,0.01277,0.01278,0.01273,0.01273,697056.0
2023-05-01 05:30:00,0.01273,0.01273,0.01263,0.01267,926561.0
2023-05-01 05:45:00,0.01268,0.01269,0.01264,0.01269,633554.0
2023-05-01 06:00:00,0.0127,0.01274,0.0127,0.01271,324636.0
2023-05-01 06:15:00,0.01271,0.01271,0.01268,0.0127,862367.0
2023-05-01 06:30:00,0.01271,0.01271,0.01268,0.01271,118670.0
2023-05-01 06:45:00,0.0127,0.01271,0.01269,0.01271,281989.0
2023-05-01 07:00:00,0.0127,0.01273,0.0127,0.01271,171728.0
2023-05-01 07:15:00,0.01271,0.01273,0.0127,0.01272,72415.0
2023-05-01 07:30:00,0.01272,0.01272,0.01268,0.01269,390482.0
2023-05-01 07:45:00,0.01269,0.01271,0.01266,0.01268,371982.0
2023-05-01 08:00:00,0.01268,0.01268,0.01263,0.01265,481639.0
2023-05-01 08:15:00,0.01265,0.01266,0.01264,0.01265,65175.0
2023-05-01 08:30:00,0.01264,0.01266,0.0126,0.01266,1076064.0
2023-05-01 08:45:00,0.01264,0.01264,0.01262,0.01263,104026.0
2023-05-01 09:00:00,0.01263,0.01265,0.01262,0.01265,343332.0
2023-05-01 09:15:00,0.01265,0.01267,0.01265,0.01266,853120.0
2023-05-01 09:30:00,0.01267,0.01267,0.01259,0.01261,354652.0
2023-05-01 09:45:00,0.01261,0.01263,0.0126,0.01263,630598.0
2023-05-01 10:00:00,0.0126,0.01264,0.0126,0.01263,222779.0
2023-05-01 10:15:00,0.01262,0.01264,0.01262,0.01264,213558.0
2023-05-01 10:30:00,0.01263,0.01265,0.01261,0.01263,476829.0
2023-05-01 10:45:00,0.01263,0.01264,0.01262,0.01263,166174.0
2023-05-01 11:00:00,0.01262,0.01266,0.01262,0.01265,448759.0
2023-05-01 11:15:00,0.01263,0.01264,0.0126,0.01261,359178.0
2023-05-01 11:30:00,0.01263,0.01268,0.01262,0.01268,596357.0
2023-05-01 11:45:00,0.01267,0.01267,0.01263,0.01265,404426.0
2023-05-01 12:00:00,0.01264,0.01265,0.0126,0.01265,681614.0
2023-05-01 12:15:00,0.01264,0.01269,0.01264,0.01269,351315.0
2023-05-01 12:30:00,0.01269,0.0127,0.01268,0.01268,459135.0
2023-05-01 12:45:00,0.01269,0.01271,0.01267,0.01268,434981.0
2023-05-01 13:00:00,0.01267,0.01267,0.01261,0.01263,376886.0
2023-05-01 13:15:00,0.01261,0.01266,0.0126,0.01266,238614.0
2023-05-01 13:30:00,0.01265,0.01266,0.0126,0.0126,242930.0
2023-05-01 13:45:00,0.01262,0.01264,0.01262,0.01262,192855.0
2023-05-01 14:00:00,0.0126,0.01261,0.01251,0.0126,985914.0
2023-05-01 14:15:00,0.01262,0.01265,0.01258,0.01261,817640.0
2023-05-01 14:30:00,0.01262,0.01262,0.01259,0.01261,347716.0
2023-05-01 14:45:00,0.01261,0.01263,0.0126,0.01263,167390.0
2023-05-01 15:00:00,0.01263,0.01263,0.01258,0.0126,859751.0
2023-05-01 15:15:00,0.01258,0.01258,0.01251,0.01251,908551.0
2023-05-01 15:30:00,0.01251,0.01256,0.01249,0.01254,850778.0
2023-05-01 15:45:00,0.01253,0.01258,0.01252,0.01255,416666.0
2023-05-01 16:00:00,0.01255,0.01258,0.01251,0.01251,1223872.0
2023-05-01 16:15:00,0.01251,0.01255,0.01246,0.01251,1131594.0
2023-05-01 16:30:00,0.01252,0.01258,0.01251,0.01256,1037873.0
2023-05-01 16:45:00,0.01257,0.01262,0.01257,0.01261,306633.0
2023-05-01 17:00:00,0.01262,0.01264,0.01258,0.01258,442934.0
2023-05-01 17:15:00,0.01259,0.01261,0.01255,0.01255,451658.0
2023-05-01 17:30:00,0.01254,0.01259,0.01254,0.01258,123396.0
2023-05-01 17:45:00,0.01257,0.01259,0.01257,0.01259,38033.0
2023-05-01 18:00:00,0.01257,0.01257,0.01253,0.01253,60050.0
2023-05-01 18:15:00,0.01253,0.01254,0.01251,0.01253,347896.0
2023-05-01 18:30:00,0.01251,0.01252,0.01246,0.01248,263697.0
2023-05-01 18:45:00,0.01247,0.01248,0.01245,0.01246,71531.0
2023-05-01 19:00:00,0.01246,0.01246,0.01235,0.01236,909399.0
2023-05-01 19:15:00,0.01236,0.01238,0.01228,0.01238,2143162.0
2023-05-01 19:30:00,0.01238,0.0124,0.01234,0.01235,336597.0
2023-05-01 19:45:00,0.01236,0.01237,0.01231,0.01234,349128.0
2023-05-01 20:00:00,0.01231,0.01238,0.01231,0.01237,295043.0
2023-05-01 20:15:00,0.01237,0.01237,0.01231,0.01234,146589.0
2023-05-01 20:30:00,0.01235,0.01236,0.01234,0.01234,78817.0
2023-05-01 20:45:00,0.01233,0.01233,0.01228,0.0123,72090.0
2023-05-01 21:00:00,0.01229,0.01234,0.01229,0.01234,691666.0
2023-05-01 21:15:00,0.01232,0.01235,0.01232,0.01235,6674.0
2023-05-01 21:30:00,0.01235,0.0124,0.01235,0.01236,528028.0
2023-05-01 21:45:00,0.01237,0.01238,0.01232,0.01232,671460.0
2023-05-01 22:00:00,0.01233,0.01235,0.01233,0.01235,188571.0
2023-05-01 22:15:00,0.01236,0.01237,0.01232,0.01232,271413.0
2023-05-01 22:30:00,0.01234,0.0124,0.01232,0.01238,384292.0
2023-05-01 22:45:00,0.01236,0.01238,0.01235,0.01235,224712.0
2023-05-01 23:00:00,0.01235,0.01239,0.01234,0.01239,625602.0
2023-05-01 23:15:00,0.01239,0.01239,0.01235,0.01235,269058.0
2023-05-01 23:30:00,0.01236,0.01237,0.01234,0.01237,534107.0
2023-05-01 23:45:00,0.01235,0.01237,0.01235,0.01236,61289.0
2023-05-02 00:00:00,0.01235,0.01237,0.01234,0.01235,344524.0
2023-05-02 00:15:00,0.01235,0.01237,0.01231,0.01237,283222.0
2023-05-02 00:30:00,0.01236,0.01238,0.01235,0.01238,367429.0
2023-05-02 00:45:00,0.01238,0.01239,0.01236,0.01237,259425.0
2023-05-02 01:00:00,0.01236,0.01236,0.0123,0.01235,561740.0
2023-05-02 01:15:00,0.01235,0.01235,0.01233,0.01234,17755.0
2023-05-02 01:30:00,0.01234,0.01237,0.01231,0.01236,714779.0
2023-05-02 01:45:00,0.01235,0.01236,0.01228,0.0123,530270.0
2023-05-02 02:00:00,0.0123,0.0123,0.01228,0.0123,69758.0
2023-05-02 02:15:00,0.01232,0.01235,0.01231,0.01231,273144.0
2023-05-02 02:30:00,0.01232,0.01232,0.0123,0.0123,124437.0
2023-05-02 02:45:00,0.0123,0.01235,0.0123,0.01234,177838.0
2023-05-02 03:00:00,0.01233,0.01233,0.01231,0.01231,110260.0
2023-05-02 03:15:00,0.01231,0.01231,0.01226,0.01227,361800.0
2023-05-02 03:30:00,0.01226,0.01232,0.01225,0.01231,445302.0
2023-05-02 03:45:00,0.01232,0.01233,0.01231,0.01232,351626.0
2023-05-02 04:00:00,0.01232,0.01235,0.01232,0.01235,220697.0
2023-05-02 04:15:00,0.01234,0.01234,0.01229,0.0123,716334.0
2023-05-02 04:30:00,0.01231,0.01232,0.01227,0.01228,1159761.0
2023-05-02 04:45:00,0.01228,0.01228,0.01222,0.01223,326251.0
2023-05-02 05:00:00,0.01222,0.01223,0.0122,0.01223,284233.0
2023-05-02 05:15:00,0.01223,0.01223,0.01221,0.01221,51921.0
2023-05-02 05:30:00,0.01222,0.01223,0.01221,0.01222,132563.0
2023-05-02 05:45:00,0.01221,0.01223,0.01221,0.01222,5723.0
2023-05-02 06:00:00,0.01224,0.01225,0.01221,0.01224,186990.0
2023-05-02 06:15:00,0.01226,0.01226,0.01221,0.01222,80038.0
2023-05-02 06:30:00,0.01222,0.01223,0.0122,0.01223,161398.0
2023-05-02 06:45:00,0.01222,0.01224,0.0122,0.01223,111278.0
2023-05-02 07:00:00,0.01223,0.0123,0.01223,0.0123,441202.0
2023-05-02 07:15:00,0.01231,0.01235,0.01231,0.01234,440652.0
2023-05-02 07:30:00,0.01233,0.01234,0.01231,0.01232,208558.0
2023-05-02 07:45:00,0.01234,0.01235,0.01232,0.01234,419814.0
2023-05-02 08:00:00,0.01235,0.01238,0.01234,0.01236,280891.0
2023-05-02 08:15:00,0.01237,0.01238,0.01235,0.01235,164188.0
2023-05-02 08:30:00,0.01236,0.01237,0.01235,0.01236,610847.0
2023-05-02 08:45:00,0.01235,0.01239,0.01235,0.01235,1048140.0
2023-05-02 09:00:00,0.01237,0.01237,0.01235,0.01235,151406.0
2023-05-02 09:15:00,0.01235,0.01235,0.01229,0.01231,152559.0
2023-05-02 09:30:00,0.0123,0.01233,0.0123,0.01232,162251.0
2023-05-02 09:45:00,0.01233,0.01234,0.01232,0.01234,119390.0
2023-05-02 10:00:00,0.01233,0.01234,0.0123,0.01231,692977.0
2023-05-02 10:15:00,0.0123,0.01232,0.01224,0.01226,2066595.0
2023-05-02 10:30:00,0.01226,0.01231,0.01226,0.01231,437382.0
2023-05-02 10:45:00,0.0123,0.01232,0.01229,0.01229,140859.0
2023-05-02 11:00:00,0.0123,0.01232,0.01229,0.0123,426696.0
2023-05-02 11:15:00,0.01231,0.01236,0.01231,0.01235,1275251.0
2023-05-02 11:30:00,0.01232,0.01234,0.01231,0.01233,108200.0
2023-05-02 11:45:00,0.01232,0.01232,0.01229,0.01231,1158052.0
2023-05-02 12:00:00,0.01231,0.01235,0.01228,0.01229,416253.0
2023-05-02 12:15:00,0.01228,0.0123,0.01225,0.01227,1436745.0
2023-05-02 12:30:00,0.01228,0.01236,0.01226,0.01235,855534.0
2023-05-02 12:45:00,0.01235,0.01235,0.01229,0.01232,274503.0
2023-05-02 13:00:00,0.01232,0.01233,0.01227,0.01227,467411.0
2023-05-02 13:15:00,0.01227,0.01228,0.01225,0.01225,495060.0
2023-05-02 13:30:00,0.01226,0.01228,0.01218,0.0122,1951934.0
2023-05-02 13:45:00,0.01222,0.01222,0.0122,0.0122,110537.0
2023-05-02 14:00:00,0.01221,0.01221,0.01215,0.01221,2278287.0
2023-05-02 14:15:00,0.01221,0.01236,0.01221,0.01235,672783.0
2023-05-02 14:30:00,0.01236,0.01243,0.01233,0.0124,1737193.0
2023-05-02 14:45:00,0.0124,0.0124,0.01229,0.01235,873363.0
2023-05-02 15:00:00,0.01234,0.01238,0.0123,0.01238,584783.0
2023-05-02 15:15:00,0.01238,0.01239,0.01237,0.01237,465040.0
2023-05-02 15:30:00,0.01237,0.01243,0.01232,0.01239,781815.0
2023-05-02 15:45:00,0.0124,0.0124,0.01234,0.01235,429615.0
2023-05-02 16:00:00,0.01235,0.01237,0.01233,0.01234,360293.0
2023-05-02 16:15:00,0.01231,0.01238,0.0123,0.01236,1274108.0
2023-05-02 16:30:00,0.01236,0.01237,0.01232,0.01233,230934.0
2023-05-02 16:45:00,0.01234,0.01234,0.01232,0.01233,179175.0
2023-05-02 17:00:00,0.01232,0.01233,0.01228,0.01232,599779.0
2023-05-02 17:15:00,0.01233,0.01233,0.01228,0.01231,323789.0
2023-05-02 17:30:00,0.01232,0.01234,0.01232,0.01234,92659.0
2023-05-02 17:45:00,0.01234,0.01238,0.01233,0.01235,305214.0
2023-05-02 18:00:00,0.01235,0.01239,0.01233,0.01237,409591.0
2023-05-02 18:15:00,0.01238,0.01238,0.01235,0.01237,68963.0
2023-05-02 18:30:00,0.01237,0.0124,0.01236,0.01238,494424.0
2023-05-02 18:45:00,0.0124,0.0124,0.01237,0.01238,324107.0
2023-05-02 19:00:00,0.01239,0.01243,0.01237,0.01242,1224740.0
2023-05-02 19:15:00,0.01242,0.01245,0.01239,0.01241,2352745.0
2023-05-02 19:30:00,0.01242,0.01244,0.01241,0.01243,70153.0
2023-05-02 19:45:00,0.01244,0.01244,0.01237,0.01239,340428.0
2023-05-02 20:00:00,0.01239,0.01241,0.01239,0.0124,163582.0
2023-05-02 20:15:00,0.0124,0.0124,0.01239,0.0124,73979.0
2023-05-02 20:30:00,0.01238,0.01241,0.01237,0.01239,65947.0
2023-05-02 20:45:00,0.0124,0.0124,0.01238,0.01239,174963.0
2023-05-02 21:00:00,0.0124,0.0124,0.01237,0.01237,39289.0
2023-05-02 21:15:00,0.01237,0.01239,0.01237,0.01238,211062.0
2023-05-02 21:30:00,0.01238,0.0124,0.01237,0.01237,54463.0
2023-05-02 21:45:00,0.01237,0.01238,0.01237,0.01238,171751.0
2023-05-02 22:00:00,0.01239,0.01242,0.01239,0.01242,522310.0
2023-05-02 22:15:00,0.01241,0.01244,0.0124,0.01244,1982913.0
2023-05-02 22:30:00,0.01244,0.01244,0.01243,0.01244,747679.0
2023-05-02 22:45:00,0.01243,0.01243,0.01241,0.01243,235904.0
2023-05-02 23:00:00,0.01243,0.01243,0.01239,0.01241,315294.0
2023-05-02 23:15:00,0.0124,0.01241,0.01238,0.01239,81624.0
2023-05-02 23:30:00,0.01238,0.01238,0.01237,0.01237,339270.0
2023-05-02 23:45:00,0.01237,0.01237,0.01236,0.01237,51438.0
2023-05-03 00:00:00,0.01238,0.01239,0.01235,0.01235,265373.0
2023-05-03 00:15:00,0.01236,0.01236,0.01234,0.01234,26494.0
2023-05-03 00:30:00,0.01236,0.01236,0.01226,0.01229,1644114.0
2023-05-03 00:45:00,0.01229,0.01231,0.01227,0.01227,395821.0
2023-05-03 01:00:00,0.01227,0.01228,0.01225,0.01228,1507359.0
2023-05-03 01:15:00,0.01228,0.01229,0.01227,0.01228,244927.0
2023-05-03 01:30:00,0.01229,0.01231,0.01229,0.01231,94247.0
2023-05-03 01:45:00,0.0123,0.0123,0.01226,0.01226,265943.0
2023-05-03 02:00:00,0.01225,0.01225,0.01217,0.01221,1033811.0
2023-05-03 02:15:00,0.0122,0.01221,0.0122,0.01221,22857.0
2023-05-03 02:30:00,0.01221,0.01224,0.0122,0.01224,101351.0
2023-05-03 02:45:00,0.01223,0.01224,0.01223,0.01224,64666.0
2023-05-03 03:00:00,0.01224,0.01224,0.01223,0.01223,35323.0
2023-05-03 03:15:00,0.01223,0.01225,0.01219,0.01225,781741.0
2023-05-03 03:30:00,0.01224,0.01226,0.01224,0.01226,211787.0
2023-05-03 03:45:00,0.01225,0.01226,0.01225,0.01225,16711.0
2023-05-03 04:00:00,0.01226,0.01227,0.01222,0.01224,117281.0
2023-05-03 04:15:00,0.01225,0.01225,0.01223,0.01225,119283.0
2023-05-03 04:30:00,0.01224,0.01225,0.01222,0.01223,698239.0
2023-05-03 04:45:00,0.01223,0.01223,0.01221,0.01221,78927.0
2023-05-03 05:00:00,0.01222,0.01223,0.01222,0.01223,194398.0
2023-05-03 05:15:00,0.01223,0.01223,0.0122,0.01221,71241.0
2023-05-03 05:30:00,0.0122,0.01221,0.01216,0.01218,382143.0
2023-05-03 05:45:00,0.01216,0.01216,0.01211,0.01213,588996.0
2023-05-03 06:00:00,0.01213,0.01213,0.01208,0.0121,1349633.0
2023-05-03 06:15:00,0.01211,0.01215,0.0121,0.01215,617693.0
2023-05-03 06:30:00,0.01215,0.01219,0.01214,0.01218,557278.0
2023-05-03 06:45:00,0.01216,0.0122,0.01214,0.01214,233519.0
2023-05-03 07:00:00,0.01214,0.01216,0.01213,0.01216,10478.0
2023-05-03 07:15:00,0.01215,0.01219,0.01215,0.01219,1229935.0
2023-05-03 07:30:00,0.01218,0.01219,0.01216,0.01216,43623.0
2023-05-03 07:45:00,0.01217,0.0122,0.01214,0.01218,2075462.0
2023-05-03 08:00:00,0.01218,0.01219,0.01218,0.01218,44256.0
2023-05-03 08:15:00,0.01218,0.01221,0.01216,0.01221,630376.0
2023-05-03 08:30:00,0.0122,0.01223,0.0122,0.01222,112417.0
2023-05-03 08:45:00,0.01223,0.01227,0.01222,0.01223,484860.0
2023-05-03 09:00:00,0.01223,0.01223,0.0122,0.01222,235423.0
2023-05-03 09:15:00,0.01221,0.01222,0.01219,0.0122,82316.0
2023-05-03 09:30:00,0.0122,0.01222,0.01216,0.01221,1391567.0
2023-05-03 09:45:00,0.01221,0.01223,0.01219,0.01219,1707396.0
2023-05-03 10:00:00,0.01219,0.0122,0.01216,0.0122,136181.0
2023-05-03 10:15:00,0.0122,0.0122,0.01217,0.01218,1044499.0
2023-05-03 10:30:00,0.01217,0.0122,0.01217,0.0122,69321.0
2023-05-03 10:45:00,0.01219,0.0122,0.01216,0.01216,438878.0
2023-05-03 11:00:00,0.01217,0.01217,0.01214,0.01216,1733204.0
2023-05-03 11:15:00,0.01216,0.01216,0.01214,0.01214,1427426.0
2023-05-03 11:30:00,0.01213,0.01214,0.01206,0.01206,1408816.0
2023-05-03 11:45:00,0.01207,0.01207,0.01197,0.01199,4712439.0
2023-05-03 12:00:00,0.01198,0.01202,0.01185,0.01186,6098952.0
2023-05-03 12:15:00,0.01185,0.01188,0.0118,0.01187,2045234.0
2023-05-03 12:30:00,0.01185,0.01186,0.01179,0.01179,1752181.0
2023-05-03 12:45:00,0.0118,0.01183,0.01176,0.0118,1641826.0
2023-05-03 13:00:00,0.01179,0.01188,0.01176,0.01187,1491616.0
2023-05-03 13:15:00,0.01186,0.01188,0.01184,0.01186,1579169.0
2023-05-03 13:30:00,0.01185,0.01187,0.01185,0.01186,540558.0
2023-05-03 13:45:00,0.01185,0.01186,0.01182,0.01184,504556.0
2023-05-03 14:00:00,0.01184,0.01184,0.01168,0.01169,2220619.0
2023-05-03 14:15:00,0.01169,0.01173,0.01168,0.01172,367695.0
2023-05-03 14:30:00,0.01171,0.01172,0.01164,0.01167,1800820.0
2023-05-03 14:45:00,0.01169,0.01171,0.01165,0.01168,1150661.0
2023-05-03 15:00:00,0.01167,0.01169,0.01162,0.01169,812605.0
2023-05-03 15:15:00,0.01169,0.01169,0.01164,0.01164,502339.0
2023-05-03 15:30:00,0.01162,0.01165,0.0116,0.01161,1071874.0
2023-05-03 15:45:00,0.0116,0.01163,0.01158,0.01161,1809019.0
2023-05-03 16:00:00,0.01162,0.01163,0.01159,0.01159,374573.0
2023-05-03 16:15:00,0.01159,0.01164,0.01154,0.01162,1951216.0
2023-05-03 16:30:00,0.01162,0.01162,0.01158,0.01159,573543.0
2023-05-03 16:45:00,0.01158,0.01163,0.01157,0.01163,431750.0
2023-05-03 17:00:00,0.01162,0.01162,0.01155,0.01156,745424.0
2023-05-03 17:15:00,0.01157,0.01159,0.01147,0.01157,1455130.0
2023-05-03 17:30:00,0.01157,0.01165,0.01153,0.01164,1451782.0
2023-05-03 17:45:00,0.01165,0.01165,0.01154,0.0116,1812425.0
2023-05-03 18:00:00,0.0116,0.01172,0.0116,0.01172,7461981.0
2023-05-03 18:15:00,0.01173,0.01183,0.01173,0.01176,1381551.0
2023-05-03 18:30:00,0.01175,0.01181,0.01167,0.01175,1430126.0
2023-05-03 18:45:00,0.0118,0.01184,0.01178,0.01184,420605.0
2023-05-03 19:00:00,0.01185,0.01195,0.01183,0.01186,2659761.0
2023-05-03 19:15:00,0.01186,0.01193,0.01186,0.01188,1255913.0
2023-05-03 19:30:00,0.01188,0.01191,0.01188,0.01188,507786.0
2023-05-03 19:45:00,0.0119,0.01191,0.01185,0.01185,423133.0
2023-05-03 20:00:00,0.01185,0.01198,0.01185,0.01198,556664.0
2023-05-03 20:15:00,0.01198,0.012,0.01197,0.012,419092.0
2023-05-03 20:30:00,0.01199,0.012,0.01193,0.01196,612206.0
2023-05-03 20:45:00,0.01196,0.01206,0.01196,0.01204,726015.0
2023-05-03 21:00:00,0.01206,0.01218,0.01206,0.01218,5268344.0
2023-05-03 21:15:00,0.01218,0.01232,0.01215,0.01229,1423550.0
2023-05-03 21:30:00,0.0123,0.01241,0.0123,0.01238,1956025.0
2023-05-03 21:45:00,0.01237,0.01238,0.01234,0.01234,815039.0
2023-05-03 22:00:00,0.01233,0.01243,0.01233,0.01241,186207.0
2023-05-03 22:15:00,0.01242,0.01249,0.01242,0.01245,333046.0
2023-05-03 22:30:00,0.01246,0.01255,0.01246,0.01252,552799.0
2023-05-03 22:45:00,0.01254,0.01254,0.01249,0.01251,372462.0
2023-05-03 23:00:00,0.01252,0.01252,0.01247,0.01249,361973.0
2023-05-03 23:15:00,0.01249,0.01252,0.01247,0.01247,259212.0
2023-05-03 23:30:00,0.01248,0.01248,0.01242,0.01242,179117.0
2023-05-03 23:45:00,0.01242,0.01246,0.01242,0.01246,152316.0
2023-05-04 00:00:00,0.01247,0.01247,0.01238,0.01243,1795693.0
2023-05-04 00:15:00,0.01239,0.01243,0.01238,0.01239,438562.0
2023-05-04 00:30:00,0.01239,0.0124,0.01233,0.01235,509690.0
2023-05-04 00:45:00,0.01235,0.01239,0.01235,0.01237,101331.0
2023-05-04 01:00:00,0.01238,0.01241,0.01237,0.01241,734630.0
2023-05-04 01:15:00,0.0124,0.01243,0.01238,0.01238,959294.0
2023-05-04 01:30:00,0.01238,0.01241,0.01238,0.0124,67828.0
2023-05-04 01:45:00,0.0124,0.01244,0.01239,0.01243,460251.0
2023-05-04 02:00:00,0.01244,0.01248,0.01242,0.01242,225964.0
2023-05-04 02:15:00,0.01242,0.01246,0.01241,0.01243,1042501.0
2023-05-04 02:30:00,0.01243,0.01245,0.01238,0.01241,966013.0
2023-05-04 02:45:00,0.01242,0.01243,0.01239,0.01243,209683.0
2023-05-04 03:00:00,0.01241,0.01243,0.01241,0.01243,101727.0
2023-05-04 03:15:00,0.01243,0.01243,0.0124,0.0124,177128.0
2023-05-04 03:30:00,0.01241,0.01243,0.01235,0.01238,338639.0
2023-05-04 03:45:00,0.0124,0.01241,0.01239,0.01241,300173.0
2023-05-04 04:00:00,0.01241,0.01242,0.01241,0.01242,25960.0
2023-05-04 04:15:00,0.01245,0.01247,0.01243,0.01243,234985.0
2023-05-04 04:30:00,0.01245,0.01246,0.01242,0.01242,139641.0
2023-05-04 04:45:00,0.01242,0.01242,0.0124,0.01241,123001.0
2023-05-04 05:00:00,0.0124,0.01241,0.01238,0.0124,118017.0
2023-05-04 05:15:00,0.01241,0.01241,0.01238,0.01239,11674.0
2023-05-04 05:30:00,0.01239,0.01245,0.01239,0.01242,242646.0
2023-05-04 05:45:00,0.01242,0.01242,0.01242,0.01242,885.0
2023-05-04 06:00:00,0.01242,0.01242,0.01239,0.01239,48675.0
2023-05-04 06:15:00,0.01237,0.01237,0.01235,0.01235,1145183.0
2023-05-04 06:30:00,0.01235,0.01235,0.01232,0.01233,821352.0
2023-05-04 06:45:00,0.01232,0.01233,0.01231,0.01232,225284.0
2023-05-04 07:00:00,0.01234,0.01236,0.01233,0.01233,674846.0
2023-05-04 07:15:00,0.01232,0.01232,0.01227,0.01227,544368.0
2023-05-04 07:30:00,0.01226,0.01228,0.01226,0.01228,105700.0
2023-05-04 07:45:00,0.01228,0.01228,0.01227,0.01228,88431.0
2023-05-04 08:00:00,0.01227,0.01227,0.01226,0.01227,172367.0
2023-05-04 08:15:00,0.01227,0.01227,0.01226,0.01226,2987.0
2023-05-04 08:30:00,0.01227,0.01229,0.01227,0.01228,420225.0
2023-05-04 08:45:00,0.01228,0.01228,0.01227,0.01227,35316.0
2023-05-04 09:00:00,0.01227,0.01229,0.01227,0.01227,455888.0
2023-05-04 09:15:00,0.01227,0.01227,0.01223,0.01224,659018.0
2023-05-04 09:30:00,0.01225,0.01226,0.01223,0.01225,309043.0
2023-05-04 09:45:00,0.01225,0.01226,0.01224,0.01225,386307.0
2023-05-04 10:00:00,0.01227,0.01228,0.01226,0.01226,223446.0
2023-05-04 10:15:00,0.01226,0.0123,0.01225,0.01229,480923.0
2023-05-04 10:30:00,0.0123,0.01235,0.0123,0.01232,946530.0
2023-05-04 10:45:00,0.01232,0.01232,0.0123,0.0123,209438.0
2023-05-04 11:00:00,0.0123,0.0123,0.01229,0.0123,83354.0
2023-05-04 11:15:00,0.0123,0.0123,0.01225,0.01226,570331.0
2023-05-04 11:30:00,0.01226,0.01227,0.01225,0.01227,379563.0
2023-05-04 11:45:00,0.01227,0.01227,0.01224,0.01225,165809.0
2023-05-04 12:00:00,0.01225,0.01227,0.01225,0.01225,770739.0
2023-05-04 12:15:00,0.01225,0.01227,0.01224,0.01227,149275.0
2023-05-04 12:30:00,0.01226,0.01227,0.01217,0.01218,1003882.0
2023-05-04 12:45:00,0.01217,0.01219,0.01216,0.01218,505978.0
2023-05-04 13:00:00,0.01219,0.0122,0.01218,0.01219,47916.0
2023-05-04 13:15:00,0.01219,0.01219,0.01212,0.01215,816902.0
2023-05-04 13:30:00,0.01215,0.01215,0.01205,0.01206,876700.0
2023-05-04 13:45:00,0.01206,0.01212,0.01205,0.0121,430704.0
2023-05-04 14:00:00,0.0121,0.01212,0.01208,0.0121,145890.0
2023-05-04 14:15:00,0.01209,0.01213,0.01208,0.01212,689231.0
2023-05-04 14:30:00,0.01212,0.01216,0.01211,0.01216,236810.0
2023-05-04 14:45:00,0.01215,0.01215,0.01211,0.01212,479992.0
2023-05-04 15:00:00,0.0121,0.01217,0.0121,0.01216,135407.0
2023-05-04 15:15:00,0.01216,0.01216,0.01212,0.01212,93350.0
2023-05-04 15:30:00,0.01212,0.01212,0.01209,0.01209,435798.0
2023-05-04 15:45:00,0.01209,0.01209,0.01209,0.01209,15505.0
2023-05-04 16:00:00,0.01208,0.01208,0.01203,0.01208,302863.0
2023-05-04 16:15:00,0.01208,0.01211,0.01208,0.01211,726999.0
2023-05-04 16:30:00,0.0121,0.0121,0.01207,0.01209,485443.0
2023-05-04 16:45:00,0.01209,0.01209,0.01206,0.01209,121119.0
2023-05-04 17:00:00,0.01208,0.01208,0.01206,0.01208,878261.0
2023-05-04 17:15:00,0.01207,0.01209,0.01205,0.01205,139624.0
2023-05-04 17:30:00,0.01206,0.01206,0.01203,0.01203,202432.0
2023-05-04 17:45:00,0.01204,0.01205,0.01203,0.01203,83106.0
2023-05-04 18:00:00,0.01204,0.01205,0.01203,0.01205,37072.0
2023-05-04 18:15:00,0.01205,0.01205,0.01202,0.01203,320410.0
2023-05-04 18:30:00,0.01203,0.01207,0.01203,0.01206,215579.0
2023-05-04 18:45:00,0.01206,0.01209,0.01205,0.01208,405069.0
2023-05-04 19:00:00,0.01207,0.01207,0.01202,0.01202,837120.0
2023-05-04 19:15:00,0.01204,0.01208,0.01202,0.01208,589543.0
2023-05-04 19:30:00,0.01206,0.01208,0.01204,0.01207,633529.0
2023-05-04 19:45:00,0.01207,0.01209,0.01206,0.01208,1823921.0
2023-05-04 20:00:00,0.01208,0.01212,0.01208,0.01209,874391.0
2023-05-04 20:15:00,0.01208,0.0121,0.01207,0.0121,153545.0
2023-05-04 20:30:00,0.01211,0.01212,0.01208,0.01208,779462.0
2023-05-04 20:45:00,0.01209,0.01212,0.01209,0.01212,320005.0
2023-05-04 21:00:00,0.01211,0.01214,0.0121,0.01212,1445530.0
2023-05-04 21:15:00,0.01211,0.01213,0.01208,0.01211,300388.0
2023-05-04 21:30:00,0.01211,0.01212,0.0121,0.01211,1158958.0
2023-05-04 21:45:00,0.01211,0.01215,0.0121,0.01212,659947.0
2023-05-04 22:00:00,0.01213,0.01214,0.01209,0.01211,321137.0
2023-05-04 22:15:00,0.01211,0.01212,0.0121,0.01211,216584.0
2023-05-04 22:30:00,0.01211,0.01212,0.0121,0.01212,682187.0
2023-05-04 22:45:00,0.01213,0.01215,0.01213,0.01215,140176.0
2023-05-04 23:00:00,0.01214,0.01214,0.01211,0.01213,501630.0
2023-05-04 23:15:00,0.01214,0.01219,0.01214,0.01217,1076803.0
2023-05-04 23:30:00,0.01217,0.01219,0.01217,0.01218,34438.0
2023-05-04 23:45:00,0.01219,0.01221,0.01219,0.01221,130912.0
2023-05-05 00:00:00,0.0122,0.01225,0.01219,0.01223,249303.0
2023-05-05 00:15:00,0.01224,0.01224,0.01223,0.01224,283925.0
2023-05-05 00:30:00,0.01225,0.01227,0.01224,0.01226,502781.0
2023-05-05 00:45:00,0.01226,0.01227,0.01225,0.01226,52337.0
2023-05-05 01:00:00,0.01226,0.01226,0.01218,0.01218,2130076.0
2023-05-05 01:15:00,0.01218,0.01219,0.01217,0.01218,274831.0
2023-05-05 01:30:00,0.0122,0.01228,0.0122,0.01228,776916.0
2023-05-05 01:45:00,0.01227,0.01228,0.01223,0.01224,1944823.0
2023-05-05 02:00:00,0.01225,0.01229,0.01217,0.01217,1325202.0
2023-05-05 02:15:00,0.01217,0.01219,0.01215,0.01218,652444.0
2023-05-05 02:30:00,0.01219,0.0122,0.01217,0.0122,30486.0
2023-05-05 02:45:00,0.0122,0.0122,0.01217,0.01217,210964.0
2023-05-05 03:00:00,0.01217,0.0122,0.01216,0.01216,165915.0
2023-05-05 03:15:00,0.01216,0.01216,0.01213,0.01214,604301.0
2023-05-05 03:30:00,0.01214,0.01218,0.01213,0.01213,384992.0
2023-05-05 03:45:00,0.01213,0.01213,0.01209,0.0121,351125.0
2023-05-05 04:00:00,0.0121,0.01212,0.01208,0.01212,132329.0
2023-05-05 04:15:00,0.01211,0.01212,0.0121,0.01212,174736.0
2023-05-05 04:30:00,0.01212,0.01213,0.01212,0.01213,44920.0
2023-05-05 04:45:00,0.01212,0.01217,0.01212,0.01215,1550619.0
2023-05-05 05:00:00,0.01214,0.01215,0.0121,0.0121,525986.0
2023-05-05 05:15:00,0.0121,0.01212,0.01207,0.01211,2046967.0
2023-05-05 05:30:00,0.01211,0.01212,0.0121,0.01212,146437.0
2023-05-05 05:45:00,0.01212,0.01213,0.01212,0.01213,162496.0
2023-05-05 06:00:00,0.01212,0.01213,0.01211,0.01211,29423.0
2023-05-05 06:15:00,0.01211,0.01213,0.01211,0.01212,105438.0
2023-05-05 06:30:00,0.01213,0.01215,0.01213,0.01214,273974.0
2023-05-05 06:45:00,0.01214,0.01214,0.01209,0.0121,710649.0
2023-05-05 07:00:00,0.01212,0.01216,0.01209,0.01209,573800.0
2023-05-05 07:15:00,0.0121,0.0121,0.01208,0.0121,837898.0
2023-05-05 07:30:00,0.01211,0.01212,0.0121,0.0121,140221.0
2023-05-05 07:45:00,0.0121,0.01212,0.01206,0.01207,1196011.0
2023-05-05 08:00:00,0.01207,0.01209,0.01202,0.01203,4134267.0
2023-05-05 08:15:00,0.01204,0.01205,0.01203,0.01204,427121.0
2023-05-05 08:30:00,0.01203,0.01203,0.01201,0.01201,467149.0
2023-05-05 08:45:00,0.012,0.012,0.01195,0.01196,1067584.0
2023-05-05 09:00:00,0.01198,0.01202,0.01198,0.01201,1338740.0
2023-05-05 09:15:00,0.01199,0.012,0.01198,0.01199,572892.0
2023-05-05 09:30:00,0.01199,0.01203,0.01199,0.01202,148202.0
2023-05-05 09:45:00,0.01204,0.01204,0.012,0.01201,269157.0
2023-05-05 10:00:00,0.01202,0.01203,0.01201,0.01203,124939.0
2023-05-05 10:15:00,0.01203,0.01205,0.01203,0.01205,198233.0
2023-05-05 10:30:00,0.01204,0.01206,0.01204,0.01206,67980.0
2023-05-05 10:45:00,0.01206,0.01208,0.01204,0.01207,1751936.0
2023-05-05 11:00:00,0.01208,0.01209,0.01206,0.01209,1327315.0
2023-05-05 11:15:00,0.01209,0.01209,0.01206,0.01206,516885.0
2023-05-05 11:30:00,0.01206,0.01206,0.01203,0.01205,783760.0
2023-05-05 11:45:00,0.01206,0.01208,0.01204,0.01206,1822876.0
2023-05-05 12:00:00,0.01208,0.0121,0.01204,0.01206,612243.0
2023-05-05 12:15:00,0.01207,0.01207,0.01202,0.01203,433052.0
2023-05-05 12:30:00,0.01204,0.01206,0.01187,0.01194,2413353.0
2023-05-05 12:45:00,0.01197,0.01203,0.01196,0.01197,732119.0
2023-05-05 13:00:00,0.01197,0.01201,0.01194,0.01201,1179093.0
2023-05-05 13:15:00,0.01201,0.01202,0.012,0.01201,448748.0
2023-05-05 13:30:00,0.01201,0.01211,0.01201,0.01209,700731.0
2023-05-05 13:45:00,0.01211,0.01211,0.01207,0.0121,1171165.0
2023-05-05 14:00:00,0.0121,0.01213,0.01209,0.0121,625816.0
2023-05-05 14:15:00,0.0121,0.01213,0.01209,0.01211,1188639.0
2023-05-05 14:30:00,0.0121,0.01217,0.01209,0.01217,1152842.0
2023-05-05 14:45:00,0.01217,0.01219,0.01213,0.01213,863587.0
2023-05-05 15:00:00,0.01214,0.01217,0.01209,0.01209,535781.0
2023-05-05 15:15:00,0.01211,0.01215,0.01211,0.01215,458511.0
2023-05-05 15:30:00,0.01215,0.01215,0.0121,0.01211,608277.0
2023-05-05 15:45:00,0.01211,0.01216,0.01211,0.01215,1754567.0
2023-05-05 16:00:00,0.01216,0.0123,0.01216,0.01226,937684.0
2023-05-05 16:15:00,0.01228,0.0123,0.01225,0.01227,577133.0
2023-05-05 16:30:00,0.01227,0.01228,0.01224,0.01227,293487.0
2023-05-05 16:45:00,0.01227,0.01228,0.01223,0.01228,647113.0
2023-05-05 17:00:00,0.01228,0.01229,0.01226,0.01226,142829.0
2023-05-05 17:15:00,0.01226,0.01228,0.01223,0.01224,538354.0
2023-05-05 17:30:00,0.01224,0.01225,0.0122,0.01224,722169.0
2023-05-05 17:45:00,0.01224,0.01224,0.01219,0.01219,148451.0
2023-05-05 18:00:00,0.0122,0.01221,0.01218,0.0122,1345901.0
2023-05-05 18:15:00,0.0122,0.01221,0.01218,0.0122,201300.0
2023-05-05 18:30:00,0.01219,0.0122,0.01215,0.01217,498212.0
2023-05-05 18:45:00,0.01216,0.01216,0.01211,0.01213,477811.0
2023-05-05 19:00:00,0.01213,0.01216,0.01213,0.01213,793565.0
2023-05-05 19:15:00,0.01215,0.01218,0.01214,0.01218,73029.0
2023-05-05 19:30:00,0.01217,0.01219,0.01215,0.01219,593150.0
2023-05-05 19:45:00,0.01218,0.0122,0.01217,0.0122,135889.0
2023-05-05 20:00:00,0.01221,0.01222,0.01218,0.01219,214079.0
2023-05-05 20:15:00,0.0122,0.01221,0.01217,0.01218,77979.0
2023-05-05 20:30:00,0.01218,0.01221,0.01218,0.01221,479877.0
2023-05-05 20:45:00,0.01221,0.01225,0.01221,0.01223,498550.0
2023-05-05 21:00:00,0.01221,0.01225,0.01219,0.01225,276055.0
2023-05-05 21:15:00,0.01226,0.01228,0.01226,0.01226,87174.0
2023-05-05 21:30:00,0.01227,0.0123,0.01225,0.01226,368508.0
2023-05-05 21:45:00,0.01226,0.01228,0.01226,0.01227,96961.0
2023-05-05 22:00:00,0.01227,0.01228,0.01227,0.01228,148654.0
2023-05-05 22:15:00,0.01228,0.01229,0.01226,0.01228,263278.0
2023-05-05 22:30:00,0.01226,0.01229,0.01226,0.01228,273205.0
2023-05-05 22:45:00,0.01228,0.0123,0.01227,0.01227,334699.0
2023-05-05 23:00:00,0.01228,0.01232,0.01228,0.0123,247283.0
2023-05-05 23:15:00,0.01229,0.0123,0.01227,0.01228,180386.0
2023-05-05 23:30:00,0.01227,0.01228,0.01225,0.01225,178411.0
2023-05-05 23:45:00,0.01224,0.01224,0.01218,0.0122,1295257.0
2023-05-06 00:00:00,0.0122,0.01226,0.01219,0.01222,503715.0
2023-05-06 00:15:00,0.01221,0.01223,0.01219,0.0122,672170.0
2023-05-06 00:30:00,0.01221,0.01228,0.0122,0.01226,1210610.0
2023-05-06 00:45:00,0.01225,0.01225,0.01221,0.01221,607335.0
2023-05-06 01:00:00,0.01223,0.01223,0.01216,0.01216,248044.0
2023-05-06 01:15:00,0.01216,0.01216,0.01212,0.01214,320770.0
2023-05-06 01:30:00,0.01214,0.01217,0.01213,0.01215,649614.0
2023-05-06 01:45:00,0.01215,0.01215,0.01207,0.01209,762505.0
2023-05-06 02:00:00,0.0121,0.0121,0.01204,0.01204,755066.0
2023-05-06 02:15:00,0.01204,0.01205,0.01201,0.01203,154534.0
2023-05-06 02:30:00,0.01202,0.01203,0.012,0.01203,121082.0
2023-05-06 02:45:00,0.01203,0.01203,0.01201,0.01202,48027.0
2023-05-06 03:00:00,0.01201,0.01202,0.01197,0.01197,156157.0
2023-05-06 03:15:00,0.01198,0.01199,0.01198,0.01199,53003.0
2023-05-06 03:30:00,0.01198,0.01198,0.01197,0.01198,29059.0
2023-05-06 03:45:00,0.01199,0.01199,0.01197,0.01198,514915.0
2023-05-06 04:00:00,0.01196,0.01198,0.01196,0.01196,280774.0
2023-05-06 04:15:00,0.01198,0.01198,0.01196,0.01196,34982.0
2023-05-06 04:30:00,0.01196,0.01199,0.01194,0.01196,1383998.0
2023-05-06 04:45:00,0.01196,0.01197,0.01193,0.01193,424462.0
2023-05-06 05:00:00,0.01193,0.01196,0.01193,0.01195,111138.0
2023-05-06 05:15:00,0.01195,0.01195,0.01192,0.01193,87914.0
2023-05-06 05:30:00,0.01193,0.01193,0.01191,0.01191,154729.0
2023-05-06 05:45:00,0.01192,0.01195,0.01192,0.01195,275874.0
2023-05-06 06:00:00,0.01193,0.01197,0.01189,0.01195,1909546.0
2023-05-06 06:15:00,0.01194,0.01194,0.01189,0.01191,294509.0
2023-05-06 06:30:00,0.01189,0.01189,0.01186,0.01188,143048.0
2023-05-06 06:45:00,0.01188,0.01188,0.01182,0.01183,791554.0
2023-05-06 07:00:00,0.01181,0.01181,0.01179,0.0118,170445.0
2023-05-06 07:15:00,0.01181,0.01182,0.01176,0.0118,840280.0
2023-05-06 07:30:00,0.01178,0.0118,0.01177,0.01177,649499.0
2023-05-06 07:45:00,0.01177,0.01177,0.01176,0.01177,375375.0
2023-05-06 08:00:00,0.01176,0.01176,0.0116,0.01168,2046950.0
2023-05-06 08:15:00,0.01167,0.0117,0.01165,0.0117,760850.0
2023-05-06 08:30:00,0.01169,0.01169,0.01167,0.01169,654180.0
2023-05-06 08:45:00,0.0117,0.01173,0.01168,0.01172,384976.0
2023-05-06 09:00:00,0.01171,0.01171,0.01168,0.01168,162532.0
2023-05-06 09:15:00,0.01169,0.01169,0.01166,0.01167,178524.0
2023-05-06 09:30:00,0.01167,0.01168,0.01165,0.01167,206065.0
2023-05-06 09:45:00,0.01168,0.01168,0.01165,0.01166,111177.0
2023-05-06 10:00:00,0.01165,0.01168,0.01163,0.01167,717450.0
2023-05-06 10:15:00,0.01167,0.01168,0.01165,0.01168,373061.0
2023-05-06 10:30:00,0.01168,0.01171,0.01168,0.01168,404798.0
2023-05-06 10:45:00,0.01167,0.01167,0.01163,0.01163,175907.0
2023-05-06 11:00:00,0.01164,0.01165,0.0116,0.01164,1497639.0
2023-05-06 11:15:00,0.01164,0.01164,0.01161,0.01164,666135.0
2023-05-06 11:30:00,0.01163,0.01165,0.01163,0.01165,14402.0
2023-05-06 11:45:00,0.01165,0.01166,0.01165,0.01166,303193.0
2023-05-06 12:00:00,0.01165,0.01166,0.01163,0.01164,234834.0
2023-05-06 12:15:00,0.01164,0.01166,0.01161,0.01166,318895.0
2023-05-06 12:30:00,0.01165,0.01165,0.01152,0.01156,3228511.0
2023-05-06 12:45:00,0.01156,0.01156,0.01152,0.01156,1737116.0
2023-05-06 13:00:00,0.01155,0.01155,0.01142,0.01147,936720.0
2023-05-06 13:15:00,0.01146,0.01146,0.01139,0.01144,428465.0
2023-05-06 13:30:00,0.01143,0.01143,0.01139,0.01139,1002174.0
2023-05-06 13:45:00,0.01139,0.01144,0.01139,0.01141,549273.0
2023-05-06 14:00:00,0.0114,0.01141,0.01118,0.01133,4417775.0
2023-05-06 14:15:00,0.01134,0.01134,0.0113,0.01133,100817.0
2023-05-06 14:30:00,0.01131,0.01135,0.0113,0.01132,282451.0
2023-05-06 14:45:00,0.01132,0.01133,0.01126,0.01126,1132063.0
2023-05-06 15:00:00,0.01126,0.0113,0.01123,0.0113,1777158.0
2023-05-06 15:15:00,0.01132,0.01135,0.01131,0.01133,855012.0
2023-05-06 15:30:00,0.01132,0.01132,0.01127,0.01129,1328183.0
2023-05-06 15:45:00,0.0113,0.0113,0.01124,0.01126,1411490.0
2023-05-06 16:00:00,0.01126,0.0113,0.01125,0.0113,309122.0
2023-05-06 16:15:00,0.0113,0.01132,0.01127,0.01131,1448090.0
2023-05-06 16:30:00,0.01129,0.0113,0.01128,0.01129,99272.0
2023-05-06 16:45:00,0.01129,0.01131,0.01129,0.01131,647282.0
2023-05-06 17:00:00,0.01129,0.01131,0.01126,0.01128,1514473.0
2023-05-06 17:15:00,0.01128,0.01131,0.01127,0.01131,260693.0
2023-05-06 17:30:00,0.0113,0.01131,0.01128,0.01131,102340.0
2023-05-06 17:45:00,0.01131,0.01131,0.01131,0.01131,21312.0
2023-05-06 18:00:00,0.01131,0.01136,0.01129,0.01136,415226.0
2023-05-06 18:15:00,0.01135,0.01148,0.01134,0.01146,4314587.0
2023-05-06 18:30:00,0.01147,0.01147,0.01138,0.01142,3942854.0
2023-05-06 18:45:00,0.01143,0.01144,0.01139,0.01143,848356.0
2023-05-06 19:00:00,0.01143,0.01144,0.01139,0.01142,1116602.0
2023-05-06 19:15:00,0.01142,0.01142,0.01136,0.01137,547720.0
2023-05-06 19:30:00,0.01137,0.0114,0.01135,0.01135,1235730.0
2023-05-06 19:45:00,0.01135,0.01138,0.01134,0.01134,88663.0
2023-05-06 20:00:00,0.01134,0.01136,0.01133,0.01134,110033.0
2023-05-06 20:15:00,0.01136,0.01137,0.01134,0.01134,57364.0
2023-05-06 20:30:00,0.01134,0.01135,0.01133,0.01134,85148.0
2023-05-06 20:45:00,0.01136,0.01136,0.01134,0.01134,64660.0
2023-05-06 21:00:00,0.01133,0.01134,0.01133,0.01134,315069.0
2023-05-06 21:15:00,0.01134,0.01134,0.01131,0.01131,92185.0
2023-05-06 21:30:00,0.01132,0.01134,0.01128,0.01128,485015.0
2023-05-06 21:45:00,0.0113,0.01137,0.01128,0.01136,490856.0
2023-05-06 22:00:00,0.01135,0.0114,0.01134,0.01137,1414915.0
2023-05-06 22:15:00,0.01137,0.01137,0.01134,0.01134,324189.0
2023-05-06 22:30:00,0.01134,0.01134,0.01133,0.01134,78186.0
2023-05-06 22:45:00,0.01135,0.01135,0.01131,0.01131,119585.0
2023-05-06 23:00:00,0.0113,0.01132,0.01128,0.01131,349783.0
2023-05-06 23:15:00,0.01131,0.01132,0.01131,0.01131,222645.0
2023-05-06 23:30:00,0.0113,0.01131,0.0113,0.01131,6243.0
2023-05-06 23:45:00,0.01131,0.01136,0.01131,0.01135,426435.0
2023-05-07 00:00:00,0.01134,0.01142,0.01134,0.01139,537061.0
2023-05-07 00:15:00,0.0114,0.0114,0.01135,0.01138,267645.0
2023-05-07 00:30:00,0.01138,0.0114,0.01137,0.0114,109963.0
2023-05-07 00:45:00,0.01141,0.01144,0.01141,0.01143,106768.0
2023-05-07 01:00:00,0.01142,0.01142,0.01136,0.01141,438860.0
2023-05-07 01:15:00,0.01141,0.0115,0.01141,0.0115,163030.0
2023-05-07 01:30:00,0.01151,0.01151,0.01149,0.01149,130161.0
2023-05-07 01:45:00,0.01148,0.01148,0.01143,0.01144,103446.0
2023-05-07 02:00:00,0.01144,0.01145,0.01141,0.01141,59617.0
2023-05-07 02:15:00,0.01141,0.01142,0.01138,0.0114,800519.0
2023-05-07 02:30:00,0.0114,0.0114,0.01137,0.01137,47355.0
2023-05-07 02:45:00,0.01137,0.01139,0.01135,0.01136,97016.0
2023-05-07 03:00:00,0.01136,0.01138,0.01134,0.01136,636357.0
2023-05-07 03:15:00,0.01137,0.01137,0.01133,0.01133,108451.0
2023-05-07 03:30:00,0.01131,0.01131,0.0113,0.01131,183411.0
2023-05-07 03:45:00,0.0113,0.01131,0.01129,0.01131,126735.0
2023-05-07 04:00:00,0.01129,0.01129,0.01126,0.01127,400900.0
2023-05-07 04:15:00,0.01126,0.01128,0.01125,0.01126,348512.0
2023-05-07 04:30:00,0.01127,0.01128,0.01127,0.01128,44103.0
2023-05-07 04:45:00,0.01129,0.0113,0.01129,0.01129,42820.0
2023-05-07 05:00:00,0.01129,0.0113,0.01129,0.0113,17642.0
2023-05-07 05:15:00,0.01129,0.0113,0.01127,0.0113,102323.0
2023-05-07 05:30:00,0.0113,0.01134,0.0113,0.01134,234485.0
2023-05-07 05:45:00,0.01135,0.01135,0.01132,0.01132,101022.0
2023-05-07 06:00:00,0.01133,0.01133,0.0113,0.0113,135951.0
2023-05-07 06:15:00,0.0113,0.01133,0.0113,0.01131,274013.0
2023-05-07 06:30:00,0.01131,0.01132,0.01131,0.01131,99381.0
2023-05-07 06:45:00,0.01133,0.01134,0.01133,0.01134,95394.0
2023-05-07 07:00:00,0.01135,0.01135,0.01134,0.01135,95180.0
2023-05-07 07:15:00,0.01135,0.01138,0.01134,0.01137,422581.0
2023-05-07 07:30:00,0.01138,0.01142,0.01138,0.01141,200783.0
2023-05-07 07:45:00,0.01142,0.01147,0.01142,0.01142,552040.0
2023-05-07 08:00:00,0.01143,0.01143,0.01142,0.01143,69923.0
2023-05-07 08:15:00,0.01143,0.01144,0.01142,0.01142,920666.0
2023-05-07 08:30:00,0.01141,0.01141,0.01136,0.01137,1232745.0
2023-05-07 08:45:00,0.01137,0.01139,0.01137,0.01139,42490.0
2023-05-07 09:00:00,0.01138,0.0114,0.01136,0.01139,487653.0
2023-05-07 09:15:00,0.01139,0.0114,0.01135,0.0114,277463.0
2023-05-07 09:30:00,0.0114,0.01144,0.01136,0.01136,700886.0
2023-05-07 09:45:00,0.01138,0.01138,0.01137,0.01137,109765.0
2023-05-07 10:00:00,0.01138,0.01143,0.01136,0.01136,895259.0
2023-05-07 10:15:00,0.01135,0.0114,0.01135,0.01136,324719.0
2023-05-07 10:30:00,0.01137,0.01139,0.01137,0.01138,47954.0
2023-05-07 10:45:00,0.01138,0.01143,0.01137,0.01143,487628.0
2023-05-07 11:00:00,0.01143,0.01144,0.01141,0.01141,872179.0
2023-05-07 11:15:00,0.01141,0.01141,0.01137,0.01138,499289.0
2023-05-07 11:30:00,0.01139,0.01145,0.01139,0.01143,209757.0
2023-05-07 11:45:00,0.01143,0.01144,0.0114,0.0114,58497.0
2023-05-07 12:00:00,0.01141,0.01142,0.01141,0.01142,5211.0
2023-05-07 12:15:00,0.01143,0.01144,0.01141,0.01143,462456.0
2023-05-07 12:30:00,0.01142,0.01144,0.01141,0.01143,285922.0
2023-05-07 12:45:00,0.01144,0.01144,0.01141,0.01143,235746.0
2023-05-07 13:00:00,0.01143,0.01146,0.01141,0.01143,352095.0
2023-05-07 13:15:00,0.01143,0.01146,0.01142,0.01144,144486.0
2023-05-07 13:30:00,0.01145,0.01149,0.01145,0.01148,141656.0
2023-05-07 13:45:00,0.01148,0.01149,0.01143,0.01145,545485.0
2023-05-07 14:00:00,0.01146,0.01147,0.01145,0.01145,215608.0
2023-05-07 14:15:00,0.01145,0.01149,0.01143,0.01146,232342.0
2023-05-07 14:30:00,0.01147,0.01153,0.01146,0.0115,1601159.0
2023-05-07 14:45:00,0.01149,0.01154,0.01148,0.01152,607896.0
2023-05-07 15:00:00,0.01154,0.01157,0.01151,0.01151,615546.0
2023-05-07 15:15:00,0.01151,0.01151,0.01142,0.01144,157837.0
2023-05-07 15:30:00,0.01145,0.01145,0.01141,0.01143,559799.0
2023-05-07 15:45:00,0.01143,0.01148,0.01143,0.01146,167110.0
2023-05-07 16:00:00,0.01148,0.01148,0.01146,0.01148,88465.0
2023-05-07 16:15:00,0.01146,0.01146,0.01141,0.01142,372426.0
2023-05-07 16:30:00,0.01142,0.01142,0.01135,0.01138,732411.0
2023-05-07 16:45:00,0.01135,0.01138,0.01133,0.01138,1043989.0
2023-05-07 17:00:00,0.01139,0.01142,0.01138,0.01139,355068.0
2023-05-07 17:15:00,0.01139,0.01139,0.01134,0.01134,213818.0
2023-05-07 17:30:00,0.01133,0.01135,0.01133,0.01134,82094.0
2023-05-07 17:45:00,0.01133,0.01136,0.01133,0.01134,211969.0
2023-05-07 18:00:00,0.01135,0.01136,0.01134,0.01136,95883.0
2023-05-07 18:15:00,0.01136,0.01136,0.01132,0.01132,978567.0
2023-05-07 18:30:00,0.01132,0.01133,0.0113,0.0113,478628.0
2023-05-07 18:45:00,0.01131,0.01131,0.01128,0.01128,215385.0
2023-05-07 19:00:00,0.01128,0.01129,0.01125,0.01126,562478.0
2023-05-07 19:15:00,0.01126,0.01127,0.01126,0.01126,238033.0
2023-05-07 19:30:00,0.01125,0.01126,0.01123,0.01125,463153.0
2023-05-07 19:45:00,0.01125,0.01126,0.01125,0.01126,110906.0
2023-05-07 20:00:00,0.01126,0.01128,0.01126,0.01128,431634.0
2023-05-07 20:15:00,0.01126,0.01128,0.01126,0.01126,105468.0
2023-05-07 20:30:00,0.01127,0.01127,0.01126,0.01126,45385.0
2023-05-07 20:45:00,0.01127,0.01127,0.01126,0.01126,314833.0
2023-05-07 21:00:00,0.01125,0.01126,0.01123,0.01124,268430.0
2023-05-07 21:15:00,0.01125,0.01126,0.01125,0.01126,98292.0
2023-05-07 21:30:00,0.01126,0.01126,0.01124,0.01124,588100.0
2023-05-07 21:45:00,0.01123,0.01123,0.01117,0.01117,625714.0
2023-05-07 22:00:00,0.01117,0.01117,0.01112,0.01113,294382.0
2023-05-07 22:15:00,0.01113,0.01119,0.01113,0.01116,393358.0
2023-05-07 22:30:00,0.01118,0.01118,0.01117,0.01118,160394.0
2023-05-07 22:45:00,0.01119,0.01122,0.01119,0.01121,352776.0
2023-05-07 23:00:00,0.01121,0.01126,0.0112,0.01126,946480.0
2023-05-07 23:15:00,0.01125,0.01128,0.01125,0.01125,804642.0
2023-05-07 23:30:00,0.01125,0.01127,0.01123,0.01124,209853.0
2023-05-07 23:45:00,0.01122,0.01122,0.01109,0.01113,2139245.0
2023-05-08 00:00:00,0.01113,0.0112,0.01108,0.01119,489079.0
2023-05-08 00:15:00,0.01119,0.01124,0.01118,0.01122,596499.0
2023-05-08 00:30:00,0.01122,0.01124,0.01119,0.01123,783800.0
2023-05-08 00:45:00,0.01123,0.01128,0.01123,0.01127,837058.0
2023-05-08 01:00:00,0.01127,0.01129,0.01126,0.01126,343594.0
2023-05-08 01:15:00,0.01126,0.01126,0.01119,0.01119,492669.0
2023-05-08 01:30:00,0.01119,0.01125,0.01055,0.01056,4935098.0
2023-05-08 01:45:00,0.01058,0.01071,0.01035,0.01065,9701965.0
2023-05-08 02:00:00,0.01066,0.01068,0.01059,0.01066,1732538.0
2023-05-08 02:15:00,0.01066,0.01068,0.01046,0.0106,4690475.0
2023-05-08 02:30:00,0.0106,0.0106,0.01054,0.01058,2128073.0
2023-05-08 02:45:00,0.01058,0.01063,0.01057,0.01062,1602220.0
2023-05-08 03:00:00,0.01062,0.01065,0.01061,0.01062,1367253.0
2023-05-08 03:15:00,0.01063,0.01067,0.01057,0.01058,1434127.0
2023-05-08 03:30:00,0.01057,0.0106,0.01055,0.01055,1015996.0
2023-05-08 03:45:00,0.01054,0.01063,0.01053,0.01062,956369.0
2023-05-08 04:00:00,0.01063,0.01065,0.01059,0.01059,1218322.0
2023-05-08 04:15:00,0.01059,0.01061,0.01055,0.01056,816895.0
2023-05-08 04:30:00,0.01055,0.01058,0.01054,0.01055,283874.0
2023-05-08 04:45:00,0.01054,0.01054,0.01047,0.01048,453994.0
2023-05-08 05:00:00,0.01049,0.01054,0.01048,0.0105,648253.0
2023-05-08 05:15:00,0.01048,0.01058,0.01048,0.01056,733887.0
2023-05-08 05:30:00,0.01056,0.01061,0.01056,0.0106,567644.0
2023-05-08 05:45:00,0.01061,0.01062,0.0106,0.01061,139163.0
2023-05-08 06:00:00,0.01061,0.01063,0.01058,0.01061,1223214.0
2023-05-08 06:15:00,0.01062,0.01066,0.01061,0.01063,797484.0
2023-05-08 06:30:00,0.01063,0.01065,0.01057,0.01057,720893.0
2023-05-08 06:45:00,0.01057,0.01058,0.01056,0.01056,150895.0
2023-05-08 07:00:00,0.01056,0.01058,0.01049,0.0105,1041368.0
2023-05-08 07:15:00,0.0105,0.01054,0.01049,0.01052,1089091.0
2023-05-08 07:30:00,0.01053,0.01053,0.01045,0.01048,823185.0
2023-05-08 07:45:00,0.01049,0.01049,0.01034,0.01047,2252377.0
2023-05-08 08:00:00,0.01047,0.01051,0.01047,0.01051,477555.0
2023-05-08 08:15:00,0.01051,0.01052,0.0105,0.01052,195590.0
2023-05-08 08:30:00,0.01052,0.01054,0.0105,0.01051,589972.0
2023-05-08 08:45:00,0.01051,0.01053,0.01045,0.0105,1261124.0
2023-05-08 09:00:00,0.0105,0.01056,0.01047,0.01054,1160412.0
2023-05-08 09:15:00,0.01054,0.01059,0.01054,0.01058,748484.0
2023-05-08 09:30:00,0.01059,0.01059,0.01054,0.01057,711191.0
2023-05-08 09:45:00,0.01057,0.01062,0.01057,0.01062,320596.0
2023-05-08 10:00:00,0.01063,0.01065,0.01061,0.01063,368807.0
2023-05-08 10:15:00,0.01063,0.01069,0.01063,0.01067,625038.0
2023-05-08 10:30:00,0.01067,0.0107,0.01065,0.01067,764191.0
2023-05-08 10:45:00,0.01067,0.0107,0.01067,0.01069,125122.0
2023-05-08 11:00:00,0.01069,0.01075,0.01069,0.01074,166579.0
2023-05-08 11:15:00,0.01074,0.01074,0.0107,0.01071,188258.0
2023-05-08 11:30:00,0.01071,0.01078,0.01071,0.01075,306165.0
2023-05-08 11:45:00,0.01075,0.01076,0.01075,0.01076,101929.0
2023-05-08 12:00:00,0.01077,0.0108,0.01076,0.01077,860595.0
2023-05-08 12:15:00,0.01076,0.01079,0.01076,0.01078,268386.0
2023-05-08 12:30:00,0.01078,0.01079,0.01076,0.01078,515099.0
2023-05-08 12:45:00,0.01077,0.01079,0.01074,0.01074,1029819.0
2023-05-08 13:00:00,0.01076,0.01079,0.01074,0.01079,554955.0
2023-05-08 13:15:00,0.01079,0.01084,0.01079,0.01079,503447.0
2023-05-08 13:30:00,0.01079,0.01079,0.01073,0.01074,266763.0
2023-05-08 13:45:00,0.01073,0.01074,0.01069,0.0107,95551.0
2023-05-08 14:00:00,0.01071,0.01073,0.01065,0.01067,120081.0
2023-05-08 14:15:00,0.01067,0.0108,0.01065,0.01076,3148200.0
2023-05-08 14:30:00,0.01076,0.01078,0.01069,0.01076,1108581.0
2023-05-08 14:45:00,0.01076,0.0108,0.01073,0.01078,207911.0
2023-05-08 15:00:00,0.01078,0.01083,0.01076,0.01077,545162.0
2023-05-08 15:15:00,0.01077,0.01082,0.01076,0.01079,162690.0
2023-05-08 15:30:00,0.01079,0.01082,0.01078,0.0108,589374.0
2023-05-08 15:45:00,0.0108,0.01084,0.01079,0.0108,179645.0
2023-05-08 16:00:00,0.0108,0.01081,0.01072,0.01074,829208.0
2023-05-08 16:15:00,0.01074,0.01076,0.01072,0.01076,146597.0
2023-05-08 16:30:00,0.01076,0.01076,0.01072,0.01075,272575.0
2023-05-08 16:45:00,0.01074,0.01075,0.01066,0.01066,844853.0
2023-05-08 17:00:00,0.01067,0.01069,0.01063,0.01069,3276614.0
2023-05-08 17:15:00,0.01068,0.0107,0.01059,0.01062,3957755.0
2023-05-08 17:30:00,0.01063,0.01064,0.01045,0.01051,5189915.0
2023-05-08 17:45:00,0.01052,0.01056,0.01039,0.01039,1174311.0
2023-05-08 18:00:00,0.01036,0.01036,0.00974,0.0101,14890128.0
2023-05-08 18:15:00,0.0101,0.01019,0.01009,0.01013,949008.0
2023-05-08 18:30:00,0.01015,0.01017,0.01008,0.01015,641891.0
2023-05-08 18:45:00,0.01015,0.01016,0.01008,0.01012,1839286.0
2023-05-08 19:00:00,0.01012,0.01015,0.01009,0.01015,800765.0
2023-05-08 19:15:00,0.01016,0.01016,0.01014,0.01016,211926.0
2023-05-08 19:30:00,0.01016,0.01017,0.01012,0.01012,324934.0
2023-05-08 19:45:00,0.01011,0.01011,0.01004,0.01006,336367.0
2023-05-08 20:00:00,0.01007,0.01008,0.01001,0.01006,1195670.0
2023-05-08 20:15:00,0.01005,0.01012,0.01005,0.01008,740966.0
2023-05-08 20:30:00,0.01009,0.01009,0.01006,0.01006,385996.0
2023-05-08 20:45:00,0.01006,0.01006,0.00998,0.00998,1496274.0
2023-05-08 21:00:00,0.00999,0.00999,0.00992,0.00994,519839.0
2023-05-08 21:15:00,0.00993,0.00996,0.00991,0.00995,1233667.0
2023-05-08 21:30:00,0.00996,0.01001,0.00994,0.01001,798902.0
2023-05-08 21:45:00,0.01002,0.01005,0.00997,0.00999,778872.0
2023-05-08 22:00:00,0.01,0.01002,0.01,0.01002,293049.0
2023-05-08 22:15:00,0.01003,0.01006,0.01003,0.01005,403435.0
2023-05-08 22:30:00,0.01005,0.01009,0.01005,0.01008,347346.0
2023-05-08 22:45:00,0.01009,0.01012,0.01007,0.01012,660693.0
2023-05-08 23:00:00,0.01012,0.01013,0.0101,0.01013,159406.0
2023-05-08 23:15:00,0.01013,0.0102,0.01013,0.0102,641787.0
2023-05-08 23:30:00,0.0102,0.01028,0.0102,0.01024,1861374.0
2023-05-08 23:45:00,0.01024,0.01029,0.01024,0.01027,798771.0
2023-05-09 00:00:00,0.01026,0.01026,0.01022,0.01024,1339986.0
2023-05-09 00:15:00,0.01025,0.01026,0.01023,0.01023,564660.0
2023-05-09 00:30:00,0.01024,0.01025,0.01023,0.01024,160924.0
2023-05-09 00:45:00,0.01024,0.01031,0.01024,0.01031,160665.0
2023-05-09 01:00:00,0.01031,0.0104,0.01027,0.01037,1030515.0
2023-05-09 01:15:00,0.01035,0.01036,0.01032,0.01036,208817.0
2023-05-09 01:30:00,0.01039,0.01044,0.01039,0.0104,112616.0
2023-05-09 01:45:00,0.0104,0.01041,0.01038,0.0104,283790.0
2023-05-09 02:00:00,0.0104,0.0104,0.01033,0.01034,268425.0
2023-05-09 02:15:00,0.01033,0.01033,0.01031,0.01031,86995.0
2023-05-09 02:30:00,0.01031,0.01031,0.01031,0.01031,122835.0
2023-05-09 02:45:00,0.0103,0.01034,0.01029,0.01034,498178.0
2023-05-09 03:00:00,0.01034,0.01037,0.01031,0.01031,469300.0
2023-05-09 03:15:00,0.0103,0.0103,0.01028,0.01029,61302.0
2023-05-09 03:30:00,0.0103,0.01037,0.01029,0.01031,2454276.0
2023-05-09 03:45:00,0.01029,0.01035,0.01028,0.01035,424054.0
2023-05-09 04:00:00,0.01034,0.01034,0.01031,0.01031,71132.0
2023-05-09 04:15:00,0.01032,0.0104,0.0103,0.01039,354431.0
2023-05-09 04:30:00,0.01039,0.0104,0.01034,0.01038,492210.0
2023-05-09 04:45:00,0.01038,0.01039,0.01036,0.01036,447916.0
2023-05-09 05:00:00,0.01038,0.01038,0.01033,0.01037,379884.0
2023-05-09 05:15:00,0.01035,0.01037,0.01033,0.01034,246091.0
2023-05-09 05:30:00,0.01034,0.01038,0.01034,0.01037,534265.0
2023-05-09 05:45:00,0.01038,0.01041,0.01037,0.01039,462589.0
2023-05-09 06:00:00,0.01038,0.01038,0.01028,0.01028,269711.0
2023-05-09 06:15:00,0.0103,0.01031,0.01024,0.01024,1002470.0
2023-05-09 06:30:00,0.01023,0.01023,0.0102,0.01022,547498.0
2023-05-09 06:45:00,0.01024,0.01026,0.01022,0.01022,226217.0
2023-05-09 07:00:00,0.01022,0.01024,0.0102,0.01023,130376.0
2023-05-09 07:15:00,0.01023,0.01028,0.01023,0.01028,492934.0
2023-05-09 07:30:00,0.01028,0.0103,0.01028,0.0103,412363.0
2023-05-09 07:45:00,0.01028,0.01038,0.01027,0.01038,830302.0
2023-05-09 08:00:00,0.01037,0.01039,0.01032,0.01033,309229.0
2023-05-09 08:15:00,0.01031,0.01031,0.01027,0.01028,197581.0
2023-05-09 08:30:00,0.01027,0.01027,0.01024,0.01025,895373.0
2023-05-09 08:45:00,0.01024,0.01025,0.01022,0.01022,219077.0
2023-05-09 09:00:00,0.01022,0.01022,0.01021,0.01022,103898.0
2023-05-09 09:15:00,0.01022,0.01025,0.01021,0.01025,98399.0
2023-05-09 09:30:00,0.01025,0.01025,0.01017,0.01019,317290.0
2023-05-09 09:45:00,0.01021,0.01023,0.0102,0.0102,161553.0
2023-05-09 10:00:00,0.01021,0.01021,0.01019,0.01021,153085.0
2023-05-09 10:15:00,0.01022,0.01028,0.01022,0.01028,390727.0
2023-05-09 10:30:00,0.01029,0.01029,0.01024,0.01028,1821485.0
2023-05-09 10:45:00,0.01027,0.01027,0.01025,0.01025,314957.0
2023-05-09 11:00:00,0.01025,0.01028,0.0102,0.0102,702366.0
2023-05-09 11:15:00,0.01021,0.01024,0.01021,0.01023,750199.0
2023-05-09 11:30:00,0.01024,0.01028,0.01024,0.01028,395782.0
2023-05-09 11:45:00,0.01027,0.01032,0.01027,0.01031,982414.0
2023-05-09 12:00:00,0.01033,0.01033,0.01028,0.01033,855650.0
2023-05-09 12:15:00,0.01034,0.01045,0.01031,0.01042,7165728.0
2023-05-09 12:30:00,0.01042,0.01044,0.01031,0.01036,9789542.0
2023-05-09 12:45:00,0.01037,0.0104,0.01037,0.0104,189860.0
2023-05-09 13:00:00,0.0104,0.01046,0.0104,0.01042,314394.0
2023-05-09 13:15:00,0.01041,0.01043,0.01034,0.01034,476004.0
2023-05-09 13:30:00,0.01035,0.01037,0.01033,0.01034,422386.0
2023-05-09 13:45:00,0.01034,0.01037,0.01031,0.01037,202881.0
2023-05-09 14:00:00,0.01037,0.01037,0.01029,0.01032,903498.0
2023-05-09 14:15:00,0.01031,0.01034,0.01031,0.01031,181746.0
2023-05-09 14:30:00,0.01032,0.01036,0.01032,0.01036,1792282.0
2023-05-09 14:45:00,0.01038,0.0104,0.01036,0.01037,264196.0
2023-05-09 15:00:00,0.01036,0.01039,0.01031,0.01032,945748.0
2023-05-09 15:15:00,0.01032,0.01034,0.0103,0.01031,277327.0
2023-05-09 15:30:00,0.01031,0.01032,0.0103,0.01032,193934.0
2023-05-09 15:45:00,0.01033,0.01033,0.01024,0.01027,613944.0
2023-05-09 16:00:00,0.01027,0.0103,0.01023,0.01027,318962.0
2023-05-09 16:15:00,0.01029,0.01032,0.01028,0.01028,80005.0
2023-05-09 16:30:00,0.0103,0.01033,0.0103,0.01032,147057.0
2023-05-09 16:45:00,0.01031,0.01041,0.01031,0.01041,478428.0
2023-05-09 17:00:00,0.01043,0.01047,0.0104,0.0104,518245.0
2023-05-09 17:15:00,0.01041,0.01044,0.01041,0.01041,157954.0
2023-05-09 17:30:00,0.01042,0.01042,0.0104,0.01041,51772.0
2023-05-09 17:45:00,0.0104,0.01041,0.01038,0.0104,80775.0
2023-05-09 18:00:00,0.0104,0.0104,0.01035,0.01037,786182.0
2023-05-09 18:15:00,0.01037,0.01039,0.01036,0.01038,100953.0
2023-05-09 18:30:00,0.01036,0.0104,0.01035,0.01038,536723.0
2023-05-09 18:45:00,0.01038,0.01039,0.01031,0.01033,600503.0
2023-05-09 19:00:00,0.01034,0.01037,0.01033,0.01033,223497.0
2023-05-09 19:15:00,0.01034,0.01036,0.01034,0.01036,181157.0
2023-05-09 19:30:00,0.01037,0.01037,0.01034,0.01034,354746.0
2023-05-09 19:45:00,0.01035,0.01036,0.01033,0.01036,387441.0
2023-05-09 20:00:00,0.01036,0.0104,0.01035,0.01035,262459.0
2023-05-09 20:15:00,0.01035,0.01035,0.01032,0.01034,312306.0
2023-05-09 20:30:00,0.01033,0.01035,0.0103,0.0103,213099.0
2023-05-09 20:45:00,0.0103,0.01031,0.0103,0.01031,66035.0
2023-05-09 21:00:00,0.0103,0.0103,0.01028,0.01029,213181.0
2023-05-09 21:15:00,0.01029,0.01031,0.01029,0.01031,37221.0
2023-05-09 21:30:00,0.01031,0.01035,0.01031,0.01035,621976.0
2023-05-09 21:45:00,0.01034,0.01034,0.0103,0.01031,306465.0
2023-05-09 22:00:00,0.01031,0.01033,0.01029,0.01031,319640.0
2023-05-09 22:15:00,0.01031,0.01036,0.01031,0.01035,728682.0
2023-05-09 22:30:00,0.01035,0.01036,0.01033,0.01036,235458.0
2023-05-09 22:45:00,0.01035,0.01037,0.01035,0.01037,65028.0
2023-05-09 23:00:00,0.01037,0.01041,0.01037,0.0104,1081498.0
2023-05-09 23:15:00,0.01042,0.01043,0.0104,0.01043,349567.0
2023-05-09 23:30:00,0.01043,0.01043,0.0104,0.0104,287497.0
2023-05-09 23:45:00,0.01041,0.01046,0.01041,0.01044,249813.0
2023-05-10 00:00:00,0.01043,0.01043,0.01041,0.01043,225376.0
2023-05-10 00:15:00,0.01043,0.01046,0.01041,0.01042,399899.0
2023-05-10 00:30:00,0.01042,0.01045,0.01037,0.01038,545578.0
2023-05-10 00:45:00,0.01037,0.0104,0.01036,0.01039,233847.0
2023-05-10 01:00:00,0.0104,0.01043,0.01039,0.01039,395356.0
2023-05-10 01:15:00,0.01039,0.01045,0.01038,0.01044,317427.0
2023-05-10 01:30:00,0.01044,0.01046,0.01043,0.01044,369496.0
2023-05-10 01:45:00,0.01044,0.01044,0.01038,0.0104,255839.0
2023-05-10 02:00:00,0.01039,0.01039,0.01035,0.01036,145297.0
2023-05-10 02:15:00,0.01036,0.01036,0.01032,0.01032,119150.0
2023-05-10 02:30:00,0.01032,0.01033,0.01027,0.01028,454771.0
2023-05-10 02:45:00,0.01028,0.01029,0.01027,0.01027,225459.0
2023-05-10 03:00:00,0.01026,0.01029,0.01026,0.01029,254627.0
2023-05-10 03:15:00,0.01029,0.0103,0.01026,0.01026,288027.0
2023-05-10 03:30:00,0.01026,0.01029,0.01025,0.01028,63632.0
2023-05-10 03:45:00,0.01028,0.01028,0.01019,0.01024,3707647.0
2023-05-10 04:00:00,0.01025,0.01027,0.01023,0.01026,480410.0
2023-05-10 04:15:00,0.01026,0.01026,0.01021,0.01022,221105.0
2023-05-10 04:30:00,0.01023,0.01027,0.01022,0.01026,499016.0
2023-05-10 04:45:00,0.01027,0.0103,0.01026,0.01029,192262.0
2023-05-10 05:00:00,0.01029,0.01034,0.01029,0.01034,503557.0
2023-05-10 05:15:00,0.01033,0.01033,0.01028,0.01028,533214.0
2023-05-10 05:30:00,0.01028,0.01034,0.01028,0.01032,1259807.0
2023-05-10 05:45:00,0.01033,0.01035,0.01031,0.01031,304194.0
2023-05-10 06:00:00,0.0103,0.0103,0.01021,0.01022,2303487.0
2023-05-10 06:15:00,0.01022,0.01024,0.01021,0.01021,56625.0
2023-05-10 06:30:00,0.0102,0.01022,0.0102,0.01021,308827.0
2023-05-10 06:45:00,0.01021,0.01021,0.01005,0.01009,5632546.0
2023-05-10 07:00:00,0.01008,0.01008,0.00999,0.01001,11868282.0
2023-05-10 07:15:00,0.01001,0.01003,0.00993,0.00995,2854050.0
2023-05-10 07:30:00,0.00995,0.00995,0.00982,0.00991,8829736.0
2023-05-10 07:45:00,0.00991,0.01001,0.0099,0.00997,11256467.0
2023-05-10 08:00:00,0.00996,0.01014,0.00996,0.01001,15502591.0
2023-05-10 08:15:00,0.01002,0.01005,0.01,0.01,5270562.0
2023-05-10 08:30:00,0.01,0.01003,0.01,0.01001,2159636.0
2023-05-10 08:45:00,0.01001,0.01006,0.01001,0.01005,2756490.0
2023-05-10 09:00:00,0.01005,0.01005,0.01,0.01,901483.0
2023-05-10 09:15:00,0.01,0.01003,0.01,0.01001,382416.0
2023-05-10 09:30:00,0.01001,0.01004,0.00985,0.00987,15454069.0
2023-05-10 09:45:00,0.00988,0.00992,0.0098,0.00982,3755343.0
2023-05-10 10:00:00,0.00984,0.00986,0.00962,0.00966,9183207.0
2023-05-10 10:15:00,0.00967,0.0098,0.00954,0.00958,16217338.0
2023-05-10 10:30:00,0.00958,0.00966,0.00952,0.00958,7690713.0
2023-05-10 10:45:00,0.00959,0.00972,0.00959,0.00964,7246916.0
2023-05-10 11:00:00,0.00963,0.00969,0.00963,0.00965,4133109.0
2023-05-10 11:15:00,0.00964,0.00964,0.00955,0.00956,4451068.0
2023-05-10 11:30:00,0.00955,0.00956,0.00952,0.00953,2060152.0
2023-05-10 11:45:00,0.00952,0.00958,0.00952,0.00956,2091633.0
2023-05-10 12:00:00,0.00955,0.00963,0.00954,0.00961,2626416.0
2023-05-10 12:15:00,0.0096,0.00962,0.0095,0.00953,3893150.0
2023-05-10 12:30:00,0.00954,0.00994,0.00954,0.00994,10277945.0
2023-05-10 12:45:00,0.00995,0.01007,0.00995,0.01004,3269581.0
2023-05-10 13:00:00,0.01005,0.01014,0.00998,0.00998,5082743.0
2023-05-10 13:15:00,0.00999,0.00999,0.00989,0.00996,1429308.0
2023-05-10 13:30:00,0.00998,0.01005,0.00997,0.00999,1524905.0
2023-05-10 13:45:00,0.00999,0.01001,0.00992,0.00997,1012734.0
2023-05-10 14:00:00,0.00996,0.01014,0.00996,0.01005,3332647.0
2023-05-10 14:15:00,0.01005,0.0101,0.01,0.01009,2512126.0
2023-05-10 14:30:00,0.0101,0.0101,0.01001,0.01001,616053.0
2023-05-10 14:45:00,0.01001,0.01002,0.00995,0.00998,924047.0
2023-05-10 15:00:00,0.00997,0.00997,0.00993,0.00993,1659143.0
2023-05-10 15:15:00,0.00993,0.00993,0.00988,0.0099,1058530.0
2023-05-10 15:30:00,0.00992,0.01006,0.00992,0.01002,2024157.0
2023-05-10 15:45:00,0.01003,0.01012,0.01003,0.01006,2098551.0
2023-05-10 16:00:00,0.01003,0.01007,0.00999,0.01004,1792559.0
2023-05-10 16:15:00,0.01005,0.0101,0.01004,0.01008,3090548.0
2023-05-10 16:30:00,0.01009,0.0101,0.00998,0.00998,2089124.0
2023-05-10 16:45:00,0.01,0.01002,0.00998,0.01001,2849153.0
2023-05-10 17:00:00,0.01001,0.01003,0.00986,0.00986,3717666.0
2023-05-10 17:15:00,0.00987,0.00987,0.00945,0.00969,15586220.0
2023-05-10 17:30:00,0.00968,0.0098,0.00966,0.00979,1621779.0
2023-05-10 17:45:00,0.00979,0.00989,0.00976,0.00988,1194343.0
2023-05-10 18:00:00,0.00986,0.0099,0.00983,0.00985,1440844.0
2023-05-10 18:15:00,0.00985,0.00998,0.00985,0.00994,964493.0
2023-05-10 18:30:00,0.00995,0.00995,0.00992,0.00994,177622.0
2023-05-10 18:45:00,0.00995,0.00999,0.00992,0.00997,953181.0
2023-05-10 19:00:00,0.00997,0.01011,0.00995,0.01005,1782372.0
2023-05-10 19:15:00,0.01006,0.01017,0.01006,0.01013,1971009.0
2023-05-10 19:30:00,0.01016,0.01018,0.01014,0.01016,463654.0
2023-05-10 19:45:00,0.01017,0.0102,0.01013,0.01019,230534.0
2023-05-10 20:00:00,0.01021,0.01026,0.01021,0.01024,338665.0
2023-05-10 20:15:00,0.01024,0.01037,0.01024,0.01036,3277001.0
2023-05-10 20:30:00,0.01039,0.0104,0.01032,0.01035,2602283.0
2023-05-10 20:45:00,0.01035,0.01037,0.01032,0.01032,1266688.0
2023-05-10 21:00:00,0.01032,0.01035,0.01032,0.01035,337867.0
2023-05-10 21:15:00,0.01034,0.01035,0.01022,0.01026,1842293.0
2023-05-10 21:30:00,0.01028,0.01029,0.0102,0.01026,942698.0
2023-05-10 21:45:00,0.01023,0.01029,0.01023,0.01027,308469.0
2023-05-10 22:00:00,0.01026,0.01031,0.01025,0.0103,368147.0
2023-05-10 22:15:00,0.0103,0.01032,0.01028,0.01032,221247.0
2023-05-10 22:30:00,0.01029,0.01032,0.01028,0.01031,973171.0
2023-05-10 22:45:00,0.01031,0.01038,0.0103,0.01035,1559126.0
2023-05-10 23:00:00,0.01035,0.01038,0.01035,0.01035,582008.0
2023-05-10 23:15:00,0.01035,0.01035,0.01031,0.01032,416916.0
2023-05-10 23:30:00,0.01032,0.01034,0.0103,0.01033,869159.0
2023-05-10 23:45:00,0.01033,0.01034,0.01031,0.01033,1695976.0
2023-05-11 00:00:00,0.01033,0.01033,0.0102,0.01021,484076.0
2023-05-11 00:15:00,0.01021,0.01025,0.01019,0.01019,810937.0
2023-05-11 00:30:00,0.01021,0.01022,0.01012,0.01015,546312.0
2023-05-11 00:45:00,0.01015,0.01015,0.01009,0.01014,719655.0
2023-05-11 01:00:00,0.01013,0.01015,0.01013,0.01015,190547.0
2023-05-11 01:15:00,0.01017,0.01021,0.01017,0.01018,551129.0
2023-05-11 01:30:00,0.01017,0.01018,0.01013,0.01017,590420.0
2023-05-11 01:45:00,0.01017,0.01017,0.01009,0.01009,273317.0
2023-05-11 02:00:00,0.0101,0.01013,0.01009,0.01011,595526.0
2023-05-11 02:15:00,0.01012,0.01013,0.01006,0.01006,986227.0
2023-05-11 02:30:00,0.01006,0.01007,0.01004,0.01004,538530.0
2023-05-11 02:45:00,0.01005,0.01008,0.01004,0.01004,675886.0
2023-05-11 03:00:00,0.01006,0.01007,0.00999,0.01,1435826.0
2023-05-11 03:15:00,0.00999,0.01,0.00995,0.01,683817.0
2023-05-11 03:30:00,0.00999,0.01002,0.00997,0.01001,1053463.0
2023-05-11 03:45:00,0.01002,0.01002,0.00998,0.00999,810684.0
2023-05-11 04:00:00,0.00999,0.01003,0.00998,0.01003,268928.0
2023-05-11 04:15:00,0.01004,0.01004,0.00999,0.00999,300577.0
2023-05-11 04:30:00,0.01,0.01005,0.01,0.01004,874474.0
2023-05-11 04:45:00,0.01006,0.01008,0.01005,0.01008,213305.0
2023-05-11 05:00:00,0.01008,0.01008,0.01006,0.01006,296260.0
2023-05-11 05:15:00,0.01006,0.01006,0.00998,0.01001,907490.0
2023-05-11 05:30:00,0.01002,0.01002,0.00996,0.00996,650209.0
2023-05-11 05:45:00,0.00996,0.01002,0.00995,0.01002,1094821.0
2023-05-11 06:00:00,0.01002,0.01002,0.00996,0.00998,1370310.0
2023-05-11 06:15:00,0.00997,0.00998,0.0099,0.00994,2241437.0
2023-05-11 06:30:00,0.00995,0.00995,0.00991,0.00992,882911.0
2023-05-11 06:45:00,0.00993,0.00997,0.00993,0.00996,667765.0
2023-05-11 07:00:00,0.00996,0.01,0.00993,0.01,718215.0
2023-05-11 07:15:00,0.01,0.01001,0.00997,0.01,533768.0
2023-05-11 07:30:00,0.01002,0.01004,0.01,0.01002,443685.0
2023-05-11 07:45:00,0.01003,0.01004,0.01,0.01001,878191.0
2023-05-11 08:00:00,0.00999,0.00999,0.00983,0.00991,2772669.0
2023-05-11 08:15:00,0.00992,0.00995,0.00989,0.00991,1457940.0
2023-05-11 08:30:00,0.0099,0.00991,0.00985,0.00991,1173859.0
2023-05-11 08:45:00,0.00992,0.00992,0.00987,0.0099,829598.0
2023-05-11 09:00:00,0.00989,0.00992,0.00989,0.00992,636839.0
2023-05-11 09:15:00,0.00993,0.00994,0.00992,0.00992,546781.0
2023-05-11 09:30:00,0.00993,0.00994,0.0099,0.00993,560936.0
2023-05-11 09:45:00,0.00992,0.00997,0.00992,0.00995,583886.0
2023-05-11 10:00:00,0.00994,0.00996,0.00991,0.00996,507049.0
2023-05-11 10:15:00,0.00997,0.01001,0.00997,0.01001,486268.0
2023-05-11 10:30:00,0.01002,0.01009,0.01001,0.01009,552390.0
2023-05-11 10:45:00,0.01008,0.01009,0.01001,0.01003,2079672.0
2023-05-11 11:00:00,0.01002,0.01004,0.00999,0.01002,738657.0
2023-05-11 11:15:00,0.01003,0.01005,0.01001,0.01002,690174.0
2023-05-11 11:30:00,0.01002,0.01009,0.01002,0.01008,1786872.0
2023-05-11 11:45:00,0.01008,0.01018,0.01001,0.01004,3630893.0
2023-05-11 12:00:00,0.01003,0.01005,0.00992,0.01005,1861515.0
2023-05-11 12:15:00,0.01004,0.01012,0.01002,0.01012,1617505.0
2023-05-11 12:30:00,0.01012,0.01014,0.00996,0.00998,3742147.0
2023-05-11 12:45:00,0.00999,0.01019,0.00999,0.01003,6179347.0
2023-05-11 13:00:00,0.01,0.01006,0.00993,0.00996,2655719.0
2023-05-11 13:15:00,0.00997,0.00998,0.00985,0.00985,2674727.0
2023-05-11 13:30:00,0.00986,0.00994,0.00986,0.00994,1222605.0
2023-05-11 13:45:00,0.00994,0.00994,0.00982,0.00986,1086961.0
2023-05-11 14:00:00,0.0099,0.00992,0.00978,0.00991,4674695.0
2023-05-11 14:15:00,0.0099,0.00996,0.0099,0.00994,1227682.0
2023-05-11 14:30:00,0.00992,0.00994,0.00984,0.00985,785818.0
2023-05-11 14:45:00,0.00987,0.00989,0.0098,0.00989,2025483.0
2023-05-11 15:00:00,0.00987,0.00992,0.0098,0.00982,2519213.0
2023-05-11 15:15:00,0.00982,0.0099,0.00978,0.00989,737203.0
2023-05-11 15:30:00,0.00989,0.00993,0.00989,0.00992,658183.0
2023-05-11 15:45:00,0.00992,0.00996,0.00989,0.00991,901858.0
2023-05-11 16:00:00,0.0099,0.00993,0.00986,0.0099,642185.0
2023-05-11 16:15:00,0.00989,0.00992,0.00985,0.00988,486809.0
2023-05-11 16:30:00,0.00987,0.00993,0.00987,0.00992,759816.0
2023-05-11 16:45:00,0.00992,0.00994,0.00985,0.00987,279084.0
2023-05-11 17:00:00,0.00985,0.00988,0.00977,0.00978,852470.0
2023-05-11 17:15:00,0.00979,0.00981,0.00958,0.00966,5464120.0
2023-05-11 17:30:00,0.00965,0.00974,0.00963,0.00967,2491190.0
2023-05-11 17:45:00,0.00968,0.00973,0.00966,0.00971,794790.0
2023-05-11 18:00:00,0.00969,0.00969,0.00963,0.00966,662637.0
2023-05-11 18:15:00,0.00966,0.00967,0.00957,0.00964,1521411.0
2023-05-11 18:30:00,0.00964,0.00971,0.00963,0.00968,1380470.0
2023-05-11 18:45:00,0.00969,0.00974,0.00969,0.00972,917405.0
2023-05-11 19:00:00,0.00971,0.00978,0.0097,0.00977,491029.0
2023-05-11 19:15:00,0.00977,0.00978,0.00972,0.00974,795207.0
2023-05-11 19:30:00,0.00973,0.00974,0.00969,0.0097,453617.0
2023-05-11 19:45:00,0.00968,0.00971,0.00965,0.0097,885305.0
2023-05-11 20:00:00,0.00969,0.00971,0.00967,0.00971,486712.0
2023-05-11 20:15:00,0.00971,0.00973,0.00971,0.00972,303288.0
2023-05-11 20:30:00,0.00973,0.00976,0.00973,0.00976,897348.0
2023-05-11 20:45:00,0.00976,0.00984,0.00976,0.00984,617181.0
2023-05-11 21:00:00,0.00982,0.00984,0.00979,0.00979,3084901.0
2023-05-11 21:15:00,0.0098,0.0098,0.00977,0.00978,566144.0
2023-05-11 21:30:00,0.00979,0.00981,0.00976,0.00976,486329.0
2023-05-11 21:45:00,0.00977,0.00981,0.00977,0.00978,499360.0
2023-05-11 22:00:00,0.00978,0.0098,0.00977,0.0098,231206.0
2023-05-11 22:15:00,0.00979,0.00983,0.00979,0.00983,958362.0
2023-05-11 22:30:00,0.00981,0.00983,0.00974,0.00976,1091308.0
2023-05-11 22:45:00,0.00976,0.00977,0.00973,0.00974,319758.0
2023-05-11 23:00:00,0.00975,0.00976,0.00968,0.0097,524973.0
2023-05-11 23:15:00,0.00971,0.00973,0.0097,0.00971,467191.0
2023-05-11 23:30:00,0.00973,0.0098,0.00973,0.00979,495582.0
2023-05-11 23:45:00,0.00979,0.0098,0.00976,0.00976,180393.0
2023-05-12 00:00:00,0.00975,0.00976,0.00969,0.00969,1169610.0
2023-05-12 00:15:00,0.00969,0.00971,0.00966,0.00966,809747.0
2023-05-12 00:30:00,0.00967,0.00967,0.00961,0.00965,728812.0
2023-05-12 00:45:00,0.00964,0.00967,0.00963,0.00967,1123157.0
2023-05-12 01:00:00,0.00967,0.00967,0.00959,0.00959,521446.0
2023-05-12 01:15:00,0.00959,0.00961,0.00951,0.00952,751954.0
2023-05-12 01:30:00,0.00951,0.00952,0.00949,0.00949,685117.0
2023-05-12 01:45:00,0.00949,0.00949,0.00939,0.0094,1885204.0
2023-05-12 02:00:00,0.00941,0.00944,0.0094,0.00942,2389615.0
2023-05-12 02:15:00,0.00941,0.00941,0.00935,0.00935,1827425.0
2023-05-12 02:30:00,0.00934,0.00934,0.00928,0.00933,1754495.0
2023-05-12 02:45:00,0.00933,0.00933,0.00922,0.00928,2105336.0
2023-05-12 03:00:00,0.00928,0.00932,0.00926,0.00926,793331.0
2023-05-12 03:15:00,0.00929,0.00929,0.00926,0.00928,321334.0
2023-05-12 03:30:00,0.00927,0.00928,0.00925,0.00927,318110.0
2023-05-12 03:45:00,0.00927,0.00927,0.00915,0.00918,3244967.0
2023-05-12 04:00:00,0.00917,0.0092,0.009,0.0092,12448049.0
2023-05-12 04:15:00,0.0092,0.00926,0.00919,0.00925,1277102.0
2023-05-12 04:30:00,0.00924,0.00925,0.00923,0.00925,492867.0
2023-05-12 04:45:00,0.00924,0.00927,0.00924,0.00925,1190516.0
2023-05-12 05:00:00,0.00926,0.00926,0.00924,0.00924,280906.0
2023-05-12 05:15:00,0.00924,0.00924,0.0092,0.00921,488434.0
2023-05-12 05:30:00,0.00922,0.00922,0.00917,0.00917,624608.0
2023-05-12 05:45:00,0.00917,0.00918,0.00905,0.00913,1754564.0
2023-05-12 06:00:00,0.00912,0.00913,0.00906,0.00906,1014612.0
2023-05-12 06:15:00,0.00907,0.00909,0.009,0.00905,1384135.0
2023-05-12 06:30:00,0.00905,0.0091,0.00904,0.0091,723884.0
2023-05-12 06:45:00,0.0091,0.00917,0.00909,0.00914,588848.0
2023-05-12 07:00:00,0.00915,0.0092,0.00912,0.00913,1497617.0
2023-05-12 07:15:00,0.00913,0.00917,0.00913,0.00916,429880.0
2023-05-12 07:30:00,0.00915,0.00916,0.00911,0.00915,2890401.0
2023-05-12 07:45:00,0.00915,0.00918,0.00907,0.00913,4426709.0
2023-05-12 08:00:00,0.00913,0.00916,0.00911,0.00912,1197927.0
2023-05-12 08:15:00,0.00912,0.00912,0.00906,0.00908,1169725.0
2023-05-12 08:30:00,0.00908,0.0091,0.00906,0.0091,609117.0
2023-05-12 08:45:00,0.0091,0.00911,0.00908,0.00908,1696991.0
2023-05-12 09:00:00,0.00907,0.00916,0.00907,0.00916,1837609.0
2023-05-12 09:15:00,0.00916,0.00917,0.00909,0.00909,1454454.0
2023-05-12 09:30:00,0.0091,0.0091,0.00907,0.0091,1338052.0
2023-05-12 09:45:00,0.0091,0.00912,0.00907,0.0091,1208175.0
2023-05-12 10:00:00,0.00909,0.00911,0.00903,0.00906,1370467.0
2023-05-12 10:15:00,0.00906,0.00906,0.00899,0.00904,7427925.0
2023-05-12 10:30:00,0.00905,0.00906,0.00903,0.00904,2617619.0
2023-05-12 10:45:00,0.00904,0.00907,0.00902,0.00903,1803084.0
2023-05-12 11:00:00,0.00903,0.00904,0.00901,0.00904,1837599.0
2023-05-12 11:15:00,0.00903,0.00905,0.00899,0.009,1517387.0
2023-05-12 11:30:00,0.00899,0.00901,0.00897,0.00901,1323082.0
2023-05-12 11:45:00,0.00902,0.00905,0.00901,0.00902,1345165.0
2023-05-12 12:00:00,0.00901,0.00905,0.00897,0.00905,1988291.0
2023-05-12 12:15:00,0.00905,0.00905,0.00899,0.00904,969005.0
2023-05-12 12:30:00,0.00904,0.0091,0.00904,0.0091,1251128.0
2023-05-12 12:45:00,0.0091,0.00911,0.00907,0.00909,622395.0
2023-05-12 13:00:00,0.00908,0.0091,0.00904,0.00905,2491423.0
2023-05-12 13:15:00,0.00905,0.0091,0.00903,0.00908,1971055.0
2023-05-12 13:30:00,0.00908,0.00911,0.00907,0.0091,1001441.0
2023-05-12 13:45:00,0.00911,0.00916,0.0091,0.00912,1051073.0
2023-05-12 14:00:00,0.00912,0.00917,0.00909,0.00915,1085530.0
2023-05-12 14:15:00,0.00915,0.00923,0.00914,0.00914,3880171.0
2023-05-12 14:30:00,0.00915,0.00917,0.00914,0.00916,619616.0
2023-05-12 14:45:00,0.00916,0.00916,0.00907,0.00908,1430122.0
2023-05-12 15:00:00,0.00907,0.00911,0.00906,0.00908,1438162.0
2023-05-12 15:15:00,0.00909,0.00909,0.00905,0.00905,1422359.0
2023-05-12 15:30:00,0.00906,0.00909,0.00905,0.00909,405054.0
2023-05-12 15:45:00,0.00908,0.0091,0.00907,0.00908,304930.0
2023-05-12 16:00:00,0.00907,0.00909,0.00903,0.00907,1242443.0
2023-05-12 16:15:00,0.00908,0.00913,0.00908,0.00912,1823176.0
2023-05-12 16:30:00,0.00911,0.00917,0.0091,0.00911,3141313.0
2023-05-12 16:45:00,0.00912,0.00917,0.00912,0.00915,499217.0
2023-05-12 17:00:00,0.00916,0.00922,0.00914,0.00921,1280669.0
2023-05-12 17:15:00,0.00922,0.00927,0.0092,0.00925,2704338.0
2023-05-12 17:30:00,0.00925,0.0093,0.00923,0.00927,2067904.0
2023-05-12 17:45:00,0.00928,0.00936,0.00928,0.00933,2114354.0
2023-05-12 18:00:00,0.00932,0.00932,0.00928,0.00929,973722.0
2023-05-12 18:15:00,0.0093,0.00937,0.0093,0.00936,810796.0
2023-05-12 18:30:00,0.00936,0.00939,0.00935,0.00938,802483.0
2023-05-12 18:45:00,0.00937,0.0094,0.00934,0.00939,1741844.0
2023-05-12 19:00:00,0.00939,0.00943,0.00936,0.0094,1470997.0
2023-05-12 19:15:00,0.00938,0.00939,0.00915,0.00921,4425518.0
2023-05-12 19:30:00,0.00925,0.0094,0.00925,0.00938,2606960.0
2023-05-12 19:45:00,0.00939,0.00956,0.00938,0.00953,2691586.0
2023-05-12 20:00:00,0.00952,0.00968,0.0095,0.00962,14506705.0
2023-05-12 20:15:00,0.00963,0.00974,0.00962,0.00972,6256988.0
2023-05-12 20:30:00,0.00973,0.00979,0.00972,0.00976,1962152.0
2023-05-12 20:45:00,0.00975,0.00979,0.00972,0.00972,1995314.0
2023-05-12 21:00:00,0.00973,0.00979,0.00972,0.00978,2399753.0
2023-05-12 21:15:00,0.00977,0.00983,0.00976,0.00981,1100336.0
2023-05-12 21:30:00,0.00982,0.00984,0.00976,0.00979,1967228.0
2023-05-12 21:45:00,0.0098,0.00983,0.00978,0.00979,1265395.0
2023-05-12 22:00:00,0.00981,0.00988,0.00981,0.00982,2638701.0
2023-05-12 22:15:00,0.00982,0.00986,0.00981,0.00986,1934375.0
2023-05-12 22:30:00,0.00984,0.00992,0.00984,0.00989,1320453.0
2023-05-12 22:45:00,0.00988,0.00991,0.00987,0.0099,1336541.0
2023-05-12 23:00:00,0.0099,0.00999,0.0099,0.00997,1695587.0
2023-05-12 23:15:00,0.00998,0.01,0.00997,0.00999,1039860.0
2023-05-12 23:30:00,0.00999,0.01003,0.00993,0.00997,2854610.0
2023-05-12 23:45:00,0.00998,0.01007,0.00998,0.01006,1656690.0
2023-05-13 00:00:00,0.01005,0.01005,0.0099,0.00992,2594327.0
2023-05-13 00:15:00,0.00992,0.00993,0.00981,0.00984,2141437.0
2023-05-13 00:30:00,0.00984,0.00985,0.00983,0.00984,608060.0
2023-05-13 00:45:00,0.00981,0.00981,0.00978,0.0098,823650.0
2023-05-13 01:00:00,0.00981,0.00984,0.00975,0.00975,1780361.0
2023-05-13 01:15:00,0.00976,0.00982,0.00975,0.00978,677507.0
2023-05-13 01:30:00,0.00979,0.00986,0.00979,0.00985,930409.0
2023-05-13 01:45:00,0.00984,0.00984,0.00969,0.0097,1696102.0
2023-05-13 02:00:00,0.0097,0.00975,0.0097,0.00972,623178.0
2023-05-13 02:15:00,0.00973,0.0098,0.00971,0.00979,8124227.0
2023-05-13 02:30:00,0.00976,0.00977,0.00975,0.00976,903076.0
2023-05-13 02:45:00,0.00976,0.00976,0.00973,0.00974,639552.0
2023-05-13 03:00:00,0.00973,0.00973,0.00968,0.00973,2062893.0
2023-05-13 03:15:00,0.00973,0.00975,0.00972,0.00975,223190.0
2023-05-13 03:30:00,0.00976,0.00979,0.00976,0.00978,807421.0
2023-05-13 03:45:00,0.00978,0.0098,0.00978,0.00978,221302.0
2023-05-13 04:00:00,0.0098,0.00981,0.00976,0.00976,139319.0
2023-05-13 04:15:00,0.00975,0.00975,0.00973,0.00973,675762.0
2023-05-13 04:30:00,0.00974,0.00976,0.00972,0.00972,165561.0
2023-05-13 04:45:00,0.00971,0.00972,0.00965,0.00967,781256.0
2023-05-13 05:00:00,0.0097,0.00972,0.00969,0.00972,186050.0
2023-05-13 05:15:00,0.00972,0.00976,0.00972,0.00976,109213.0
2023-05-13 05:30:00,0.00972,0.00973,0.00968,0.00972,548066.0
2023-05-13 05:45:00,0.0097,0.00971,0.00968,0.00968,244619.0
2023-05-13 06:00:00,0.00968,0.00972,0.00965,0.0097,1240024.0
2023-05-13 06:15:00,0.00969,0.00971,0.00968,0.0097,292699.0
2023-05-13 06:30:00,0.0097,0.00973,0.00969,0.0097,662623.0
2023-05-13 06:45:00,0.0097,0.00977,0.00968,0.00977,608934.0
2023-05-13 07:00:00,0.00974,0.00976,0.00971,0.00974,712855.0
2023-05-13 07:15:00,0.00974,0.00979,0.00973,0.00973,349719.0
2023-05-13 07:30:00,0.00974,0.00978,0.00973,0.00975,199060.0
2023-05-13 07:45:00,0.00975,0.00977,0.00973,0.00974,352716.0
2023-05-13 08:00:00,0.00973,0.00979,0.00973,0.00977,2290285.0
2023-05-13 08:15:00,0.00976,0.00976,0.00972,0.00973,257648.0
2023-05-13 08:30:00,0.00974,0.00974,0.00969,0.00971,2229745.0
2023-05-13 08:45:00,0.00972,0.00973,0.0097,0.00972,236761.0
2023-05-13 09:00:00,0.00971,0.00973,0.0097,0.00972,315401.0
2023-05-13 09:15:00,0.0097,0.00972,0.0097,0.00972,330637.0
2023-05-13 09:30:00,0.00971,0.00975,0.00971,0.00974,224193.0
2023-05-13 09:45:00,0.00974,0.00977,0.00973,0.00976,460152.0
2023-05-13 10:00:00,0.00976,0.00981,0.00972,0.00976,1962742.0
2023-05-13 10:15:00,0.00977,0.00985,0.00975,0.00975,4226965.0
2023-05-13 10:30:00,0.00975,0.00977,0.00973,0.00973,715020.0
2023-05-13 10:45:00,0.00973,0.00976,0.0097,0.00973,1684677.0
2023-05-13 11:00:00,0.00973,0.00974,0.00971,0.00973,481169.0
2023-05-13 11:15:00,0.00974,0.00977,0.00971,0.00972,1353288.0
2023-05-13 11:30:00,0.00973,0.00976,0.00973,0.00975,260828.0
2023-05-13 11:45:00,0.00975,0.00979,0.00974,0.00978,245046.0
2023-05-13 12:00:00,0.00978,0.00978,0.00967,0.0097,895424.0
2023-05-13 12:15:00,0.00971,0.00975,0.00969,0.00972,1413035.0
2023-05-13 12:30:00,0.00972,0.00976,0.00968,0.00972,627410.0
2023-05-13 12:45:00,0.00971,0.00973,0.00966,0.00969,1081438.0
2023-05-13 13:00:00,0.00969,0.00973,0.00967,0.00973,516801.0
2023-05-13 13:15:00,0.00972,0.00972,0.00966,0.00967,549675.0
2023-05-13 13:30:00,0.00966,0.00968,0.00961,0.00963,1523176.0
2023-05-13 13:45:00,0.00962,0.00965,0.00958,0.00964,1379493.0
2023-05-13 14:00:00,0.00964,0.00965,0.00961,0.00962,415585.0
2023-05-13 14:15:00,0.00962,0.00962,0.00957,0.00958,529121.0
2023-05-13 14:30:00,0.00958,0.00962,0.00958,0.0096,679415.0
2023-05-13 14:45:00,0.0096,0.00962,0.00959,0.0096,453674.0
2023-05-13 15:00:00,0.0096,0.0096,0.00957,0.0096,257647.0
2023-05-13 15:15:00,0.00959,0.00962,0.00959,0.00961,250990.0
2023-05-13 15:30:00,0.00962,0.00972,0.00962,0.0097,1201605.0
2023-05-13 15:45:00,0.0097,0.00975,0.00968,0.00972,1885630.0
2023-05-13 16:00:00,0.00971,0.00971,0.0096,0.00961,1444912.0
2023-05-13 16:15:00,0.00962,0.00963,0.00957,0.00961,681299.0
2023-05-13 16:30:00,0.00961,0.00963,0.0096,0.00963,444462.0
2023-05-13 16:45:00,0.00963,0.00965,0.00963,0.00965,376213.0
2023-05-13 17:00:00,0.00964,0.00964,0.00959,0.00961,310437.0
2023-05-13 17:15:00,0.00962,0.00964,0.00962,0.00963,603887.0
2023-05-13 17:30:00,0.00961,0.00961,0.00958,0.00961,443285.0
2023-05-13 17:45:00,0.0096,0.0096,0.00958,0.00959,254085.0
2023-05-13 18:00:00,0.00958,0.00958,0.00955,0.00957,627873.0
2023-05-13 18:15:00,0.00958,0.00959,0.00957,0.00959,64962.0
2023-05-13 18:30:00,0.00959,0.00962,0.00959,0.0096,1063361.0
2023-05-13 18:45:00,0.00959,0.00964,0.00955,0.00956,1405438.0
2023-05-13 19:00:00,0.00955,0.0096,0.00955,0.00959,611864.0
2023-05-13 19:15:00,0.0096,0.00963,0.0096,0.00962,150322.0
2023-05-13 19:30:00,0.00961,0.00961,0.00957,0.00957,774106.0
2023-05-13 19:45:00,0.00956,0.00958,0.00956,0.00958,368069.0
2023-05-13 20:00:00,0.00958,0.00961,0.00958,0.00961,940069.0
2023-05-13 20:15:00,0.00961,0.00961,0.00959,0.00961,1088673.0
2023-05-13 20:30:00,0.0096,0.00961,0.00959,0.00961,194136.0
2023-05-13 20:45:00,0.0096,0.00963,0.00959,0.00963,355405.0
2023-05-13 21:00:00,0.00963,0.00966,0.00962,0.00963,598359.0
2023-05-13 21:15:00,0.00962,0.00962,0.0096,0.00962,384749.0
2023-05-13 21:30:00,0.00961,0.00964,0.00961,0.00962,348254.0
2023-05-13 21:45:00,0.00961,0.00963,0.0096,0.0096,116931.0
2023-05-13 22:00:00,0.0096,0.00962,0.00958,0.0096,229905.0
2023-05-13 22:15:00,0.00959,0.0096,0.00959,0.00959,28848.0
2023-05-13 22:30:00,0.00958,0.00959,0.00957,0.00959,379337.0
2023-05-13 22:45:00,0.00959,0.00962,0.00959,0.00962,134392.0
2023-05-13 23:00:00,0.00962,0.00964,0.00962,0.00964,137555.0
2023-05-13 23:15:00,0.00963,0.00964,0.00963,0.00964,417623.0
2023-05-13 23:30:00,0.00964,0.00964,0.00959,0.0096,93127.0
2023-05-13 23:45:00,0.00958,0.00959,0.00955,0.00957,769463.0
2023-05-14 00:00:00,0.00956,0.00958,0.0095,0.00953,1248140.0
2023-05-14 00:15:00,0.00952,0.00952,0.00948,0.00951,530098.0
2023-05-14 00:30:00,0.0095,0.00951,0.00944,0.00946,1772806.0
2023-05-14 00:45:00,0.00945,0.00948,0.00944,0.00948,505991.0
2023-05-14 01:00:00,0.00949,0.00949,0.00943,0.00944,182655.0
2023-05-14 01:15:00,0.00943,0.00943,0.00941,0.00943,1007627.0
2023-05-14 01:30:00,0.00943,0.00943,0.00938,0.00939,351371.0
2023-05-14 01:45:00,0.00939,0.00941,0.00937,0.00941,88233.0
2023-05-14 02:00:00,0.00939,0.00941,0.00939,0.00939,277217.0
2023-05-14 02:15:00,0.00941,0.00944,0.00941,0.00944,181474.0
2023-05-14 02:30:00,0.00945,0.00945,0.00941,0.00944,398166.0
2023-05-14 02:45:00,0.00943,0.00946,0.00943,0.00946,226738.0
2023-05-14 03:00:00,0.00946,0.00948,0.00946,0.00947,327538.0
2023-05-14 03:15:00,0.00947,0.00951,0.00947,0.0095,361861.0
2023-05-14 03:30:00,0.0095,0.00951,0.0095,0.0095,89737.0
2023-05-14 03:45:00,0.00951,0.00954,0.00951,0.00953,157277.0
2023-05-14 04:00:00,0.00953,0.00953,0.0095,0.00951,367463.0
2023-05-14 04:15:00,0.00951,0.00953,0.00951,0.00952,507214.0
2023-05-14 04:30:00,0.00952,0.00956,0.00952,0.00956,234112.0
2023-05-14 04:45:00,0.00955,0.00958,0.00955,0.00957,431827.0
2023-05-14 05:00:00,0.00957,0.00959,0.00957,0.00959,338870.0
2023-05-14 05:15:00,0.00959,0.00963,0.00956,0.00956,2420691.0
2023-05-14 05:30:00,0.00957,0.00957,0.00954,0.00954,146795.0
2023-05-14 05:45:00,0.00955,0.00956,0.00955,0.00955,81346.0
2023-05-14 06:00:00,0.00955,0.00956,0.00954,0.00955,371708.0
2023-05-14 06:15:00,0.00955,0.00956,0.00954,0.00956,493863.0
2023-05-14 06:30:00,0.00956,0.00956,0.00955,0.00956,649596.0
2023-05-14 06:45:00,0.00956,0.00956,0.00952,0.00952,206340.0
2023-05-14 07:00:00,0.00953,0.00955,0.00953,0.00955,460293.0
2023-05-14 07:15:00,0.00954,0.00954,0.00952,0.00953,100314.0
2023-05-14 07:30:00,0.00952,0.00953,0.00952,0.00952,156232.0
2023-05-14 07:45:00,0.00951,0.00952,0.0095,0.00951,132736.0
2023-05-14 08:00:00,0.00951,0.00951,0.00946,0.00946,1535218.0
2023-05-14 08:15:00,0.00947,0.00949,0.00947,0.00949,364448.0
2023-05-14 08:30:00,0.00948,0.00949,0.00947,0.00949,23686.0
2023-05-14 08:45:00,0.00948,0.00948,0.00946,0.00946,48119.0
2023-05-14 09:00:00,0.00947,0.00951,0.00946,0.00949,314882.0
2023-05-14 09:15:00,0.00948,0.00948,0.00946,0.00946,110031.0
2023-05-14 09:30:00,0.00946,0.00949,0.00946,0.00948,285374.0
2023-05-14 09:45:00,0.00948,0.00949,0.00948,0.00949,50874.0
2023-05-14 10:00:00,0.00948,0.00948,0.00946,0.00946,4179.0
2023-05-14 10:15:00,0.00946,0.00947,0.00945,0.00946,10246.0
2023-05-14 10:30:00,0.00947,0.00948,0.00947,0.00948,26750.0
2023-05-14 10:45:00,0.00948,0.00949,0.00948,0.00948,142782.0
2023-05-14 11:00:00,0.00948,0.0095,0.00947,0.0095,126483.0
2023-05-14 11:15:00,0.00949,0.00949,0.00948,0.00948,39683.0
2023-05-14 11:30:00,0.00949,0.00951,0.00946,0.00946,413144.0
2023-05-14 11:45:00,0.00947,0.00949,0.00946,0.00947,155784.0
2023-05-14 12:00:00,0.00948,0.00948,0.00944,0.00946,2231484.0
2023-05-14 12:15:00,0.00945,0.00945,0.00942,0.00942,594784.0
2023-05-14 12:30:00,0.00942,0.00947,0.00942,0.00947,552620.0
2023-05-14 12:45:00,0.00948,0.00951,0.00947,0.00951,127437.0
2023-05-14 13:00:00,0.00951,0.00953,0.00949,0.00951,174587.0
2023-05-14 13:15:00,0.00951,0.00954,0.00949,0.00953,577794.0
2023-05-14 13:30:00,0.00952,0.00955,0.00952,0.00955,260531.0
2023-05-14 13:45:00,0.00955,0.00963,0.00955,0.00963,613024.0
2023-05-14 14:00:00,0.00963,0.00968,0.00962,0.00967,534697.0
2023-05-14 14:15:00,0.00967,0.0097,0.00964,0.00969,984670.0
2023-05-14 14:30:00,0.00968,0.00972,0.00965,0.00972,3473171.0
2023-05-14 14:45:00,0.00971,0.00976,0.0097,0.00975,1100731.0
2023-05-14 15:00:00,0.00975,0.00977,0.00967,0.00968,4199531.0
2023-05-14 15:15:00,0.00969,0.00975,0.00968,0.00968,5856359.0
2023-05-14 15:30:00,0.0097,0.00971,0.00968,0.00971,602991.0
2023-05-14 15:45:00,0.00971,0.00985,0.00971,0.00981,2012517.0
2023-05-14 16:00:00,0.0098,0.0098,0.00971,0.00971,510873.0
2023-05-14 16:15:00,0.00971,0.00971,0.00968,0.00969,293942.0
2023-05-14 16:30:00,0.0097,0.00971,0.00967,0.00969,194072.0
2023-05-14 16:45:00,0.0097,0.0097,0.00965,0.00965,486395.0
2023-05-14 17:00:00,0.00964,0.00967,0.00962,0.00964,755239.0
2023-05-14 17:15:00,0.00964,0.00968,0.00964,0.00968,430438.0
2023-05-14 17:30:00,0.00968,0.00968,0.00965,0.00965,246786.0
2023-05-14 17:45:00,0.00964,0.00964,0.00963,0.00963,200469.0
2023-05-14 18:00:00,0.00965,0.00965,0.00962,0.00964,661896.0
2023-05-14 18:15:00,0.00962,0.00962,0.00955,0.00962,575226.0
2023-05-14 18:30:00,0.00961,0.00963,0.0096,0.00962,67467.0
2023-05-14 18:45:00,0.00964,0.00964,0.0096,0.00963,292445.0
2023-05-14 19:00:00,0.00962,0.00962,0.00958,0.0096,360442.0
2023-05-14 19:15:00,0.00959,0.00961,0.00955,0.00957,525168.0
2023-05-14 19:30:00,0.00956,0.00958,0.00954,0.00954,193738.0
2023-05-14 19:45:00,0.00956,0.00959,0.00956,0.00959,102789.0
2023-05-14 20:00:00,0.00957,0.00957,0.00954,0.00957,1131069.0
2023-05-14 20:15:00,0.00957,0.00957,0.00956,0.00957,45123.0
2023-05-14 20:30:00,0.00957,0.00963,0.00957,0.00962,231627.0
2023-05-14 20:45:00,0.0096,0.00962,0.00957,0.00961,347942.0
2023-05-14 21:00:00,0.00961,0.00965,0.00961,0.00962,612854.0
2023-05-14 21:15:00,0.00961,0.00966,0.00961,0.00966,101690.0
2023-05-14 21:30:00,0.00966,0.00967,0.00964,0.00965,104573.0
2023-05-14 21:45:00,0.00966,0.0097,0.00965,0.0097,1621264.0
2023-05-14 22:00:00,0.00969,0.00971,0.00966,0.00969,731983.0
2023-05-14 22:15:00,0.0097,0.00975,0.0097,0.00974,196502.0
2023-05-14 22:30:00,0.00974,0.00975,0.00972,0.00975,213243.0
2023-05-14 22:45:00,0.00976,0.00979,0.00974,0.00976,252228.0
2023-05-14 23:00:00,0.00978,0.00979,0.00972,0.00972,161249.0
2023-05-14 23:15:00,0.00973,0.00977,0.00973,0.00977,303871.0
2023-05-14 23:30:00,0.00978,0.00979,0.00978,0.00979,611584.0
2023-05-14 23:45:00,0.00976,0.00977,0.00976,0.00976,91247.0
2023-05-15 00:00:00,0.00976,0.00982,0.00976,0.00978,280789.0
2023-05-15 00:15:00,0.00978,0.00978,0.0097,0.00972,1148773.0
2023-05-15 00:30:00,0.00971,0.00973,0.00964,0.00967,1297829.0
2023-05-15 00:45:00,0.00966,0.00969,0.00963,0.00966,646489.0
2023-05-15 01:00:00,0.00966,0.0097,0.00963,0.0097,357106.0
2023-05-15 01:15:00,0.00972,0.00983,0.00972,0.00982,3117974.0
2023-05-15 01:30:00,0.00984,0.00993,0.00981,0.00992,1661126.0
2023-05-15 01:45:00,0.00992,0.00997,0.00988,0.00988,1717329.0
2023-05-15 02:00:00,0.0099,0.00992,0.00987,0.00989,462707.0
2023-05-15 02:15:00,0.00987,0.0099,0.00987,0.00988,42061.0
2023-05-15 02:30:00,0.00989,0.00992,0.00987,0.00989,153378.0
2023-05-15 02:45:00,0.00989,0.0099,0.00985,0.00985,919594.0
2023-05-15 03:00:00,0.00985,0.0099,0.00985,0.0099,211253.0
2023-05-15 03:15:00,0.00989,0.00993,0.00988,0.00992,387789.0
2023-05-15 03:30:00,0.00993,0.00995,0.00989,0.00992,443962.0
2023-05-15 03:45:00,0.00993,0.00994,0.00992,0.00992,39031.0
2023-05-15 04:00:00,0.00992,0.00993,0.00988,0.00988,107842.0
2023-05-15 04:15:00,0.00988,0.00989,0.00987,0.00989,20367.0
2023-05-15 04:30:00,0.00989,0.00991,0.00989,0.0099,33220.0
2023-05-15 04:45:00,0.00989,0.0099,0.00989,0.0099,9982.0
2023-05-15 05:00:00,0.0099,0.00994,0.00988,0.00988,624637.0
2023-05-15 05:15:00,0.00989,0.00989,0.00987,0.00988,135516.0
2023-05-15 05:30:00,0.00988,0.00989,0.00986,0.00988,239694.0
2023-05-15 05:45:00,0.00988,0.00988,0.00985,0.00986,102115.0
2023-05-15 06:00:00,0.00986,0.00989,0.00985,0.00985,333130.0
2023-05-15 06:15:00,0.00987,0.00991,0.00985,0.00989,627697.0
2023-05-15 06:30:00,0.00989,0.0099,0.00988,0.0099,206383.0
2023-05-15 06:45:00,0.00988,0.00993,0.00988,0.00991,631444.0
2023-05-15 07:00:00,0.00992,0.00994,0.00992,0.00993,44335.0
2023-05-15 07:15:00,0.00993,0.00993,0.00991,0.00991,99482.0
2023-05-15 07:30:00,0.00992,0.00993,0.00992,0.00993,298371.0
2023-05-15 07:45:00,0.00991,0.00993,0.0099,0.00993,113888.0
2023-05-15 08:00:00,0.00992,0.00994,0.00992,0.00992,396354.0
2023-05-15 08:15:00,0.00992,0.00995,0.00992,0.00995,60516.0
2023-05-15 08:30:00,0.00994,0.00999,0.00994,0.00996,653549.0
2023-05-15 08:45:00,0.00997,0.00998,0.00996,0.00997,95632.0
2023-05-15 09:00:00,0.00998,0.00998,0.00995,0.00995,195367.0
2023-05-15 09:15:00,0.00995,0.00995,0.00991,0.00991,137233.0
2023-05-15 09:30:00,0.00992,0.00993,0.00991,0.00991,561935.0
2023-05-15 09:45:00,0.00991,0.00993,0.00987,0.00988,831621.0
2023-05-15 10:00:00,0.00991,0.00993,0.0099,0.0099,198577.0
2023-05-15 10:15:00,0.0099,0.0099,0.00988,0.00989,213089.0
2023-05-15 10:30:00,0.00989,0.00989,0.00986,0.00986,542581.0
2023-05-15 10:45:00,0.00988,0.00988,0.00986,0.00986,257133.0
2023-05-15 11:00:00,0.00986,0.00987,0.00984,0.00986,523342.0
2023-05-15 11:15:00,0.00985,0.00985,0.00983,0.00983,432171.0
2023-05-15 11:30:00,0.00983,0.00984,0.00981,0.00981,134716.0
2023-05-15 11:45:00,0.00981,0.00982,0.00979,0.00979,329724.0
2023-05-15 12:00:00,0.0098,0.00981,0.00979,0.00979,417726.0
2023-05-15 12:15:00,0.0098,0.0098,0.00979,0.00979,25424.0
2023-05-15 12:30:00,0.00978,0.00979,0.00977,0.00979,67608.0
2023-05-15 12:45:00,0.0098,0.00981,0.00979,0.00981,12994.0
2023-05-15 13:00:00,0.00981,0.00981,0.0098,0.0098,121030.0
2023-05-15 13:15:00,0.00979,0.00979,0.00979,0.00979,13288.0
2023-05-15 13:30:00,0.00979,0.0098,0.00978,0.0098,349323.0
2023-05-15 13:45:00,0.00978,0.00978,0.00975,0.00975,377991.0
2023-05-15 14:00:00,0.00976,0.00976,0.00972,0.00972,185043.0
2023-05-15 14:15:00,0.00971,0.00975,0.00965,0.00973,1274891.0
2023-05-15 14:30:00,0.00974,0.00975,0.00974,0.00974,79045.0
2023-05-15 14:45:00,0.00973,0.00979,0.00973,0.00976,268450.0
2023-05-15 15:00:00,0.00976,0.00977,0.00974,0.00977,183766.0
2023-05-15 15:15:00,0.00976,0.00978,0.00976,0.00978,15695.0
2023-05-15 15:30:00,0.00979,0.00979,0.00976,0.00976,232244.0
2023-05-15 15:45:00,0.00976,0.00976,0.00975,0.00975,87919.0
2023-05-15 16:00:00,0.00976,0.00978,0.00975,0.00976,484389.0
2023-05-15 16:15:00,0.00978,0.00978,0.00975,0.00976,104680.0
2023-05-15 16:30:00,0.00975,0.00975,0.00967,0.00969,1739206.0
2023-05-15 16:45:00,0.0097,0.00973,0.0097,0.00973,195560.0
2023-05-15 17:00:00,0.00972,0.00978,0.00972,0.00978,321244.0
2023-05-15 17:15:00,0.00979,0.00979,0.00974,0.00974,233874.0
2023-05-15 17:30:00,0.00975,0.00976,0.00973,0.00973,280943.0
2023-05-15 17:45:00,0.00972,0.00975,0.00969,0.00975,605515.0
2023-05-15 18:00:00,0.00974,0.00976,0.00973,0.00976,528221.0
2023-05-15 18:15:00,0.00973,0.00973,0.00971,0.00972,173802.0
2023-05-15 18:30:00,0.00972,0.00972,0.0097,0.0097,115193.0
2023-05-15 18:45:00,0.00971,0.00971,0.00969,0.00969,863372.0
2023-05-15 19:00:00,0.00969,0.00973,0.00969,0.00973,952835.0
2023-05-15 19:15:00,0.00971,0.00972,0.00968,0.0097,951875.0
2023-05-15 19:30:00,0.00971,0.00972,0.00968,0.00968,270866.0
2023-05-15 19:45:00,0.00969,0.0097,0.00968,0.0097,186947.0
2023-05-15 20:00:00,0.0097,0.00972,0.0097,0.00972,96600.0
2023-05-15 20:15:00,0.00971,0.00971,0.00969,0.00971,274974.0
2023-05-15 20:30:00,0.0097,0.0097,0.00969,0.00969,78430.0
2023-05-15 20:45:00,0.00971,0.00971,0.00971,0.00971,32834.0
2023-05-15 21:00:00,0.0097,0.00971,0.0097,0.00971,9736.0
2023-05-15 21:15:00,0.00972,0.00972,0.00972,0.00972,148379.0
2023-05-15 21:30:00,0.00973,0.00975,0.00972,0.00974,223647.0
2023-05-15 21:45:00,0.00974,0.00976,0.00974,0.00976,181026.0
2023-05-15 22:00:00,0.00974,0.00976,0.00974,0.00975,260385.0
2023-05-15 22:15:00,0.00976,0.00978,0.00976,0.00978,153976.0
2023-05-15 22:30:00,0.00978,0.0098,0.00977,0.00977,242245.0
2023-05-15 22:45:00,0.00977,0.00981,0.00975,0.00981,776021.0
2023-05-15 23:00:00,0.0098,0.00982,0.0098,0.00982,145545.0
2023-05-15 23:15:00,0.00982,0.00982,0.00978,0.00978,65220.0
2023-05-15 23:30:00,0.00978,0.00978,0.00978,0.00978,27983.0
2023-05-15 23:45:00,0.00975,0.00981,0.00973,0.00976,1701625.0
2023-05-16 00:00:00,0.00975,0.00978,0.00975,0.00977,93879.0
2023-05-16 00:15:00,0.00978,0.0098,0.00978,0.0098,36940.0
2023-05-16 00:30:00,0.00979,0.0098,0.00974,0.00974,1164357.0
2023-05-16 00:45:00,0.00977,0.00978,0.00972,0.00977,652585.0
2023-05-16 01:00:00,0.00976,0.00977,0.00974,0.00974,257611.0
2023-05-16 01:15:00,0.00971,0.00971,0.00963,0.00963,710542.0
2023-05-16 01:30:00,0.00961,0.00962,0.00959,0.00962,960043.0
2023-05-16 01:45:00,0.00962,0.00966,0.00962,0.00966,209470.0
2023-05-16 02:00:00,0.00965,0.00967,0.00963,0.00966,450658.0
2023-05-16 02:15:00,0.00967,0.00967,0.00966,0.00966,78072.0
2023-05-16 02:30:00,0.00966,0.00966,0.00961,0.00961,428762.0
2023-05-16 02:45:00,0.00962,0.00963,0.0096,0.00962,534358.0
2023-05-16 03:00:00,0.00963,0.00965,0.00963,0.00965,144638.0
2023-05-16 03:15:00,0.00964,0.00964,0.00962,0.00962,166892.0
2023-05-16 03:30:00,0.00962,0.00962,0.00959,0.00961,116379.0
2023-05-16 03:45:00,0.00961,0.00963,0.00961,0.00963,112034.0
2023-05-16 04:00:00,0.00964,0.00966,0.00953,0.00955,1932332.0
2023-05-16 04:15:00,0.00954,0.00959,0.00953,0.00959,1132912.0
2023-05-16 04:30:00,0.00959,0.0096,0.00956,0.00957,285079.0
2023-05-16 04:45:00,0.00957,0.00957,0.00957,0.00957,0.0
2023-05-16 05:00:00,0.00958,0.0096,0.00958,0.0096,98040.0
2023-05-16 05:15:00,0.0096,0.0096,0.00957,0.00957,213530.0
2023-05-16 05:30:00,0.00958,0.00958,0.00954,0.00956,486914.0
2023-05-16 05:45:00,0.00956,0.00956,0.00953,0.00955,563893.0
2023-05-16 06:00:00,0.00955,0.00955,0.00949,0.0095,745980.0
2023-05-16 06:15:00,0.00951,0.00951,0.00948,0.00951,371398.0
2023-05-16 06:30:00,0.00952,0.00952,0.0095,0.0095,26780.0
2023-05-16 06:45:00,0.00949,0.00951,0.00946,0.0095,858331.0
2023-05-16 07:00:00,0.0095,0.00953,0.00948,0.00953,3202737.0
2023-05-16 07:15:00,0.00953,0.00957,0.00952,0.00957,1160686.0
2023-05-16 07:30:00,0.00957,0.0096,0.00957,0.0096,1990493.0
2023-05-16 07:45:00,0.00959,0.00962,0.00958,0.00962,1293201.0
2023-05-16 08:00:00,0.00963,0.00968,0.00962,0.00968,2937582.0
2023-05-16 08:15:00,0.00968,0.00972,0.00968,0.00968,703706.0
2023-05-16 08:30:00,0.00967,0.00967,0.00964,0.00966,540648.0
2023-05-16 08:45:00,0.00966,0.00966,0.00964,0.00965,749225.0
2023-05-16 09:00:00,0.00965,0.00967,0.00964,0.00966,438122.0
2023-05-16 09:15:00,0.00967,0.00969,0.00967,0.00969,1008767.0
2023-05-16 09:30:00,0.00967,0.00969,0.00966,0.00968,654396.0
2023-05-16 09:45:00,0.00969,0.0097,0.00968,0.0097,666916.0
2023-05-16 10:00:00,0.00968,0.00972,0.00968,0.00969,405041.0
2023-05-16 10:15:00,0.00969,0.00971,0.00966,0.00971,3055700.0
2023-05-16 10:30:00,0.00971,0.00977,0.00969,0.00973,6459310.0
2023-05-16 10:45:00,0.00972,0.00972,0.00968,0.00968,478376.0
2023-05-16 11:00:00,0.00968,0.00975,0.00967,0.00975,392497.0
2023-05-16 11:15:00,0.00974,0.00976,0.00969,0.00969,1715663.0
2023-05-16 11:30:00,0.0097,0.00973,0.00969,0.00969,294404.0
2023-05-16 11:45:00,0.0097,0.00971,0.00969,0.00971,1219004.0
2023-05-16 12:00:00,0.00972,0.00975,0.00967,0.00972,569715.0
2023-05-16 12:15:00,0.00972,0.00975,0.00968,0.00968,392959.0
2023-05-16 12:30:00,0.0097,0.00973,0.00965,0.00971,1284877.0
2023-05-16 12:45:00,0.00972,0.00972,0.0097,0.0097,201709.0
2023-05-16 13:00:00,0.0097,0.00974,0.0097,0.00971,694920.0
2023-05-16 13:15:00,0.00971,0.00975,0.00971,0.00973,917810.0
2023-05-16 13:30:00,0.00974,0.00975,0.00967,0.0097,1807133.0
2023-05-16 13:45:00,0.0097,0.00971,0.00963,0.00964,1265105.0
2023-05-16 14:00:00,0.00963,0.00967,0.0096,0.00963,2555097.0
2023-05-16 14:15:00,0.00965,0.00965,0.00961,0.00962,230990.0
2023-05-16 14:30:00,0.00963,0.00964,0.00961,0.00963,5341593.0
2023-05-16 14:45:00,0.00963,0.00965,0.00963,0.00965,438673.0
2023-05-16 15:00:00,0.00965,0.00967,0.00963,0.00964,1123945.0
2023-05-16 15:15:00,0.00965,0.00967,0.00963,0.00965,617810.0
2023-05-16 15:30:00,0.00966,0.00967,0.00964,0.00965,545711.0
2023-05-16 15:45:00,0.00965,0.00967,0.00965,0.00966,100859.0
2023-05-16 16:00:00,0.00967,0.0097,0.00966,0.00966,593675.0
2023-05-16 16:15:00,0.00966,0.00966,0.00962,0.00962,242671.0
2023-05-16 16:30:00,0.00962,0.00966,0.00962,0.00966,567153.0
2023-05-16 16:45:00,0.00966,0.00969,0.00963,0.00967,447078.0
2023-05-16 17:00:00,0.00967,0.00968,0.00962,0.00963,217438.0
2023-05-16 17:15:00,0.00963,0.00963,0.00961,0.00961,1412096.0
2023-05-16 17:30:00,0.00961,0.00965,0.0096,0.00965,1346880.0
2023-05-16 17:45:00,0.00965,0.00967,0.00964,0.00967,109228.0
2023-05-16 18:00:00,0.00966,0.00967,0.00965,0.00966,61792.0
2023-05-16 18:15:00,0.00965,0.00965,0.00963,0.00964,198729.0
2023-05-16 18:30:00,0.00964,0.00965,0.00963,0.00963,613178.0
2023-05-16 18:45:00,0.00964,0.00965,0.00964,0.00964,133935.0
2023-05-16 19:00:00,0.00964,0.00964,0.00963,0.00963,122602.0
2023-05-16 19:15:00,0.00963,0.00964,0.00961,0.00961,491923.0
2023-05-16 19:30:00,0.00962,0.00962,0.00959,0.0096,413058.0
2023-05-16 19:45:00,0.00959,0.00959,0.00955,0.00957,654628.0
2023-05-16 20:00:00,0.00956,0.00957,0.00954,0.00956,297657.0
2023-05-16 20:15:00,0.00957,0.00959,0.00957,0.00959,1231999.0
2023-05-16 20:30:00,0.00959,0.00961,0.00958,0.00959,295035.0
2023-05-16 20:45:00,0.0096,0.0096,0.00958,0.00958,276986.0
2023-05-16 21:00:00,0.0096,0.00962,0.00959,0.00962,552784.0
2023-05-16 21:15:00,0.00962,0.00966,0.00961,0.00965,748211.0
2023-05-16 21:30:00,0.00966,0.00967,0.00964,0.00966,878074.0
2023-05-16 21:45:00,0.00966,0.00968,0.00965,0.00966,1068636.0
2023-05-16 22:00:00,0.00968,0.00968,0.00967,0.00967,126699.0
2023-05-16 22:15:00,0.00969,0.00972,0.00967,0.00971,1595933.0
2023-05-16 22:30:00,0.00971,0.00972,0.0097,0.0097,849742.0
2023-05-16 22:45:00,0.00971,0.00972,0.00971,0.00972,120709.0
2023-05-16 23:00:00,0.00971,0.00971,0.00968,0.0097,92757.0
2023-05-16 23:15:00,0.00971,0.00972,0.0097,0.0097,557641.0
2023-05-16 23:30:00,0.00972,0.00972,0.00971,0.00971,79017.0
2023-05-16 23:45:00,0.00971,0.00972,0.0097,0.00971,108861.0
2023-05-17 00:00:00,0.00972,0.00975,0.0097,0.00971,201336.0
2023-05-17 00:15:00,0.00971,0.00971,0.00967,0.00967,912765.0
2023-05-17 00:30:00,0.00966,0.00971,0.00966,0.00969,245172.0
2023-05-17 00:45:00,0.00969,0.00975,0.00969,0.00974,556270.0
2023-05-17 01:00:00,0.00974,0.00978,0.00974,0.00978,559088.0
2023-05-17 01:15:00,0.00977,0.0098,0.00976,0.0098,208794.0
2023-05-17 01:30:00,0.00981,0.00989,0.00981,0.00985,1512734.0
2023-05-17 01:45:00,0.00985,0.00985,0.00983,0.00983,209135.0
2023-05-17 02:00:00,0.00984,0.00986,0.00983,0.00985,312021.0
2023-05-17 02:15:00,0.00985,0.00986,0.00984,0.00985,71420.0
2023-05-17 02:30:00,0.00982,0.00985,0.00982,0.00983,204801.0
2023-05-17 02:45:00,0.00983,0.00986,0.0098,0.0098,2144850.0
2023-05-17 03:00:00,0.00981,0.00983,0.0098,0.00981,188200.0
2023-05-17 03:15:00,0.00982,0.00984,0.00981,0.00981,178379.0
2023-05-17 03:30:00,0.00981,0.00982,0.0098,0.0098,1164431.0
2023-05-17 03:45:00,0.0098,0.0098,0.00978,0.00978,240372.0
2023-05-17 04:00:00,0.0098,0.00985,0.00979,0.00981,648847.0
2023-05-17 04:15:00,0.0098,0.00981,0.00979,0.00981,356189.0
2023-05-17 04:30:00,0.00981,0.00985,0.00981,0.00981,204655.0
2023-05-17 04:45:00,0.00982,0.00982,0.00979,0.00979,98921.0
2023-05-17 05:00:00,0.00978,0.00978,0.00977,0.00977,96171.0
2023-05-17 05:15:00,0.00975,0.00976,0.00974,0.00976,803188.0
2023-05-17 05:30:00,0.00975,0.00975,0.0097,0.0097,356117.0
2023-05-17 05:45:00,0.00971,0.00971,0.00969,0.00969,68945.0
2023-05-17 06:00:00,0.00969,0.00969,0.00966,0.00967,535579.0
2023-05-17 06:15:00,0.00966,0.00969,0.00966,0.00967,152492.0
2023-05-17 06:30:00,0.00968,0.0097,0.00968,0.00968,369123.0
2023-05-17 06:45:00,0.00967,0.00968,0.00965,0.00966,890981.0
2023-05-17 07:00:00,0.00965,0.00971,0.00964,0.00968,4041966.0
2023-05-17 07:15:00,0.00969,0.00974,0.00968,0.00974,2740967.0
2023-05-17 07:30:00,0.00973,0.00975,0.00969,0.00972,3734680.0
2023-05-17 07:45:00,0.00973,0.00973,0.00967,0.0097,2005824.0
2023-05-17 08:00:00,0.00968,0.00968,0.00955,0.00959,3912785.0
2023-05-17 08:15:00,0.0096,0.0096,0.00956,0.00956,509297.0
2023-05-17 08:30:00,0.00957,0.00962,0.00956,0.00962,1018425.0
2023-05-17 08:45:00,0.00961,0.00969,0.00959,0.00969,4874636.0
2023-05-17 09:00:00,0.0097,0.00978,0.00963,0.00978,6326161.0
2023-05-17 09:15:00,0.00978,0.00996,0.00975,0.00989,3510840.0
2023-05-17 09:30:00,0.00989,0.00989,0.00982,0.00983,883306.0
2023-05-17 09:45:00,0.00983,0.00986,0.00982,0.00985,1404283.0
2023-05-17 10:00:00,0.00985,0.00985,0.00977,0.00978,1604806.0
2023-05-17 10:15:00,0.00978,0.00985,0.00975,0.00985,1899165.0
2023-05-17 10:30:00,0.00984,0.01009,0.00981,0.00995,23371661.0
2023-05-17 10:45:00,0.00994,0.00994,0.00983,0.00988,6949034.0
2023-05-17 11:00:00,0.00988,0.00995,0.00985,0.00995,5449545.0
2023-05-17 11:15:00,0.00995,0.00995,0.00987,0.00989,4397948.0
2023-05-17 11:30:00,0.00987,0.0099,0.00969,0.0097,5857343.0
2023-05-17 11:45:00,0.00974,0.00982,0.00974,0.00982,1346141.0
2023-05-17 12:00:00,0.00981,0.00986,0.00976,0.00984,686725.0
2023-05-17 12:15:00,0.00984,0.00986,0.00978,0.0098,2215736.0
2023-05-17 12:30:00,0.00981,0.00987,0.00979,0.0098,1805855.0
2023-05-17 12:45:00,0.0098,0.00982,0.00975,0.00976,2359594.0
2023-05-17 13:00:00,0.00977,0.0098,0.00974,0.00975,819059.0
2023-05-17 13:15:00,0.00975,0.00975,0.00972,0.00974,1633800.0
2023-05-17 13:30:00,0.00975,0.00976,0.00972,0.00974,771939.0
2023-05-17 13:45:00,0.00974,0.00974,0.00966,0.00968,3088424.0
2023-05-17 14:00:00,0.00968,0.00968,0.00965,0.00966,770314.0
2023-05-17 14:15:00,0.00966,0.00969,0.00963,0.00963,1213919.0
2023-05-17 14:30:00,0.00963,0.00963,0.00946,0.00956,8025529.0
2023-05-17 14:45:00,0.00956,0.00962,0.00954,0.00955,2337342.0
2023-05-17 15:00:00,0.00956,0.00959,0.00954,0.00959,651743.0
2023-05-17 15:15:00,0.00959,0.0096,0.00953,0.00956,875451.0
2023-05-17 15:30:00,0.00955,0.00956,0.00951,0.00951,2485031.0
2023-05-17 15:45:00,0.0095,0.00951,0.0095,0.00951,498621.0
2023-05-17 16:00:00,0.00951,0.00952,0.00948,0.0095,803913.0
2023-05-17 16:15:00,0.00948,0.00953,0.00948,0.00953,991386.0
2023-05-17 16:30:00,0.00953,0.00959,0.00951,0.00959,838371.0
2023-05-17 16:45:00,0.00958,0.00962,0.00958,0.00961,671144.0
2023-05-17 17:00:00,0.0096,0.0096,0.00957,0.0096,603684.0
2023-05-17 17:15:00,0.0096,0.00961,0.00959,0.00961,455338.0
2023-05-17 17:30:00,0.0096,0.00963,0.00959,0.00963,465678.0
2023-05-17 17:45:00,0.00963,0.0097,0.00963,0.00969,1510907.0
2023-05-17 18:00:00,0.0097,0.00976,0.0097,0.00974,1582874.0
2023-05-17 18:15:00,0.00976,0.00984,0.00976,0.00984,1933510.0
2023-05-17 18:30:00,0.00984,0.01,0.00984,0.00998,5033466.0
2023-05-17 18:45:00,0.00998,0.00998,0.0099,0.00991,1719406.0
2023-05-17 19:00:00,0.0099,0.01003,0.0099,0.00999,2528960.0
2023-05-17 19:15:00,0.01,0.01002,0.00992,0.01,2026371.0
2023-05-17 19:30:00,0.01,0.01005,0.00998,0.00999,801180.0
2023-05-17 19:45:00,0.01,0.01002,0.00995,0.00995,2737027.0
2023-05-17 20:00:00,0.00997,0.01001,0.00996,0.00996,289887.0
2023-05-17 20:15:00,0.00996,0.00999,0.00986,0.0099,4231406.0
2023-05-17 20:30:00,0.00993,0.00997,0.00991,0.00997,3864271.0
2023-05-17 20:45:00,0.00998,0.00998,0.00993,0.00996,2701651.0
2023-05-17 21:00:00,0.00996,0.00996,0.00989,0.00991,2280203.0
2023-05-17 21:15:00,0.00992,0.00997,0.00992,0.00994,237917.0
2023-05-17 21:30:00,0.00994,0.0102,0.00994,0.01018,8984599.0
2023-05-17 21:45:00,0.01016,0.01016,0.00994,0.00999,5590133.0
2023-05-17 22:00:00,0.00999,0.01006,0.00998,0.01006,2362336.0
2023-05-17 22:15:00,0.01004,0.01007,0.01002,0.01002,2502521.0
2023-05-17 22:30:00,0.01001,0.01004,0.00998,0.01004,549547.0
2023-05-17 22:45:00,0.01003,0.01005,0.01,0.01005,468295.0
2023-05-17 23:00:00,0.01004,0.01008,0.01003,0.01005,643019.0
2023-05-17 23:15:00,0.01005,0.01008,0.01005,0.01007,274983.0
2023-05-17 23:30:00,0.01007,0.01007,0.01003,0.01004,1664116.0
2023-05-17 23:45:00,0.01005,0.01008,0.01005,0.01006,580190.0
2023-05-18 00:00:00,0.01007,0.01007,0.00997,0.00999,952599.0
2023-05-18 00:15:00,0.00999,0.01005,0.00997,0.01003,1055344.0
2023-05-18 00:30:00,0.01002,0.01004,0.01,0.01001,1901651.0
2023-05-18 00:45:00,0.01001,0.01002,0.00997,0.00998,511043.0
2023-05-18 01:00:00,0.01,0.01005,0.01,0.01003,1295665.0
2023-05-18 01:15:00,0.01003,0.01009,0.01003,0.01006,2338729.0
2023-05-18 01:30:00,0.01006,0.01006,0.01,0.01002,273436.0
2023-05-18 01:45:00,0.01001,0.01001,0.00993,0.00995,731574.0
2023-05-18 02:00:00,0.00995,0.00997,0.00995,0.00995,271152.0
2023-05-18 02:15:00,0.00995,0.00998,0.00995,0.00998,125515.0
2023-05-18 02:30:00,0.00996,0.01,0.00996,0.01,1255689.0
2023-05-18 02:45:00,0.00998,0.00998,0.00997,0.00997,53332.0
2023-05-18 03:00:00,0.00998,0.00998,0.00997,0.00998,1032617.0
2023-05-18 03:15:00,0.00999,0.01001,0.00998,0.01001,358220.0
2023-05-18 03:30:00,0.01001,0.01001,0.00997,0.00997,644885.0
2023-05-18 03:45:00,0.00998,0.00999,0.00998,0.00999,100009.0
2023-05-18 04:00:00,0.01,0.01001,0.00997,0.00998,138128.0
2023-05-18 04:15:00,0.01,0.01,0.00994,0.00995,1773973.0
2023-05-18 04:30:00,0.00996,0.00998,0.00996,0.00998,36462.0
2023-05-18 04:45:00,0.00998,0.00998,0.00994,0.00995,163959.0
2023-05-18 05:00:00,0.00995,0.00996,0.00993,0.00994,255992.0
2023-05-18 05:15:00,0.00994,0.00995,0.00992,0.00993,663021.0
2023-05-18 05:30:00,0.00993,0.00993,0.00991,0.00991,161504.0
2023-05-18 05:45:00,0.00991,0.00991,0.00986,0.00986,1018724.0
2023-05-18 06:00:00,0.00986,0.00987,0.00982,0.00983,1562100.0
2023-05-18 06:15:00,0.00983,0.00983,0.0098,0.00981,1417842.0
2023-05-18 06:30:00,0.00981,0.00983,0.00975,0.00983,5023513.0
2023-05-18 06:45:00,0.00982,0.00984,0.0098,0.00982,1000157.0
2023-05-18 07:00:00,0.0098,0.00982,0.0098,0.00981,483003.0
2023-05-18 07:15:00,0.00982,0.00983,0.00981,0.00982,211165.0
2023-05-18 07:30:00,0.00982,0.00985,0.00981,0.00985,944073.0
2023-05-18 07:45:00,0.00985,0.00988,0.00985,0.00988,301547.0
2023-05-18 08:00:00,0.00987,0.00988,0.00985,0.00987,263576.0
2023-05-18 08:15:00,0.00988,0.00991,0.00988,0.00991,404757.0
2023-05-18 08:30:00,0.0099,0.01,0.00988,0.00997,5778363.0
2023-05-18 08:45:00,0.00997,0.01,0.00995,0.00997,692259.0
2023-05-18 09:00:00,0.00996,0.00996,0.0099,0.0099,1346213.0
2023-05-18 09:15:00,0.00991,0.00991,0.00988,0.00988,664324.0
2023-05-18 09:30:00,0.00988,0.00991,0.00988,0.00989,217554.0
2023-05-18 09:45:00,0.00989,0.00989,0.00987,0.00989,17054.0
2023-05-18 10:00:00,0.00989,0.00991,0.00987,0.00991,1850651.0
2023-05-18 10:15:00,0.00991,0.00993,0.00988,0.00988,710137.0
2023-05-18 10:30:00,0.00989,0.01001,0.00989,0.00999,4378239.0
2023-05-18 10:45:00,0.00998,0.01002,0.00995,0.00995,2016718.0
2023-05-18 11:00:00,0.00995,0.00995,0.00992,0.00992,330896.0
2023-05-18 11:15:00,0.00992,0.00994,0.0099,0.00993,415332.0
2023-05-18 11:30:00,0.00991,0.00993,0.00989,0.00992,171036.0
2023-05-18 11:45:00,0.00992,0.00998,0.0099,0.00997,331787.0
2023-05-18 12:00:00,0.00996,0.00997,0.00988,0.00996,1974092.0
2023-05-18 12:15:00,0.00995,0.00995,0.00988,0.00988,1243152.0
2023-05-18 12:30:00,0.00988,0.00989,0.00985,0.00985,1038404.0
2023-05-18 12:45:00,0.00987,0.00989,0.00983,0.00983,215878.0
2023-05-18 13:00:00,0.00983,0.00985,0.0098,0.0098,724453.0
2023-05-18 13:15:00,0.0098,0.00982,0.00979,0.00981,1133543.0
2023-05-18 13:30:00,0.00982,0.00986,0.00981,0.00986,285195.0
2023-05-18 13:45:00,0.00985,0.00985,0.00983,0.00984,120245.0
2023-05-18 14:00:00,0.00983,0.00985,0.0098,0.00983,868180.0
2023-05-18 14:15:00,0.00984,0.00987,0.00982,0.00986,1097703.0
2023-05-18 14:30:00,0.00987,0.00988,0.0098,0.0098,368062.0
2023-05-18 14:45:00,0.00979,0.00984,0.00976,0.00981,952777.0
2023-05-18 15:00:00,0.00982,0.00985,0.00982,0.00982,218568.0
2023-05-18 15:15:00,0.00981,0.00982,0.00978,0.00978,442060.0
2023-05-18 15:30:00,0.00977,0.0098,0.00976,0.00979,332592.0
2023-05-18 15:45:00,0.00979,0.00981,0.00975,0.00975,1553231.0
2023-05-18 16:00:00,0.00975,0.00975,0.00973,0.00975,480412.0
2023-05-18 16:15:00,0.00974,0.00976,0.00973,0.00974,794125.0
2023-05-18 16:30:00,0.00974,0.00975,0.00973,0.00975,103246.0
2023-05-18 16:45:00,0.00976,0.00976,0.00974,0.00975,63010.0
2023-05-18 17:00:00,0.00975,0.00976,0.00975,0.00976,426931.0
2023-05-18 17:15:00,0.00975,0.00976,0.00973,0.00974,232988.0
2023-05-18 17:30:00,0.00974,0.00974,0.00962,0.00964,2108137.0
2023-05-18 17:45:00,0.00963,0.00963,0.00948,0.00951,2479984.0
2023-05-18 18:00:00,0.00951,0.00956,0.00949,0.00953,636599.0
2023-05-18 18:15:00,0.00951,0.00955,0.00949,0.00954,1072500.0
2023-05-18 18:30:00,0.00953,0.00954,0.0095,0.00953,633021.0
2023-05-18 18:45:00,0.00951,0.00952,0.00949,0.00951,92839.0
2023-05-18 19:00:00,0.00951,0.00956,0.00949,0.00956,799775.0
2023-05-18 19:15:00,0.00955,0.00956,0.00954,0.00955,191988.0
2023-05-18 19:30:00,0.00957,0.00962,0.00956,0.00962,183867.0
2023-05-18 19:45:00,0.00964,0.00965,0.0096,0.00961,134539.0
2023-05-18 20:00:00,0.0096,0.00962,0.00958,0.00958,290435.0
2023-05-18 20:15:00,0.00959,0.00959,0.00957,0.00958,147411.0
2023-05-18 20:30:00,0.00959,0.00961,0.00959,0.0096,142506.0
2023-05-18 20:45:00,0.0096,0.00965,0.00959,0.00963,3281086.0
2023-05-18 21:00:00,0.00963,0.00965,0.00962,0.00964,1221783.0
2023-05-18 21:15:00,0.00965,0.0097,0.00964,0.0097,302879.0
2023-05-18 21:30:00,0.00971,0.00985,0.00971,0.00984,1289664.0
2023-05-18 21:45:00,0.00988,0.00993,0.00988,0.0099,504862.0
2023-05-18 22:00:00,0.00991,0.00991,0.00987,0.0099,411818.0
2023-05-18 22:15:00,0.00989,0.00989,0.00984,0.00986,323221.0
2023-05-18 22:30:00,0.00985,0.00987,0.0098,0.0098,4389925.0
2023-05-18 22:45:00,0.0098,0.00982,0.0098,0.00981,196177.0
2023-05-18 23:00:00,0.00981,0.00987,0.00979,0.0098,1295085.0
2023-05-18 23:15:00,0.0098,0.00984,0.00979,0.00982,133790.0
2023-05-18 23:30:00,0.00981,0.00981,0.0098,0.0098,147375.0
2023-05-18 23:45:00,0.0098,0.00981,0.00978,0.00978,178339.0
2023-05-19 00:00:00,0.00978,0.00984,0.00978,0.00984,489845.0
2023-05-19 00:15:00,0.00983,0.00983,0.00978,0.00978,152623.0
2023-05-19 00:30:00,0.00978,0.00979,0.00976,0.00976,512665.0
2023-05-19 00:45:00,0.00975,0.0098,0.00974,0.0098,379116.0
2023-05-19 01:00:00,0.00979,0.00981,0.00977,0.00981,474455.0
2023-05-19 01:15:00,0.00981,0.00981,0.00975,0.00977,984909.0
2023-05-19 01:30:00,0.00977,0.00977,0.00973,0.00974,464816.0
2023-05-19 01:45:00,0.00973,0.00973,0.0097,0.0097,628866.0
2023-05-19 02:00:00,0.00969,0.00975,0.00968,0.00975,343350.0
2023-05-19 02:15:00,0.00975,0.00975,0.00973,0.00975,34927.0
2023-05-19 02:30:00,0.00974,0.00974,0.0097,0.0097,59161.0
2023-05-19 02:45:00,0.0097,0.0097,0.0097,0.0097,0.0
2023-05-19 03:00:00,0.00972,0.00974,0.0097,0.00974,305245.0
2023-05-19 03:15:00,0.00973,0.00975,0.0097,0.00975,484951.0
2023-05-19 03:30:00,0.00976,0.00977,0.00976,0.00976,63837.0
2023-05-19 03:45:00,0.00974,0.00977,0.00974,0.00976,470396.0
2023-05-19 04:00:00,0.00977,0.00978,0.00976,0.00976,2004683.0
2023-05-19 04:15:00,0.00975,0.0098,0.00975,0.00977,46028.0
2023-05-19 04:30:00,0.00978,0.00981,0.00978,0.00981,39012.0
2023-05-19 04:45:00,0.00979,0.00981,0.00979,0.00981,8029.0
2023-05-19 05:00:00,0.0098,0.00981,0.0098,0.00981,17931.0
2023-05-19 05:15:00,0.0098,0.00981,0.00977,0.00977,180476.0
2023-05-19 05:30:00,0.00978,0.00982,0.00978,0.00982,116202.0
2023-05-19 05:45:00,0.00982,0.00982,0.0098,0.0098,63343.0
2023-05-19 06:00:00,0.0098,0.00985,0.0098,0.00983,246297.0
2023-05-19 06:15:00,0.00983,0.00983,0.0098,0.0098,178348.0
2023-05-19 06:30:00,0.0098,0.00981,0.00977,0.00977,120593.0
2023-05-19 06:45:00,0.00979,0.0098,0.00978,0.00979,59762.0
2023-05-19 07:00:00,0.0098,0.00981,0.00978,0.00981,121070.0
2023-05-19 07:15:00,0.00981,0.00982,0.00979,0.00979,544738.0
2023-05-19 07:30:00,0.00978,0.00978,0.00975,0.00975,564574.0
2023-05-19 07:45:00,0.00977,0.00977,0.00975,0.00977,304053.0
2023-05-19 08:00:00,0.00975,0.00978,0.00975,0.00978,310244.0
2023-05-19 08:15:00,0.00978,0.00981,0.00978,0.00978,757595.0
2023-05-19 08:30:00,0.00981,0.00982,0.00978,0.00982,328472.0
2023-05-19 08:45:00,0.00982,0.00984,0.00981,0.00981,193908.0
2023-05-19 09:00:00,0.00983,0.00984,0.00983,0.00983,259915.0
2023-05-19 09:15:00,0.00982,0.00982,0.00978,0.00979,316063.0
2023-05-19 09:30:00,0.0098,0.00985,0.0098,0.00984,1203179.0
2023-05-19 09:45:00,0.00984,0.00984,0.00983,0.00983,215734.0
2023-05-19 10:00:00,0.00982,0.00982,0.0098,0.0098,180197.0
2023-05-19 10:15:00,0.00981,0.00982,0.00978,0.00981,275558.0
2023-05-19 10:30:00,0.0098,0.00982,0.00978,0.00982,802928.0
2023-05-19 10:45:00,0.00982,0.00984,0.0098,0.0098,566156.0
2023-05-19 11:00:00,0.00981,0.00982,0.00978,0.00978,569919.0
2023-05-19 11:15:00,0.00979,0.00979,0.00976,0.00978,1799465.0
2023-05-19 11:30:00,0.0098,0.0098,0.00973,0.00974,1310143.0
2023-05-19 11:45:00,0.00975,0.00977,0.00975,0.00975,450837.0
2023-05-19 12:00:00,0.00975,0.0098,0.00974,0.00979,468277.0
2023-05-19 12:15:00,0.00978,0.00979,0.00976,0.00979,482551.0
2023-05-19 12:30:00,0.00979,0.0098,0.00978,0.00979,430253.0
2023-05-19 12:45:00,0.00978,0.00979,0.00978,0.00979,60502.0
2023-05-19 13:00:00,0.00978,0.00979,0.00977,0.00977,394975.0
2023-05-19 13:15:00,0.00977,0.00978,0.00973,0.00975,666870.0
2023-05-19 13:30:00,0.00977,0.00977,0.00974,0.00974,280255.0
2023-05-19 13:45:00,0.00974,0.00974,0.00971,0.00972,406857.0
2023-05-19 14:00:00,0.00971,0.00971,0.00967,0.00969,786188.0
2023-05-19 14:15:00,0.00969,0.00972,0.00968,0.00969,182760.0
2023-05-19 14:30:00,0.00969,0.0097,0.00968,0.00968,291872.0
2023-05-19 14:45:00,0.00968,0.00971,0.00968,0.0097,547341.0
2023-05-19 15:00:00,0.0097,0.00972,0.00966,0.00972,1416320.0
2023-05-19 15:15:00,0.00972,0.00984,0.00972,0.00974,1007381.0
2023-05-19 15:30:00,0.00975,0.0098,0.0097,0.0098,1085173.0
2023-05-19 15:45:00,0.0098,0.00982,0.00977,0.00979,321886.0
2023-05-19 16:00:00,0.00979,0.00984,0.00979,0.00983,725501.0
2023-05-19 16:15:00,0.00982,0.00988,0.00982,0.00984,288912.0
2023-05-19 16:30:00,0.00984,0.00984,0.00979,0.00984,148887.0
2023-05-19 16:45:00,0.00985,0.00985,0.00982,0.00983,253060.0
2023-05-19 17:00:00,0.00981,0.00986,0.00981,0.00984,254007.0
2023-05-19 17:15:00,0.00987,0.00988,0.00986,0.00988,237724.0
2023-05-19 17:30:00,0.00988,0.00991,0.00988,0.0099,101773.0
2023-05-19 17:45:00,0.0099,0.00994,0.0099,0.00993,667745.0
2023-05-19 18:00:00,0.00992,0.00994,0.0099,0.00992,163780.0
2023-05-19 18:15:00,0.00991,0.00994,0.0099,0.00991,339558.0
2023-05-19 18:30:00,0.0099,0.0099,0.00984,0.00987,840154.0
2023-05-19 18:45:00,0.00987,0.00992,0.00987,0.00992,133036.0
2023-05-19 19:00:00,0.00992,0.00992,0.00984,0.00984,171832.0
2023-05-19 19:15:00,0.00985,0.00987,0.00979,0.00981,484482.0
2023-05-19 19:30:00,0.00983,0.00985,0.00981,0.00985,157528.0
2023-05-19 19:45:00,0.00986,0.00987,0.00984,0.00987,177446.0
2023-05-19 20:00:00,0.00985,0.00987,0.00984,0.00987,329550.0
2023-05-19 20:15:00,0.00987,0.00992,0.00987,0.00991,1203660.0
2023-05-19 20:30:00,0.0099,0.00993,0.00987,0.00989,472666.0
2023-05-19 20:45:00,0.0099,0.00991,0.00988,0.00988,345640.0
2023-05-19 21:00:00,0.00988,0.0099,0.00986,0.0099,89506.0
2023-05-19 21:15:00,0.0099,0.0099,0.00986,0.00986,308042.0
2023-05-19 21:30:00,0.00988,0.0099,0.00982,0.00985,4952673.0
2023-05-19 21:45:00,0.00985,0.00985,0.00984,0.00984,134488.0
2023-05-19 22:00:00,0.00985,0.00989,0.00985,0.00985,223409.0
2023-05-19 22:15:00,0.00986,0.00986,0.00983,0.00983,479041.0
2023-05-19 22:30:00,0.00984,0.00984,0.00984,0.00984,42148.0
2023-05-19 22:45:00,0.00984,0.00987,0.00984,0.00986,304083.0
2023-05-19 23:00:00,0.00987,0.00987,0.00985,0.00985,61870.0
2023-05-19 23:15:00,0.00985,0.00987,0.00984,0.00984,298002.0
2023-05-19 23:30:00,0.00983,0.00986,0.00983,0.00984,31314.0
2023-05-19 23:45:00,0.00984,0.00985,0.00981,0.00982,174104.0
2023-05-20 00:00:00,0.00982,0.00982,0.00979,0.0098,415938.0
2023-05-20 00:15:00,0.00978,0.00978,0.00977,0.00977,109829.0
2023-05-20 00:30:00,0.00977,0.00977,0.00969,0.00971,914707.0
2023-05-20 00:45:00,0.0097,0.00971,0.00967,0.0097,373242.0
2023-05-20 01:00:00,0.0097,0.00971,0.0097,0.00971,197267.0
2023-05-20 01:15:00,0.00972,0.00974,0.00971,0.00973,555000.0
2023-05-20 01:30:00,0.00973,0.00973,0.00972,0.00972,158383.0
2023-05-20 01:45:00,0.00972,0.00972,0.00968,0.00968,227677.0
2023-05-20 02:00:00,0.0097,0.00972,0.00969,0.00971,244827.0
2023-05-20 02:15:00,0.00971,0.00972,0.00969,0.0097,313975.0
2023-05-20 02:30:00,0.00969,0.00969,0.00969,0.00969,101373.0
2023-05-20 02:45:00,0.00967,0.00967,0.00966,0.00967,119628.0
2023-05-20 03:00:00,0.00967,0.00969,0.00967,0.00969,584517.0
2023-05-20 03:15:00,0.0097,0.0097,0.00967,0.00968,96511.0
2023-05-20 03:30:00,0.00968,0.00969,0.00968,0.00969,52341.0
2023-05-20 03:45:00,0.00968,0.00969,0.00968,0.00969,41170.0
2023-05-20 04:00:00,0.00969,0.0097,0.00967,0.00969,141982.0
2023-05-20 04:15:00,0.00969,0.00969,0.00968,0.00968,139260.0
2023-05-20 04:30:00,0.00969,0.00971,0.00968,0.00971,144334.0
2023-05-20 04:45:00,0.00971,0.00971,0.00971,0.00971,0.0
2023-05-20 05:00:00,0.0097,0.0097,0.00967,0.00969,72331.0
2023-05-20 05:15:00,0.00968,0.00968,0.00968,0.00968,45862.0
2023-05-20 05:30:00,0.00967,0.00967,0.00962,0.00965,2075537.0
2023-05-20 05:45:00,0.00964,0.00964,0.00963,0.00964,741417.0
2023-05-20 06:00:00,0.00965,0.00965,0.00963,0.00964,614778.0
2023-05-20 06:15:00,0.00964,0.00964,0.00963,0.00964,48175.0
2023-05-20 06:30:00,0.00962,0.00962,0.0096,0.0096,424596.0
2023-05-20 06:45:00,0.0096,0.00961,0.00958,0.00959,551158.0
2023-05-20 07:00:00,0.00959,0.00961,0.00959,0.0096,71203.0
2023-05-20 07:15:00,0.00959,0.00959,0.00956,0.00957,222054.0
2023-05-20 07:30:00,0.00957,0.00957,0.00952,0.00955,1474758.0
2023-05-20 07:45:00,0.00955,0.00956,0.00955,0.00955,56320.0
2023-05-20 08:00:00,0.00956,0.00956,0.00954,0.00956,76888.0
2023-05-20 08:15:00,0.00956,0.00957,0.00954,0.00956,723089.0
2023-05-20 08:30:00,0.00956,0.00956,0.00954,0.00955,306722.0
2023-05-20 08:45:00,0.00955,0.00956,0.00955,0.00956,151562.0
2023-05-20 09:00:00,0.00955,0.00956,0.00955,0.00956,145356.0
2023-05-20 09:15:00,0.00956,0.00957,0.00955,0.00956,289077.0
2023-05-20 09:30:00,0.00955,0.00957,0.00954,0.00956,840524.0
2023-05-20 09:45:00,0.00956,0.00956,0.00953,0.00955,576334.0
2023-05-20 10:00:00,0.00955,0.00956,0.00953,0.00954,298956.0
2023-05-20 10:15:00,0.00955,0.00955,0.00955,0.00955,1047.0
2023-05-20 10:30:00,0.00955,0.00957,0.00954,0.00957,731348.0
2023-05-20 10:45:00,0.00957,0.00957,0.00954,0.00955,164576.0
2023-05-20 11:00:00,0.00954,0.00955,0.00952,0.00953,93370.0
2023-05-20 11:15:00,0.00952,0.00955,0.00952,0.00954,60262.0
2023-05-20 11:30:00,0.00953,0.00954,0.00953,0.00954,48911.0
2023-05-20 11:45:00,0.00953,0.00954,0.00953,0.00953,65689.0
2023-05-20 12:00:00,0.00953,0.00955,0.00953,0.00955,549971.0
2023-05-20 12:15:00,0.00953,0.00956,0.00953,0.00955,173442.0
2023-05-20 12:30:00,0.00954,0.00956,0.00954,0.00954,553213.0
2023-05-20 12:45:00,0.00955,0.00956,0.00953,0.00955,371626.0
2023-05-20 13:00:00,0.00955,0.00955,0.00954,0.00955,158489.0
2023-05-20 13:15:00,0.00955,0.00955,0.00953,0.00953,58951.0
2023-05-20 13:30:00,0.00954,0.00955,0.00954,0.00954,61090.0
2023-05-20 13:45:00,0.00953,0.00955,0.00953,0.00955,348697.0
2023-05-20 14:00:00,0.00954,0.00957,0.00953,0.00956,710418.0
2023-05-20 14:15:00,0.00957,0.00957,0.00957,0.00957,14521.0
2023-05-20 14:30:00,0.00957,0.0096,0.00955,0.00959,1726127.0
2023-05-20 14:45:00,0.00959,0.0096,0.00957,0.00958,660578.0
2023-05-20 15:00:00,0.00959,0.0096,0.00959,0.0096,55628.0
2023-05-20 15:15:00,0.00959,0.00961,0.00959,0.0096,312887.0
2023-05-20 15:30:00,0.0096,0.00961,0.00959,0.00961,326789.0
2023-05-20 15:45:00,0.00961,0.00961,0.00961,0.00961,23736.0
2023-05-20 16:00:00,0.00962,0.00962,0.00959,0.0096,176299.0
2023-05-20 16:15:00,0.00961,0.00963,0.0096,0.00962,699509.0
2023-05-20 16:30:00,0.00962,0.00964,0.00957,0.0096,2696177.0
2023-05-20 16:45:00,0.00959,0.0096,0.00958,0.00959,166287.0
2023-05-20 17:00:00,0.00959,0.0096,0.00958,0.00958,249519.0
2023-05-20 17:15:00,0.00958,0.00958,0.00955,0.00955,758941.0
2023-05-20 17:30:00,0.00956,0.0096,0.00955,0.0096,229638.0
2023-05-20 17:45:00,0.0096,0.00967,0.00958,0.00965,1037154.0
2023-05-20 18:00:00,0.00965,0.00966,0.00962,0.00965,1374033.0
2023-05-20 18:15:00,0.00962,0.00964,0.0096,0.00962,917163.0
2023-05-20 18:30:00,0.00964,0.00964,0.00961,0.00962,314509.0
2023-05-20 18:45:00,0.00962,0.00962,0.0096,0.00961,256364.0
2023-05-20 19:00:00,0.00961,0.00962,0.00954,0.00958,950364.0
2023-05-20 19:15:00,0.00959,0.0096,0.00957,0.00959,298252.0
2023-05-20 19:30:00,0.00959,0.00959,0.00958,0.00958,16044.0
2023-05-20 19:45:00,0.00959,0.0096,0.00959,0.0096,59953.0
2023-05-20 20:00:00,0.00961,0.00962,0.00961,0.00962,47955.0
2023-05-20 20:15:00,0.00962,0.00962,0.0096,0.0096,24335.0
2023-05-20 20:30:00,0.0096,0.00962,0.0096,0.00962,636301.0
2023-05-20 20:45:00,0.00961,0.00962,0.0096,0.0096,89700.0
2023-05-20 21:00:00,0.0096,0.0096,0.00957,0.00957,297900.0
2023-05-20 21:15:00,0.0096,0.0096,0.0096,0.0096,87644.0
2023-05-20 21:30:00,0.00959,0.0096,0.00958,0.00958,39063.0
2023-05-20 21:45:00,0.00959,0.0096,0.00959,0.0096,178894.0
2023-05-20 22:00:00,0.00961,0.00961,0.00959,0.00961,374754.0
2023-05-20 22:15:00,0.00961,0.00961,0.00961,0.00961,46121.0
2023-05-20 22:30:00,0.00961,0.00963,0.00961,0.00963,154411.0
2023-05-20 22:45:00,0.00962,0.00962,0.00958,0.00958,234462.0
2023-05-20 23:00:00,0.00958,0.00958,0.00957,0.00958,98398.0
2023-05-20 23:15:00,0.00959,0.00959,0.00956,0.00956,97810.0
2023-05-20 23:30:00,0.00957,0.00959,0.00957,0.00958,1111215.0
2023-05-20 23:45:00,0.00959,0.00961,0.00959,0.0096,140181.0
2023-05-21 00:00:00,0.0096,0.0096,0.00955,0.00957,303979.0
2023-05-21 00:15:00,0.00956,0.00956,0.00955,0.00956,206441.0
2023-05-21 00:30:00,0.00955,0.00957,0.00955,0.00957,259778.0
2023-05-21 00:45:00,0.00956,0.0096,0.00956,0.0096,258931.0
2023-05-21 01:00:00,0.0096,0.0096,0.00957,0.00959,110975.0
2023-05-21 01:15:00,0.00958,0.00958,0.00956,0.00957,185711.0
2023-05-21 01:30:00,0.00957,0.00957,0.00956,0.00956,289364.0
2023-05-21 01:45:00,0.00955,0.00955,0.00951,0.00951,590292.0
2023-05-21 02:00:00,0.00952,0.00952,0.0095,0.00952,453973.0
2023-05-21 02:15:00,0.00951,0.00953,0.0095,0.00953,435951.0
2023-05-21 02:30:00,0.00952,0.00955,0.00952,0.00953,332731.0
2023-05-21 02:45:00,0.00953,0.00953,0.0095,0.00951,1764642.0
2023-05-21 03:00:00,0.00952,0.00953,0.00952,0.00952,116780.0
2023-05-21 03:15:00,0.00952,0.00953,0.00951,0.00953,263866.0
2023-05-21 03:30:00,0.00952,0.00952,0.0095,0.0095,110680.0
2023-05-21 03:45:00,0.0095,0.00951,0.00949,0.0095,186021.0
2023-05-21 04:00:00,0.0095,0.0095,0.00949,0.00949,161874.0
2023-05-21 04:15:00,0.00949,0.00949,0.00949,0.00949,175035.0
2023-05-21 04:30:00,0.00949,0.0095,0.00949,0.00949,158767.0
2023-05-21 04:45:00,0.0095,0.0095,0.00949,0.0095,160164.0
2023-05-21 05:00:00,0.0095,0.0095,0.0095,0.0095,92383.0
2023-05-21 05:15:00,0.00949,0.0095,0.00948,0.00949,391981.0
2023-05-21 05:30:00,0.0095,0.0095,0.00949,0.0095,16671.0
2023-05-21 05:45:00,0.00949,0.0095,0.00947,0.0095,459512.0
2023-05-21 06:00:00,0.0095,0.0095,0.0095,0.0095,0.0
2023-05-21 06:15:00,0.00948,0.00949,0.00948,0.00949,89183.0
2023-05-21 06:30:00,0.00949,0.0095,0.00948,0.00949,176178.0
2023-05-21 06:45:00,0.0095,0.0095,0.0095,0.0095,60725.0
2023-05-21 07:00:00,0.00949,0.0095,0.00949,0.0095,41094.0
2023-05-21 07:15:00,0.00949,0.0095,0.00948,0.00949,145335.0
2023-05-21 07:30:00,0.00949,0.0095,0.00949,0.00949,141899.0
2023-05-21 07:45:00,0.00949,0.0095,0.00949,0.0095,43315.0
2023-05-21 08:00:00,0.00948,0.00949,0.00947,0.00949,266133.0
2023-05-21 08:15:00,0.00949,0.00949,0.00948,0.00948,51558.0
2023-05-21 08:30:00,0.00948,0.00949,0.00943,0.00943,579292.0
2023-05-21 08:45:00,0.00944,0.00944,0.00942,0.00944,291462.0
2023-05-21 09:00:00,0.00944,0.00944,0.00942,0.00943,483972.0
2023-05-21 09:15:00,0.00942,0.00944,0.0094,0.00942,520226.0
2023-05-21 09:30:00,0.00942,0.00942,0.0094,0.00941,106131.0
2023-05-21 09:45:00,0.00941,0.00941,0.0094,0.0094,165655.0
2023-05-21 10:00:00,0.00941,0.00941,0.00941,0.00941,41044.0
2023-05-21 10:15:00,0.00941,0.00941,0.0094,0.00941,154353.0
2023-05-21 10:30:00,0.00941,0.00941,0.00936,0.00937,1545853.0
2023-05-21 10:45:00,0.00937,0.00937,0.00932,0.00932,1026952.0
2023-05-21 11:00:00,0.00933,0.00933,0.00925,0.00927,1866336.0
2023-05-21 11:15:00,0.00926,0.00929,0.00921,0.00928,5720383.0
2023-05-21 11:30:00,0.00928,0.0093,0.00927,0.00929,1819127.0
2023-05-21 11:45:00,0.00928,0.0093,0.00928,0.00929,2036499.0
2023-05-21 12:00:00,0.00929,0.00931,0.00928,0.00929,987179.0
2023-05-21 12:15:00,0.00928,0.0093,0.00928,0.0093,172681.0
2023-05-21 12:30:00,0.0093,0.00931,0.00929,0.0093,305475.0
2023-05-21 12:45:00,0.0093,0.0093,0.00928,0.00929,657713.0
2023-05-21 13:00:00,0.00929,0.0093,0.00929,0.00929,96659.0
2023-05-21 13:15:00,0.00928,0.00929,0.00928,0.00929,45210.0
2023-05-21 13:30:00,0.0093,0.0093,0.00929,0.0093,52114.0
2023-05-21 13:45:00,0.0093,0.00931,0.00929,0.00929,385105.0
2023-05-21 14:00:00,0.0093,0.00932,0.0093,0.00932,209480.0
2023-05-21 14:15:00,0.00932,0.00933,0.0093,0.00931,1028669.0
2023-05-21 14:30:00,0.00932,0.00934,0.0093,0.0093,633518.0
2023-05-21 14:45:00,0.0093,0.0093,0.00925,0.00926,1556935.0
2023-05-21 15:00:00,0.00928,0.00929,0.00927,0.00927,359330.0
2023-05-21 15:15:00,0.00928,0.00928,0.00927,0.00927,111919.0
2023-05-21 15:30:00,0.00926,0.00926,0.00913,0.00913,2187844.0
2023-05-21 15:45:00,0.00914,0.00917,0.00913,0.00917,810906.0
2023-05-21 16:00:00,0.00914,0.00918,0.00914,0.00917,321529.0
2023-05-21 16:15:00,0.00917,0.00917,0.00911,0.00912,313513.0
2023-05-21 16:30:00,0.00912,0.00914,0.00911,0.00912,973739.0
2023-05-21 16:45:00,0.00911,0.00911,0.00906,0.00909,1091001.0
2023-05-21 17:00:00,0.0091,0.00912,0.00908,0.0091,2737795.0
2023-05-21 17:15:00,0.0091,0.0091,0.00908,0.00908,73445.0
2023-05-21 17:30:00,0.00907,0.00908,0.00904,0.00906,649253.0
2023-05-21 17:45:00,0.00906,0.00906,0.00902,0.00904,427215.0
2023-05-21 18:00:00,0.00904,0.00905,0.00902,0.00904,1321066.0
2023-05-21 18:15:00,0.00904,0.00904,0.00902,0.00904,247468.0
2023-05-21 18:30:00,0.00904,0.00904,0.00902,0.00904,913080.0
2023-05-21 18:45:00,0.00905,0.00906,0.00903,0.00904,339037.0
2023-05-21 19:00:00,0.00904,0.00904,0.00902,0.00904,1068762.0
2023-05-21 19:15:00,0.00903,0.00905,0.00902,0.00903,608898.0
2023-05-21 19:30:00,0.00904,0.00906,0.00904,0.00905,145579.0
2023-05-21 19:45:00,0.00906,0.00906,0.00906,0.00906,24820.0
2023-05-21 20:00:00,0.00906,0.00907,0.00904,0.00904,848750.0
2023-05-21 20:15:00,0.00905,0.00906,0.00903,0.00905,726102.0
2023-05-21 20:30:00,0.00905,0.00905,0.00901,0.00902,468176.0
2023-05-21 20:45:00,0.00901,0.00902,0.00892,0.00894,4148237.0
2023-05-21 21:00:00,0.00892,0.00894,0.00885,0.00894,4058287.0
2023-05-21 21:15:00,0.00893,0.00893,0.00889,0.00889,1033501.0
2023-05-21 21:30:00,0.0089,0.0089,0.00888,0.00888,336800.0
2023-05-21 21:45:00,0.00889,0.00894,0.00889,0.0089,521836.0
2023-05-21 22:00:00,0.00891,0.00893,0.0089,0.00893,665841.0
2023-05-21 22:15:00,0.00893,0.00896,0.00891,0.00894,653488.0
2023-05-21 22:30:00,0.00896,0.00898,0.00894,0.00897,292073.0
2023-05-21 22:45:00,0.00896,0.00898,0.00895,0.00898,1164270.0
2023-05-21 23:00:00,0.00897,0.00898,0.00894,0.00897,656166.0
2023-05-21 23:15:00,0.00896,0.00896,0.00895,0.00895,62914.0
2023-05-21 23:30:00,0.00894,0.00895,0.00892,0.00895,51846.0
2023-05-21 23:45:00,0.00895,0.00895,0.00889,0.00891,498765.0
2023-05-22 00:00:00,0.00891,0.00895,0.00889,0.00895,208506.0
2023-05-22 00:15:00,0.00894,0.00894,0.00884,0.00885,1621007.0
2023-05-22 00:30:00,0.00885,0.00885,0.00872,0.00876,5682493.0
2023-05-22 00:45:00,0.00877,0.00883,0.00872,0.0088,1797855.0
2023-05-22 01:00:00,0.0088,0.00881,0.00875,0.00876,765765.0
2023-05-22 01:15:00,0.00876,0.0088,0.00873,0.0088,743478.0
2023-05-22 01:30:00,0.00877,0.00878,0.00876,0.00878,446047.0
2023-05-22 01:45:00,0.00878,0.00878,0.00872,0.00875,1351774.0
2023-05-22 02:00:00,0.00874,0.0088,0.00873,0.00878,1279023.0
2023-05-22 02:15:00,0.00879,0.0088,0.00879,0.00879,277766.0
2023-05-22 02:30:00,0.0088,0.00882,0.0088,0.00881,644459.0
2023-05-22 02:45:00,0.0088,0.00881,0.0088,0.00881,454704.0
2023-05-22 03:00:00,0.00879,0.00881,0.00878,0.00879,330712.0
2023-05-22 03:15:00,0.00879,0.00879,0.00878,0.00879,1528314.0
2023-05-22 03:30:00,0.00879,0.00879,0.00877,0.00879,327587.0
2023-05-22 03:45:00,0.00878,0.00878,0.00874,0.00874,466044.0
2023-05-22 04:00:00,0.00875,0.00876,0.00872,0.00874,1136348.0
2023-05-22 04:15:00,0.00875,0.00875,0.00872,0.00873,40399.0
2023-05-22 04:30:00,0.00874,0.00876,0.00872,0.00876,286668.0
2023-05-22 04:45:00,0.00875,0.00875,0.00872,0.00873,241677.0
2023-05-22 05:00:00,0.00872,0.00873,0.00863,0.00865,3853404.0
2023-05-22 05:15:00,0.00867,0.0087,0.00867,0.00869,669801.0
2023-05-22 05:30:00,0.0087,0.0087,0.00868,0.00869,259809.0
2023-05-22 05:45:00,0.00869,0.00869,0.00866,0.00866,498745.0
2023-05-22 06:00:00,0.00867,0.00868,0.00859,0.00865,2126318.0
2023-05-22 06:15:00,0.00865,0.00871,0.00864,0.00871,1330212.0
2023-05-22 06:30:00,0.00871,0.00873,0.00868,0.0087,1304253.0
2023-05-22 06:45:00,0.00869,0.0087,0.00866,0.0087,735758.0
2023-05-22 07:00:00,0.0087,0.00872,0.00869,0.00871,1645737.0
2023-05-22 07:15:00,0.00871,0.00871,0.00868,0.00869,69530.0
2023-05-22 07:30:00,0.00868,0.00872,0.00866,0.00871,2145505.0
2023-05-22 07:45:00,0.00871,0.00875,0.00871,0.00874,2266466.0
2023-05-22 08:00:00,0.00873,0.00876,0.00872,0.00876,1238208.0
2023-05-22 08:15:00,0.00877,0.00878,0.00876,0.00876,692234.0
2023-05-22 08:30:00,0.00877,0.0088,0.00876,0.00877,878781.0
2023-05-22 08:45:00,0.00877,0.00877,0.00875,0.00875,1217693.0
2023-05-22 09:00:00,0.00874,0.00877,0.00874,0.00877,1063111.0
2023-05-22 09:15:00,0.00878,0.0088,0.00877,0.0088,2868675.0
2023-05-22 09:30:00,0.0088,0.00883,0.0088,0.00883,2288802.0
2023-05-22 09:45:00,0.00882,0.00883,0.00879,0.0088,868681.0
2023-05-22 10:00:00,0.00883,0.00883,0.00879,0.0088,654141.0
2023-05-22 10:15:00,0.0088,0.0088,0.00878,0.00879,569239.0
2023-05-22 10:30:00,0.00879,0.00881,0.00876,0.00881,1639040.0
2023-05-22 10:45:00,0.0088,0.00883,0.0088,0.00883,1070703.0
2023-05-22 11:00:00,0.00882,0.00883,0.00878,0.00878,833241.0
2023-05-22 11:15:00,0.00878,0.00878,0.00875,0.00876,698401.0
2023-05-22 11:30:00,0.00876,0.00876,0.00874,0.00876,306383.0
2023-05-22 11:45:00,0.00876,0.00877,0.00875,0.00877,533671.0
2023-05-22 12:00:00,0.00878,0.0088,0.00877,0.00878,661659.0
2023-05-22 12:15:00,0.00878,0.00878,0.00875,0.00878,393211.0
2023-05-22 12:30:00,0.00877,0.00877,0.00875,0.00875,531307.0
2023-05-22 12:45:00,0.00873,0.00875,0.0087,0.0087,1620373.0
2023-05-22 13:00:00,0.00871,0.00871,0.00863,0.00867,5920926.0
2023-05-22 13:15:00,0.00867,0.0087,0.00867,0.00867,366100.0
2023-05-22 13:30:00,0.00868,0.00879,0.00867,0.00879,1603556.0
2023-05-22 13:45:00,0.00877,0.00881,0.00877,0.00879,2153147.0
2023-05-22 14:00:00,0.0088,0.0088,0.00871,0.00875,2957002.0
2023-05-22 14:15:00,0.00875,0.00877,0.00875,0.00876,1156483.0
2023-05-22 14:30:00,0.00876,0.00877,0.00873,0.00873,859363.0
2023-05-22 14:45:00,0.00874,0.00875,0.00873,0.00874,527040.0
2023-05-22 15:00:00,0.00876,0.00876,0.00871,0.00872,1492145.0
2023-05-22 15:15:00,0.00872,0.00873,0.00869,0.00871,1338298.0
2023-05-22 15:30:00,0.0087,0.00872,0.00867,0.00867,1760662.0
2023-05-22 15:45:00,0.00867,0.00869,0.00865,0.00865,668058.0
2023-05-22 16:00:00,0.00865,0.00866,0.00862,0.00864,1724500.0
2023-05-22 16:15:00,0.00864,0.00864,0.00851,0.00856,5627719.0
2023-05-22 16:30:00,0.00856,0.00857,0.00854,0.00857,1019628.0
2023-05-22 16:45:00,0.00857,0.00857,0.00851,0.00854,3194766.0
2023-05-22 17:00:00,0.00855,0.00855,0.00847,0.00849,3623282.0
2023-05-22 17:15:00,0.00848,0.0085,0.00845,0.00847,5904087.0
2023-05-22 17:30:00,0.00846,0.0085,0.00845,0.00848,7687698.0
2023-05-22 17:45:00,0.00849,0.00854,0.00849,0.00852,1933596.0
2023-05-22 18:00:00,0.00853,0.00853,0.0085,0.00851,1077273.0
2023-05-22 18:15:00,0.0085,0.00853,0.0085,0.00853,1089044.0
2023-05-22 18:30:00,0.00853,0.00855,0.00851,0.00854,3408760.0
2023-05-22 18:45:00,0.00854,0.00854,0.00851,0.00852,3176629.0
2023-05-22 19:00:00,0.00853,0.00853,0.00849,0.00852,1557495.0
2023-05-22 19:15:00,0.00852,0.00852,0.00848,0.0085,921689.0
2023-05-22 19:30:00,0.0085,0.00851,0.00849,0.00851,478314.0
2023-05-22 19:45:00,0.00851,0.00852,0.00848,0.00848,1476960.0
2023-05-22 20:00:00,0.00849,0.0085,0.00847,0.00849,1756079.0
2023-05-22 20:15:00,0.00849,0.0085,0.00844,0.00845,1997406.0
2023-05-22 20:30:00,0.00844,0.00847,0.00844,0.00845,581936.0
2023-05-22 20:45:00,0.00846,0.0085,0.00846,0.0085,1637271.0
2023-05-22 21:00:00,0.0085,0.00853,0.00848,0.00852,1646927.0
2023-05-22 21:15:00,0.00852,0.00853,0.0085,0.00852,982696.0
2023-05-22 21:30:00,0.00852,0.00855,0.00851,0.00852,845627.0
2023-05-22 21:45:00,0.00853,0.00854,0.00853,0.00853,290079.0
2023-05-22 22:00:00,0.00852,0.0086,0.00852,0.00856,7933231.0
2023-05-22 22:15:00,0.00856,0.00859,0.00855,0.00855,3463279.0
2023-05-22 22:30:00,0.00855,0.00859,0.00853,0.00857,1046446.0
2023-05-22 22:45:00,0.00856,0.00857,0.00854,0.00856,339441.0
2023-05-22 23:00:00,0.00856,0.00856,0.00853,0.00854,373582.0
2023-05-22 23:15:00,0.00854,0.00856,0.00854,0.00856,520692.0
2023-05-22 23:30:00,0.00855,0.00858,0.00855,0.00858,544103.0
2023-05-22 23:45:00,0.00858,0.00859,0.00856,0.00856,336295.0
2023-05-23 00:00:00,0.00856,0.00859,0.00856,0.00856,2571552.0
2023-05-23 00:15:00,0.00856,0.00856,0.00854,0.00854,349111.0
2023-05-23 00:30:00,0.00855,0.00856,0.00855,0.00856,198972.0
2023-05-23 00:45:00,0.00856,0.00856,0.00849,0.00849,924286.0
2023-05-23 01:00:00,0.0085,0.00851,0.00848,0.00849,584009.0
2023-05-23 01:15:00,0.0085,0.00856,0.00849,0.00856,658954.0
2023-05-23 01:30:00,0.00858,0.0086,0.00858,0.0086,1689109.0
2023-05-23 01:45:00,0.0086,0.00864,0.00856,0.00856,1206707.0
2023-05-23 02:00:00,0.00858,0.00859,0.00858,0.00858,224971.0
2023-05-23 02:15:00,0.0086,0.00862,0.0086,0.0086,1188190.0
2023-05-23 02:30:00,0.0086,0.00861,0.00859,0.00859,112627.0
2023-05-23 02:45:00,0.00861,0.00863,0.00861,0.00863,256867.0
2023-05-23 03:00:00,0.00864,0.00871,0.00864,0.0087,2563647.0
2023-05-23 03:15:00,0.0087,0.00874,0.00869,0.00871,948003.0
2023-05-23 03:30:00,0.00873,0.00876,0.00872,0.00873,515905.0
2023-05-23 03:45:00,0.00874,0.00876,0.00873,0.00875,634507.0
2023-05-23 04:00:00,0.00874,0.0088,0.00874,0.00875,1516033.0
2023-05-23 04:15:00,0.00876,0.00879,0.00872,0.00872,2275340.0
2023-05-23 04:30:00,0.00873,0.00874,0.00868,0.00869,1121040.0
2023-05-23 04:45:00,0.00868,0.0087,0.00868,0.00869,428974.0
2023-05-23 05:00:00,0.00869,0.00872,0.00869,0.0087,729462.0
2023-05-23 05:15:00,0.00872,0.00874,0.00866,0.0087,2976214.0
2023-05-23 05:30:00,0.00869,0.0087,0.00867,0.00867,265362.0
2023-05-23 05:45:00,0.00869,0.00869,0.00867,0.00868,110740.0
2023-05-23 06:00:00,0.0087,0.00874,0.0087,0.00873,982689.0
2023-05-23 06:15:00,0.00874,0.00874,0.0087,0.0087,375830.0
2023-05-23 06:30:00,0.0087,0.0087,0.00863,0.00864,1607338.0
2023-05-23 06:45:00,0.00863,0.00864,0.00862,0.00863,170035.0
2023-05-23 07:00:00,0.00863,0.00865,0.00859,0.00861,2114786.0
2023-05-23 07:15:00,0.0086,0.00861,0.00857,0.00857,661507.0
2023-05-23 07:30:00,0.00857,0.00859,0.00853,0.00857,2427899.0
2023-05-23 07:45:00,0.00857,0.00859,0.00856,0.00859,312917.0
2023-05-23 08:00:00,0.00859,0.00861,0.00855,0.00857,1854559.0
2023-05-23 08:15:00,0.00856,0.00857,0.00854,0.00857,1977872.0
2023-05-23 08:30:00,0.00858,0.00858,0.00854,0.00856,3024959.0
2023-05-23 08:45:00,0.00857,0.00857,0.00855,0.00857,1271962.0
2023-05-23 09:00:00,0.00855,0.00856,0.00853,0.00853,651224.0
2023-05-23 09:15:00,0.00853,0.00855,0.0085,0.00855,3221979.0
2023-05-23 09:30:00,0.00855,0.00856,0.00853,0.00853,827927.0
2023-05-23 09:45:00,0.00853,0.00856,0.00853,0.00855,1602491.0
2023-05-23 10:00:00,0.00854,0.00854,0.0085,0.00853,1819852.0
2023-05-23 10:15:00,0.00853,0.00855,0.00852,0.00853,489443.0
2023-05-23 10:30:00,0.00853,0.00854,0.00851,0.00852,241517.0
2023-05-23 10:45:00,0.00852,0.00852,0.00849,0.00852,1361127.0
2023-05-23 11:00:00,0.00852,0.00853,0.00851,0.00852,532449.0
2023-05-23 11:15:00,0.00852,0.00853,0.0085,0.00852,878654.0
2023-05-23 11:30:00,0.00852,0.00852,0.00849,0.00851,1434584.0
2023-05-23 11:45:00,0.00851,0.00852,0.00849,0.00852,968210.0
2023-05-23 12:00:00,0.00851,0.00851,0.00846,0.00847,3171660.0
2023-05-23 12:15:00,0.00847,0.00849,0.00845,0.00849,1132774.0
2023-05-23 12:30:00,0.0085,0.00852,0.00848,0.0085,1111986.0
2023-05-23 12:45:00,0.00851,0.00853,0.00849,0.00852,1224393.0
2023-05-23 13:00:00,0.00852,0.00855,0.00851,0.00853,1567073.0
2023-05-23 13:15:00,0.00854,0.00856,0.00854,0.00856,668860.0
2023-05-23 13:30:00,0.00856,0.00856,0.00851,0.00853,1242334.0
2023-05-23 13:45:00,0.00852,0.00854,0.0085,0.0085,1337689.0
2023-05-23 14:00:00,0.00851,0.00856,0.00851,0.00856,1211479.0
2023-05-23 14:15:00,0.00855,0.00858,0.00854,0.00857,922699.0
2023-05-23 14:30:00,0.00858,0.00858,0.00854,0.00855,1004347.0
2023-05-23 14:45:00,0.00856,0.00856,0.00853,0.00856,1741093.0
2023-05-23 15:00:00,0.00856,0.00856,0.00853,0.00854,759787.0
2023-05-23 15:15:00,0.00854,0.00857,0.00854,0.00856,425639.0
2023-05-23 15:30:00,0.00855,0.00857,0.00854,0.00857,311665.0
2023-05-23 15:45:00,0.00857,0.00857,0.00855,0.00857,858633.0
2023-05-23 16:00:00,0.00857,0.00857,0.00855,0.00856,435200.0
2023-05-23 16:15:00,0.00856,0.00857,0.00855,0.00856,630135.0
2023-05-23 16:30:00,0.00856,0.00856,0.00856,0.00856,139333.0
2023-05-23 16:45:00,0.00855,0.00857,0.00855,0.00857,555642.0
2023-05-23 17:00:00,0.00857,0.00857,0.00854,0.00855,378311.0
2023-05-23 17:15:00,0.00855,0.00856,0.00854,0.00855,1536182.0
2023-05-23 17:30:00,0.00855,0.00858,0.00854,0.00858,704606.0
2023-05-23 17:45:00,0.00856,0.00856,0.00854,0.00854,272538.0
2023-05-23 18:00:00,0.00854,0.00854,0.0085,0.00851,1390082.0
2023-05-23 18:15:00,0.00851,0.00851,0.00846,0.00848,1837359.0
2023-05-23 18:30:00,0.00847,0.00847,0.00846,0.00847,1046064.0
2023-05-23 18:45:00,0.00847,0.00847,0.00833,0.00836,10861441.0
2023-05-23 19:00:00,0.00836,0.00836,0.00827,0.00832,8657669.0
2023-05-23 19:15:00,0.00833,0.00833,0.00829,0.00831,5587882.0
2023-05-23 19:30:00,0.00832,0.00834,0.0083,0.00832,739551.0
2023-05-23 19:45:00,0.00832,0.00833,0.0083,0.0083,1080488.0
2023-05-23 20:00:00,0.0083,0.0083,0.00826,0.00827,2535990.0
2023-05-23 20:15:00,0.00827,0.0083,0.00827,0.00827,2125601.0
2023-05-23 20:30:00,0.00829,0.0083,0.00827,0.0083,950875.0
2023-05-23 20:45:00,0.00829,0.00834,0.00829,0.00832,1188039.0
2023-05-23 21:00:00,0.00832,0.00833,0.00831,0.00833,164143.0
2023-05-23 21:15:00,0.00833,0.00834,0.00832,0.00834,317434.0
2023-05-23 21:30:00,0.00832,0.00834,0.00831,0.00832,721228.0
2023-05-23 21:45:00,0.00831,0.00834,0.0083,0.00831,1342857.0
2023-05-23 22:00:00,0.00831,0.00831,0.00827,0.00831,1319435.0
2023-05-23 22:15:00,0.00831,0.00834,0.00831,0.00831,864222.0
2023-05-23 22:30:00,0.00831,0.00832,0.00829,0.00831,595341.0
2023-05-23 22:45:00,0.00831,0.00831,0.0083,0.00831,316107.0
2023-05-23 23:00:00,0.00831,0.00832,0.00829,0.0083,2106966.0
2023-05-23 23:15:00,0.00831,0.00832,0.00831,0.00832,517347.0
2023-05-23 23:30:00,0.00832,0.00835,0.00832,0.00832,835135.0
2023-05-23 23:45:00,0.00833,0.00834,0.00832,0.00834,83994.0
2023-05-24 00:00:00,0.00834,0.00835,0.00833,0.00833,604049.0
2023-05-24 00:15:00,0.00833,0.00833,0.00828,0.00831,868150.0
2023-05-24 00:30:00,0.0083,0.0083,0.00825,0.00828,4124536.0
2023-05-24 00:45:00,0.00828,0.00828,0.00822,0.00822,1987579.0
2023-05-24 01:00:00,0.00821,0.00824,0.00819,0.00824,1938184.0
2023-05-24 01:15:00,0.00823,0.00823,0.00821,0.00823,665137.0
2023-05-24 01:30:00,0.00822,0.00824,0.0082,0.00824,1303284.0
2023-05-24 01:45:00,0.00823,0.00824,0.00819,0.00823,3684231.0
2023-05-24 02:00:00,0.00822,0.0083,0.00822,0.0083,2905722.0
2023-05-24 02:15:00,0.0083,0.0083,0.00828,0.00829,108958.0
2023-05-24 02:30:00,0.00829,0.00831,0.00829,0.00831,265902.0
2023-05-24 02:45:00,0.0083,0.0083,0.00828,0.0083,254015.0
2023-05-24 03:00:00,0.0083,0.00831,0.00826,0.00826,774039.0
2023-05-24 03:15:00,0.00826,0.00826,0.00817,0.0082,1859642.0
2023-05-24 03:30:00,0.00819,0.00819,0.00796,0.00807,8723193.0
2023-05-24 03:45:00,0.00806,0.00808,0.00803,0.00808,1441683.0
2023-05-24 04:00:00,0.00808,0.00809,0.008,0.00801,2845038.0
2023-05-24 04:15:00,0.008,0.00804,0.008,0.00801,1169694.0
2023-05-24 04:30:00,0.00802,0.00805,0.00801,0.00803,2597155.0
2023-05-24 04:45:00,0.00803,0.00805,0.00803,0.00805,255198.0
2023-05-24 05:00:00,0.00805,0.00807,0.00803,0.00804,681350.0
2023-05-24 05:15:00,0.00804,0.00804,0.00803,0.00803,325153.0
2023-05-24 05:30:00,0.00804,0.00804,0.00798,0.008,3668200.0
2023-05-24 05:45:00,0.008,0.008,0.00797,0.00798,1995130.0
2023-05-24 06:00:00,0.00797,0.00798,0.00787,0.0079,4610076.0
2023-05-24 06:15:00,0.00791,0.00794,0.00789,0.00793,2415600.0
2023-05-24 06:30:00,0.00793,0.00795,0.0079,0.00792,1780969.0
2023-05-24 06:45:00,0.00791,0.00791,0.00785,0.00787,1530244.0
2023-05-24 07:00:00,0.00787,0.00792,0.00785,0.00792,739704.0
2023-05-24 07:15:00,0.00791,0.00792,0.00788,0.00789,773790.0
2023-05-24 07:30:00,0.00789,0.0079,0.00785,0.00787,643347.0
2023-05-24 07:45:00,0.00787,0.00787,0.00775,0.0078,8060859.0
2023-05-24 08:00:00,0.0078,0.00788,0.0078,0.00787,4018890.0
2023-05-24 08:15:00,0.00788,0.00789,0.00785,0.00788,1133353.0
2023-05-24 08:30:00,0.00788,0.00793,0.00786,0.00791,2477501.0
2023-05-24 08:45:00,0.00792,0.00792,0.00788,0.00788,2064219.0
2023-05-24 09:00:00,0.00789,0.00793,0.00789,0.00792,1219691.0
2023-05-24 09:15:00,0.00792,0.00796,0.00792,0.00795,1438780.0
2023-05-24 09:30:00,0.00795,0.00795,0.0079,0.00791,3523742.0
2023-05-24 09:45:00,0.00791,0.00792,0.00788,0.00789,971301.0
2023-05-24 10:00:00,0.00789,0.00792,0.00788,0.00791,626614.0
2023-05-24 10:15:00,0.0079,0.00791,0.00788,0.00788,282222.0
2023-05-24 10:30:00,0.00789,0.00791,0.00788,0.00789,1594394.0
2023-05-24 10:45:00,0.00789,0.0079,0.00788,0.00788,1111435.0
2023-05-24 11:00:00,0.00788,0.0079,0.00787,0.00787,660048.0
2023-05-24 11:15:00,0.00787,0.00791,0.00787,0.00787,783839.0
2023-05-24 11:30:00,0.00788,0.00793,0.00788,0.00793,1754214.0
2023-05-24 11:45:00,0.00791,0.00797,0.00791,0.00794,6114836.0
2023-05-24 12:00:00,0.00794,0.00796,0.00792,0.00794,1324589.0
2023-05-24 12:15:00,0.00795,0.00795,0.0079,0.00792,1196117.0
2023-05-24 12:30:00,0.00792,0.00793,0.0079,0.0079,936529.0
2023-05-24 12:45:00,0.00791,0.00793,0.00789,0.00789,925563.0
2023-05-24 13:00:00,0.00789,0.00792,0.00789,0.0079,582496.0
2023-05-24 13:15:00,0.0079,0.00792,0.00786,0.00788,2885750.0
2023-05-24 13:30:00,0.00787,0.00789,0.00786,0.00786,2174034.0
2023-05-24 13:45:00,0.00786,0.00789,0.0076,0.00778,11715367.0
2023-05-24 14:00:00,0.00777,0.00788,0.00775,0.00788,5293667.0
2023-05-24 14:15:00,0.00789,0.00793,0.00787,0.00793,5003748.0
2023-05-24 14:30:00,0.00793,0.00803,0.00793,0.00798,6997369.0
2023-05-24 14:45:00,0.00798,0.008,0.00795,0.00797,2861394.0
2023-05-24 15:00:00,0.00797,0.00803,0.00796,0.00802,1783826.0
2023-05-24 15:15:00,0.00804,0.00816,0.00804,0.00815,2549945.0
2023-05-24 15:30:00,0.00815,0.00819,0.00814,0.00814,1427562.0
2023-05-24 15:45:00,0.00814,0.00814,0.00803,0.00803,4311177.0
2023-05-24 16:00:00,0.00805,0.00806,0.00794,0.00796,1202112.0
2023-05-24 16:15:00,0.00796,0.00801,0.00794,0.00797,2098617.0
2023-05-24 16:30:00,0.00797,0.008,0.00797,0.00797,1402884.0
2023-05-24 16:45:00,0.00798,0.00802,0.00798,0.00802,470372.0
2023-05-24 17:00:00,0.00801,0.00803,0.00799,0.00802,2048769.0
2023-05-24 17:15:00,0.00802,0.00814,0.00802,0.00811,3379554.0
2023-05-24 17:30:00,0.00812,0.00815,0.00811,0.00814,2350187.0
2023-05-24 17:45:00,0.00814,0.00816,0.00811,0.00814,1692277.0
2023-05-24 18:00:00,0.00815,0.00819,0.00813,0.00816,1793876.0
2023-05-24 18:15:00,0.00817,0.00819,0.0081,0.00814,6288014.0
2023-05-24 18:30:00,0.00814,0.00822,0.00814,0.0082,3599131.0
2023-05-24 18:45:00,0.0082,0.00822,0.00817,0.0082,1568103.0
2023-05-24 19:00:00,0.0082,0.00822,0.00818,0.00821,1537679.0
2023-05-24 19:15:00,0.00822,0.00844,0.00822,0.00843,12363599.0
2023-05-24 19:30:00,0.00842,0.0085,0.00836,0.00849,8147632.0
2023-05-24 19:45:00,0.0085,0.0085,0.00839,0.00849,10563311.0
2023-05-24 20:00:00,0.00848,0.00855,0.0084,0.00843,10938334.0
2023-05-24 20:15:00,0.00842,0.00867,0.0084,0.00865,8254078.0
2023-05-24 20:30:00,0.00865,0.00871,0.00854,0.00863,18881044.0
2023-05-24 20:45:00,0.00863,0.00874,0.00862,0.00874,6088357.0
2023-05-24 21:00:00,0.00873,0.00874,0.00859,0.0086,3744831.0
2023-05-24 21:15:00,0.0086,0.00865,0.00857,0.00857,4923422.0
2023-05-24 21:30:00,0.00859,0.00859,0.00849,0.0085,4198719.0
2023-05-24 21:45:00,0.0085,0.0085,0.00841,0.00843,2881433.0
2023-05-24 22:00:00,0.00843,0.00852,0.00843,0.00847,1699500.0
2023-05-24 22:15:00,0.00848,0.0085,0.00844,0.00846,552503.0
2023-05-24 22:30:00,0.00845,0.00849,0.00845,0.00846,502771.0
2023-05-24 22:45:00,0.00846,0.00846,0.00843,0.00845,1875544.0
2023-05-24 23:00:00,0.00846,0.00848,0.00842,0.00844,573291.0
2023-05-24 23:15:00,0.00843,0.00845,0.00839,0.00841,1014855.0
2023-05-24 23:30:00,0.00841,0.00845,0.00841,0.00845,662567.0
2023-05-24 23:45:00,0.00845,0.00846,0.00842,0.00842,2514625.0
2023-05-25 00:00:00,0.00845,0.00852,0.00845,0.0085,5946789.0
2023-05-25 00:15:00,0.0085,0.00852,0.00843,0.00844,2526388.0
2023-05-25 00:30:00,0.00844,0.00845,0.0084,0.00844,795091.0
2023-05-25 00:45:00,0.00844,0.00865,0.00839,0.00848,12972213.0
2023-05-25 01:00:00,0.00846,0.00878,0.00843,0.00873,26025884.0
2023-05-25 01:15:00,0.00873,0.00873,0.0084,0.00851,15278087.0
2023-05-25 01:30:00,0.0085,0.00867,0.00848,0.00867,5939019.0
2023-05-25 01:45:00,0.00866,0.00867,0.00824,0.00826,15898711.0
2023-05-25 02:00:00,0.00826,0.00852,0.00825,0.00849,5356415.0
2023-05-25 02:15:00,0.0085,0.00852,0.00844,0.00848,2739518.0
2023-05-25 02:30:00,0.00847,0.00854,0.00844,0.00851,3814358.0
2023-05-25 02:45:00,0.00852,0.00856,0.00844,0.00855,4947757.0
2023-05-25 03:00:00,0.00854,0.00854,0.00845,0.00847,4115391.0
2023-05-25 03:15:00,0.00847,0.0086,0.00846,0.00858,9459793.0
2023-05-25 03:30:00,0.00858,0.00868,0.00851,0.00864,8490941.0
2023-05-25 03:45:00,0.00864,0.00864,0.00858,0.00862,2952736.0
2023-05-25 04:00:00,0.0086,0.00867,0.00854,0.00866,6139256.0
2023-05-25 04:15:00,0.00867,0.00877,0.00863,0.00874,9132771.0
2023-05-25 04:30:00,0.00873,0.00891,0.00868,0.00868,16165686.0
2023-05-25 04:45:00,0.00868,0.00868,0.00863,0.00865,5090449.0
2023-05-25 05:00:00,0.00865,0.00865,0.00858,0.00861,5269191.0
2023-05-25 05:15:00,0.0086,0.00899,0.00859,0.00887,27132491.0
2023-05-25 05:30:00,0.00887,0.00888,0.00866,0.00868,20121731.0
2023-05-25 05:45:00,0.0087,0.0088,0.0087,0.00875,5971441.0
2023-05-25 06:00:00,0.00875,0.009,0.00864,0.00882,37880676.0
2023-05-25 06:15:00,0.00881,0.00889,0.00872,0.0088,18316171.0
2023-05-25 06:30:00,0.0088,0.00889,0.00875,0.00884,10219032.0
2023-05-25 06:45:00,0.00885,0.00901,0.00885,0.00891,18808255.0
2023-05-25 07:00:00,0.00891,0.00891,0.00879,0.00883,12713953.0
2023-05-25 07:15:00,0.00883,0.00899,0.0088,0.00899,18698238.0
2023-05-25 07:30:00,0.00898,0.00899,0.00876,0.00881,12825431.0
2023-05-25 07:45:00,0.00881,0.00891,0.00877,0.00883,12569197.0
2023-05-25 08:00:00,0.00882,0.00882,0.00863,0.0087,13239765.0
2023-05-25 08:15:00,0.0087,0.00873,0.00865,0.00873,8936749.0
2023-05-25 08:30:00,0.00871,0.00884,0.00871,0.00873,4761901.0
2023-05-25 08:45:00,0.00875,0.00876,0.00865,0.00867,2869914.0
2023-05-25 09:00:00,0.00866,0.00869,0.00853,0.00858,7881993.0
2023-05-25 09:15:00,0.00858,0.0086,0.00855,0.00858,5741247.0
2023-05-25 09:30:00,0.00858,0.0086,0.00854,0.00854,1919167.0
2023-05-25 09:45:00,0.00854,0.00854,0.00843,0.00853,10863856.0
2023-05-25 10:00:00,0.00853,0.00854,0.00844,0.00848,4272926.0
2023-05-25 10:15:00,0.00848,0.00852,0.00845,0.00847,3908230.0
2023-05-25 10:30:00,0.00847,0.0085,0.00839,0.00842,11814199.0
2023-05-25 10:45:00,0.00843,0.00844,0.00838,0.0084,4212058.0
2023-05-25 11:00:00,0.0084,0.00842,0.00837,0.00838,4517748.0
2023-05-25 11:15:00,0.00838,0.00846,0.00838,0.00844,2962473.0
2023-05-25 11:30:00,0.00844,0.00846,0.00832,0.00835,8316110.0
2023-05-25 11:45:00,0.00835,0.00837,0.00832,0.00833,3226775.0
2023-05-25 12:00:00,0.00833,0.0084,0.00833,0.00835,3122557.0
2023-05-25 12:15:00,0.00837,0.00842,0.00835,0.00835,6862266.0
2023-05-25 12:30:00,0.00836,0.00837,0.00827,0.00829,3303942.0
2023-05-25 12:45:00,0.00827,0.00827,0.00819,0.00826,16034137.0
2023-05-25 13:00:00,0.00825,0.00827,0.0082,0.00822,5959047.0
2023-05-25 13:15:00,0.00823,0.00829,0.00823,0.00828,2144205.0
2023-05-25 13:30:00,0.00828,0.00831,0.00824,0.00826,2851233.0
2023-05-25 13:45:00,0.00825,0.00826,0.00819,0.00824,3557531.0
2023-05-25 14:00:00,0.00824,0.0083,0.00824,0.00827,1616724.0
2023-05-25 14:15:00,0.00827,0.0083,0.00825,0.0083,879587.0
2023-05-25 14:30:00,0.00831,0.00831,0.00826,0.00829,2035199.0
2023-05-25 14:45:00,0.00828,0.00832,0.00824,0.00827,5916183.0
2023-05-25 15:00:00,0.00828,0.00833,0.00827,0.00833,1807779.0
2023-05-25 15:15:00,0.00832,0.00833,0.00815,0.00815,5061661.0
2023-05-25 15:30:00,0.00816,0.00818,0.00809,0.00814,7362146.0
2023-05-25 15:45:00,0.00813,0.00814,0.00811,0.00811,2248046.0
2023-05-25 16:00:00,0.00812,0.00818,0.00812,0.00814,1122691.0
2023-05-25 16:15:00,0.00813,0.00817,0.0081,0.00814,4301106.0
2023-05-25 16:30:00,0.00814,0.00816,0.00812,0.00816,929201.0
2023-05-25 16:45:00,0.00816,0.00816,0.00814,0.00815,567039.0
2023-05-25 17:00:00,0.00815,0.00818,0.00812,0.00812,2910259.0
2023-05-25 17:15:00,0.00812,0.00818,0.00812,0.00817,1589659.0
2023-05-25 17:30:00,0.00818,0.00819,0.00813,0.00814,3473378.0
2023-05-25 17:45:00,0.00815,0.00817,0.00812,0.00812,4906711.0
2023-05-25 18:00:00,0.00813,0.00817,0.00811,0.00813,6296035.0
2023-05-25 18:15:00,0.00812,0.00815,0.00811,0.00811,1674617.0
2023-05-25 18:30:00,0.00813,0.00813,0.0081,0.0081,1270443.0
2023-05-25 18:45:00,0.00809,0.00812,0.00809,0.0081,803237.0
2023-05-25 19:00:00,0.0081,0.0082,0.0081,0.0082,3195756.0
2023-05-25 19:15:00,0.00819,0.00821,0.00816,0.00817,2658482.0
2023-05-25 19:30:00,0.00818,0.00818,0.00816,0.00817,190748.0
2023-05-25 19:45:00,0.00817,0.00819,0.00817,0.00819,536679.0
2023-05-25 20:00:00,0.00817,0.00822,0.00817,0.0082,2936504.0
2023-05-25 20:15:00,0.00819,0.0082,0.00818,0.00819,194437.0
2023-05-25 20:30:00,0.0082,0.0082,0.00819,0.0082,572920.0
2023-05-25 20:45:00,0.00819,0.00822,0.00818,0.00822,2413464.0
2023-05-25 21:00:00,0.00822,0.00822,0.00813,0.00813,7713618.0
2023-05-25 21:15:00,0.00815,0.00815,0.0081,0.00811,3792518.0
2023-05-25 21:30:00,0.0081,0.00811,0.00809,0.00811,1315788.0
2023-05-25 21:45:00,0.00809,0.00809,0.00806,0.00806,1088539.0
2023-05-25 22:00:00,0.00808,0.00811,0.00805,0.00807,5355957.0
2023-05-25 22:15:00,0.00807,0.00808,0.00805,0.00805,1366162.0
2023-05-25 22:30:00,0.00805,0.00805,0.00804,0.00804,506299.0
2023-05-25 22:45:00,0.00804,0.00807,0.00801,0.00803,1404614.0
2023-05-25 23:00:00,0.00804,0.00808,0.00803,0.00805,1186380.0
2023-05-25 23:15:00,0.00806,0.00806,0.00804,0.00805,800041.0
2023-05-25 23:30:00,0.00804,0.00804,0.00801,0.00802,1204858.0
2023-05-25 23:45:00,0.00802,0.00803,0.00802,0.00802,1031608.0
2023-05-26 00:00:00,0.00802,0.00804,0.008,0.008,1432627.0
2023-05-26 00:15:00,0.00801,0.00803,0.00801,0.00803,627452.0
2023-05-26 00:30:00,0.00801,0.00805,0.00801,0.00803,886980.0
2023-05-26 00:45:00,0.00804,0.0081,0.00804,0.0081,2370384.0
2023-05-26 01:00:00,0.00809,0.00813,0.00809,0.00813,1893696.0
2023-05-26 01:15:00,0.00812,0.00814,0.00807,0.00807,2300457.0
2023-05-26 01:30:00,0.00806,0.00807,0.00804,0.00806,2213751.0
2023-05-26 01:45:00,0.00804,0.00805,0.008,0.00801,1208618.0
2023-05-26 02:00:00,0.00803,0.00804,0.00802,0.00802,207021.0
2023-05-26 02:15:00,0.00801,0.00802,0.00798,0.00802,635066.0
2023-05-26 02:30:00,0.00802,0.00805,0.00801,0.00804,836554.0
2023-05-26 02:45:00,0.00804,0.00804,0.00801,0.00802,356055.0
2023-05-26 03:00:00,0.00802,0.00802,0.00801,0.00802,288253.0
2023-05-26 03:15:00,0.00803,0.00805,0.00802,0.00805,2173720.0
2023-05-26 03:30:00,0.00805,0.00805,0.00802,0.00803,743537.0
2023-05-26 03:45:00,0.00803,0.00805,0.00802,0.00805,1221917.0
2023-05-26 04:00:00,0.00805,0.00807,0.00805,0.00807,535600.0
2023-05-26 04:15:00,0.00808,0.00809,0.008,0.008,3343511.0
2023-05-26 04:30:00,0.00802,0.00802,0.00797,0.00797,1499886.0
2023-05-26 04:45:00,0.00797,0.008,0.00793,0.00796,2774779.0
2023-05-26 05:00:00,0.00796,0.00801,0.00796,0.00799,1592560.0
2023-05-26 05:15:00,0.00799,0.00799,0.00797,0.00797,226736.0
2023-05-26 05:30:00,0.00796,0.00796,0.00784,0.00787,4568651.0
2023-05-26 05:45:00,0.00787,0.00787,0.00781,0.00783,1763618.0
2023-05-26 06:00:00,0.00782,0.00788,0.00782,0.00788,3603753.0
2023-05-26 06:15:00,0.00788,0.00788,0.00784,0.00784,2654364.0
2023-05-26 06:30:00,0.00784,0.00787,0.00782,0.00787,1627397.0
2023-05-26 06:45:00,0.00786,0.00788,0.00783,0.00788,2969245.0
2023-05-26 07:00:00,0.00789,0.00793,0.00788,0.00792,2078903.0
2023-05-26 07:15:00,0.00792,0.00792,0.00787,0.00787,1852158.0
2023-05-26 07:30:00,0.00787,0.00792,0.00787,0.00791,3207795.0
2023-05-26 07:45:00,0.00791,0.00795,0.00791,0.00795,1461650.0
2023-05-26 08:00:00,0.00795,0.00795,0.00791,0.00792,628503.0
2023-05-26 08:15:00,0.00793,0.00795,0.00793,0.00794,232807.0
2023-05-26 08:30:00,0.00794,0.00794,0.0079,0.00791,1298440.0
2023-05-26 08:45:00,0.00791,0.00795,0.00791,0.00795,993270.0
2023-05-26 09:00:00,0.00794,0.00795,0.00789,0.00791,1665379.0
2023-05-26 09:15:00,0.00791,0.00792,0.00789,0.00792,1208433.0
2023-05-26 09:30:00,0.00791,0.00794,0.00791,0.00793,961181.0
2023-05-26 09:45:00,0.00791,0.00792,0.0079,0.00792,2281953.0
2023-05-26 10:00:00,0.00791,0.00791,0.00786,0.00788,1988060.0
2023-05-26 10:15:00,0.00789,0.0079,0.00787,0.0079,910584.0
2023-05-26 10:30:00,0.0079,0.00794,0.0079,0.00791,1435507.0
2023-05-26 10:45:00,0.00793,0.00793,0.00788,0.00788,1572646.0
2023-05-26 11:00:00,0.00787,0.00788,0.00787,0.00787,317828.0
2023-05-26 11:15:00,0.00788,0.00789,0.00785,0.00789,417718.0
2023-05-26 11:30:00,0.00788,0.00789,0.00785,0.00785,2061258.0
2023-05-26 11:45:00,0.00787,0.00792,0.00787,0.00791,2895288.0
2023-05-26 12:00:00,0.00791,0.00792,0.0079,0.0079,907765.0
2023-05-26 12:15:00,0.0079,0.00792,0.00789,0.00792,955059.0
2023-05-26 12:30:00,0.00792,0.00795,0.00785,0.00788,2020880.0
2023-05-26 12:45:00,0.00788,0.00792,0.00788,0.0079,688088.0
2023-05-26 13:00:00,0.0079,0.00794,0.00789,0.00792,1285934.0
2023-05-26 13:15:00,0.00794,0.00795,0.0079,0.0079,1175542.0
2023-05-26 13:30:00,0.00791,0.008,0.00791,0.00797,5521697.0
2023-05-26 13:45:00,0.00797,0.00799,0.00796,0.00796,1361002.0
2023-05-26 14:00:00,0.00797,0.00798,0.00796,0.00798,1225636.0
2023-05-26 14:15:00,0.00797,0.00806,0.00797,0.00802,4880068.0
2023-05-26 14:30:00,0.00803,0.00807,0.00801,0.00801,3054962.0
2023-05-26 14:45:00,0.00801,0.00803,0.00801,0.00801,979048.0
2023-05-26 15:00:00,0.00802,0.00804,0.00801,0.00802,1411274.0
2023-05-26 15:15:00,0.00803,0.00803,0.00799,0.00802,2704133.0
2023-05-26 15:30:00,0.00803,0.00808,0.00803,0.00808,2547800.0
2023-05-26 15:45:00,0.00808,0.00808,0.00804,0.00804,1761949.0
2023-05-26 16:00:00,0.00804,0.00805,0.008,0.00802,3443980.0
2023-05-26 16:15:00,0.00802,0.00807,0.00802,0.00805,545227.0
2023-05-26 16:30:00,0.00805,0.00807,0.00805,0.00807,1785432.0
2023-05-26 16:45:00,0.00808,0.00813,0.00808,0.00812,2933852.0
2023-05-26 17:00:00,0.00813,0.00815,0.00808,0.00811,1770959.0
2023-05-26 17:15:00,0.00811,0.00817,0.00811,0.00811,2802721.0
2023-05-26 17:30:00,0.00811,0.00826,0.00806,0.0081,15282074.0
2023-05-26 17:45:00,0.0081,0.00813,0.00809,0.00809,3874425.0
2023-05-26 18:00:00,0.0081,0.00816,0.0081,0.00813,1944115.0
2023-05-26 18:15:00,0.00814,0.00814,0.00812,0.00814,474042.0
2023-05-26 18:30:00,0.00815,0.00816,0.00811,0.00812,3218070.0
2023-05-26 18:45:00,0.00812,0.00812,0.00799,0.00805,12704461.0
2023-05-26 19:00:00,0.00806,0.00808,0.00802,0.00802,1841914.0
2023-05-26 19:15:00,0.00804,0.00805,0.00803,0.00804,411578.0
2023-05-26 19:30:00,0.00804,0.00806,0.00803,0.00806,822969.0
2023-05-26 19:45:00,0.00806,0.00806,0.00804,0.00805,487421.0
2023-05-26 20:00:00,0.00806,0.00807,0.00805,0.00805,535228.0
2023-05-26 20:15:00,0.00806,0.00806,0.00803,0.00804,1356174.0
2023-05-26 20:30:00,0.00804,0.00804,0.008,0.00802,2394098.0
2023-05-26 20:45:00,0.00803,0.00804,0.00799,0.008,1684019.0
2023-05-26 21:00:00,0.008,0.00802,0.008,0.00801,1684770.0
2023-05-26 21:15:00,0.008,0.008,0.00794,0.00795,2537234.0
2023-05-26 21:30:00,0.00793,0.00795,0.00793,0.00795,448859.0
2023-05-26 21:45:00,0.00795,0.00796,0.00793,0.00794,571034.0
2023-05-26 22:00:00,0.00794,0.00796,0.00794,0.00796,277079.0
2023-05-26 22:15:00,0.00796,0.00796,0.00794,0.00794,99773.0
2023-05-26 22:30:00,0.00793,0.00793,0.00787,0.00791,3655836.0
2023-05-26 22:45:00,0.00791,0.00791,0.00789,0.00789,307408.0
2023-05-26 23:00:00,0.00788,0.00789,0.00785,0.00789,2136303.0
2023-05-26 23:15:00,0.0079,0.0079,0.00787,0.00788,1425385.0
2023-05-26 23:30:00,0.00788,0.00788,0.00786,0.00788,104263.0
2023-05-26 23:45:00,0.00788,0.0079,0.00787,0.00789,972977.0
2023-05-27 00:00:00,0.00789,0.00789,0.00784,0.00785,2502936.0
2023-05-27 00:15:00,0.00785,0.00785,0.00781,0.00781,1721532.0
2023-05-27 00:30:00,0.00781,0.00783,0.0078,0.0078,951223.0
2023-05-27 00:45:00,0.0078,0.00781,0.00779,0.0078,596127.0
2023-05-27 01:00:00,0.0078,0.00781,0.00779,0.0078,1117747.0
2023-05-27 01:15:00,0.00781,0.00781,0.00776,0.00778,1819912.0
2023-05-27 01:30:00,0.00778,0.0078,0.00776,0.00779,624389.0
2023-05-27 01:45:00,0.0078,0.0078,0.00778,0.00778,1113825.0
2023-05-27 02:00:00,0.00778,0.00778,0.00773,0.00774,2876557.0
2023-05-27 02:15:00,0.00775,0.00775,0.00775,0.00775,114428.0
2023-05-27 02:30:00,0.00774,0.00778,0.00772,0.00778,2311527.0
2023-05-27 02:45:00,0.00778,0.00781,0.00778,0.0078,1046503.0
2023-05-27 03:00:00,0.0078,0.0078,0.00779,0.00779,27346.0
2023-05-27 03:15:00,0.0078,0.0078,0.00779,0.0078,758198.0
2023-05-27 03:30:00,0.0078,0.00781,0.0078,0.00781,394151.0
2023-05-27 03:45:00,0.00781,0.00784,0.00781,0.00784,855782.0
2023-05-27 04:00:00,0.00783,0.00784,0.00783,0.00783,1091522.0
2023-05-27 04:15:00,0.00783,0.00783,0.00777,0.0078,2827711.0
2023-05-27 04:30:00,0.00779,0.00781,0.00777,0.00781,781669.0
2023-05-27 04:45:00,0.00782,0.00785,0.00781,0.00781,1271836.0
2023-05-27 05:00:00,0.00782,0.00783,0.00781,0.00782,403890.0
2023-05-27 05:15:00,0.00782,0.00783,0.00781,0.00782,614789.0
2023-05-27 05:30:00,0.00781,0.00783,0.00781,0.00781,546694.0
2023-05-27 05:45:00,0.00782,0.00783,0.0078,0.0078,658777.0
2023-05-27 06:00:00,0.00779,0.0078,0.00779,0.0078,224536.0
2023-05-27 06:15:00,0.00779,0.00779,0.00777,0.00777,246200.0
2023-05-27 06:30:00,0.00776,0.00777,0.00775,0.00776,829195.0
2023-05-27 06:45:00,0.00776,0.00783,0.00776,0.00781,3673380.0
2023-05-27 07:00:00,0.0078,0.0078,0.00775,0.00778,4325094.0
2023-05-27 07:15:00,0.00778,0.00778,0.00774,0.00776,1539335.0
2023-05-27 07:30:00,0.00775,0.00778,0.00774,0.00777,690355.0
2023-05-27 07:45:00,0.00777,0.00779,0.00777,0.00779,1851937.0
2023-05-27 08:00:00,0.00778,0.00779,0.00774,0.00775,429230.0
2023-05-27 08:15:00,0.00775,0.00779,0.00774,0.00778,2279497.0
2023-05-27 08:30:00,0.00779,0.0078,0.00777,0.00778,2496631.0
2023-05-27 08:45:00,0.00777,0.00779,0.00776,0.00779,803105.0
2023-05-27 09:00:00,0.0078,0.00781,0.00779,0.0078,781056.0
2023-05-27 09:15:00,0.0078,0.00785,0.0078,0.00781,4494680.0
2023-05-27 09:30:00,0.00782,0.00785,0.00782,0.00783,1852069.0
2023-05-27 09:45:00,0.00783,0.00783,0.00779,0.00779,4141011.0
2023-05-27 10:00:00,0.0078,0.00782,0.00779,0.00779,1662206.0
2023-05-27 10:15:00,0.00779,0.00779,0.00775,0.00776,1626361.0
2023-05-27 10:30:00,0.00775,0.00776,0.00774,0.00775,171621.0
2023-05-27 10:45:00,0.00775,0.00776,0.00773,0.00775,694449.0
2023-05-27 11:00:00,0.00775,0.00777,0.00773,0.00775,1272354.0
2023-05-27 11:15:00,0.00776,0.00776,0.00771,0.00774,1599630.0
2023-05-27 11:30:00,0.00774,0.00775,0.00773,0.00774,723430.0
2023-05-27 11:45:00,0.00774,0.00775,0.00771,0.00773,1697169.0
2023-05-27 12:00:00,0.00773,0.00776,0.00772,0.00776,1271458.0
2023-05-27 12:15:00,0.00776,0.00777,0.00775,0.00776,311672.0
2023-05-27 12:30:00,0.00777,0.00779,0.00776,0.00779,2087095.0
2023-05-27 12:45:00,0.00779,0.00779,0.00775,0.00776,1703046.0
2023-05-27 13:00:00,0.00776,0.00777,0.00775,0.00776,744908.0
2023-05-27 13:15:00,0.00775,0.00778,0.00775,0.00778,1644389.0
2023-05-27 13:30:00,0.00778,0.00781,0.00778,0.00781,1082443.0
2023-05-27 13:45:00,0.00781,0.00781,0.00773,0.00773,1411979.0
2023-05-27 14:00:00,0.00774,0.00776,0.00774,0.00776,758596.0
2023-05-27 14:15:00,0.00775,0.00777,0.00774,0.00776,2339178.0
2023-05-27 14:30:00,0.00776,0.00776,0.00775,0.00776,878203.0
2023-05-27 14:45:00,0.00776,0.00778,0.00775,0.00775,514035.0
2023-05-27 15:00:00,0.00775,0.00775,0.00773,0.00774,196735.0
2023-05-27 15:15:00,0.00774,0.00775,0.00774,0.00774,184867.0
2023-05-27 15:30:00,0.00774,0.00776,0.00774,0.00776,226858.0
2023-05-27 15:45:00,0.00776,0.00776,0.00776,0.00776,85847.0
2023-05-27 16:00:00,0.00776,0.00779,0.00776,0.00778,924746.0
2023-05-27 16:15:00,0.00778,0.00778,0.00773,0.00773,1024367.0
2023-05-27 16:30:00,0.00774,0.00774,0.00766,0.00768,3434177.0
2023-05-27 16:45:00,0.00767,0.00769,0.00767,0.00768,1358222.0
2023-05-27 17:00:00,0.00768,0.00768,0.00763,0.00765,2204931.0
2023-05-27 17:15:00,0.00765,0.00767,0.00764,0.00767,2088439.0
2023-05-27 17:30:00,0.00767,0.00767,0.00762,0.00766,2720240.0
2023-05-27 17:45:00,0.00766,0.00768,0.00765,0.00766,1669309.0
2023-05-27 18:00:00,0.00766,0.00768,0.00766,0.00767,881027.0
2023-05-27 18:15:00,0.00767,0.00768,0.00766,0.00767,382957.0
2023-05-27 18:30:00,0.00766,0.00769,0.00766,0.00768,1382075.0
2023-05-27 18:45:00,0.00768,0.00768,0.00761,0.00762,3179325.0
2023-05-27 19:00:00,0.00761,0.00763,0.00761,0.00762,849152.0
2023-05-27 19:15:00,0.00762,0.00762,0.00758,0.00758,3117454.0
2023-05-27 19:30:00,0.00758,0.0076,0.00757,0.0076,1118845.0
2023-05-27 19:45:00,0.00761,0.00767,0.00761,0.00766,2980399.0
2023-05-27 20:00:00,0.00765,0.00767,0.00762,0.00767,2008345.0
2023-05-27 20:15:00,0.00767,0.00767,0.00764,0.00767,1794199.0
2023-05-27 20:30:00,0.00766,0.00767,0.00765,0.00767,294443.0
2023-05-27 20:45:00,0.00767,0.00767,0.00767,0.00767,859927.0
2023-05-27 21:00:00,0.00768,0.00769,0.00767,0.00768,500622.0
2023-05-27 21:15:00,0.00768,0.00769,0.00767,0.00768,876435.0
2023-05-27 21:30:00,0.00768,0.00771,0.00768,0.0077,574083.0
2023-05-27 21:45:00,0.00771,0.00773,0.00771,0.00773,1122351.0
2023-05-27 22:00:00,0.00773,0.00774,0.00772,0.00774,454885.0
2023-05-27 22:15:00,0.00774,0.00776,0.00774,0.00776,551190.0
2023-05-27 22:30:00,0.00777,0.00778,0.00776,0.00778,1340374.0
2023-05-27 22:45:00,0.00777,0.00779,0.00776,0.00777,895668.0
2023-05-27 23:00:00,0.00779,0.00782,0.00778,0.00778,1390708.0
2023-05-27 23:15:00,0.00778,0.00778,0.00774,0.00776,1560135.0
2023-05-27 23:30:00,0.00776,0.00779,0.00776,0.00778,1232181.0
2023-05-27 23:45:00,0.00778,0.0078,0.00775,0.0078,515479.0
2023-05-28 00:00:00,0.00778,0.00778,0.00773,0.00774,4639394.0
2023-05-28 00:15:00,0.00774,0.00774,0.00769,0.0077,1468269.0
2023-05-28 00:30:00,0.0077,0.00781,0.0077,0.00781,1664925.0
2023-05-28 00:45:00,0.00781,0.00784,0.00777,0.00782,2439692.0
2023-05-28 01:00:00,0.00782,0.00785,0.00782,0.00784,1574263.0
2023-05-28 01:15:00,0.00783,0.00783,0.00781,0.00782,921379.0
2023-05-28 01:30:00,0.00782,0.00783,0.00779,0.00781,1023431.0
2023-05-28 01:45:00,0.0078,0.00781,0.00778,0.00779,2325733.0
2023-05-28 02:00:00,0.00779,0.0078,0.00778,0.00779,340478.0
2023-05-28 02:15:00,0.0078,0.0078,0.00779,0.00779,93763.0
2023-05-28 02:30:00,0.0078,0.00781,0.00779,0.0078,1471026.0
2023-05-28 02:45:00,0.0078,0.00781,0.0078,0.00781,77733.0
2023-05-28 03:00:00,0.00781,0.00784,0.00781,0.00782,1167421.0
2023-05-28 03:15:00,0.00782,0.00783,0.00781,0.00782,335713.0
2023-05-28 03:30:00,0.00782,0.00787,0.00782,0.00787,2302201.0
2023-05-28 03:45:00,0.00787,0.00789,0.00784,0.00785,1494379.0
2023-05-28 04:00:00,0.00786,0.00789,0.00784,0.00784,1706837.0
2023-05-28 04:15:00,0.00784,0.00785,0.00782,0.00782,744033.0
2023-05-28 04:30:00,0.00782,0.00782,0.00778,0.00779,669898.0
2023-05-28 04:45:00,0.00779,0.0078,0.00779,0.00779,250896.0
2023-05-28 05:00:00,0.00779,0.00781,0.00776,0.00777,1048168.0
2023-05-28 05:15:00,0.00777,0.00777,0.00775,0.00775,285240.0
2023-05-28 05:30:00,0.00777,0.00777,0.00769,0.0077,1327010.0
2023-05-28 05:45:00,0.00771,0.00773,0.00771,0.00773,955018.0
2023-05-28 06:00:00,0.00774,0.00775,0.00774,0.00775,429981.0
2023-05-28 06:15:00,0.00775,0.00775,0.00772,0.00773,762420.0
2023-05-28 06:30:00,0.00773,0.00775,0.00772,0.00773,858512.0
2023-05-28 06:45:00,0.00773,0.00773,0.00771,0.00771,1948697.0
2023-05-28 07:00:00,0.00771,0.00771,0.00769,0.00771,413916.0
2023-05-28 07:15:00,0.00771,0.00772,0.00771,0.00771,261994.0
2023-05-28 07:30:00,0.00771,0.00772,0.00769,0.00771,1064436.0
2023-05-28 07:45:00,0.00771,0.00771,0.00769,0.0077,2230401.0
2023-05-28 08:00:00,0.0077,0.0077,0.00768,0.00768,1141728.0
2023-05-28 08:15:00,0.00769,0.00771,0.00766,0.00768,1810331.0
2023-05-28 08:30:00,0.00766,0.00768,0.00766,0.00766,701530.0
2023-05-28 08:45:00,0.00767,0.00769,0.00766,0.00769,480817.0
2023-05-28 09:00:00,0.00769,0.0077,0.00769,0.0077,1443757.0
2023-05-28 09:15:00,0.00769,0.0077,0.00768,0.00769,1047112.0
2023-05-28 09:30:00,0.00769,0.00769,0.00769,0.00769,731524.0
2023-05-28 09:45:00,0.00769,0.0077,0.00767,0.00769,1778219.0
2023-05-28 10:00:00,0.00769,0.00769,0.00766,0.00768,2106309.0
2023-05-28 10:15:00,0.00767,0.00772,0.00767,0.00771,3388108.0
2023-05-28 10:30:00,0.00772,0.00776,0.00772,0.00775,731494.0
2023-05-28 10:45:00,0.00775,0.00777,0.00775,0.00775,1101610.0
2023-05-28 11:00:00,0.00776,0.00776,0.00775,0.00776,690025.0
2023-05-28 11:15:00,0.00777,0.00777,0.00773,0.00774,994307.0
2023-05-28 11:30:00,0.00774,0.00774,0.00771,0.00773,1052235.0
2023-05-28 11:45:00,0.00773,0.00775,0.00773,0.00775,611712.0
2023-05-28 12:00:00,0.00774,0.00777,0.00773,0.00777,480018.0
2023-05-28 12:15:00,0.00778,0.0078,0.00777,0.00778,1658257.0
2023-05-28 12:30:00,0.00778,0.00778,0.00772,0.00772,2106765.0
2023-05-28 12:45:00,0.00773,0.00774,0.00773,0.00774,186371.0
2023-05-28 13:00:00,0.00774,0.00775,0.00773,0.00775,243301.0
2023-05-28 13:15:00,0.00776,0.00777,0.00776,0.00777,491167.0
2023-05-28 13:30:00,0.00777,0.00779,0.00777,0.00779,310872.0
2023-05-28 13:45:00,0.00779,0.0078,0.00779,0.0078,166003.0
2023-05-28 14:00:00,0.0078,0.00781,0.0078,0.00781,662205.0
2023-05-28 14:15:00,0.00782,0.00786,0.0078,0.00781,2837473.0
2023-05-28 14:30:00,0.00781,0.00783,0.0078,0.00781,1454260.0
2023-05-28 14:45:00,0.0078,0.00781,0.00778,0.00778,468563.0
2023-05-28 15:00:00,0.00778,0.00779,0.00777,0.00778,981334.0
2023-05-28 15:15:00,0.00777,0.00779,0.00777,0.00778,451397.0
2023-05-28 15:30:00,0.00779,0.0078,0.00778,0.00778,1605073.0
2023-05-28 15:45:00,0.00777,0.00778,0.00776,0.00776,1007623.0
2023-05-28 16:00:00,0.00776,0.00777,0.00774,0.00775,1212374.0
2023-05-28 16:15:00,0.00775,0.00775,0.00768,0.00774,3434567.0
2023-05-28 16:30:00,0.00774,0.00774,0.00773,0.00774,614825.0
2023-05-28 16:45:00,0.00774,0.00777,0.00774,0.00777,383439.0
2023-05-28 17:00:00,0.00777,0.0078,0.00774,0.00775,2722046.0
2023-05-28 17:15:00,0.00776,0.00777,0.00775,0.00777,477147.0
2023-05-28 17:30:00,0.00777,0.0078,0.00777,0.0078,492224.0
2023-05-28 17:45:00,0.0078,0.00785,0.00779,0.00784,2282374.0
2023-05-28 18:00:00,0.00783,0.00783,0.00781,0.00783,944389.0
2023-05-28 18:15:00,0.00783,0.00789,0.00783,0.00788,1415038.0
2023-05-28 18:30:00,0.00788,0.008,0.00787,0.00796,6279720.0
2023-05-28 18:45:00,0.00795,0.00795,0.00791,0.00792,827823.0
2023-05-28 19:00:00,0.00792,0.00793,0.00791,0.00793,886266.0
2023-05-28 19:15:00,0.00794,0.00796,0.00792,0.00795,718630.0
2023-05-28 19:30:00,0.00795,0.00795,0.00792,0.00792,643684.0
2023-05-28 19:45:00,0.00791,0.00792,0.00785,0.00788,3215612.0
2023-05-28 20:00:00,0.00789,0.00795,0.00788,0.00788,1581388.0
2023-05-28 20:15:00,0.00789,0.00792,0.00787,0.00788,1039113.0
2023-05-28 20:30:00,0.00789,0.00789,0.00786,0.00788,400322.0
2023-05-28 20:45:00,0.00788,0.00789,0.00788,0.00789,355929.0
2023-05-28 21:00:00,0.00789,0.00793,0.00786,0.00788,4047680.0
2023-05-28 21:15:00,0.00788,0.00792,0.00788,0.00791,977365.0
2023-05-28 21:30:00,0.00791,0.00792,0.00788,0.00791,723553.0
2023-05-28 21:45:00,0.00791,0.00795,0.00791,0.00793,2074467.0
2023-05-28 22:00:00,0.00794,0.00814,0.00794,0.00808,13339902.0
2023-05-28 22:15:00,0.00809,0.00827,0.00809,0.00818,11440349.0
2023-05-28 22:30:00,0.00819,0.0083,0.00819,0.00829,16880637.0
2023-05-28 22:45:00,0.00828,0.00828,0.00823,0.00823,1433481.0
2023-05-28 23:00:00,0.00823,0.00826,0.00817,0.0082,3352687.0
2023-05-28 23:15:00,0.00819,0.0082,0.00811,0.00814,3283510.0
2023-05-28 23:30:00,0.00813,0.00815,0.00806,0.00806,1832141.0
2023-05-28 23:45:00,0.00807,0.00809,0.00805,0.00805,747566.0
2023-05-29 00:00:00,0.00806,0.00813,0.00805,0.00808,1758363.0
2023-05-29 00:15:00,0.00807,0.00813,0.00806,0.00812,4792185.0
2023-05-29 00:30:00,0.00808,0.00809,0.00805,0.00808,1808295.0
2023-05-29 00:45:00,0.00808,0.00808,0.00802,0.00804,1366812.0
2023-05-29 01:00:00,0.00803,0.00805,0.00802,0.00804,1130493.0
2023-05-29 01:15:00,0.00805,0.00809,0.00805,0.00809,1396340.0
2023-05-29 01:30:00,0.00809,0.00809,0.00806,0.00806,732027.0
2023-05-29 01:45:00,0.00806,0.00811,0.00806,0.00809,824398.0
2023-05-29 02:00:00,0.00807,0.00809,0.00806,0.00809,959826.0
2023-05-29 02:15:00,0.00809,0.00809,0.00806,0.00806,729561.0
2023-05-29 02:30:00,0.00806,0.00806,0.00804,0.00804,1674880.0
2023-05-29 02:45:00,0.00804,0.00808,0.00804,0.00807,455488.0
2023-05-29 03:00:00,0.00806,0.00811,0.00806,0.00808,1157241.0
2023-05-29 03:15:00,0.00808,0.00809,0.00805,0.00808,212865.0
2023-05-29 03:30:00,0.00808,0.0081,0.00806,0.0081,1106395.0
2023-05-29 03:45:00,0.0081,0.00812,0.00807,0.00809,655868.0
2023-05-29 04:00:00,0.00809,0.00811,0.00807,0.00808,1042369.0
2023-05-29 04:15:00,0.00808,0.00809,0.00798,0.00807,4490935.0
2023-05-29 04:30:00,0.00807,0.00813,0.00807,0.00812,2349986.0
2023-05-29 04:45:00,0.00811,0.0082,0.0081,0.00814,5385443.0
2023-05-29 05:00:00,0.00814,0.00817,0.0081,0.00811,2922543.0
2023-05-29 05:15:00,0.00811,0.00816,0.0081,0.00816,2328959.0
2023-05-29 05:30:00,0.00816,0.00831,0.00816,0.00827,10166908.0
2023-05-29 05:45:00,0.00826,0.00839,0.00821,0.00833,7767041.0
2023-05-29 06:00:00,0.00832,0.00843,0.00824,0.00832,10662749.0
2023-05-29 06:15:00,0.00831,0.00831,0.00815,0.00821,10353672.0
2023-05-29 06:30:00,0.00822,0.00826,0.0082,0.00822,4273348.0
2023-05-29 06:45:00,0.00823,0.00825,0.00821,0.00825,2858491.0
2023-05-29 07:00:00,0.00824,0.00824,0.00816,0.00818,6231505.0
2023-05-29 07:15:00,0.00818,0.00824,0.00802,0.00809,9595376.0
2023-05-29 07:30:00,0.0081,0.00815,0.0081,0.00812,1968091.0
2023-05-29 07:45:00,0.00813,0.00817,0.00812,0.00816,1912081.0
2023-05-29 08:00:00,0.00816,0.00818,0.00815,0.00817,1270610.0
2023-05-29 08:15:00,0.00818,0.00832,0.00817,0.00829,7150051.0
2023-05-29 08:30:00,0.00828,0.00845,0.00827,0.00841,31401228.0
2023-05-29 08:45:00,0.00841,0.00841,0.00829,0.0083,11136756.0
2023-05-29 09:00:00,0.00831,0.00837,0.00831,0.00833,4169480.0
2023-05-29 09:15:00,0.00833,0.00833,0.00828,0.0083,2222374.0
2023-05-29 09:30:00,0.0083,0.00834,0.0083,0.00833,632419.0
2023-05-29 09:45:00,0.00834,0.00835,0.00831,0.00835,2125303.0
2023-05-29 10:00:00,0.00837,0.00837,0.00829,0.00835,2303273.0
2023-05-29 10:15:00,0.00835,0.00835,0.00829,0.0083,1362163.0
2023-05-29 10:30:00,0.0083,0.00834,0.00828,0.00831,1546402.0
2023-05-29 10:45:00,0.00831,0.00831,0.00825,0.00826,1443950.0
2023-05-29 11:00:00,0.00826,0.00832,0.00817,0.00824,18783647.0
2023-05-29 11:15:00,0.00823,0.00824,0.00821,0.00823,1022937.0
2023-05-29 11:30:00,0.00823,0.00824,0.00822,0.00823,1075039.0
2023-05-29 11:45:00,0.00822,0.00824,0.00821,0.00823,690065.0
2023-05-29 12:00:00,0.00823,0.00824,0.00821,0.00821,657265.0
2023-05-29 12:15:00,0.00821,0.00823,0.00818,0.00818,5756154.0
2023-05-29 12:30:00,0.00819,0.00819,0.00817,0.00818,872986.0
2023-05-29 12:45:00,0.00819,0.00821,0.00816,0.00817,2295185.0
2023-05-29 13:00:00,0.00818,0.00824,0.00816,0.00821,2222890.0
2023-05-29 13:15:00,0.00822,0.00824,0.0082,0.00824,935638.0
2023-05-29 13:30:00,0.00823,0.00823,0.00819,0.0082,570315.0
2023-05-29 13:45:00,0.0082,0.00827,0.00819,0.00827,466669.0
2023-05-29 14:00:00,0.00827,0.00827,0.00824,0.00824,460830.0
2023-05-29 14:15:00,0.00823,0.00826,0.00822,0.00826,1242835.0
2023-05-29 14:30:00,0.00826,0.00826,0.00821,0.00824,1218911.0
2023-05-29 14:45:00,0.00823,0.00823,0.00816,0.00818,4889659.0
2023-05-29 15:00:00,0.00818,0.00822,0.00817,0.0082,1585551.0
2023-05-29 15:15:00,0.00819,0.0082,0.00813,0.00813,2574440.0
2023-05-29 15:30:00,0.00812,0.00818,0.00811,0.00818,1219668.0
2023-05-29 15:45:00,0.00819,0.0082,0.00814,0.00815,944957.0
2023-05-29 16:00:00,0.00813,0.00822,0.0081,0.00821,4237817.0
2023-05-29 16:15:00,0.00821,0.00821,0.00811,0.00814,1929480.0
2023-05-29 16:30:00,0.00814,0.00814,0.0081,0.00814,1294505.0
2023-05-29 16:45:00,0.00814,0.00814,0.00805,0.00807,1358505.0
2023-05-29 17:00:00,0.00807,0.00808,0.00804,0.00808,1115554.0
2023-05-29 17:15:00,0.00808,0.00809,0.00808,0.00809,883201.0
2023-05-29 17:30:00,0.00809,0.00811,0.00808,0.0081,836027.0
2023-05-29 17:45:00,0.0081,0.00813,0.00809,0.00813,960017.0
2023-05-29 18:00:00,0.00813,0.00817,0.00813,0.00816,1831395.0
2023-05-29 18:15:00,0.00815,0.00822,0.00814,0.00822,2123860.0
2023-05-29 18:30:00,0.0082,0.0082,0.00817,0.00819,323705.0
2023-05-29 18:45:00,0.0082,0.0082,0.00817,0.00817,1082355.0
2023-05-29 19:00:00,0.00817,0.00819,0.00815,0.00818,1056475.0
2023-05-29 19:15:00,0.00817,0.00822,0.00817,0.00821,836617.0
2023-05-29 19:30:00,0.00821,0.00823,0.00819,0.00821,1915350.0
2023-05-29 19:45:00,0.00821,0.00824,0.00819,0.0082,1076206.0
2023-05-29 20:00:00,0.0082,0.0082,0.00816,0.0082,757019.0
2023-05-29 20:15:00,0.00819,0.00819,0.00817,0.00818,195540.0
2023-05-29 20:30:00,0.00818,0.00818,0.00817,0.00817,170110.0
2023-05-29 20:45:00,0.00817,0.00817,0.00815,0.00815,205109.0
2023-05-29 21:00:00,0.00818,0.00819,0.00817,0.00817,208383.0
2023-05-29 21:15:00,0.00817,0.00817,0.00816,0.00816,224086.0
2023-05-29 21:30:00,0.00815,0.00816,0.00814,0.00816,292603.0
2023-05-29 21:45:00,0.00816,0.00817,0.00814,0.00815,1259552.0
2023-05-29 22:00:00,0.00815,0.00816,0.00814,0.00815,1059813.0
2023-05-29 22:15:00,0.00814,0.00814,0.00811,0.00812,492739.0
2023-05-29 22:30:00,0.00811,0.00815,0.00811,0.00815,220748.0
2023-05-29 22:45:00,0.00816,0.00819,0.00816,0.00819,712871.0
2023-05-29 23:00:00,0.00819,0.00822,0.00819,0.00822,416089.0
2023-05-29 23:15:00,0.00822,0.00823,0.00821,0.00822,978337.0
2023-05-29 23:30:00,0.00822,0.00823,0.00822,0.00823,123648.0
2023-05-29 23:45:00,0.00823,0.00823,0.00822,0.00822,272517.0
2023-05-30 00:00:00,0.00823,0.00829,0.00822,0.00823,2190730.0
2023-05-30 00:15:00,0.00823,0.00824,0.00821,0.00822,514621.0
2023-05-30 00:30:00,0.00822,0.00822,0.00816,0.00817,723869.0
2023-05-30 00:45:00,0.00817,0.00823,0.00817,0.0082,694141.0
2023-05-30 01:00:00,0.00818,0.00822,0.00817,0.00822,779729.0
2023-05-30 01:15:00,0.00822,0.00828,0.00822,0.00828,2321513.0
2023-05-30 01:30:00,0.00827,0.0083,0.00822,0.00828,5081706.0
2023-05-30 01:45:00,0.00828,0.00828,0.00826,0.00826,297933.0
2023-05-30 02:00:00,0.00827,0.00829,0.00825,0.00828,692114.0
2023-05-30 02:15:00,0.00828,0.00835,0.00828,0.00835,1113711.0
2023-05-30 02:30:00,0.00835,0.00841,0.00833,0.00838,5072736.0
2023-05-30 02:45:00,0.00837,0.00837,0.00835,0.00836,1396809.0
2023-05-30 03:00:00,0.00837,0.00842,0.00837,0.0084,944374.0
2023-05-30 03:15:00,0.0084,0.00842,0.0084,0.00841,468821.0
2023-05-30 03:30:00,0.00841,0.00845,0.00841,0.00844,1502540.0
2023-05-30 03:45:00,0.00844,0.00844,0.00838,0.00839,721541.0
2023-05-30 04:00:00,0.00839,0.00841,0.00835,0.00836,3026202.0
2023-05-30 04:15:00,0.00837,0.0084,0.00837,0.0084,2611551.0
2023-05-30 04:30:00,0.00839,0.00847,0.00839,0.00839,2397879.0
2023-05-30 04:45:00,0.00839,0.00842,0.00839,0.00841,719810.0
2023-05-30 05:00:00,0.00842,0.00847,0.00838,0.00839,2600589.0
2023-05-30 05:15:00,0.00839,0.0085,0.00839,0.0085,3983094.0
2023-05-30 05:30:00,0.0085,0.0085,0.00831,0.00837,2570988.0
2023-05-30 05:45:00,0.00838,0.00843,0.00838,0.0084,1450419.0
2023-05-30 06:00:00,0.00841,0.00846,0.00841,0.00842,1884701.0
2023-05-30 06:15:00,0.00842,0.00845,0.00841,0.00843,1321270.0
2023-05-30 06:30:00,0.00844,0.00847,0.00843,0.00846,326283.0
2023-05-30 06:45:00,0.00846,0.00856,0.00846,0.00855,2314536.0
2023-05-30 07:00:00,0.00855,0.00866,0.00852,0.00859,8749134.0
2023-05-30 07:15:00,0.00859,0.0086,0.00852,0.00859,2388143.0
2023-05-30 07:30:00,0.00859,0.00859,0.00853,0.00855,4514181.0
2023-05-30 07:45:00,0.00856,0.00864,0.00856,0.00862,2959905.0
2023-05-30 08:00:00,0.00859,0.00868,0.00855,0.00868,4938327.0
2023-05-30 08:15:00,0.00867,0.00871,0.00857,0.00865,5032222.0
2023-05-30 08:30:00,0.00866,0.00878,0.00862,0.00865,11613213.0
2023-05-30 08:45:00,0.00864,0.00864,0.00851,0.00856,5618220.0
2023-05-30 09:00:00,0.00856,0.00858,0.00848,0.0085,3224877.0
2023-05-30 09:15:00,0.0085,0.00855,0.0085,0.00851,2622351.0
2023-05-30 09:30:00,0.00852,0.00855,0.00848,0.00852,3337496.0
2023-05-30 09:45:00,0.00853,0.00853,0.00849,0.00849,1291418.0
2023-05-30 10:00:00,0.00849,0.00852,0.00849,0.0085,1463973.0
2023-05-30 10:15:00,0.00849,0.0085,0.00845,0.00847,3036645.0
2023-05-30 10:30:00,0.00848,0.00849,0.0084,0.00848,7409918.0
2023-05-30 10:45:00,0.00848,0.00849,0.00836,0.00839,5600566.0
2023-05-30 11:00:00,0.00839,0.00843,0.00839,0.00843,1389470.0
2023-05-30 11:15:00,0.00843,0.00845,0.00838,0.00839,3411880.0
2023-05-30 11:30:00,0.0084,0.00842,0.00839,0.0084,2172647.0
2023-05-30 11:45:00,0.00841,0.00843,0.00838,0.00839,2007804.0
2023-05-30 12:00:00,0.0084,0.00842,0.00838,0.00839,1249918.0
2023-05-30 12:15:00,0.00839,0.00839,0.00829,0.00831,7146177.0
2023-05-30 12:30:00,0.00832,0.00832,0.00828,0.0083,1512273.0
2023-05-30 12:45:00,0.00829,0.00832,0.00825,0.00829,3240404.0
2023-05-30 13:00:00,0.00829,0.00833,0.00828,0.00829,807818.0
2023-05-30 13:15:00,0.00831,0.00832,0.00829,0.00832,456413.0
2023-05-30 13:30:00,0.00831,0.00832,0.00827,0.00829,1357251.0
2023-05-30 13:45:00,0.00829,0.00829,0.00821,0.00823,3702957.0
2023-05-30 14:00:00,0.00822,0.00826,0.0082,0.00825,1049379.0
2023-05-30 14:15:00,0.00824,0.00828,0.00823,0.00825,827641.0
2023-05-30 14:30:00,0.00824,0.00826,0.0082,0.0082,977961.0
2023-05-30 14:45:00,0.0082,0.00822,0.0082,0.0082,1017309.0
2023-05-30 15:00:00,0.00819,0.00825,0.00819,0.00825,2285680.0
2023-05-30 15:15:00,0.00825,0.00831,0.00824,0.00829,3090571.0
2023-05-30 15:30:00,0.00828,0.00838,0.00828,0.00837,1207039.0
2023-05-30 15:45:00,0.00837,0.00841,0.00836,0.00836,2438784.0
2023-05-30 16:00:00,0.00836,0.00843,0.00835,0.00837,1608985.0
2023-05-30 16:15:00,0.00838,0.00844,0.00834,0.00842,1742358.0
2023-05-30 16:30:00,0.00842,0.00846,0.00841,0.00845,1495077.0
2023-05-30 16:45:00,0.00845,0.00846,0.00842,0.00844,757638.0
2023-05-30 17:00:00,0.00844,0.00854,0.00843,0.00849,6116578.0
2023-05-30 17:15:00,0.00849,0.00849,0.00843,0.00847,1386627.0
2023-05-30 17:30:00,0.00847,0.00852,0.00842,0.00851,2107981.0
2023-05-30 17:45:00,0.00852,0.00864,0.00851,0.0086,9862478.0
2023-05-30 18:00:00,0.0086,0.00861,0.00851,0.00855,4515813.0
2023-05-30 18:15:00,0.00856,0.00858,0.00847,0.00849,3283394.0
2023-05-30 18:30:00,0.00851,0.00851,0.00845,0.0085,2256814.0
2023-05-30 18:45:00,0.00851,0.00859,0.0085,0.00858,3448423.0
2023-05-30 19:00:00,0.00859,0.00866,0.00855,0.00858,2042332.0
2023-05-30 19:15:00,0.00858,0.00863,0.00854,0.00854,1799991.0
2023-05-30 19:30:00,0.00855,0.00863,0.00855,0.00862,1255830.0
2023-05-30 19:45:00,0.0086,0.00866,0.00859,0.00864,1857821.0
2023-05-30 20:00:00,0.00864,0.0087,0.00862,0.00864,2252096.0
2023-05-30 20:15:00,0.00862,0.00862,0.00851,0.00856,5310749.0
2023-05-30 20:30:00,0.00856,0.00863,0.00855,0.00859,975864.0
2023-05-30 20:45:00,0.00861,0.00861,0.00856,0.00856,1012106.0
2023-05-30 21:00:00,0.00857,0.00863,0.00857,0.00862,1093973.0
2023-05-30 21:15:00,0.0086,0.00865,0.00859,0.0086,2179827.0
2023-05-30 21:30:00,0.0086,0.00863,0.0086,0.0086,1101177.0
2023-05-30 21:45:00,0.00862,0.00862,0.00857,0.0086,915220.0
2023-05-30 22:00:00,0.0086,0.00863,0.00859,0.00861,922949.0
2023-05-30 22:15:00,0.00862,0.00866,0.00861,0.00864,397742.0
2023-05-30 22:30:00,0.00866,0.00877,0.00865,0.00872,5534662.0
2023-05-30 22:45:00,0.00871,0.00873,0.00869,0.00871,1004310.0
2023-05-30 23:00:00,0.00872,0.0088,0.00872,0.00879,1296897.0
2023-05-30 23:15:00,0.00879,0.0088,0.00874,0.00876,1067694.0
2023-05-30 23:30:00,0.00876,0.00887,0.00876,0.0088,2859267.0
2023-05-30 23:45:00,0.00878,0.00881,0.00878,0.00879,876655.0
2023-05-31 00:00:00,0.00878,0.00878,0.00867,0.00872,2302879.0
2023-05-31 00:15:00,0.00872,0.00872,0.00867,0.00867,541963.0
2023-05-31 00:30:00,0.00867,0.00876,0.00867,0.00875,2826542.0
2023-05-31 00:45:00,0.00874,0.00874,0.0087,0.00871,741882.0
2023-05-31 01:00:00,0.00871,0.00874,0.0087,0.00871,517459.0
2023-05-31 01:15:00,0.00872,0.00874,0.00869,0.00872,1487506.0
2023-05-31 01:30:00,0.00872,0.00872,0.00869,0.0087,381882.0
2023-05-31 01:45:00,0.0087,0.00872,0.00863,0.00865,894433.0
2023-05-31 02:00:00,0.00865,0.00865,0.00854,0.00859,4803911.0
2023-05-31 02:15:00,0.00859,0.00867,0.00859,0.00867,1735486.0
2023-05-31 02:30:00,0.00868,0.00869,0.00866,0.00867,456653.0
2023-05-31 02:45:00,0.00866,0.00869,0.00865,0.00868,706177.0
2023-05-31 03:00:00,0.00869,0.00874,0.00869,0.00872,1100888.0
2023-05-31 03:15:00,0.00871,0.00875,0.00871,0.00871,585226.0
2023-05-31 03:30:00,0.00872,0.00872,0.00868,0.00868,934541.0
2023-05-31 03:45:00,0.00869,0.0087,0.00865,0.00866,150187.0
2023-05-31 04:00:00,0.00867,0.00869,0.00867,0.00867,461586.0
2023-05-31 04:15:00,0.00868,0.00869,0.00866,0.00866,195750.0
2023-05-31 04:30:00,0.00866,0.00867,0.00859,0.0086,756900.0
2023-05-31 04:45:00,0.0086,0.00861,0.00845,0.00852,3820348.0
2023-05-31 05:00:00,0.0085,0.00863,0.00849,0.00858,2693093.0
2023-05-31 05:15:00,0.00858,0.00862,0.00857,0.00858,501331.0
2023-05-31 05:30:00,0.00857,0.00859,0.00855,0.00859,1464329.0
2023-05-31 05:45:00,0.00858,0.00858,0.00846,0.00846,1656997.0
2023-05-31 06:00:00,0.00848,0.00853,0.00847,0.00849,869510.0
2023-05-31 06:15:00,0.00853,0.00853,0.0085,0.0085,744672.0
2023-05-31 06:30:00,0.00849,0.00849,0.00846,0.00848,400689.0
2023-05-31 06:45:00,0.00849,0.00853,0.00847,0.00852,665351.0
2023-05-31 07:00:00,0.00852,0.00852,0.00845,0.00845,1503189.0
2023-05-31 07:15:00,0.00845,0.00849,0.00843,0.00846,974400.0
2023-05-31 07:30:00,0.00847,0.00848,0.00845,0.00845,1227918.0
2023-05-31 07:45:00,0.00845,0.00845,0.00838,0.0084,2914646.0
2023-05-31 08:00:00,0.00838,0.00842,0.00838,0.0084,878261.0
2023-05-31 08:15:00,0.00841,0.00841,0.00837,0.00837,649255.0
2023-05-31 08:30:00,0.00837,0.00837,0.0083,0.00831,3078646.0
2023-05-31 08:45:00,0.0083,0.00832,0.00825,0.00825,1055368.0
2023-05-31 09:00:00,0.00827,0.00831,0.00824,0.00829,774901.0
2023-05-31 09:15:00,0.00828,0.00831,0.00825,0.00827,2681883.0
2023-05-31 09:30:00,0.00826,0.00826,0.00823,0.00826,850876.0
2023-05-31 09:45:00,0.00825,0.00826,0.00824,0.00826,2348101.0
2023-05-31 10:00:00,0.00825,0.00825,0.00824,0.00824,596495.0
2023-05-31 10:15:00,0.00823,0.00823,0.00813,0.00814,8106460.0
2023-05-31 10:30:00,0.00813,0.00814,0.00811,0.00812,1972068.0
2023-05-31 10:45:00,0.00811,0.00814,0.00811,0.00813,1146258.0
2023-05-31 11:00:00,0.00813,0.00816,0.0081,0.00814,5288002.0
2023-05-31 11:15:00,0.00813,0.00815,0.00813,0.00815,625960.0
2023-05-31 11:30:00,0.00815,0.00816,0.00815,0.00816,352093.0
2023-05-31 11:45:00,0.00816,0.00816,0.00813,0.00814,788713.0
2023-05-31 12:00:00,0.00813,0.00815,0.00811,0.00815,981401.0
2023-05-31 12:15:00,0.00815,0.00818,0.00815,0.00817,979367.0
2023-05-31 12:30:00,0.00817,0.00819,0.00816,0.00818,420855.0
2023-05-31 12:45:00,0.00819,0.00821,0.00818,0.00821,1081650.0
2023-05-31 13:00:00,0.0082,0.00831,0.00819,0.0083,1966962.0
2023-05-31 13:15:00,0.0083,0.00832,0.00826,0.00827,1227395.0
2023-05-31 13:30:00,0.00828,0.00832,0.00825,0.00832,556779.0
2023-05-31 13:45:00,0.00831,0.00838,0.0083,0.00835,3408307.0
2023-05-31 14:00:00,0.00835,0.00835,0.00828,0.00835,2296098.0
2023-05-31 14:15:00,0.00834,0.00835,0.00827,0.00828,2114298.0
2023-05-31 14:30:00,0.00828,0.0083,0.00825,0.00827,1711995.0
2023-05-31 14:45:00,0.00826,0.00832,0.00823,0.00832,2648763.0
2023-05-31 15:00:00,0.00831,0.00855,0.00828,0.00842,18241034.0
2023-05-31 15:15:00,0.00842,0.00853,0.0084,0.00843,9110416.0
2023-05-31 15:30:00,0.00842,0.00865,0.00841,0.00852,18169268.0
2023-05-31 15:45:00,0.00851,0.00851,0.00836,0.00839,6981870.0
2023-05-31 16:00:00,0.00838,0.00843,0.00835,0.00839,3710799.0
2023-05-31 16:15:00,0.0084,0.0084,0.00835,0.00837,845656.0
2023-05-31 16:30:00,0.00837,0.00838,0.00835,0.00838,1379954.0
2023-05-31 16:45:00,0.00839,0.00842,0.00839,0.00842,1155699.0
2023-05-31 17:00:00,0.00842,0.00852,0.00842,0.00852,3105831.0
2023-05-31 17:15:00,0.00851,0.00859,0.00847,0.0085,5705649.0
2023-05-31 17:30:00,0.00851,0.00864,0.00851,0.0086,4141533.0
2023-05-31 17:45:00,0.00859,0.0086,0.00854,0.00857,3218602.0
2023-05-31 18:00:00,0.00858,0.00865,0.00858,0.00861,1812483.0
2023-05-31 18:15:00,0.0086,0.00872,0.00858,0.00869,4369900.0
2023-05-31 18:30:00,0.00868,0.00871,0.00862,0.00868,7747573.0
2023-05-31 18:45:00,0.00869,0.00874,0.00867,0.00869,1981868.0
2023-05-31 19:00:00,0.0087,0.00875,0.00868,0.00871,2099016.0
2023-05-31 19:15:00,0.00871,0.00884,0.00871,0.00878,5351232.0
2023-05-31 19:30:00,0.00878,0.00878,0.00867,0.00869,4955238.0
2023-05-31 19:45:00,0.0087,0.0087,0.00847,0.00855,6232814.0
2023-05-31 20:00:00,0.00855,0.00863,0.00855,0.0086,1671018.0
2023-05-31 20:15:00,0.0086,0.00864,0.00857,0.00859,1027097.0
2023-05-31 20:30:00,0.00859,0.00862,0.00856,0.00857,1331650.0
2023-05-31 20:45:00,0.00856,0.00856,0.00853,0.00855,1745782.0
2023-05-31 21:00:00,0.00855,0.00857,0.00854,0.00856,637332.0
2023-05-31 21:15:00,0.00854,0.00856,0.00847,0.00851,1641878.0
2023-05-31 21:30:00,0.0085,0.00855,0.0085,0.00853,1419487.0
2023-05-31 21:45:00,0.00854,0.00854,0.0085,0.00852,658624.0
2023-05-31 22:00:00,0.00853,0.00853,0.00851,0.00851,127079.0
2023-05-31 22:15:00,0.00851,0.00853,0.00851,0.00851,36430.0
2023-05-31 22:30:00,0.00853,0.00854,0.00851,0.00854,531152.0
2023-05-31 22:45:00,0.00854,0.00859,0.00854,0.00857,390381.0
2023-05-31 23:00:00,0.00858,0.00862,0.00858,0.00858,571960.0
2023-05-31 23:15:00,0.00859,0.0086,0.00852,0.00852,1436390.0
2023-05-31 23:30:00,0.00852,0.00856,0.0085,0.00856,597260.0
2023-05-31 23:45:00,0.00856,0.0086,0.00856,0.0086,977610.0
2023-06-01 00:00:00,0.0086,0.0086,0.00853,0.00858,996945.0
2023-06-01 00:15:00,0.00858,0.00859,0.00853,0.00853,671860.0
2023-06-01 00:30:00,0.00853,0.00853,0.00844,0.00846,1983640.0
2023-06-01 00:45:00,0.00846,0.00849,0.00844,0.00849,910169.0
2023-06-01 01:00:00,0.00849,0.00853,0.00848,0.00852,344915.0
2023-06-01 01:15:00,0.00852,0.00853,0.00852,0.00853,134978.0
2023-06-01 01:30:00,0.00852,0.00853,0.00851,0.00852,268598.0
2023-06-01 01:45:00,0.00851,0.00853,0.00849,0.00851,1305972.0
2023-06-01 02:00:00,0.00849,0.00849,0.00839,0.0084,3644064.0
2023-06-01 02:15:00,0.00839,0.0084,0.00837,0.0084,1106012.0
2023-06-01 02:30:00,0.00839,0.00843,0.00831,0.00833,4680137.0
2023-06-01 02:45:00,0.00833,0.00834,0.00823,0.00825,3756994.0
2023-06-01 03:00:00,0.00825,0.00825,0.00817,0.00822,3842495.0
2023-06-01 03:15:00,0.00823,0.00825,0.00822,0.00823,557203.0
2023-06-01 03:30:00,0.00822,0.00825,0.00821,0.00825,630347.0
2023-06-01 03:45:00,0.00825,0.00825,0.00821,0.00824,579466.0
2023-06-01 04:00:00,0.00824,0.00827,0.00824,0.00826,398921.0
2023-06-01 04:15:00,0.00825,0.00827,0.00824,0.00827,607774.0
2023-06-01 04:30:00,0.00827,0.00833,0.00827,0.0083,1609433.0
2023-06-01 04:45:00,0.0083,0.00831,0.0083,0.00831,387997.0
2023-06-01 05:00:00,0.0083,0.0083,0.00829,0.0083,541306.0
2023-06-01 05:15:00,0.0083,0.00831,0.00828,0.00829,414144.0
2023-06-01 05:30:00,0.00828,0.00828,0.00827,0.00828,99579.0
2023-06-01 05:45:00,0.00827,0.00827,0.00825,0.00827,624275.0
2023-06-01 06:00:00,0.00826,0.00826,0.00823,0.00824,794303.0
2023-06-01 06:15:00,0.00825,0.00825,0.0082,0.00821,941171.0
2023-06-01 06:30:00,0.00821,0.00823,0.0082,0.00823,582652.0
2023-06-01 06:45:00,0.00821,0.00823,0.00819,0.0082,849723.0
2023-06-01 07:00:00,0.0082,0.00822,0.00818,0.0082,1618370.0
2023-06-01 07:15:00,0.00819,0.00822,0.00819,0.00822,443562.0
2023-06-01 07:30:00,0.00821,0.00821,0.00819,0.0082,643293.0
2023-06-01 07:45:00,0.00819,0.00821,0.00818,0.00819,931338.0
2023-06-01 08:00:00,0.00818,0.00825,0.00817,0.00825,2428360.0
2023-06-01 08:15:00,0.00824,0.00831,0.00824,0.00831,1204373.0
2023-06-01 08:30:00,0.0083,0.0083,0.00828,0.0083,196949.0
2023-06-01 08:45:00,0.00832,0.00832,0.00829,0.00831,329490.0
2023-06-01 09:00:00,0.0083,0.00831,0.00829,0.00831,458538.0
2023-06-01 09:15:00,0.00831,0.00834,0.0083,0.00834,662107.0
2023-06-01 09:30:00,0.00833,0.00833,0.00831,0.00831,351917.0
2023-06-01 09:45:00,0.00832,0.00832,0.0083,0.00831,1009396.0
2023-06-01 10:00:00,0.00832,0.00832,0.00828,0.00829,143262.0
2023-06-01 10:15:00,0.00829,0.0083,0.00827,0.0083,373863.0
2023-06-01 10:30:00,0.00828,0.0083,0.00828,0.00829,153743.0
2023-06-01 10:45:00,0.00828,0.00828,0.00825,0.00827,561519.0
2023-06-01 11:00:00,0.00827,0.00827,0.00825,0.00827,404941.0
2023-06-01 11:15:00,0.00827,0.0083,0.00827,0.00828,801751.0
2023-06-01 11:30:00,0.00828,0.0083,0.00828,0.0083,428459.0
2023-06-01 11:45:00,0.00829,0.00832,0.00829,0.00831,794402.0
2023-06-01 12:00:00,0.00831,0.00832,0.0083,0.0083,735694.0
2023-06-01 12:15:00,0.00831,0.00832,0.00829,0.00831,1018883.0
2023-06-01 12:30:00,0.0083,0.00833,0.0083,0.00833,952526.0
2023-06-01 12:45:00,0.00833,0.00835,0.00833,0.00833,928127.0
2023-06-01 13:00:00,0.00833,0.00836,0.00833,0.00834,355196.0
2023-06-01 13:15:00,0.00834,0.00835,0.00833,0.00835,378667.0
2023-06-01 13:30:00,0.00833,0.00835,0.00832,0.00833,426138.0
2023-06-01 13:45:00,0.00833,0.00833,0.00831,0.00833,1055077.0
2023-06-01 14:00:00,0.00833,0.00835,0.00832,0.00834,312527.0
2023-06-01 14:15:00,0.00834,0.00835,0.00827,0.00829,2548513.0
2023-06-01 14:30:00,0.00829,0.00831,0.00829,0.0083,251141.0
2023-06-01 14:45:00,0.0083,0.00832,0.00829,0.00832,225126.0
2023-06-01 15:00:00,0.00832,0.00832,0.00829,0.00832,681690.0
2023-06-01 15:15:00,0.00832,0.00834,0.00831,0.00832,874235.0
2023-06-01 15:30:00,0.00831,0.00833,0.0083,0.00832,825489.0
2023-06-01 15:45:00,0.00833,0.00834,0.00833,0.00834,738051.0
2023-06-01 16:00:00,0.00834,0.00837,0.00834,0.00836,1350660.0
2023-06-01 16:15:00,0.00835,0.00837,0.00835,0.00836,432626.0
2023-06-01 16:30:00,0.00836,0.00836,0.00829,0.0083,1296544.0
2023-06-01 16:45:00,0.00831,0.00842,0.00831,0.0084,1384838.0
2023-06-01 17:00:00,0.0084,0.00843,0.00839,0.0084,841349.0
2023-06-01 17:15:00,0.00841,0.00846,0.00841,0.00845,1304408.0
2023-06-01 17:30:00,0.00843,0.00843,0.0084,0.00842,549768.0
2023-06-01 17:45:00,0.00842,0.00845,0.00842,0.00844,360488.0
2023-06-01 18:00:00,0.00844,0.00848,0.00844,0.00848,864343.0
2023-06-01 18:15:00,0.00849,0.00853,0.00848,0.00853,1869583.0
2023-06-01 18:30:00,0.00853,0.0086,0.00853,0.00859,2519253.0
2023-06-01 18:45:00,0.00859,0.0086,0.00854,0.00858,1963645.0
2023-06-01 19:00:00,0.00858,0.00859,0.00855,0.00857,438228.0
2023-06-01 19:15:00,0.00857,0.00859,0.00856,0.00856,508922.0
2023-06-01 19:30:00,0.00856,0.0086,0.0085,0.00859,1519879.0
2023-06-01 19:45:00,0.0086,0.00869,0.0086,0.00866,3382377.0
2023-06-01 20:00:00,0.00865,0.00872,0.00864,0.00871,3246812.0
2023-06-01 20:15:00,0.00871,0.00879,0.0087,0.00873,2101950.0
2023-06-01 20:30:00,0.00873,0.00874,0.00862,0.00866,4001280.0
2023-06-01 20:45:00,0.00867,0.00869,0.00866,0.00867,613513.0
2023-06-01 21:00:00,0.00867,0.00874,0.00867,0.00872,895863.0
2023-06-01 21:15:00,0.00872,0.00873,0.00863,0.00868,1168595.0
2023-06-01 21:30:00,0.00868,0.0087,0.00865,0.00865,1287550.0
2023-06-01 21:45:00,0.00867,0.00867,0.00861,0.00862,687904.0
2023-06-01 22:00:00,0.00862,0.00866,0.00862,0.00864,631180.0
2023-06-01 22:15:00,0.00864,0.00869,0.00864,0.00869,375744.0
2023-06-01 22:30:00,0.00869,0.00869,0.00865,0.00867,163366.0
2023-06-01 22:45:00,0.00869,0.00874,0.00867,0.00872,2261991.0
2023-06-01 23:00:00,0.00872,0.00874,0.00871,0.00872,720348.0
2023-06-01 23:15:00,0.00871,0.00873,0.00871,0.00871,395398.0
2023-06-01 23:30:00,0.00871,0.00873,0.00867,0.00872,769279.0
2023-06-01 23:45:00,0.00873,0.00875,0.00871,0.00874,461939.0
2023-06-02 00:00:00,0.00873,0.0088,0.00872,0.00875,1439801.0
2023-06-02 00:15:00,0.00875,0.00875,0.0087,0.00873,915209.0
2023-06-02 00:30:00,0.00874,0.00878,0.00864,0.00877,2115121.0
2023-06-02 00:45:00,0.00877,0.00879,0.00871,0.00871,1636583.0
2023-06-02 01:00:00,0.00872,0.00872,0.00867,0.00869,851859.0
2023-06-02 01:15:00,0.00869,0.0087,0.00867,0.0087,376964.0
2023-06-02 01:30:00,0.00871,0.00886,0.0087,0.00884,4735561.0
2023-06-02 01:45:00,0.00883,0.00916,0.00882,0.00894,41954809.0
2023-06-02 02:00:00,0.00894,0.00973,0.00893,0.00953,62453707.0
2023-06-02 02:15:00,0.00952,0.00984,0.00936,0.00962,54036490.0
2023-06-02 02:30:00,0.00961,0.00961,0.0093,0.00945,39505585.0
2023-06-02 02:45:00,0.00945,0.00945,0.00881,0.00885,51423168.0
2023-06-02 03:00:00,0.00886,0.00888,0.00866,0.00872,28833645.0
2023-06-02 03:15:00,0.00871,0.00882,0.00868,0.00878,10344051.0
2023-06-02 03:30:00,0.00879,0.00893,0.00879,0.00891,10034794.0
2023-06-02 03:45:00,0.00892,0.00908,0.00886,0.00904,14995008.0
2023-06-02 04:00:00,0.00903,0.00925,0.00883,0.00917,24162850.0
2023-06-02 04:15:00,0.0092,0.00926,0.00902,0.00912,21376809.0
2023-06-02 04:30:00,0.00912,0.00919,0.00904,0.0091,18191088.0
2023-06-02 04:45:00,0.0091,0.00927,0.00905,0.00917,18815670.0
2023-06-02 05:00:00,0.00918,0.00932,0.00897,0.00923,21196144.0
2023-06-02 05:15:00,0.00922,0.00935,0.00922,0.00932,19328766.0
2023-06-02 05:30:00,0.00931,0.00932,0.00918,0.00932,20713702.0
2023-06-02 05:45:00,0.00931,0.00937,0.00923,0.00929,8417739.0
2023-06-02 06:00:00,0.00929,0.00934,0.00917,0.00929,12110801.0
2023-06-02 06:15:00,0.0093,0.00938,0.00927,0.0093,10702538.0
2023-06-02 06:30:00,0.00931,0.00948,0.0093,0.00934,20497860.0
2023-06-02 06:45:00,0.00934,0.00943,0.00927,0.00933,9532703.0
2023-06-02 07:00:00,0.00934,0.00935,0.00923,0.00927,6995061.0
2023-06-02 07:15:00,0.00928,0.00937,0.00924,0.00927,21279511.0
2023-06-02 07:30:00,0.00928,0.00945,0.00928,0.00943,14087282.0
2023-06-02 07:45:00,0.00943,0.00955,0.00934,0.00936,35942799.0
2023-06-02 08:00:00,0.00935,0.00945,0.00934,0.00942,11120771.0
2023-06-02 08:15:00,0.00942,0.00945,0.00931,0.00934,13472037.0
2023-06-02 08:30:00,0.00935,0.00936,0.00926,0.00927,12098894.0
2023-06-02 08:45:00,0.00927,0.00932,0.00924,0.00925,6566907.0
2023-06-02 09:00:00,0.00927,0.0095,0.00926,0.00941,14149549.0
2023-06-02 09:15:00,0.00942,0.00953,0.00937,0.00941,12688909.0
2023-06-02 09:30:00,0.00941,0.00944,0.0094,0.00944,5589795.0
2023-06-02 09:45:00,0.00945,0.0098,0.00945,0.00964,49107306.0
2023-06-02 10:00:00,0.00964,0.01016,0.00956,0.00998,157919738.0
2023-06-02 10:15:00,0.00999,0.01029,0.00984,0.00986,48406012.0
2023-06-02 10:30:00,0.00986,0.01029,0.00981,0.01026,48528285.0
2023-06-02 10:45:00,0.01025,0.01073,0.01022,0.01033,114874407.0
2023-06-02 11:00:00,0.01032,0.01053,0.01032,0.01034,61272455.0
2023-06-02 11:15:00,0.01035,0.01036,0.01014,0.01024,96663623.0
2023-06-02 11:30:00,0.01023,0.01046,0.01018,0.01036,55841457.0
2023-06-02 11:45:00,0.01035,0.01043,0.01022,0.01028,26326010.0
2023-06-02 12:00:00,0.01027,0.01039,0.01012,0.01024,32845040.0
2023-06-02 12:15:00,0.01024,0.01055,0.01024,0.01041,38431564.0
2023-06-02 12:30:00,0.01041,0.01047,0.01024,0.01038,48365917.0
2023-06-02 12:45:00,0.01038,0.01068,0.01038,0.01059,59555317.0
2023-06-02 13:00:00,0.0106,0.0106,0.01029,0.01035,38624261.0
2023-06-02 13:15:00,0.01035,0.01046,0.0103,0.01033,22271654.0
2023-06-02 13:30:00,0.01033,0.01043,0.01032,0.01034,16126878.0
2023-06-02 13:45:00,0.01035,0.01045,0.01033,0.01041,24450789.0
2023-06-02 14:00:00,0.0104,0.01059,0.0104,0.01053,35483503.0
2023-06-02 14:15:00,0.01052,0.01089,0.0105,0.01071,83855554.0
2023-06-02 14:30:00,0.01071,0.01072,0.01054,0.01062,71708666.0
2023-06-02 14:45:00,0.01063,0.01063,0.01048,0.01055,37117400.0
2023-06-02 15:00:00,0.01055,0.01071,0.01043,0.01068,55020768.0
2023-06-02 15:15:00,0.01068,0.01095,0.0106,0.01077,111031591.0
2023-06-02 15:30:00,0.01077,0.01163,0.01072,0.01116,207040010.0
2023-06-02 15:45:00,0.01115,0.01131,0.01105,0.01117,112926137.0
2023-06-02 16:00:00,0.01118,0.01174,0.01113,0.01149,142270443.0
2023-06-02 16:15:00,0.01148,0.01188,0.01132,0.01135,145006183.0
2023-06-02 16:30:00,0.01136,0.01177,0.01133,0.01171,92640659.0
2023-06-02 16:45:00,0.01172,0.01207,0.01159,0.01192,156978130.0
2023-06-02 17:00:00,0.01191,0.01214,0.01185,0.01199,103837208.0
2023-06-02 17:15:00,0.01199,0.01201,0.01156,0.01173,120343070.0
2023-06-02 17:30:00,0.01173,0.01195,0.01165,0.01185,51904828.0
2023-06-02 17:45:00,0.01184,0.01354,0.0118,0.01285,356808256.0
2023-06-02 18:00:00,0.01282,0.0143,0.01282,0.0139,564864777.0
2023-06-02 18:15:00,0.0139,0.01415,0.01313,0.01357,251707927.0
2023-06-02 18:30:00,0.01357,0.01418,0.01333,0.01362,176511092.0
2023-06-02 18:45:00,0.01362,0.01391,0.01314,0.01352,134563271.0
2023-06-02 19:00:00,0.0135,0.0138,0.01334,0.01357,87488080.0
2023-06-02 19:15:00,0.01356,0.01378,0.01326,0.01364,83741265.0
2023-06-02 19:30:00,0.01364,0.01406,0.01352,0.01377,95389532.0
2023-06-02 19:45:00,0.01376,0.01386,0.0134,0.01355,56068708.0
2023-06-02 20:00:00,0.01356,0.01395,0.01333,0.01377,100253651.0
2023-06-02 20:15:00,0.01376,0.01458,0.01366,0.01392,173266864.0
2023-06-02 20:30:00,0.01393,0.01397,0.01288,0.01316,240769765.0
2023-06-02 20:45:00,0.01317,0.01345,0.01304,0.0133,92774907.0
2023-06-02 21:00:00,0.01331,0.01389,0.01304,0.01353,160991272.0
2023-06-02 21:15:00,0.01352,0.01376,0.01343,0.01349,116849244.0
2023-06-02 21:30:00,0.01349,0.01374,0.01326,0.0134,112678784.0
2023-06-02 21:45:00,0.0134,0.01355,0.01314,0.01324,101941102.0
2023-06-02 22:00:00,0.01324,0.01324,0.01261,0.0127,204650479.0
2023-06-02 22:15:00,0.0127,0.01299,0.01256,0.0126,109481580.0
2023-06-02 22:30:00,0.0126,0.0127,0.01229,0.01248,171838026.0
2023-06-02 22:45:00,0.01248,0.01256,0.01205,0.01211,112500696.0
2023-06-02 23:00:00,0.0121,0.01275,0.01203,0.0126,128342630.0
2023-06-02 23:15:00,0.0126,0.0143,0.01258,0.0133,228639543.0
2023-06-02 23:30:00,0.0133,0.01335,0.01284,0.01294,68254268.0
2023-06-02 23:45:00,0.01293,0.0133,0.01292,0.0132,49487955.0
2023-06-03 00:00:00,0.01318,0.01354,0.01283,0.01322,55429566.0
2023-06-03 00:15:00,0.01321,0.01339,0.01302,0.01326,42757112.0
2023-06-03 00:30:00,0.01328,0.01343,0.01259,0.01267,61005549.0
2023-06-03 00:45:00,0.01268,0.01331,0.0126,0.01318,64023579.0
2023-06-03 01:00:00,0.01319,0.01392,0.01319,0.01329,102266003.0
2023-06-03 01:15:00,0.01329,0.01359,0.01329,0.01337,43969641.0
2023-06-03 01:30:00,0.01337,0.01359,0.01308,0.01335,69596094.0
2023-06-03 01:45:00,0.01335,0.01337,0.0129,0.01301,52836755.0
2023-06-03 02:00:00,0.01301,0.0134,0.01301,0.01333,35281653.0
2023-06-03 02:15:00,0.01334,0.01339,0.01317,0.01317,22384475.0
2023-06-03 02:30:00,0.01317,0.01349,0.01317,0.01339,35089576.0
2023-06-03 02:45:00,0.01338,0.01382,0.01334,0.01364,53742595.0
2023-06-03 03:00:00,0.01363,0.01363,0.0134,0.01359,36465215.0
2023-06-03 03:15:00,0.01359,0.0139,0.01336,0.01365,56047487.0
2023-06-03 03:30:00,0.01364,0.01371,0.01348,0.01358,36632198.0
2023-06-03 03:45:00,0.01358,0.01361,0.01338,0.01342,29782222.0
2023-06-03 04:00:00,0.01342,0.01342,0.01244,0.01255,103745873.0
2023-06-03 04:15:00,0.01254,0.01299,0.01251,0.01287,68054682.0
2023-06-03 04:30:00,0.01287,0.01349,0.01282,0.01334,94141537.0
2023-06-03 04:45:00,0.01334,0.01385,0.0133,0.01363,82675004.0
2023-06-03 05:00:00,0.01364,0.01383,0.0135,0.01358,46592862.0
2023-06-03 05:15:00,0.01359,0.01392,0.01359,0.01374,51916327.0
2023-06-03 05:30:00,0.01374,0.0141,0.01353,0.01362,69986349.0
2023-06-03 05:45:00,0.01363,0.01373,0.01336,0.01365,57931527.0
2023-06-03 06:00:00,0.01364,0.01381,0.01348,0.01374,37153265.0
2023-06-03 06:15:00,0.01375,0.01384,0.01366,0.01371,25961999.0
2023-06-03 06:30:00,0.0137,0.0138,0.0135,0.01354,34513274.0
2023-06-03 06:45:00,0.01353,0.01375,0.01349,0.01369,28948846.0
2023-06-03 07:00:00,0.0137,0.0142,0.0137,0.01409,155980364.0
2023-06-03 07:15:00,0.01409,0.0155,0.01408,0.01505,457293241.0
2023-06-03 07:30:00,0.01504,0.01515,0.0146,0.01498,128501885.0
2023-06-03 07:45:00,0.01497,0.01504,0.01456,0.01481,92977884.0
2023-06-03 08:00:00,0.01482,0.01533,0.0146,0.01495,144024491.0
2023-06-03 08:15:00,0.01494,0.01525,0.01479,0.015,83347191.0
2023-06-03 08:30:00,0.015,0.01538,0.01482,0.01492,136705098.0
2023-06-03 08:45:00,0.0149,0.01515,0.01483,0.01489,94321063.0
2023-06-03 09:00:00,0.01489,0.01504,0.01463,0.01502,68839578.0
2023-06-03 09:15:00,0.01503,0.01516,0.01493,0.01513,59870916.0
2023-06-03 09:30:00,0.01512,0.0152,0.01494,0.01511,84725328.0
2023-06-03 09:45:00,0.01511,0.01519,0.0149,0.01493,34903167.0
2023-06-03 10:00:00,0.01493,0.01501,0.01384,0.01408,226560235.0
2023-06-03 10:15:00,0.01408,0.01422,0.01378,0.01408,130347046.0
2023-06-03 10:30:00,0.01408,0.01446,0.01402,0.0143,54791081.0
2023-06-03 10:45:00,0.01429,0.01438,0.0141,0.01423,37350855.0
2023-06-03 11:00:00,0.01424,0.01426,0.01403,0.01425,51046553.0
2023-06-03 11:15:00,0.01424,0.01437,0.01414,0.01431,33080560.0
2023-06-03 11:30:00,0.01431,0.01431,0.01413,0.01418,28689604.0
2023-06-03 11:45:00,0.01419,0.01422,0.01389,0.01401,59566350.0
2023-06-03 12:00:00,0.014,0.01403,0.0132,0.01345,137492962.0
2023-06-03 12:15:00,0.01345,0.01366,0.01345,0.01351,50887126.0
2023-06-03 12:30:00,0.01351,0.01366,0.0135,0.01359,28819778.0
2023-06-03 12:45:00,0.01359,0.01362,0.01323,0.0134,101845966.0
2023-06-03 13:00:00,0.01341,0.01358,0.01314,0.01327,89429527.0
2023-06-03 13:15:00,0.01327,0.01328,0.01285,0.01313,107020104.0
2023-06-03 13:30:00,0.01313,0.01313,0.01289,0.01294,43762742.0
2023-06-03 13:45:00,0.01295,0.01314,0.01274,0.01314,53533186.0
2023-06-03 14:00:00,0.01313,0.01425,0.01298,0.01332,205593112.0
2023-06-03 14:15:00,0.01331,0.01358,0.01322,0.01344,76292552.0
2023-06-03 14:30:00,0.01344,0.01358,0.01332,0.01339,57330832.0
2023-06-03 14:45:00,0.01341,0.01348,0.01325,0.01334,55104010.0
2023-06-03 15:00:00,0.01333,0.01344,0.01301,0.0131,46140376.0
2023-06-03 15:15:00,0.0131,0.01335,0.01308,0.01332,31532700.0
2023-06-03 15:30:00,0.01331,0.01389,0.01328,0.01347,102575627.0
2023-06-03 15:45:00,0.01347,0.01347,0.01314,0.01328,31990768.0
2023-06-03 16:00:00,0.01327,0.01343,0.01312,0.01316,34089353.0
2023-06-03 16:15:00,0.01315,0.01332,0.01297,0.01321,35995755.0
2023-06-03 16:30:00,0.01322,0.01329,0.013,0.01324,28936251.0
2023-06-03 16:45:00,0.01324,0.01336,0.01312,0.01315,36067531.0
2023-06-03 17:00:00,0.01315,0.01322,0.01292,0.01294,27273398.0
2023-06-03 17:15:00,0.01295,0.01305,0.01288,0.01298,21953139.0
2023-06-03 17:30:00,0.01297,0.01297,0.01277,0.01287,29319776.0
2023-06-03 17:45:00,0.01287,0.01287,0.01275,0.0128,15145673.0
2023-06-03 18:00:00,0.0128,0.01285,0.01228,0.01229,53027131.0
2023-06-03 18:15:00,0.01229,0.0128,0.01226,0.01268,43092894.0
2023-06-03 18:30:00,0.01266,0.01271,0.01234,0.01237,21157488.0
2023-06-03 18:45:00,0.01238,0.01256,0.01222,0.01237,34767228.0
2023-06-03 19:00:00,0.01238,0.01239,0.01211,0.01223,45207374.0
2023-06-03 19:15:00,0.01224,0.01245,0.01214,0.01235,32427332.0
2023-06-03 19:30:00,0.01236,0.01236,0.01206,0.01214,37672354.0
2023-06-03 19:45:00,0.01213,0.01224,0.01207,0.01214,18383681.0
2023-06-03 20:00:00,0.01215,0.01219,0.01182,0.01187,49650744.0
2023-06-03 20:15:00,0.01186,0.01208,0.01179,0.01198,31469608.0
2023-06-03 20:30:00,0.01198,0.01214,0.01193,0.01202,18512058.0
2023-06-03 20:45:00,0.01203,0.01206,0.01189,0.01194,11754997.0
2023-06-03 21:00:00,0.01194,0.01201,0.01183,0.01197,23545721.0
2023-06-03 21:15:00,0.01197,0.01199,0.0119,0.01197,10106457.0
2023-06-03 21:30:00,0.01197,0.01198,0.01181,0.01186,13434995.0
2023-06-03 21:45:00,0.01186,0.01187,0.0117,0.01179,16871389.0
2023-06-03 22:00:00,0.01177,0.01184,0.01167,0.01168,11255433.0
2023-06-03 22:15:00,0.01169,0.01169,0.01136,0.01139,35684944.0
2023-06-03 22:30:00,0.0114,0.013,0.0114,0.0121,146138650.0
2023-06-03 22:45:00,0.0121,0.01214,0.01179,0.01202,49316348.0
2023-06-03 23:00:00,0.012,0.01235,0.01192,0.01207,49138048.0
2023-06-03 23:15:00,0.01205,0.01215,0.012,0.01205,16031439.0
2023-06-03 23:30:00,0.01205,0.01213,0.01196,0.012,11375974.0
2023-06-03 23:45:00,0.01201,0.01211,0.01197,0.01199,14383754.0
2023-06-04 00:00:00,0.01199,0.01227,0.01194,0.01204,22987396.0
2023-06-04 00:15:00,0.01205,0.01208,0.01195,0.012,8174887.0
2023-06-04 00:30:00,0.01201,0.01219,0.01197,0.01198,21573074.0
2023-06-04 00:45:00,0.01198,0.01215,0.01197,0.01205,13894325.0
2023-06-04 01:00:00,0.01206,0.01224,0.01201,0.01221,15377920.0
2023-06-04 01:15:00,0.0122,0.01253,0.01219,0.0124,36800633.0
2023-06-04 01:30:00,0.0124,0.01255,0.01219,0.01224,14899841.0
2023-06-04 01:45:00,0.01223,0.01223,0.01203,0.01208,16882565.0
2023-06-04 02:00:00,0.01207,0.0124,0.01202,0.01227,15118823.0
2023-06-04 02:15:00,0.01227,0.01232,0.01215,0.01216,7756935.0
2023-06-04 02:30:00,0.01217,0.01232,0.01215,0.01217,7490325.0
2023-06-04 02:45:00,0.01217,0.01238,0.01216,0.01237,10560460.0
2023-06-04 03:00:00,0.01237,0.01237,0.01212,0.01219,7676035.0
2023-06-04 03:15:00,0.01219,0.01225,0.01218,0.01225,2932195.0
2023-06-04 03:30:00,0.01223,0.01224,0.01214,0.0122,3768136.0
2023-06-04 03:45:00,0.0122,0.01233,0.01204,0.01209,15494743.0
2023-06-04 04:00:00,0.0121,0.0124,0.0121,0.01232,19486786.0
2023-06-04 04:15:00,0.01232,0.01234,0.01216,0.01223,10245657.0
2023-06-04 04:30:00,0.01221,0.01225,0.01211,0.01216,8961498.0
2023-06-04 04:45:00,0.01216,0.01219,0.01208,0.01215,6652310.0
2023-06-04 05:00:00,0.01215,0.01216,0.01207,0.01209,8204930.0
2023-06-04 05:15:00,0.01209,0.0121,0.01204,0.01205,6589152.0
2023-06-04 05:30:00,0.01206,0.01225,0.01181,0.01225,37101466.0
2023-06-04 05:45:00,0.01226,0.01232,0.01219,0.01227,16581531.0
2023-06-04 06:00:00,0.01227,0.01231,0.01198,0.01204,17911233.0
2023-06-04 06:15:00,0.01205,0.01208,0.01185,0.0119,19940687.0
2023-06-04 06:30:00,0.01191,0.01204,0.01191,0.01198,9565454.0
2023-06-04 06:45:00,0.01197,0.01226,0.01185,0.01215,30222962.0
2023-06-04 07:00:00,0.01214,0.0122,0.01204,0.01206,15111687.0
2023-06-04 07:15:00,0.01206,0.01206,0.01194,0.01195,8093489.0
2023-06-04 07:30:00,0.01195,0.01199,0.01188,0.01194,6806900.0
2023-06-04 07:45:00,0.01194,0.012,0.01189,0.01192,6956060.0
2023-06-04 08:00:00,0.01193,0.01209,0.01193,0.01201,7355955.0
2023-06-04 08:15:00,0.01201,0.01201,0.01186,0.01186,16739840.0
2023-06-04 08:30:00,0.01186,0.01192,0.01171,0.01186,12275655.0
2023-06-04 08:45:00,0.01187,0.01188,0.01176,0.01179,7288408.0
2023-06-04 09:00:00,0.01181,0.01195,0.01178,0.01185,13029895.0
2023-06-04 09:15:00,0.01185,0.01185,0.01173,0.01176,4082585.0
2023-06-04 09:30:00,0.01178,0.01181,0.01169,0.01172,5311526.0
2023-06-04 09:45:00,0.01172,0.01177,0.0117,0.01173,3865127.0
2023-06-04 10:00:00,0.01173,0.01173,0.01161,0.01161,9046588.0
2023-06-04 10:15:00,0.01161,0.01169,0.01161,0.01163,7108072.0
2023-06-04 10:30:00,0.01163,0.01174,0.01163,0.01173,5677034.0
2023-06-04 10:45:00,0.01174,0.01191,0.01169,0.01171,15533272.0
2023-06-04 11:00:00,0.0117,0.01172,0.01163,0.01165,5918540.0
2023-06-04 11:15:00,0.01164,0.01168,0.01159,0.01162,8641575.0
2023-06-04 11:30:00,0.01163,0.01164,0.01158,0.01161,4091097.0
2023-06-04 11:45:00,0.01161,0.01167,0.01158,0.01166,5583711.0
2023-06-04 12:00:00,0.01165,0.01169,0.01159,0.01169,4771318.0
2023-06-04 12:15:00,0.01168,0.01168,0.01158,0.01159,4265412.0
2023-06-04 12:30:00,0.01158,0.01165,0.01156,0.01164,11174458.0
2023-06-04 12:45:00,0.01164,0.01172,0.0116,0.01165,40257885.0
2023-06-04 13:00:00,0.01165,0.01166,0.01158,0.0116,10588659.0
2023-06-04 13:15:00,0.01159,0.01164,0.01152,0.01153,12385321.0
2023-06-04 13:30:00,0.01153,0.01155,0.01146,0.01151,12656294.0
2023-06-04 13:45:00,0.01153,0.01155,0.01145,0.01147,4264640.0
2023-06-04 14:00:00,0.01147,0.01151,0.01145,0.01148,4411589.0
2023-06-04 14:15:00,0.01147,0.01153,0.01144,0.01146,8021301.0
2023-06-04 14:30:00,0.01146,0.01148,0.01141,0.01142,4553936.0
2023-06-04 14:45:00,0.01143,0.01145,0.01125,0.01127,18252779.0
2023-06-04 15:00:00,0.01127,0.01137,0.01125,0.01131,15376945.0
2023-06-04 15:15:00,0.0113,0.01134,0.01122,0.01128,9675250.0
2023-06-04 15:30:00,0.01127,0.01147,0.01125,0.01141,21392943.0
2023-06-04 15:45:00,0.01142,0.01169,0.0114,0.01153,36476366.0
2023-06-04 16:00:00,0.01153,0.01155,0.01136,0.01139,14055477.0
2023-06-04 16:15:00,0.01141,0.01143,0.0113,0.0113,12933162.0
2023-06-04 16:30:00,0.0113,0.01142,0.01128,0.01136,6789094.0
2023-06-04 16:45:00,0.01137,0.01141,0.01134,0.01135,4765005.0
2023-06-04 17:00:00,0.01136,0.01142,0.0113,0.0113,6791992.0
2023-06-04 17:15:00,0.0113,0.01132,0.01125,0.01127,1493486.0
2023-06-04 17:30:00,0.01128,0.01133,0.01127,0.01132,1863625.0
2023-06-04 17:45:00,0.01132,0.01133,0.01117,0.01123,12978193.0
2023-06-04 18:00:00,0.01124,0.01143,0.01124,0.01138,8495893.0
2023-06-04 18:15:00,0.01138,0.01141,0.01132,0.01133,4909355.0
2023-06-04 18:30:00,0.01132,0.01132,0.01123,0.01125,3997675.0
2023-06-04 18:45:00,0.01125,0.01125,0.01118,0.0112,3375906.0
2023-06-04 19:00:00,0.0112,0.01129,0.01119,0.01128,3658771.0
2023-06-04 19:15:00,0.01129,0.01136,0.01124,0.01124,3778759.0
2023-06-04 19:30:00,0.01124,0.01125,0.01121,0.01123,2904293.0
2023-06-04 19:45:00,0.01124,0.01124,0.01115,0.01117,2247688.0
2023-06-04 20:00:00,0.01116,0.01124,0.01116,0.0112,3790830.0
2023-06-04 20:15:00,0.01121,0.01125,0.01118,0.01122,1374098.0
2023-06-04 20:30:00,0.01122,0.01122,0.01117,0.01117,3355740.0
2023-06-04 20:45:00,0.01117,0.01124,0.01117,0.01124,2618009.0
2023-06-04 21:00:00,0.01124,0.01125,0.01118,0.01121,1952850.0
2023-06-04 21:15:00,0.01121,0.01122,0.01116,0.01121,11907455.0
2023-06-04 21:30:00,0.01121,0.01121,0.01116,0.0112,2458098.0
2023-06-04 21:45:00,0.01119,0.01127,0.01118,0.01126,2732561.0
2023-06-04 22:00:00,0.01126,0.01146,0.01126,0.01139,9371177.0
2023-06-04 22:15:00,0.01139,0.01144,0.01128,0.0113,6253632.0
2023-06-04 22:30:00,0.01129,0.0113,0.01121,0.01123,6738945.0
2023-06-04 22:45:00,0.01124,0.01124,0.01114,0.01116,5753408.0
2023-06-04 23:00:00,0.01117,0.01127,0.01117,0.01127,3216149.0
2023-06-04 23:15:00,0.01126,0.01131,0.0112,0.01126,4569208.0
2023-06-04 23:30:00,0.01126,0.01127,0.01119,0.0112,1829390.0
2023-06-04 23:45:00,0.0112,0.01122,0.01118,0.01122,2331430.0
2023-06-05 00:00:00,0.01121,0.01125,0.01106,0.01125,7121809.0
2023-06-05 00:15:00,0.01125,0.01138,0.01124,0.01131,5971109.0
2023-06-05 00:30:00,0.01131,0.01131,0.01109,0.01109,4848599.0
2023-06-05 00:45:00,0.01108,0.01113,0.01105,0.01112,5215801.0
2023-06-05 01:00:00,0.01113,0.01119,0.01113,0.01119,2899659.0
2023-06-05 01:15:00,0.0112,0.01122,0.01115,0.01115,1516217.0
2023-06-05 01:30:00,0.01115,0.01116,0.01108,0.01108,2107562.0
2023-06-05 01:45:00,0.01108,0.01111,0.01103,0.01108,4454393.0
2023-06-05 02:00:00,0.01107,0.01125,0.01107,0.01125,19259189.0
2023-06-05 02:15:00,0.01124,0.01155,0.01124,0.01126,19137794.0
2023-06-05 02:30:00,0.01126,0.0113,0.01118,0.01118,7096634.0
2023-06-05 02:45:00,0.01118,0.01118,0.01088,0.01102,28112253.0
2023-06-05 03:00:00,0.01102,0.01132,0.01102,0.01124,9854083.0
2023-06-05 03:15:00,0.01123,0.01131,0.01111,0.01116,12486184.0
2023-06-05 03:30:00,0.01115,0.01115,0.01096,0.01107,6571075.0
2023-06-05 03:45:00,0.01107,0.01111,0.01105,0.01107,2924948.0
2023-06-05 04:00:00,0.01107,0.01124,0.01105,0.01124,3616858.0
2023-06-05 04:15:00,0.01125,0.01129,0.01121,0.01127,4745225.0
2023-06-05 04:30:00,0.01126,0.01126,0.01107,0.0111,3287819.0
2023-06-05 04:45:00,0.01111,0.01137,0.01107,0.01137,9250411.0
2023-06-05 05:00:00,0.01138,0.01142,0.01114,0.01117,10270955.0
2023-06-05 05:15:00,0.01115,0.01119,0.011,0.01111,5991961.0
2023-06-05 05:30:00,0.01112,0.01121,0.01109,0.01118,7837211.0
2023-06-05 05:45:00,0.01118,0.01123,0.0111,0.01112,6515402.0
2023-06-05 06:00:00,0.01112,0.01125,0.0111,0.01125,2753231.0
2023-06-05 06:15:00,0.01125,0.01144,0.01125,0.01129,6904267.0
2023-06-05 06:30:00,0.01129,0.01132,0.01122,0.01122,2089628.0
2023-06-05 06:45:00,0.01122,0.01122,0.01114,0.01115,2460168.0
2023-06-05 07:00:00,0.01114,0.01115,0.01109,0.01111,12950223.0
2023-06-05 07:15:00,0.01111,0.01112,0.01098,0.01103,41442000.0
2023-06-05 07:30:00,0.01103,0.01116,0.011,0.01116,8761530.0
2023-06-05 07:45:00,0.01117,0.01117,0.01104,0.01111,8744963.0
2023-06-05 08:00:00,0.01111,0.01124,0.01109,0.01124,4870127.0
2023-06-05 08:15:00,0.01123,0.01123,0.01118,0.0112,1491812.0
2023-06-05 08:30:00,0.01119,0.01121,0.01113,0.01113,7350446.0
2023-06-05 08:45:00,0.01113,0.01113,0.01106,0.01107,3755152.0
2023-06-05 09:00:00,0.01107,0.0111,0.01103,0.0111,2836439.0
2023-06-05 09:15:00,0.0111,0.01114,0.01108,0.01113,3057604.0
2023-06-05 09:30:00,0.01114,0.01114,0.01109,0.01112,3076421.0
2023-06-05 09:45:00,0.01112,0.01115,0.01105,0.01106,3618729.0
2023-06-05 10:00:00,0.01106,0.01109,0.01104,0.01108,1139194.0
2023-06-05 10:15:00,0.01108,0.01122,0.01106,0.0112,5563750.0
2023-06-05 10:30:00,0.01121,0.01137,0.01121,0.01125,11261046.0
2023-06-05 10:45:00,0.01124,0.01127,0.01111,0.01113,4410861.0
2023-06-05 11:00:00,0.01112,0.01134,0.01112,0.01127,9151510.0
2023-06-05 11:15:00,0.01128,0.01128,0.01116,0.01117,12584318.0
2023-06-05 11:30:00,0.01117,0.01118,0.01109,0.01113,13468208.0
2023-06-05 11:45:00,0.01113,0.01114,0.01108,0.01112,5007459.0
2023-06-05 12:00:00,0.01112,0.01121,0.01108,0.0112,3051418.0
2023-06-05 12:15:00,0.01121,0.01126,0.01113,0.01116,11522947.0
2023-06-05 12:30:00,0.01115,0.01115,0.01108,0.01111,3920769.0
2023-06-05 12:45:00,0.01111,0.0113,0.01108,0.01127,6800135.0
2023-06-05 13:00:00,0.01127,0.01136,0.01118,0.01121,15362083.0
2023-06-05 13:15:00,0.01122,0.01126,0.0111,0.01115,17531411.0
2023-06-05 13:30:00,0.01114,0.01114,0.01103,0.01106,15276478.0
2023-06-05 13:45:00,0.01107,0.01113,0.01099,0.01113,7249603.0
2023-06-05 14:00:00,0.01113,0.01117,0.01102,0.01103,4126552.0
2023-06-05 14:15:00,0.01102,0.01113,0.011,0.01109,4388282.0
2023-06-05 14:30:00,0.01109,0.01121,0.01108,0.01119,6677238.0
2023-06-05 14:45:00,0.01119,0.01137,0.01118,0.01133,14402134.0
2023-06-05 15:00:00,0.01134,0.01164,0.01126,0.0116,54656708.0
2023-06-05 15:15:00,0.0116,0.01167,0.0111,0.0115,73904602.0
2023-06-05 15:30:00,0.0115,0.01163,0.01126,0.01143,41128663.0
2023-06-05 15:45:00,0.01143,0.01145,0.01052,0.0106,53809696.0
2023-06-05 16:00:00,0.0106,0.01163,0.01042,0.01163,102940770.0
2023-06-05 16:15:00,0.01164,0.01195,0.01123,0.01142,106057322.0
2023-06-05 16:30:00,0.01141,0.01172,0.01126,0.01127,52103402.0
2023-06-05 16:45:00,0.01127,0.01131,0.01087,0.01107,43009660.0
2023-06-05 17:00:00,0.01107,0.01127,0.01095,0.01114,18948963.0
2023-06-05 17:15:00,0.01113,0.01135,0.01112,0.01134,12301577.0
2023-06-05 17:30:00,0.01133,0.01137,0.01106,0.01112,22116071.0
2023-06-05 17:45:00,0.01111,0.01113,0.01094,0.01098,8589151.0
2023-06-05 18:00:00,0.01099,0.01099,0.01077,0.01085,15225598.0
2023-06-05 18:15:00,0.01084,0.01116,0.01081,0.01103,26825459.0
2023-06-05 18:30:00,0.01103,0.01106,0.01073,0.01081,9312441.0
2023-06-05 18:45:00,0.01081,0.01101,0.01079,0.0109,8480813.0
2023-06-05 19:00:00,0.0109,0.01094,0.01073,0.01084,10223005.0
2023-06-05 19:15:00,0.01083,0.01103,0.01083,0.0109,13806993.0
2023-06-05 19:30:00,0.01091,0.01106,0.01089,0.0109,10007436.0
2023-06-05 19:45:00,0.01091,0.01093,0.0107,0.01092,10476729.0
2023-06-05 20:00:00,0.0109,0.01101,0.01081,0.01081,11398978.0
2023-06-05 20:15:00,0.01081,0.01091,0.01071,0.0109,21610156.0
2023-06-05 20:30:00,0.01089,0.01102,0.01085,0.01086,12717324.0
2023-06-05 20:45:00,0.01083,0.01094,0.01078,0.01091,5492874.0
2023-06-05 21:00:00,0.0109,0.0109,0.01078,0.01085,4706191.0
2023-06-05 21:15:00,0.01085,0.011,0.01084,0.01091,14887079.0
2023-06-05 21:30:00,0.01091,0.01091,0.01069,0.0109,9014916.0
2023-06-05 21:45:00,0.01091,0.01095,0.01087,0.01089,3070261.0
2023-06-05 22:00:00,0.01087,0.01089,0.01073,0.01089,8068150.0
2023-06-05 22:15:00,0.0109,0.01092,0.0108,0.01082,3081346.0
2023-06-05 22:30:00,0.01082,0.01089,0.01075,0.01086,3505813.0
2023-06-05 22:45:00,0.01087,0.01103,0.01086,0.01099,5770945.0
2023-06-05 23:00:00,0.011,0.011,0.01092,0.01092,3943796.0
2023-06-05 23:15:00,0.01093,0.01107,0.0109,0.01101,4056502.0
2023-06-05 23:30:00,0.01101,0.01103,0.01091,0.01091,5328612.0
2023-06-05 23:45:00,0.01091,0.01092,0.01087,0.01087,3675912.0
2023-06-06 00:00:00,0.01086,0.01092,0.01073,0.01077,8320742.0
2023-06-06 00:15:00,0.01078,0.01095,0.01076,0.01087,2354955.0
2023-06-06 00:30:00,0.01086,0.01088,0.0108,0.01083,5070899.0
2023-06-06 00:45:00,0.01082,0.01083,0.0106,0.0107,14298380.0
2023-06-06 01:00:00,0.0107,0.0108,0.01067,0.0108,5380272.0
2023-06-06 01:15:00,0.0108,0.01081,0.01073,0.01073,4951631.0
2023-06-06 01:30:00,0.01073,0.01089,0.01002,0.01019,58079347.0
2023-06-06 01:45:00,0.01018,0.0102,0.00996,0.01002,32979882.0
2023-06-06 02:00:00,0.01002,0.01008,0.01,0.01004,7250348.0
2023-06-06 02:15:00,0.01004,0.01021,0.01004,0.0101,11188729.0
2023-06-06 02:30:00,0.01011,0.01025,0.01011,0.01018,9639746.0
2023-06-06 02:45:00,0.01018,0.01029,0.01018,0.01026,5880155.0
2023-06-06 03:00:00,0.01026,0.01041,0.01025,0.01038,9508298.0
2023-06-06 03:15:00,0.01038,0.01042,0.01035,0.01042,2431007.0
2023-06-06 03:30:00,0.01042,0.01044,0.01029,0.01036,7684260.0
2023-06-06 03:45:00,0.01036,0.01039,0.0103,0.01033,2712492.0
2023-06-06 04:00:00,0.01032,0.01052,0.01032,0.01044,7477431.0
2023-06-06 04:15:00,0.01044,0.01044,0.01038,0.01039,2975303.0
2023-06-06 04:30:00,0.0104,0.01052,0.01039,0.01043,4798305.0
2023-06-06 04:45:00,0.01042,0.01049,0.01042,0.01048,1623275.0
2023-06-06 05:00:00,0.01048,0.01048,0.01037,0.01037,2272960.0
2023-06-06 05:15:00,0.01038,0.0104,0.01029,0.01034,3547902.0
2023-06-06 05:30:00,0.01035,0.0104,0.01035,0.01037,1658051.0
2023-06-06 05:45:00,0.01037,0.0104,0.01037,0.01038,777670.0
2023-06-06 06:00:00,0.01037,0.0104,0.01036,0.01038,1700322.0
2023-06-06 06:15:00,0.01039,0.01041,0.01035,0.01039,1956444.0
2023-06-06 06:30:00,0.01039,0.01039,0.01032,0.01036,3691831.0
2023-06-06 06:45:00,0.01035,0.01038,0.01033,0.01037,1138135.0
2023-06-06 07:00:00,0.01037,0.01038,0.01034,0.01034,2489064.0
2023-06-06 07:15:00,0.01034,0.01037,0.01031,0.01032,3627976.0
2023-06-06 07:30:00,0.01032,0.01036,0.0103,0.01031,2666290.0
2023-06-06 07:45:00,0.01029,0.01029,0.01023,0.01027,2564086.0
2023-06-06 08:00:00,0.01028,0.01036,0.01025,0.01031,2914565.0
2023-06-06 08:15:00,0.01031,0.01033,0.01027,0.01028,3008434.0
2023-06-06 08:30:00,0.01028,0.01034,0.01026,0.01031,1909577.0
2023-06-06 08:45:00,0.01031,0.01032,0.0102,0.01023,9551138.0
2023-06-06 09:00:00,0.01023,0.01029,0.01022,0.01027,1603462.0
2023-06-06 09:15:00,0.01026,0.0103,0.01026,0.0103,2996520.0
2023-06-06 09:30:00,0.01028,0.01033,0.01026,0.01031,4562684.0
2023-06-06 09:45:00,0.0103,0.01037,0.01029,0.01036,3144519.0
2023-06-06 10:00:00,0.01036,0.01038,0.01033,0.01035,1782410.0
2023-06-06 10:15:00,0.01035,0.01035,0.01029,0.0103,1737807.0
2023-06-06 10:30:00,0.0103,0.01031,0.01027,0.0103,857142.0
2023-06-06 10:45:00,0.0103,0.01032,0.01025,0.01025,2074522.0
2023-06-06 11:00:00,0.01026,0.01028,0.01024,0.01026,982143.0
2023-06-06 11:15:00,0.01026,0.01028,0.01023,0.01023,1592336.0
2023-06-06 11:30:00,0.01024,0.01026,0.01021,0.01022,1925370.0
2023-06-06 11:45:00,0.01021,0.01025,0.01021,0.01025,1450706.0
2023-06-06 12:00:00,0.01025,0.01033,0.01016,0.01017,5330387.0
2023-06-06 12:15:00,0.01017,0.01037,0.01016,0.01026,7872690.0
2023-06-06 12:30:00,0.01026,0.01031,0.01023,0.0103,1894523.0
2023-06-06 12:45:00,0.01031,0.01035,0.01025,0.01027,1962596.0
2023-06-06 13:00:00,0.01026,0.01031,0.01018,0.01018,2428424.0
2023-06-06 13:15:00,0.01019,0.01025,0.01017,0.01023,4727943.0
2023-06-06 13:30:00,0.01023,0.01026,0.01015,0.01025,2404353.0
2023-06-06 13:45:00,0.01026,0.01033,0.01026,0.01031,2584940.0
2023-06-06 14:00:00,0.01032,0.01049,0.01032,0.0104,13837401.0
2023-06-06 14:15:00,0.0104,0.01044,0.01033,0.01041,4998454.0
2023-06-06 14:30:00,0.01041,0.01045,0.01036,0.01038,5185729.0
2023-06-06 14:45:00,0.0104,0.01042,0.01034,0.01039,3259138.0
2023-06-06 15:00:00,0.01039,0.01041,0.01034,0.01035,1994022.0
2023-06-06 15:15:00,0.01035,0.01039,0.01032,0.01037,1696879.0
2023-06-06 15:30:00,0.01038,0.01051,0.01038,0.01049,4357485.0
2023-06-06 15:45:00,0.0105,0.0105,0.01042,0.01048,3766397.0
2023-06-06 16:00:00,0.01048,0.01061,0.01048,0.0106,3933190.0
2023-06-06 16:15:00,0.0106,0.01066,0.01053,0.01063,6736756.0
2023-06-06 16:30:00,0.01064,0.01065,0.01055,0.01058,4150728.0
2023-06-06 16:45:00,0.01058,0.01067,0.01054,0.01065,3356003.0
2023-06-06 17:00:00,0.01063,0.01065,0.01055,0.01062,3732135.0
2023-06-06 17:15:00,0.01061,0.01077,0.01058,0.01075,5586121.0
2023-06-06 17:30:00,0.01075,0.01093,0.01067,0.01082,15202959.0
2023-06-06 17:45:00,0.01082,0.01086,0.01071,0.01078,7219428.0
2023-06-06 18:00:00,0.01078,0.01084,0.01078,0.01082,4484793.0
2023-06-06 18:15:00,0.01082,0.01082,0.01069,0.01071,7587649.0
2023-06-06 18:30:00,0.0107,0.01076,0.0107,0.01072,3141398.0
2023-06-06 18:45:00,0.01072,0.01074,0.01071,0.01071,759047.0
2023-06-06 19:00:00,0.01072,0.01074,0.01071,0.01073,834615.0
2023-06-06 19:15:00,0.01073,0.0108,0.0107,0.01079,2363294.0
2023-06-06 19:30:00,0.01078,0.01084,0.01078,0.01084,2217435.0
2023-06-06 19:45:00,0.01084,0.01096,0.01084,0.0109,7981657.0
2023-06-06 20:00:00,0.01091,0.01098,0.01088,0.01089,3880254.0
2023-06-06 20:15:00,0.01089,0.01091,0.01077,0.01082,6048814.0
2023-06-06 20:30:00,0.01082,0.01084,0.01075,0.01079,2015621.0
2023-06-06 20:45:00,0.01078,0.01081,0.01075,0.01076,1478310.0
2023-06-06 21:00:00,0.01076,0.01079,0.01072,0.01077,3598679.0
2023-06-06 21:15:00,0.01077,0.01079,0.01074,0.01076,2564947.0
2023-06-06 21:30:00,0.01076,0.0108,0.01075,0.01078,1596905.0
2023-06-06 21:45:00,0.0108,0.01081,0.01076,0.01078,1411170.0
2023-06-06 22:00:00,0.01079,0.01081,0.01076,0.01077,817678.0
2023-06-06 22:15:00,0.01076,0.01077,0.01072,0.01074,1539010.0
2023-06-06 22:30:00,0.01074,0.01079,0.01074,0.01079,1177775.0
2023-06-06 22:45:00,0.0108,0.01087,0.01079,0.01087,1769600.0
2023-06-06 23:00:00,0.01086,0.01088,0.01081,0.01084,1730952.0
2023-06-06 23:15:00,0.01083,0.01085,0.0108,0.01084,1183884.0
2023-06-06 23:30:00,0.01084,0.01084,0.01076,0.01078,1606389.0
2023-06-06 23:45:00,0.01078,0.01085,0.01077,0.0108,2356733.0
2023-06-07 00:00:00,0.0108,0.0108,0.01074,0.0108,5270437.0
2023-06-07 00:15:00,0.0108,0.01085,0.01076,0.01083,3971631.0
2023-06-07 00:30:00,0.01084,0.01086,0.01077,0.01079,3234265.0
2023-06-07 00:45:00,0.01079,0.01082,0.01071,0.01072,1569238.0
2023-06-07 01:00:00,0.01072,0.01074,0.01065,0.01068,2816043.0
2023-06-07 01:15:00,0.01068,0.01068,0.01064,0.01067,2634383.0
2023-06-07 01:30:00,0.01067,0.01071,0.01067,0.01069,1687342.0
2023-06-07 01:45:00,0.01069,0.0108,0.01068,0.01074,1499721.0
2023-06-07 02:00:00,0.01074,0.01074,0.01067,0.01068,2030948.0
2023-06-07 02:15:00,0.01068,0.01069,0.01063,0.01066,1325534.0
2023-06-07 02:30:00,0.01066,0.0107,0.01064,0.01069,2913552.0
2023-06-07 02:45:00,0.01068,0.01069,0.01062,0.01062,2431984.0
2023-06-07 03:00:00,0.01062,0.01063,0.01055,0.01057,7619026.0
2023-06-07 03:15:00,0.01059,0.0106,0.01047,0.0105,3481696.0
2023-06-07 03:30:00,0.01049,0.01049,0.01042,0.01044,2723054.0
2023-06-07 03:45:00,0.01045,0.01045,0.01039,0.01044,1185494.0
2023-06-07 04:00:00,0.01045,0.01047,0.01041,0.01041,1592575.0
2023-06-07 04:15:00,0.01041,0.01042,0.01035,0.01038,3191417.0
2023-06-07 04:30:00,0.01037,0.01038,0.01035,0.01038,979507.0
2023-06-07 04:45:00,0.01038,0.01041,0.01036,0.01041,980142.0
2023-06-07 05:00:00,0.01041,0.01042,0.01038,0.01041,1545151.0
2023-06-07 05:15:00,0.0104,0.0104,0.01032,0.01034,3061839.0
2023-06-07 05:30:00,0.01033,0.01033,0.01029,0.01033,1431163.0
2023-06-07 05:45:00,0.01033,0.01035,0.01027,0.01029,3666173.0
2023-06-07 06:00:00,0.01028,0.01029,0.01024,0.01024,1024224.0
2023-06-07 06:15:00,0.01023,0.01028,0.01021,0.01027,2230496.0
2023-06-07 06:30:00,0.01027,0.01027,0.01019,0.01021,1999309.0
2023-06-07 06:45:00,0.01021,0.01021,0.01015,0.01017,3593037.0
2023-06-07 07:00:00,0.01016,0.01016,0.01006,0.01007,4973579.0
2023-06-07 07:15:00,0.01007,0.01012,0.01006,0.01009,1589571.0
2023-06-07 07:30:00,0.01009,0.0101,0.01006,0.01008,1088145.0
2023-06-07 07:45:00,0.01007,0.01008,0.01003,0.01003,2193102.0
2023-06-07 08:00:00,0.01003,0.01009,0.01003,0.01009,3371289.0
2023-06-07 08:15:00,0.01009,0.01011,0.01006,0.01009,2301383.0
2023-06-07 08:30:00,0.01009,0.0101,0.01005,0.01008,1475554.0
2023-06-07 08:45:00,0.01008,0.01009,0.01004,0.01004,3958834.0
2023-06-07 09:00:00,0.01004,0.01004,0.00992,0.00994,6803237.0
2023-06-07 09:15:00,0.00993,0.00993,0.00986,0.00987,5304556.0
2023-06-07 09:30:00,0.00988,0.00991,0.00983,0.00989,4588763.0
2023-06-07 09:45:00,0.00988,0.00988,0.00971,0.00974,5279587.0
2023-06-07 10:00:00,0.00973,0.00984,0.00969,0.00978,5923359.0
2023-06-07 10:15:00,0.00977,0.00986,0.00976,0.00986,2475385.0
2023-06-07 10:30:00,0.00986,0.00988,0.0098,0.00986,1888169.0
2023-06-07 10:45:00,0.00987,0.00987,0.00978,0.00981,2759644.0
2023-06-07 11:00:00,0.0098,0.00986,0.00975,0.00983,4997774.0
2023-06-07 11:15:00,0.00983,0.00988,0.00982,0.00984,2326802.0
2023-06-07 11:30:00,0.00985,0.00993,0.00985,0.00987,6270499.0
2023-06-07 11:45:00,0.00987,0.00989,0.00986,0.00989,1472964.0
2023-06-07 12:00:00,0.00989,0.00989,0.00981,0.00983,2327966.0
2023-06-07 12:15:00,0.00983,0.00984,0.00979,0.00984,788629.0
2023-06-07 12:30:00,0.00984,0.00985,0.0098,0.00983,1088729.0
2023-06-07 12:45:00,0.00983,0.00983,0.00978,0.00979,1825694.0
2023-06-07 13:00:00,0.00979,0.0098,0.00975,0.00977,1710255.0
2023-06-07 13:15:00,0.00975,0.00979,0.00975,0.00975,781744.0
2023-06-07 13:30:00,0.00974,0.00979,0.0097,0.00972,2867173.0
2023-06-07 13:45:00,0.00972,0.00978,0.00971,0.00975,3360712.0
2023-06-07 14:00:00,0.00975,0.00975,0.00968,0.00973,1942609.0
2023-06-07 14:15:00,0.0097,0.00972,0.00964,0.00971,3513261.0
2023-06-07 14:30:00,0.00971,0.00973,0.00958,0.0097,14719397.0
2023-06-07 14:45:00,0.00969,0.00972,0.00962,0.00969,5295582.0
2023-06-07 15:00:00,0.00968,0.00979,0.00964,0.00974,2542981.0
2023-06-07 15:15:00,0.00973,0.00977,0.00972,0.00974,6486965.0
2023-06-07 15:30:00,0.00973,0.0098,0.00968,0.00971,3555184.0
2023-06-07 15:45:00,0.00971,0.00975,0.00969,0.00971,4116417.0
2023-06-07 16:00:00,0.00971,0.00977,0.00967,0.00971,2287619.0
2023-06-07 16:15:00,0.00971,0.00978,0.00971,0.00974,4418567.0
2023-06-07 16:30:00,0.00974,0.00991,0.00972,0.00989,4018624.0
2023-06-07 16:45:00,0.00988,0.00991,0.00984,0.00987,3785800.0
2023-06-07 17:00:00,0.00984,0.0099,0.00981,0.00984,5301899.0
2023-06-07 17:15:00,0.00985,0.00992,0.00985,0.00991,3595249.0
2023-06-07 17:30:00,0.0099,0.00996,0.0099,0.00996,2954784.0
2023-06-07 17:45:00,0.00996,0.00996,0.0098,0.0098,3299083.0
2023-06-07 18:00:00,0.00979,0.00987,0.00978,0.00987,1510520.0
2023-06-07 18:15:00,0.00987,0.00987,0.0098,0.00983,2658326.0
2023-06-07 18:30:00,0.00982,0.00984,0.00976,0.00976,6159728.0
2023-06-07 18:45:00,0.00976,0.00976,0.00973,0.00975,1179871.0
2023-06-07 19:00:00,0.00975,0.00983,0.00974,0.00982,2248959.0
2023-06-07 19:15:00,0.00982,0.00983,0.00979,0.0098,1418715.0
2023-06-07 19:30:00,0.0098,0.0098,0.00976,0.00978,1404672.0
2023-06-07 19:45:00,0.00978,0.00978,0.00975,0.00976,1131688.0
2023-06-07 20:00:00,0.00976,0.00977,0.00973,0.00973,1215928.0
2023-06-07 20:15:00,0.00973,0.00986,0.00973,0.00985,1878304.0
2023-06-07 20:30:00,0.00985,0.00985,0.00977,0.00978,843665.0
2023-06-07 20:45:00,0.00979,0.00981,0.00974,0.00974,2198748.0
2023-06-07 21:00:00,0.00974,0.00985,0.00974,0.00985,1505692.0
2023-06-07 21:15:00,0.00984,0.00984,0.0098,0.00983,783538.0
2023-06-07 21:30:00,0.00982,0.00982,0.00976,0.00978,1326344.0
2023-06-07 21:45:00,0.00978,0.00979,0.00974,0.00974,672491.0
2023-06-07 22:00:00,0.00974,0.00983,0.00972,0.00982,1769941.0
2023-06-07 22:15:00,0.00982,0.00983,0.00973,0.00974,1031060.0
2023-06-07 22:30:00,0.00975,0.00977,0.00972,0.00974,719335.0
2023-06-07 22:45:00,0.00974,0.00977,0.00974,0.00975,584406.0
2023-06-07 23:00:00,0.00976,0.00978,0.00974,0.00974,725531.0
2023-06-07 23:15:00,0.00975,0.00977,0.00975,0.00975,222248.0
2023-06-07 23:30:00,0.00974,0.00975,0.00973,0.00974,478080.0
2023-06-07 23:45:00,0.00973,0.00974,0.00964,0.00969,4802158.0
2023-06-08 00:00:00,0.00969,0.00975,0.00969,0.00971,2127167.0
2023-06-08 00:15:00,0.00971,0.00973,0.0097,0.00971,1690843.0
2023-06-08 00:30:00,0.00972,0.00972,0.0097,0.00971,924314.0
2023-06-08 00:45:00,0.0097,0.00974,0.0097,0.00971,451650.0
2023-06-08 01:00:00,0.00971,0.00971,0.00968,0.00971,1075218.0
2023-06-08 01:15:00,0.0097,0.0097,0.00964,0.00964,1375577.0
2023-06-08 01:30:00,0.00964,0.00964,0.00961,0.00964,2351702.0
2023-06-08 01:45:00,0.00963,0.00963,0.00955,0.00958,3559131.0
2023-06-08 02:00:00,0.00957,0.00958,0.00947,0.0095,3365856.0
2023-06-08 02:15:00,0.0095,0.00951,0.00947,0.00949,2153247.0
2023-06-08 02:30:00,0.00948,0.00948,0.0094,0.00942,2904911.0
2023-06-08 02:45:00,0.00941,0.00941,0.00937,0.00938,1528741.0
2023-06-08 03:00:00,0.00937,0.00939,0.00932,0.00937,2695947.0
2023-06-08 03:15:00,0.00938,0.00941,0.00927,0.00931,2320682.0
2023-06-08 03:30:00,0.00931,0.00938,0.0093,0.00937,2245504.0
2023-06-08 03:45:00,0.00936,0.00938,0.00935,0.00937,312536.0
2023-06-08 04:00:00,0.00936,0.00938,0.00935,0.00935,544458.0
2023-06-08 04:15:00,0.00934,0.00934,0.00928,0.00929,1564875.0
2023-06-08 04:30:00,0.00929,0.00931,0.00925,0.00926,1356762.0
2023-06-08 04:45:00,0.00926,0.0093,0.00925,0.00928,623380.0
2023-06-08 05:00:00,0.00929,0.00934,0.00928,0.00934,1107028.0
2023-06-08 05:15:00,0.00935,0.00935,0.00932,0.00934,1209007.0
2023-06-08 05:30:00,0.00933,0.00935,0.00931,0.00931,533915.0
2023-06-08 05:45:00,0.00931,0.00935,0.0093,0.00932,2429227.0
2023-06-08 06:00:00,0.00932,0.00932,0.00928,0.00929,1180888.0
2023-06-08 06:15:00,0.00927,0.00931,0.00927,0.00928,1413323.0
2023-06-08 06:30:00,0.00928,0.00937,0.00928,0.00937,2229302.0
2023-06-08 06:45:00,0.00937,0.00937,0.00934,0.00935,1008474.0
2023-06-08 07:00:00,0.00936,0.0094,0.00934,0.00938,1029945.0
2023-06-08 07:15:00,0.00939,0.0094,0.00935,0.00939,1699733.0
2023-06-08 07:30:00,0.00939,0.00939,0.00932,0.00933,2010246.0
2023-06-08 07:45:00,0.00933,0.00933,0.00929,0.00929,606878.0
2023-06-08 08:00:00,0.00929,0.00932,0.00928,0.00931,7132646.0
2023-06-08 08:15:00,0.00932,0.00935,0.00932,0.00934,3450540.0
2023-06-08 08:30:00,0.00934,0.00938,0.00932,0.00938,2103747.0
2023-06-08 08:45:00,0.00937,0.00945,0.00936,0.00943,4255323.0
2023-06-08 09:00:00,0.00942,0.00948,0.00941,0.00948,1848999.0
2023-06-08 09:15:00,0.00948,0.00957,0.00947,0.00956,5981826.0
2023-06-08 09:30:00,0.00957,0.00975,0.00957,0.00971,6238111.0
2023-06-08 09:45:00,0.00971,0.00976,0.00963,0.00969,5389127.0
2023-06-08 10:00:00,0.00968,0.00968,0.0096,0.00965,2754877.0
2023-06-08 10:15:00,0.00965,0.00975,0.00965,0.00967,4734442.0
2023-06-08 10:30:00,0.00967,0.0098,0.00967,0.0098,2121477.0
2023-06-08 10:45:00,0.00979,0.01014,0.00974,0.00995,32423961.0
2023-06-08 11:00:00,0.00995,0.01009,0.00987,0.00997,26369325.0
2023-06-08 11:15:00,0.00997,0.00997,0.00974,0.00976,11165577.0
2023-06-08 11:30:00,0.00976,0.00992,0.00976,0.00991,7309690.0
2023-06-08 11:45:00,0.00991,0.00991,0.00972,0.00977,23101628.0
2023-06-08 12:00:00,0.00976,0.00983,0.00973,0.0098,3991157.0
2023-06-08 12:15:00,0.0098,0.00984,0.00976,0.00982,3227822.0
2023-06-08 12:30:00,0.00982,0.00992,0.00978,0.00979,5536684.0
2023-06-08 12:45:00,0.00979,0.00989,0.00977,0.00977,37578038.0
2023-06-08 13:00:00,0.00977,0.00978,0.0097,0.0097,7591770.0
2023-06-08 13:15:00,0.0097,0.0097,0.00962,0.00963,3907976.0
2023-06-08 13:30:00,0.00964,0.00968,0.00962,0.00965,1902824.0
2023-06-08 13:45:00,0.00964,0.00965,0.00956,0.00957,4353283.0
2023-06-08 14:00:00,0.00958,0.00959,0.00952,0.00959,5268465.0
2023-06-08 14:15:00,0.0096,0.00967,0.00958,0.00966,2552427.0
2023-06-08 14:30:00,0.00966,0.00972,0.00966,0.00968,2748834.0
2023-06-08 14:45:00,0.00969,0.00974,0.00967,0.0097,2589621.0
2023-06-08 15:00:00,0.0097,0.0097,0.00962,0.00962,1578613.0
2023-06-08 15:15:00,0.00962,0.00964,0.00957,0.00959,2110702.0
2023-06-08 15:30:00,0.00959,0.00963,0.00958,0.00963,1451718.0
2023-06-08 15:45:00,0.00962,0.00965,0.00952,0.00955,10823358.0
2023-06-08 16:00:00,0.00955,0.00957,0.00951,0.00955,1361032.0
2023-06-08 16:15:00,0.00954,0.00957,0.00953,0.00955,2372904.0
2023-06-08 16:30:00,0.00954,0.00954,0.00947,0.00949,1179057.0
2023-06-08 16:45:00,0.00948,0.0095,0.00944,0.0095,2364345.0
2023-06-08 17:00:00,0.00949,0.0095,0.00945,0.00948,1560944.0
2023-06-08 17:15:00,0.00948,0.0095,0.00944,0.00945,1343275.0
2023-06-08 17:30:00,0.00944,0.00952,0.00942,0.00951,6915077.0
2023-06-08 17:45:00,0.00951,0.00951,0.00948,0.00949,1288249.0
2023-06-08 18:00:00,0.00949,0.0095,0.00945,0.00949,1153300.0
2023-06-08 18:15:00,0.00948,0.00948,0.00946,0.00947,906563.0
2023-06-08 18:30:00,0.00947,0.0095,0.00945,0.0095,2210113.0
2023-06-08 18:45:00,0.0095,0.0095,0.00946,0.00948,3328877.0
2023-06-08 19:00:00,0.00948,0.00949,0.00946,0.00947,434153.0
2023-06-08 19:15:00,0.00947,0.00949,0.00947,0.00947,1262753.0
2023-06-08 19:30:00,0.00947,0.00949,0.00947,0.00947,1104569.0
2023-06-08 19:45:00,0.00946,0.00947,0.00944,0.00947,966917.0
2023-06-08 20:00:00,0.00947,0.0095,0.00946,0.00949,543612.0
2023-06-08 20:15:00,0.0095,0.00956,0.0095,0.00955,2425117.0
2023-06-08 20:30:00,0.00955,0.00957,0.00951,0.00952,1378523.0
2023-06-08 20:45:00,0.00953,0.00956,0.00952,0.00955,851845.0
2023-06-08 21:00:00,0.00955,0.00958,0.00955,0.00958,1446566.0
2023-06-08 21:15:00,0.00957,0.00957,0.00954,0.00956,593730.0
2023-06-08 21:30:00,0.00954,0.00956,0.00953,0.00955,286310.0
2023-06-08 21:45:00,0.00953,0.00954,0.00953,0.00954,144684.0
2023-06-08 22:00:00,0.00952,0.00959,0.00952,0.00956,1123625.0
2023-06-08 22:15:00,0.00955,0.00956,0.00954,0.00954,243587.0
2023-06-08 22:30:00,0.00955,0.00957,0.00954,0.00954,631137.0
2023-06-08 22:45:00,0.00953,0.00955,0.00951,0.00954,1150138.0
2023-06-08 23:00:00,0.00954,0.00957,0.00953,0.00957,703048.0
2023-06-08 23:15:00,0.00955,0.00957,0.00954,0.00956,1046030.0
2023-06-08 23:30:00,0.00956,0.00956,0.00955,0.00956,740884.0
2023-06-08 23:45:00,0.00955,0.00957,0.00954,0.00956,633560.0
2023-06-09 00:00:00,0.00956,0.0096,0.00954,0.00956,1664490.0
2023-06-09 00:15:00,0.00955,0.00955,0.00952,0.00954,482951.0
2023-06-09 00:30:00,0.00953,0.00953,0.00946,0.00946,1832541.0
2023-06-09 00:45:00,0.00946,0.00946,0.00941,0.00941,1145170.0
2023-06-09 01:00:00,0.0094,0.0094,0.00936,0.00939,1565485.0
2023-06-09 01:15:00,0.0094,0.0094,0.00938,0.00938,294621.0
2023-06-09 01:30:00,0.00938,0.00944,0.00938,0.00941,1065238.0
2023-06-09 01:45:00,0.00942,0.00942,0.00936,0.00936,1624870.0
2023-06-09 02:00:00,0.00936,0.00937,0.0093,0.00933,2711803.0
2023-06-09 02:15:00,0.00931,0.00933,0.00922,0.00929,3876737.0
2023-06-09 02:30:00,0.00929,0.00929,0.00923,0.00926,1250251.0
2023-06-09 02:45:00,0.00926,0.00928,0.00924,0.00928,1356829.0
2023-06-09 03:00:00,0.00927,0.00928,0.00924,0.00925,1165280.0
2023-06-09 03:15:00,0.00925,0.00926,0.00919,0.00923,3153978.0
2023-06-09 03:30:00,0.00922,0.00924,0.00921,0.00923,546477.0
2023-06-09 03:45:00,0.00922,0.00925,0.00922,0.00923,821631.0
2023-06-09 04:00:00,0.00922,0.00924,0.00922,0.00922,368818.0
2023-06-09 04:15:00,0.00923,0.00925,0.00922,0.00924,1176567.0
2023-06-09 04:30:00,0.00925,0.0095,0.00925,0.0095,10141320.0
2023-06-09 04:45:00,0.00949,0.00957,0.00944,0.00951,9035852.0
2023-06-09 05:00:00,0.00951,0.00954,0.00949,0.0095,1935752.0
2023-06-09 05:15:00,0.00951,0.00953,0.00946,0.0095,1331338.0
2023-06-09 05:30:00,0.0095,0.0095,0.00944,0.00944,1133687.0
2023-06-09 05:45:00,0.00945,0.00954,0.00945,0.00947,3152211.0
2023-06-09 06:00:00,0.00947,0.00951,0.00945,0.0095,1114783.0
2023-06-09 06:15:00,0.00947,0.00951,0.00943,0.00949,2710203.0
2023-06-09 06:30:00,0.00948,0.00948,0.00947,0.00947,236551.0
2023-06-09 06:45:00,0.00948,0.00948,0.00942,0.00942,760433.0
2023-06-09 07:00:00,0.00942,0.00943,0.0094,0.00942,510448.0
2023-06-09 07:15:00,0.00943,0.00945,0.00942,0.00943,469406.0
2023-06-09 07:30:00,0.00943,0.00948,0.0094,0.00948,1389374.0
2023-06-09 07:45:00,0.00947,0.0095,0.00946,0.00949,817614.0
2023-06-09 08:00:00,0.00947,0.0096,0.00945,0.00957,6086151.0
2023-06-09 08:15:00,0.00956,0.00972,0.00955,0.00971,7942806.0
2023-06-09 08:30:00,0.00971,0.00971,0.00964,0.00966,2812952.0
2023-06-09 08:45:00,0.00966,0.00966,0.00961,0.00964,1628689.0
2023-06-09 09:00:00,0.00964,0.00969,0.00961,0.00967,2655966.0
2023-06-09 09:15:00,0.00967,0.00967,0.00958,0.00959,3068018.0
2023-06-09 09:30:00,0.0096,0.00961,0.00955,0.00956,1247183.0
2023-06-09 09:45:00,0.00957,0.0096,0.00956,0.00956,621499.0
2023-06-09 10:00:00,0.00956,0.00957,0.00945,0.00945,7420221.0
2023-06-09 10:15:00,0.00946,0.00948,0.00932,0.00938,6212566.0
2023-06-09 10:30:00,0.00938,0.00943,0.00938,0.0094,1540336.0
2023-06-09 10:45:00,0.0094,0.00942,0.00938,0.00938,1951964.0
2023-06-09 11:00:00,0.00939,0.00941,0.00936,0.00938,2444682.0
2023-06-09 11:15:00,0.00937,0.00938,0.00934,0.00935,1298982.0
2023-06-09 11:30:00,0.00935,0.00935,0.00933,0.00934,874919.0
2023-06-09 11:45:00,0.00935,0.00939,0.00934,0.00937,2426308.0
2023-06-09 12:00:00,0.00937,0.00942,0.00937,0.00941,1103870.0
2023-06-09 12:15:00,0.00941,0.00943,0.0094,0.00942,2107971.0
2023-06-09 12:30:00,0.00942,0.00945,0.00941,0.00942,951471.0
2023-06-09 12:45:00,0.00942,0.00947,0.00941,0.00947,1329889.0
2023-06-09 13:00:00,0.00947,0.00948,0.00941,0.00942,3509100.0
2023-06-09 13:15:00,0.00942,0.0095,0.00942,0.00944,1583917.0
2023-06-09 13:30:00,0.00944,0.00945,0.00942,0.00945,1384241.0
2023-06-09 13:45:00,0.00945,0.00946,0.00941,0.00943,881606.0
2023-06-09 14:00:00,0.00943,0.00944,0.0094,0.00943,1116506.0
2023-06-09 14:15:00,0.00944,0.00947,0.00944,0.00944,639093.0
2023-06-09 14:30:00,0.00945,0.00945,0.00937,0.00938,1497092.0
2023-06-09 14:45:00,0.00937,0.00939,0.00936,0.00937,1441686.0
2023-06-09 15:00:00,0.00937,0.00938,0.00936,0.00938,664623.0
2023-06-09 15:15:00,0.00939,0.00942,0.00938,0.00939,737097.0
2023-06-09 15:30:00,0.00938,0.00945,0.00938,0.00945,855253.0
2023-06-09 15:45:00,0.00945,0.00946,0.00938,0.00939,2237231.0
2023-06-09 16:00:00,0.00938,0.00946,0.00938,0.00944,1344139.0
2023-06-09 16:15:00,0.00944,0.00947,0.00943,0.00946,1729947.0
2023-06-09 16:30:00,0.00946,0.00948,0.00945,0.00946,772120.0
2023-06-09 16:45:00,0.00946,0.00947,0.00942,0.00943,1398651.0
2023-06-09 17:00:00,0.00943,0.00944,0.00936,0.00938,1320041.0
2023-06-09 17:15:00,0.00939,0.0094,0.00937,0.00937,1684236.0
2023-06-09 17:30:00,0.00938,0.0094,0.00937,0.00937,746496.0
2023-06-09 17:45:00,0.00938,0.00938,0.00931,0.00933,1996360.0
2023-06-09 18:00:00,0.00933,0.00936,0.00928,0.00929,725178.0
2023-06-09 18:15:00,0.00929,0.00931,0.00928,0.0093,591771.0
2023-06-09 18:30:00,0.0093,0.00932,0.00928,0.0093,1964239.0
2023-06-09 18:45:00,0.0093,0.00931,0.00927,0.00931,971857.0
2023-06-09 19:00:00,0.00931,0.00932,0.00924,0.00926,2620083.0
2023-06-09 19:15:00,0.00926,0.00926,0.00922,0.00922,728971.0
2023-06-09 19:30:00,0.00922,0.00925,0.00921,0.00922,777567.0
2023-06-09 19:45:00,0.00921,0.00922,0.00913,0.00914,2228413.0
2023-06-09 20:00:00,0.00914,0.00921,0.00914,0.0092,1159293.0
2023-06-09 20:15:00,0.00921,0.00925,0.00918,0.00923,1947942.0
2023-06-09 20:30:00,0.00924,0.00925,0.00922,0.00922,755990.0
2023-06-09 20:45:00,0.00922,0.00924,0.0092,0.00924,826842.0
2023-06-09 21:00:00,0.00924,0.00929,0.00924,0.00929,790942.0
2023-06-09 21:15:00,0.00929,0.00931,0.00927,0.00927,435762.0
2023-06-09 21:30:00,0.00928,0.00931,0.00926,0.00931,588508.0
2023-06-09 21:45:00,0.00931,0.00931,0.00928,0.00929,172442.0
2023-06-09 22:00:00,0.0093,0.00932,0.00929,0.0093,181242.0
2023-06-09 22:15:00,0.00931,0.00931,0.00927,0.00928,921956.0
2023-06-09 22:30:00,0.00929,0.0093,0.00928,0.00928,110835.0
2023-06-09 22:45:00,0.00929,0.00929,0.00927,0.00928,395484.0
2023-06-09 23:00:00,0.00927,0.00927,0.00923,0.00923,531540.0
2023-06-09 23:15:00,0.00923,0.00923,0.00919,0.00921,2022587.0
2023-06-09 23:30:00,0.00921,0.00922,0.0092,0.00922,300872.0
2023-06-09 23:45:00,0.00923,0.00927,0.00923,0.00925,1148622.0
2023-06-10 00:00:00,0.00925,0.00928,0.00922,0.00922,1668461.0
2023-06-10 00:15:00,0.00922,0.00923,0.00913,0.00913,2049462.0
2023-06-10 00:30:00,0.00912,0.00913,0.00905,0.00908,2499076.0
2023-06-10 00:45:00,0.00907,0.0091,0.00901,0.00902,2788010.0
2023-06-10 01:00:00,0.00902,0.00905,0.00885,0.00898,21839696.0
2023-06-10 01:15:00,0.00898,0.00898,0.00883,0.00896,12150925.0
2023-06-10 01:30:00,0.00896,0.00897,0.00886,0.00886,1540372.0
2023-06-10 01:45:00,0.00886,0.00886,0.00863,0.00877,11071776.0
2023-06-10 02:00:00,0.00878,0.0088,0.00876,0.00878,2148073.0
2023-06-10 02:15:00,0.00879,0.00879,0.00866,0.0087,6358501.0
2023-06-10 02:30:00,0.0087,0.00872,0.00848,0.00851,13613545.0
2023-06-10 02:45:00,0.0085,0.00857,0.00846,0.00855,4483761.0
2023-06-10 03:00:00,0.00856,0.00859,0.00849,0.0085,2992130.0
2023-06-10 03:15:00,0.00851,0.00851,0.00839,0.00841,7644341.0
2023-06-10 03:30:00,0.0084,0.00842,0.00832,0.00838,6930313.0
2023-06-10 03:45:00,0.00837,0.00841,0.0083,0.0083,6956850.0
2023-06-10 04:00:00,0.00831,0.00842,0.00831,0.00835,6750377.0
2023-06-10 04:15:00,0.00834,0.00834,0.00465,0.00618,154381550.0
2023-06-10 04:30:00,0.00622,0.00654,0.00584,0.00615,193307884.0
2023-06-10 04:45:00,0.00614,0.00659,0.00601,0.00642,153948755.0
2023-06-10 05:00:00,0.00641,0.00666,0.00636,0.00654,84722524.0
2023-06-10 05:15:00,0.00655,0.00671,0.00653,0.00662,39603281.0
2023-06-10 05:30:00,0.00661,0.00664,0.00654,0.00664,25160069.0
2023-06-10 05:45:00,0.00663,0.00663,0.00644,0.00647,26768705.0
2023-06-10 06:00:00,0.00648,0.00665,0.00648,0.00662,18049792.0
2023-06-10 06:15:00,0.00662,0.00674,0.00658,0.00666,22533197.0
2023-06-10 06:30:00,0.00665,0.00667,0.00652,0.00657,17278147.0
2023-06-10 06:45:00,0.00657,0.00667,0.00651,0.00667,16812913.0
2023-06-10 07:00:00,0.00665,0.00689,0.00661,0.00689,23748786.0
2023-06-10 07:15:00,0.00689,0.00711,0.00682,0.00703,61660681.0
2023-06-10 07:30:00,0.00704,0.00707,0.00697,0.00707,15599265.0
2023-06-10 07:45:00,0.00707,0.00707,0.00688,0.00692,26662673.0
2023-06-10 08:00:00,0.00693,0.007,0.00688,0.00698,15474992.0
2023-06-10 08:15:00,0.00697,0.00699,0.00689,0.00697,30678561.0
2023-06-10 08:30:00,0.00696,0.00698,0.00688,0.00693,10182855.0
2023-06-10 08:45:00,0.00693,0.00696,0.00688,0.00694,14661527.0
2023-06-10 09:00:00,0.00692,0.00695,0.00689,0.00691,7659146.0
2023-06-10 09:15:00,0.00691,0.00692,0.00677,0.0068,25034643.0
2023-06-10 09:30:00,0.0068,0.00691,0.0068,0.0069,19471799.0
2023-06-10 09:45:00,0.00689,0.00695,0.00686,0.0069,19428161.0
2023-06-10 10:00:00,0.00689,0.00694,0.00682,0.00684,17959483.0
2023-06-10 10:15:00,0.00683,0.00688,0.00677,0.00679,10323867.0
2023-06-10 10:30:00,0.0068,0.00684,0.00676,0.00684,8600467.0
2023-06-10 10:45:00,0.00683,0.00687,0.00679,0.00682,26974163.0
2023-06-10 11:00:00,0.00682,0.00682,0.00672,0.00677,22899075.0
2023-06-10 11:15:00,0.00676,0.00677,0.00668,0.00675,7266008.0
2023-06-10 11:30:00,0.00675,0.00683,0.0067,0.00681,11986682.0
2023-06-10 11:45:00,0.00681,0.00689,0.0068,0.00688,5058030.0
2023-06-10 12:00:00,0.00687,0.00687,0.00681,0.00682,3408951.0
2023-06-10 12:15:00,0.00682,0.00682,0.00673,0.00675,6206383.0
2023-06-10 12:30:00,0.00676,0.00679,0.0067,0.0067,5982192.0
2023-06-10 12:45:00,0.00673,0.00696,0.00672,0.00677,29359160.0
2023-06-10 13:00:00,0.00676,0.00688,0.00674,0.00681,12002031.0
2023-06-10 13:15:00,0.00682,0.0069,0.00681,0.00689,12137187.0
2023-06-10 13:30:00,0.00689,0.0069,0.00681,0.00685,9744013.0
2023-06-10 13:45:00,0.00685,0.00687,0.00679,0.00683,19414147.0
2023-06-10 14:00:00,0.00683,0.00685,0.00677,0.0068,5682448.0
2023-06-10 14:15:00,0.00681,0.00685,0.0068,0.00681,3133649.0
2023-06-10 14:30:00,0.00681,0.00799,0.00677,0.00763,163603111.0
2023-06-10 14:45:00,0.00761,0.00771,0.00728,0.00737,48793611.0
2023-06-10 15:00:00,0.00736,0.00754,0.00723,0.00742,30887931.0
2023-06-10 15:15:00,0.00743,0.0075,0.00737,0.00742,10090968.0
2023-06-10 15:30:00,0.00742,0.00744,0.00734,0.00738,12484153.0
2023-06-10 15:45:00,0.00739,0.00743,0.00723,0.00725,33649010.0
2023-06-10 16:00:00,0.00725,0.00738,0.00719,0.0073,25320921.0
2023-06-10 16:15:00,0.00729,0.00737,0.00723,0.00729,14459250.0
2023-06-10 16:30:00,0.0073,0.00731,0.00722,0.00723,6304592.0
2023-06-10 16:45:00,0.00723,0.00734,0.00723,0.00725,20653835.0
2023-06-10 17:00:00,0.00724,0.00744,0.00718,0.00742,8971735.0
2023-06-10 17:15:00,0.00742,0.00758,0.00739,0.00755,38528482.0
2023-06-10 17:30:00,0.00756,0.00762,0.00732,0.00749,109618955.0
2023-06-10 17:45:00,0.00749,0.00749,0.00739,0.00747,5887658.0
2023-06-10 18:00:00,0.00748,0.00748,0.00737,0.00739,2386267.0
2023-06-10 18:15:00,0.00738,0.00739,0.00726,0.00732,6379384.0
2023-06-10 18:30:00,0.00731,0.00738,0.0073,0.00738,3428361.0
2023-06-10 18:45:00,0.00738,0.0074,0.00733,0.00735,3433896.0
2023-06-10 19:00:00,0.00736,0.00739,0.00734,0.00735,1076292.0
2023-06-10 19:15:00,0.00736,0.0074,0.00732,0.00738,2470732.0
2023-06-10 19:30:00,0.00737,0.00745,0.00737,0.00743,2151852.0
2023-06-10 19:45:00,0.00743,0.0075,0.00742,0.00746,13312023.0
2023-06-10 20:00:00,0.00746,0.00748,0.00741,0.00747,2504427.0
2023-06-10 20:15:00,0.00747,0.00747,0.00742,0.00744,1834922.0
2023-06-10 20:30:00,0.00745,0.00753,0.00744,0.00753,3141528.0
2023-06-10 20:45:00,0.00754,0.00754,0.00745,0.00748,13810619.0
2023-06-10 21:00:00,0.00748,0.0075,0.0074,0.00742,12152334.0
2023-06-10 21:15:00,0.00742,0.00745,0.00736,0.00743,5341866.0
2023-06-10 21:30:00,0.00743,0.00748,0.00742,0.00744,2751278.0
2023-06-10 21:45:00,0.00744,0.00746,0.00741,0.00746,1795507.0
2023-06-10 22:00:00,0.00747,0.00747,0.00735,0.00739,4852527.0
2023-06-10 22:15:00,0.0074,0.00744,0.00737,0.00742,2547154.0
2023-06-10 22:30:00,0.00742,0.00749,0.00742,0.00749,325761.0
2023-06-10 22:45:00,0.00748,0.00748,0.00744,0.00745,2338518.0
2023-06-10 23:00:00,0.00747,0.00747,0.00739,0.00742,1381643.0
2023-06-10 23:15:00,0.00743,0.00745,0.0074,0.00742,2269586.0
2023-06-10 23:30:00,0.00741,0.00742,0.00734,0.00736,5538956.0
2023-06-10 23:45:00,0.00736,0.00741,0.00734,0.00734,4344111.0
2023-06-11 00:00:00,0.00737,0.0074,0.00721,0.00725,9414948.0
2023-06-11 00:15:00,0.00725,0.00734,0.00725,0.00734,2359951.0
2023-06-11 00:30:00,0.00734,0.00735,0.00728,0.00728,5758103.0
2023-06-11 00:45:00,0.00726,0.00728,0.00725,0.00726,1983899.0
2023-06-11 01:00:00,0.00727,0.00727,0.00721,0.00724,1739117.0
2023-06-11 01:15:00,0.00725,0.00725,0.0072,0.00722,3223501.0
2023-06-11 01:30:00,0.00722,0.00727,0.00721,0.00724,1563013.0
2023-06-11 01:45:00,0.00724,0.00724,0.00719,0.00721,3195811.0
2023-06-11 02:00:00,0.00722,0.00725,0.00717,0.0072,2033859.0
2023-06-11 02:15:00,0.0072,0.00724,0.00719,0.00723,1440072.0
2023-06-11 02:30:00,0.00723,0.00731,0.00723,0.00731,1431055.0
2023-06-11 02:45:00,0.00731,0.00732,0.00727,0.00732,1417112.0
2023-06-11 03:00:00,0.00731,0.00731,0.00717,0.00718,2500417.0
2023-06-11 03:15:00,0.00718,0.00721,0.00717,0.00721,406240.0
2023-06-11 03:30:00,0.00721,0.00723,0.00718,0.00718,3730594.0
2023-06-11 03:45:00,0.00718,0.00719,0.00713,0.00713,1243707.0
2023-06-11 04:00:00,0.00714,0.0072,0.00714,0.00719,2080257.0
2023-06-11 04:15:00,0.00719,0.0072,0.00704,0.00708,8987445.0
2023-06-11 04:30:00,0.00708,0.00709,0.00696,0.00701,18846390.0
2023-06-11 04:45:00,0.00702,0.00708,0.00702,0.00704,4634971.0
2023-06-11 05:00:00,0.00705,0.00712,0.00705,0.00709,4359965.0
2023-06-11 05:15:00,0.00709,0.00709,0.00705,0.00705,2577048.0
2023-06-11 05:30:00,0.00705,0.00706,0.007,0.00701,4328864.0
2023-06-11 05:45:00,0.00701,0.00707,0.00698,0.00705,3912731.0
2023-06-11 06:00:00,0.00705,0.00706,0.00702,0.00704,1344133.0
2023-06-11 06:15:00,0.00703,0.00706,0.00702,0.00706,857225.0
2023-06-11 06:30:00,0.00705,0.00706,0.00702,0.00704,1541593.0
2023-06-11 06:45:00,0.00704,0.00711,0.00702,0.0071,5184929.0
2023-06-11 07:00:00,0.0071,0.00711,0.00706,0.00708,4977453.0
2023-06-11 07:15:00,0.00707,0.0071,0.00703,0.00705,2946067.0
2023-06-11 07:30:00,0.00704,0.00706,0.007,0.00701,4769775.0
2023-06-11 07:45:00,0.00701,0.00704,0.007,0.00702,2573014.0
2023-06-11 08:00:00,0.00703,0.00706,0.00701,0.00705,2658023.0
2023-06-11 08:15:00,0.00704,0.00709,0.00704,0.00706,3119399.0
2023-06-11 08:30:00,0.00706,0.00706,0.007,0.007,3283737.0
2023-06-11 08:45:00,0.007,0.00703,0.00698,0.00702,1994703.0
2023-06-11 09:00:00,0.00702,0.00704,0.00701,0.00704,1886878.0
2023-06-11 09:15:00,0.00703,0.00711,0.00703,0.00711,3361761.0
2023-06-11 09:30:00,0.00711,0.00719,0.00708,0.00718,4004964.0
2023-06-11 09:45:00,0.00718,0.00726,0.00714,0.00719,10945277.0
2023-06-11 10:00:00,0.00718,0.00721,0.00713,0.00721,3384027.0
2023-06-11 10:15:00,0.00722,0.00727,0.00721,0.00722,6335107.0
2023-06-11 10:30:00,0.00721,0.00767,0.0072,0.00758,53799691.0
2023-06-11 10:45:00,0.00758,0.00762,0.00748,0.0075,17250755.0
2023-06-11 11:00:00,0.00749,0.00749,0.00737,0.00738,17241588.0
2023-06-11 11:15:00,0.00737,0.00744,0.00735,0.00736,4828663.0
2023-06-11 11:30:00,0.00738,0.00745,0.00735,0.00745,3957709.0
2023-06-11 11:45:00,0.00744,0.00744,0.00729,0.00731,39182399.0
2023-06-11 12:00:00,0.00731,0.00744,0.00731,0.00742,5934197.0
2023-06-11 12:15:00,0.00742,0.00753,0.00741,0.00753,8118326.0
2023-06-11 12:30:00,0.00752,0.00752,0.0074,0.00745,7705938.0
2023-06-11 12:45:00,0.00744,0.00744,0.00731,0.00733,5492403.0
2023-06-11 13:00:00,0.00734,0.00739,0.00731,0.00733,4599555.0
2023-06-11 13:15:00,0.00732,0.00737,0.00729,0.00732,4162784.0
2023-06-11 13:30:00,0.00733,0.00733,0.00724,0.00729,4763671.0
2023-06-11 13:45:00,0.00728,0.0073,0.00725,0.00727,3811508.0
2023-06-11 14:00:00,0.00727,0.00731,0.00727,0.0073,4702203.0
2023-06-11 14:15:00,0.00729,0.00737,0.00729,0.00733,5014116.0
2023-06-11 14:30:00,0.00733,0.00736,0.00729,0.00729,3041093.0
2023-06-11 14:45:00,0.0073,0.00732,0.00727,0.00728,2295756.0
2023-06-11 15:00:00,0.00728,0.0073,0.00726,0.00728,3260687.0
2023-06-11 15:15:00,0.00729,0.00731,0.00724,0.00729,1940463.0
2023-06-11 15:30:00,0.00729,0.00729,0.00719,0.00721,7565869.0
2023-06-11 15:45:00,0.00722,0.00727,0.00722,0.00727,3482442.0
2023-06-11 16:00:00,0.00726,0.00768,0.00726,0.00761,53109475.0
2023-06-11 16:15:00,0.00761,0.00777,0.00757,0.00764,34742674.0
2023-06-11 16:30:00,0.00764,0.00768,0.00759,0.00763,10172213.0
2023-06-11 16:45:00,0.00763,0.00763,0.00758,0.00759,5226917.0
2023-06-11 17:00:00,0.0076,0.0077,0.0076,0.00768,5238485.0
2023-06-11 17:15:00,0.00769,0.00775,0.00766,0.00774,2587228.0
2023-06-11 17:30:00,0.00774,0.00783,0.0077,0.00773,13579138.0
2023-06-11 17:45:00,0.00773,0.00773,0.00761,0.00764,11020048.0
2023-06-11 18:00:00,0.00763,0.00763,0.00756,0.0076,4104117.0
2023-06-11 18:15:00,0.0076,0.00764,0.00756,0.00756,1921059.0
2023-06-11 18:30:00,0.00758,0.00763,0.00755,0.00757,7452721.0
2023-06-11 18:45:00,0.00757,0.00757,0.00751,0.00752,2441799.0
2023-06-11 19:00:00,0.00753,0.00753,0.00747,0.0075,2441944.0
2023-06-11 19:15:00,0.00751,0.00756,0.00751,0.00753,2063130.0
2023-06-11 19:30:00,0.00754,0.0076,0.00754,0.0076,1167947.0
2023-06-11 19:45:00,0.0076,0.00763,0.0076,0.00761,790500.0
2023-06-11 20:00:00,0.00762,0.00769,0.0076,0.00766,2001800.0
2023-06-11 20:15:00,0.00767,0.00767,0.00762,0.00765,2562109.0
2023-06-11 20:30:00,0.00765,0.00765,0.00754,0.00758,3348676.0
2023-06-11 20:45:00,0.00758,0.00758,0.00751,0.00754,1975632.0
2023-06-11 21:00:00,0.00755,0.00757,0.00752,0.00753,1893097.0
2023-06-11 21:15:00,0.00752,0.00755,0.00751,0.00751,1671690.0
2023-06-11 21:30:00,0.00752,0.00754,0.00745,0.00746,7559775.0
2023-06-11 21:45:00,0.00746,0.00754,0.00746,0.00753,10678942.0
2023-06-11 22:00:00,0.00753,0.00754,0.00747,0.00747,2638669.0
2023-06-11 22:15:00,0.00747,0.00748,0.00744,0.00744,2292538.0
2023-06-11 22:30:00,0.00745,0.00747,0.00733,0.00737,11641239.0
2023-06-11 22:45:00,0.00738,0.00747,0.00738,0.00746,8780312.0
2023-06-11 23:00:00,0.00747,0.00749,0.00745,0.00746,2237562.0
2023-06-11 23:15:00,0.00747,0.00751,0.00746,0.00746,1006468.0
2023-06-11 23:30:00,0.00747,0.00749,0.00744,0.00748,2172065.0
2023-06-11 23:45:00,0.00747,0.00748,0.00746,0.00748,358062.0
2023-06-12 00:00:00,0.00748,0.00748,0.00739,0.0074,4368522.0
2023-06-12 00:15:00,0.00741,0.00741,0.0073,0.00735,8168405.0
2023-06-12 00:30:00,0.00735,0.00741,0.00734,0.00737,2710378.0
2023-06-12 00:45:00,0.00736,0.00744,0.00735,0.00744,1818314.0
2023-06-12 01:00:00,0.00745,0.00751,0.00737,0.00738,9081394.0
2023-06-12 01:15:00,0.00738,0.00743,0.00736,0.00739,3410659.0
2023-06-12 01:30:00,0.00739,0.00739,0.00733,0.00735,2127186.0
2023-06-12 01:45:00,0.00735,0.00735,0.00725,0.00732,8591092.0
2023-06-12 02:00:00,0.00733,0.00738,0.0073,0.00734,3685239.0
2023-06-12 02:15:00,0.00734,0.00734,0.0071,0.00719,11473739.0
2023-06-12 02:30:00,0.0072,0.00724,0.0072,0.00721,4239346.0
2023-06-12 02:45:00,0.00721,0.00721,0.00712,0.00719,4649853.0
2023-06-12 03:00:00,0.00719,0.00724,0.00719,0.00722,2502620.0
2023-06-12 03:15:00,0.00721,0.00732,0.00721,0.00732,1144733.0
2023-06-12 03:30:00,0.00731,0.0074,0.0073,0.0074,4694895.0
2023-06-12 03:45:00,0.0074,0.00741,0.00731,0.00734,6799041.0
2023-06-12 04:00:00,0.00736,0.00736,0.00729,0.00729,3737988.0
2023-06-12 04:15:00,0.00729,0.00729,0.00726,0.00729,5495236.0
2023-06-12 04:30:00,0.00729,0.00733,0.00727,0.00733,2982546.0
2023-06-12 04:45:00,0.00733,0.00733,0.00728,0.00731,5045777.0
2023-06-12 05:00:00,0.0073,0.00731,0.00725,0.00725,2489259.0
2023-06-12 05:15:00,0.00725,0.00726,0.00723,0.00725,2184370.0
2023-06-12 05:30:00,0.00725,0.00728,0.00724,0.00724,1909106.0
2023-06-12 05:45:00,0.00725,0.00726,0.00718,0.00719,3061415.0
2023-06-12 06:00:00,0.0072,0.00723,0.00719,0.00722,1515385.0
2023-06-12 06:15:00,0.0072,0.0073,0.0072,0.0073,1617060.0
2023-06-12 06:30:00,0.00729,0.0073,0.00726,0.00726,1199263.0
2023-06-12 06:45:00,0.00726,0.00727,0.0072,0.00722,3922380.0
2023-06-12 07:00:00,0.00723,0.00723,0.0072,0.00722,1599102.0
2023-06-12 07:15:00,0.00723,0.00724,0.00722,0.00723,1059544.0
2023-06-12 07:30:00,0.00722,0.00724,0.0072,0.00721,851235.0
2023-06-12 07:45:00,0.00722,0.00727,0.00721,0.00723,6087779.0
2023-06-12 08:00:00,0.00723,0.00725,0.00719,0.00721,3572902.0
2023-06-12 08:15:00,0.00722,0.0073,0.00721,0.00729,1699655.0
2023-06-12 08:30:00,0.00729,0.00732,0.00726,0.0073,3603687.0
2023-06-12 08:45:00,0.0073,0.00734,0.0073,0.00733,2038107.0
2023-06-12 09:00:00,0.00733,0.00738,0.00731,0.00733,2560418.0
2023-06-12 09:15:00,0.00734,0.00738,0.00734,0.00735,1559476.0
2023-06-12 09:30:00,0.00736,0.00737,0.00731,0.00737,2022652.0
2023-06-12 09:45:00,0.00737,0.0074,0.00734,0.00738,2944797.0
2023-06-12 10:00:00,0.00737,0.00737,0.00732,0.00733,1912369.0
2023-06-12 10:15:00,0.00733,0.00734,0.00731,0.00732,2170956.0
2023-06-12 10:30:00,0.00732,0.00737,0.00732,0.00736,1836154.0
2023-06-12 10:45:00,0.00736,0.00736,0.00732,0.00732,1446855.0
2023-06-12 11:00:00,0.00732,0.00733,0.00726,0.00729,4122014.0
2023-06-12 11:15:00,0.00729,0.00729,0.00725,0.00727,2820332.0
2023-06-12 11:30:00,0.00727,0.00727,0.00724,0.00724,2330266.0
2023-06-12 11:45:00,0.00723,0.00727,0.00721,0.00726,3078984.0
2023-06-12 12:00:00,0.00727,0.00729,0.00723,0.00724,2794647.0
2023-06-12 12:15:00,0.00725,0.00727,0.00722,0.00723,3692547.0
2023-06-12 12:30:00,0.00723,0.00726,0.00723,0.00725,934794.0
2023-06-12 12:45:00,0.00725,0.00735,0.00725,0.00735,4556971.0
2023-06-12 13:00:00,0.00734,0.00747,0.00731,0.00745,8414495.0
2023-06-12 13:15:00,0.00745,0.00747,0.00739,0.00745,10503284.0
2023-06-12 13:30:00,0.00744,0.00755,0.00742,0.00749,14191378.0
2023-06-12 13:45:00,0.00749,0.00765,0.00748,0.00754,10452843.0
2023-06-12 14:00:00,0.00753,0.00765,0.00751,0.00765,6696928.0
2023-06-12 14:15:00,0.00765,0.00781,0.00765,0.00774,20086432.0
2023-06-12 14:30:00,0.00774,0.0078,0.00763,0.00764,20938114.0
2023-06-12 14:45:00,0.00765,0.00768,0.0076,0.00765,5208572.0
2023-06-12 15:00:00,0.00766,0.0077,0.00758,0.00769,6469202.0
2023-06-12 15:15:00,0.00769,0.00783,0.00769,0.00782,14254493.0
2023-06-12 15:30:00,0.00782,0.00812,0.00776,0.00804,49896852.0
2023-06-12 15:45:00,0.00804,0.00834,0.00802,0.00812,83839641.0
2023-06-12 16:00:00,0.00813,0.00825,0.00801,0.00807,50622873.0
2023-06-12 16:15:00,0.00807,0.00816,0.008,0.00814,35711438.0
2023-06-12 16:30:00,0.00814,0.00823,0.00806,0.00809,32671211.0
2023-06-12 16:45:00,0.00808,0.00815,0.00805,0.00813,10376783.0
2023-06-12 17:00:00,0.00813,0.00815,0.00801,0.00804,9436917.0
2023-06-12 17:15:00,0.00803,0.00803,0.00787,0.00791,18536694.0
2023-06-12 17:30:00,0.0079,0.00794,0.00784,0.00792,10178065.0
2023-06-12 17:45:00,0.00792,0.00795,0.0078,0.0078,7079357.0
2023-06-12 18:00:00,0.00781,0.00782,0.00776,0.00778,6476828.0
2023-06-12 18:15:00,0.00777,0.00778,0.00773,0.00778,2137921.0
2023-06-12 18:30:00,0.00778,0.0078,0.00774,0.00776,5165251.0
2023-06-12 18:45:00,0.00776,0.00776,0.00771,0.00772,3146910.0
2023-06-12 19:00:00,0.00773,0.00775,0.00766,0.00768,4040278.0
2023-06-12 19:15:00,0.00767,0.0077,0.00762,0.00764,4223024.0
2023-06-12 19:30:00,0.00763,0.00763,0.00755,0.00756,7211928.0
2023-06-12 19:45:00,0.00756,0.00758,0.00747,0.00749,11929666.0
2023-06-12 20:00:00,0.00749,0.00765,0.00749,0.00764,12991922.0
2023-06-12 20:15:00,0.00764,0.0077,0.00761,0.00769,3763045.0
2023-06-12 20:30:00,0.0077,0.00773,0.00766,0.00772,1954330.0
2023-06-12 20:45:00,0.00773,0.00773,0.00769,0.00771,3612899.0
2023-06-12 21:00:00,0.0077,0.00772,0.00766,0.0077,3911003.0
2023-06-12 21:15:00,0.00769,0.00775,0.00768,0.00769,9971605.0
2023-06-12 21:30:00,0.00769,0.00769,0.00765,0.00767,3189363.0
2023-06-12 21:45:00,0.00768,0.00771,0.00767,0.0077,1181085.0
2023-06-12 22:00:00,0.00771,0.00776,0.00771,0.00776,3908389.0
2023-06-12 22:15:00,0.00776,0.00789,0.00775,0.0078,17595821.0
2023-06-12 22:30:00,0.00779,0.00779,0.0077,0.00773,7531541.0
2023-06-12 22:45:00,0.00773,0.00776,0.00771,0.00772,2844978.0
2023-06-12 23:00:00,0.00773,0.00774,0.00768,0.00768,1066042.0
2023-06-12 23:15:00,0.00769,0.00772,0.00767,0.00772,5401345.0
2023-06-12 23:30:00,0.00773,0.00775,0.00769,0.00769,1243747.0
2023-06-12 23:45:00,0.00769,0.00771,0.00769,0.0077,1492098.0
2023-06-13 00:00:00,0.00771,0.00777,0.00771,0.00776,2848164.0
2023-06-13 00:15:00,0.00776,0.00776,0.00771,0.00771,2849360.0
2023-06-13 00:30:00,0.00772,0.00772,0.00768,0.0077,1230825.0
2023-06-13 00:45:00,0.0077,0.0077,0.00763,0.00765,2807514.0
2023-06-13 01:00:00,0.00765,0.00767,0.00763,0.00766,787283.0
2023-06-13 01:15:00,0.00766,0.00775,0.00766,0.00775,963805.0
2023-06-13 01:30:00,0.00775,0.00777,0.00772,0.00774,1722913.0
2023-06-13 01:45:00,0.00774,0.00783,0.00773,0.00782,4523695.0
2023-06-13 02:00:00,0.00781,0.00783,0.00776,0.00777,3289400.0
2023-06-13 02:15:00,0.00778,0.00783,0.00778,0.00783,568221.0
2023-06-13 02:30:00,0.00782,0.00796,0.00782,0.0079,2855429.0
2023-06-13 02:45:00,0.0079,0.00792,0.0078,0.00792,4644754.0
2023-06-13 03:00:00,0.00792,0.008,0.00789,0.008,5657137.0
2023-06-13 03:15:00,0.00799,0.00804,0.00798,0.00798,3537144.0
2023-06-13 03:30:00,0.00798,0.00808,0.00798,0.00807,4316738.0
2023-06-13 03:45:00,0.00807,0.0081,0.00804,0.00808,5554282.0
2023-06-13 04:00:00,0.00808,0.00808,0.00787,0.00794,14063622.0
2023-06-13 04:15:00,0.00794,0.00797,0.00788,0.0079,5387761.0
2023-06-13 04:30:00,0.00789,0.0079,0.00783,0.00784,4001211.0
2023-06-13 04:45:00,0.00785,0.00789,0.00783,0.00783,1974073.0
2023-06-13 05:00:00,0.00784,0.00784,0.00778,0.00779,4160541.0
2023-06-13 05:15:00,0.00779,0.00783,0.00779,0.00781,2193535.0
2023-06-13 05:30:00,0.00781,0.0079,0.00781,0.00786,4409943.0
2023-06-13 05:45:00,0.00786,0.00786,0.00781,0.00783,2374830.0
2023-06-13 06:00:00,0.00782,0.00782,0.00777,0.0078,2779797.0
2023-06-13 06:15:00,0.00779,0.00782,0.00778,0.00782,1503149.0
2023-06-13 06:30:00,0.00782,0.00783,0.00779,0.00779,1052042.0
2023-06-13 06:45:00,0.00779,0.00779,0.00776,0.00778,1767704.0
2023-06-13 07:00:00,0.00778,0.00781,0.00777,0.00779,4084590.0
2023-06-13 07:15:00,0.0078,0.00783,0.0078,0.00783,1318831.0
2023-06-13 07:30:00,0.00784,0.00784,0.00782,0.00783,1412340.0
2023-06-13 07:45:00,0.00783,0.00783,0.00777,0.00779,2288326.0
2023-06-13 08:00:00,0.00779,0.0078,0.00775,0.00777,2158284.0
2023-06-13 08:15:00,0.00777,0.00787,0.00777,0.00787,4285246.0
2023-06-13 08:30:00,0.00787,0.00811,0.00787,0.00809,14917138.0
2023-06-13 08:45:00,0.00808,0.00827,0.00808,0.00827,23227066.0
2023-06-13 09:00:00,0.00828,0.00881,0.00821,0.00858,181234343.0
2023-06-13 09:15:00,0.00857,0.00876,0.00846,0.00861,130630790.0
2023-06-13 09:30:00,0.0086,0.00863,0.00838,0.00848,50496073.0
2023-06-13 09:45:00,0.00848,0.0085,0.00831,0.00839,29012704.0
2023-06-13 10:00:00,0.00838,0.00848,0.0083,0.00845,24599815.0
2023-06-13 10:15:00,0.00844,0.00846,0.00831,0.00834,14515217.0
2023-06-13 10:30:00,0.00836,0.00843,0.00832,0.00839,6285399.0
2023-06-13 10:45:00,0.00838,0.00839,0.00828,0.0083,8893076.0
2023-06-13 11:00:00,0.00831,0.00846,0.00828,0.00843,16072109.0
2023-06-13 11:15:00,0.00844,0.00846,0.00834,0.00837,8179237.0
2023-06-13 11:30:00,0.00837,0.00843,0.00832,0.00835,9495105.0
2023-06-13 11:45:00,0.00834,0.0084,0.00828,0.00838,8498710.0
2023-06-13 12:00:00,0.00837,0.00837,0.0083,0.00835,5215212.0
2023-06-13 12:15:00,0.00835,0.00835,0.00829,0.00832,4787777.0
2023-06-13 12:30:00,0.00833,0.00862,0.00833,0.00842,38841363.0
2023-06-13 12:45:00,0.00841,0.00865,0.0084,0.0085,29134999.0
2023-06-13 13:00:00,0.00851,0.0087,0.00841,0.00841,23728228.0
2023-06-13 13:15:00,0.00842,0.0085,0.0083,0.0084,21834751.0
2023-06-13 13:30:00,0.0084,0.00856,0.0084,0.00853,10514547.0
2023-06-13 13:45:00,0.00853,0.00875,0.0085,0.00859,36553423.0
2023-06-13 14:00:00,0.00858,0.00879,0.00851,0.0086,39455029.0
2023-06-13 14:15:00,0.0086,0.00879,0.00852,0.00873,36480569.0
2023-06-13 14:30:00,0.00873,0.00881,0.0086,0.00864,31297850.0
2023-06-13 14:45:00,0.00864,0.00881,0.00863,0.00873,16838895.0
2023-06-13 15:00:00,0.00872,0.00899,0.00866,0.00883,50999629.0
2023-06-13 15:15:00,0.00884,0.00891,0.00867,0.00877,37497076.0
2023-06-13 15:30:00,0.00876,0.00881,0.00859,0.00861,23985660.0
2023-06-13 15:45:00,0.00861,0.00874,0.0086,0.00863,12024976.0
2023-06-13 16:00:00,0.00862,0.00862,0.00847,0.00855,16538980.0
2023-06-13 16:15:00,0.00855,0.00871,0.00851,0.00862,16786845.0
2023-06-13 16:30:00,0.00862,0.00868,0.00855,0.0086,9161500.0
2023-06-13 16:45:00,0.00862,0.00864,0.00853,0.00854,20243550.0
2023-06-13 17:00:00,0.00853,0.00854,0.00839,0.00843,13530535.0
2023-06-13 17:15:00,0.00842,0.00846,0.00824,0.00832,16837151.0
2023-06-13 17:30:00,0.00832,0.00835,0.0082,0.00822,10265591.0
2023-06-13 17:45:00,0.00822,0.00822,0.0081,0.00813,8582420.0
2023-06-13 18:00:00,0.00813,0.00816,0.00808,0.00813,4866827.0
2023-06-13 18:15:00,0.00812,0.00816,0.00806,0.00813,9402527.0
2023-06-13 18:30:00,0.00814,0.00815,0.00807,0.00813,4331281.0
2023-06-13 18:45:00,0.00812,0.00815,0.00807,0.00813,6837537.0
2023-06-13 19:00:00,0.00813,0.00815,0.00806,0.00809,6213509.0
2023-06-13 19:15:00,0.00809,0.0081,0.00806,0.00808,4376599.0
2023-06-13 19:30:00,0.00808,0.00812,0.00806,0.0081,2928089.0
2023-06-13 19:45:00,0.0081,0.00818,0.0081,0.00813,7105830.0
2023-06-13 20:00:00,0.00814,0.00815,0.00805,0.00807,4058232.0
2023-06-13 20:15:00,0.00805,0.00809,0.00802,0.00806,3612363.0
2023-06-13 20:30:00,0.00806,0.00813,0.00805,0.00809,2613589.0
2023-06-13 20:45:00,0.0081,0.00818,0.0081,0.00814,2950867.0
2023-06-13 21:00:00,0.00814,0.00823,0.00814,0.00822,3894899.0
2023-06-13 21:15:00,0.00822,0.00823,0.00815,0.00823,4920293.0
2023-06-13 21:30:00,0.00823,0.00825,0.0082,0.00825,2862005.0
2023-06-13 21:45:00,0.00824,0.00829,0.00824,0.00825,2416544.0
2023-06-13 22:00:00,0.00825,0.00843,0.00825,0.00834,9870922.0
2023-06-13 22:15:00,0.00834,0.00837,0.00825,0.00831,5001802.0
2023-06-13 22:30:00,0.00831,0.00835,0.00828,0.0083,2543445.0
2023-06-13 22:45:00,0.0083,0.00838,0.00828,0.00831,4101736.0
2023-06-13 23:00:00,0.00832,0.00841,0.00832,0.0084,3793282.0
2023-06-13 23:15:00,0.00839,0.00851,0.00834,0.00836,15068616.0
2023-06-13 23:30:00,0.00836,0.00844,0.00834,0.00836,2597448.0
2023-06-13 23:45:00,0.00836,0.00838,0.00831,0.00833,2460341.0
2023-06-14 00:00:00,0.00833,0.00833,0.00827,0.00829,6301494.0
2023-06-14 00:15:00,0.00829,0.00838,0.00823,0.00834,4101769.0
2023-06-14 00:30:00,0.00835,0.00835,0.00823,0.00826,2949828.0
2023-06-14 00:45:00,0.00826,0.00834,0.00822,0.00834,2854801.0
2023-06-14 01:00:00,0.00835,0.00838,0.00822,0.00823,3507513.0
2023-06-14 01:15:00,0.00824,0.00825,0.00817,0.0082,4301716.0
2023-06-14 01:30:00,0.0082,0.00825,0.00818,0.00821,2340808.0
2023-06-14 01:45:00,0.00822,0.00842,0.00822,0.00842,10244907.0
2023-06-14 02:00:00,0.00843,0.00844,0.00833,0.00837,5593056.0
2023-06-14 02:15:00,0.00837,0.00845,0.00837,0.00845,2700535.0
2023-06-14 02:30:00,0.00845,0.00846,0.00831,0.00833,6804318.0
2023-06-14 02:45:00,0.00833,0.00838,0.00833,0.00834,1138087.0
2023-06-14 03:00:00,0.00835,0.0084,0.0083,0.0083,2089203.0
2023-06-14 03:15:00,0.00832,0.00833,0.00825,0.00826,3419549.0
2023-06-14 03:30:00,0.00827,0.00828,0.00824,0.00825,1550169.0
2023-06-14 03:45:00,0.00825,0.00825,0.00821,0.00822,1383656.0
2023-06-14 04:00:00,0.00822,0.00826,0.00815,0.00819,5198353.0
2023-06-14 04:15:00,0.00818,0.00819,0.0081,0.00812,12763355.0
2023-06-14 04:30:00,0.00812,0.00814,0.0081,0.0081,1269591.0
2023-06-14 04:45:00,0.00811,0.00811,0.00807,0.00809,1903311.0
2023-06-14 05:00:00,0.00809,0.0081,0.00804,0.00805,3888678.0
2023-06-14 05:15:00,0.00803,0.00805,0.00798,0.00799,4578095.0
2023-06-14 05:30:00,0.008,0.00802,0.00797,0.00798,4463362.0
2023-06-14 05:45:00,0.00798,0.008,0.00792,0.00793,4424495.0
2023-06-14 06:00:00,0.00793,0.00796,0.00793,0.00794,2266817.0
2023-06-14 06:15:00,0.00794,0.00796,0.0079,0.00794,3180971.0
2023-06-14 06:30:00,0.00793,0.00798,0.00792,0.00792,2889025.0
2023-06-14 06:45:00,0.00791,0.00796,0.0079,0.00795,2445612.0
2023-06-14 07:00:00,0.00795,0.00796,0.00792,0.00792,1322983.0
2023-06-14 07:15:00,0.00792,0.00793,0.00788,0.00793,3072154.0
2023-06-14 07:30:00,0.00794,0.00796,0.00789,0.00789,1085685.0
2023-06-14 07:45:00,0.0079,0.00798,0.00789,0.00795,2402379.0
2023-06-14 08:00:00,0.00796,0.00802,0.00795,0.00802,4013847.0
2023-06-14 08:15:00,0.00801,0.00802,0.00795,0.00797,2533702.0
2023-06-14 08:30:00,0.00798,0.00799,0.00795,0.00795,2607453.0
2023-06-14 08:45:00,0.00796,0.00798,0.00795,0.00797,440726.0
2023-06-14 09:00:00,0.00796,0.00796,0.00793,0.00795,1600217.0
2023-06-14 09:15:00,0.00795,0.008,0.00795,0.00797,1517728.0
2023-06-14 09:30:00,0.00798,0.008,0.00797,0.00799,794244.0
2023-06-14 09:45:00,0.00799,0.00799,0.00795,0.00796,2961671.0
2023-06-14 10:00:00,0.00798,0.008,0.00793,0.00793,5672512.0
2023-06-14 10:15:00,0.00794,0.00794,0.00791,0.00791,1506071.0
2023-06-14 10:30:00,0.00792,0.00794,0.00791,0.00791,1072495.0
2023-06-14 10:45:00,0.00792,0.00793,0.00791,0.00793,646848.0
2023-06-14 11:00:00,0.00793,0.00794,0.0079,0.00793,1181230.0
2023-06-14 11:15:00,0.00793,0.00795,0.00791,0.00795,2526864.0
2023-06-14 11:30:00,0.00795,0.00796,0.0079,0.00791,2326719.0
2023-06-14 11:45:00,0.00793,0.00793,0.00791,0.00793,599760.0
2023-06-14 12:00:00,0.00793,0.00795,0.00786,0.00787,2482648.0
2023-06-14 12:15:00,0.00786,0.00792,0.00785,0.00787,2998276.0
2023-06-14 12:30:00,0.00789,0.00789,0.00784,0.00788,2424993.0
2023-06-14 12:45:00,0.00788,0.00796,0.00786,0.00794,3515195.0
2023-06-14 13:00:00,0.00794,0.00796,0.0079,0.00795,1667616.0
2023-06-14 13:15:00,0.00794,0.00794,0.0079,0.00791,2313766.0
2023-06-14 13:30:00,0.00792,0.00792,0.00788,0.0079,2512237.0
2023-06-14 13:45:00,0.00789,0.00791,0.00786,0.00791,1607826.0
2023-06-14 14:00:00,0.00791,0.00792,0.00788,0.00791,2262371.0
2023-06-14 14:15:00,0.00791,0.00791,0.00786,0.00787,1599021.0
2023-06-14 14:30:00,0.00787,0.0079,0.00786,0.00789,580795.0
2023-06-14 14:45:00,0.00788,0.00791,0.00787,0.00791,723806.0
2023-06-14 15:00:00,0.0079,0.00792,0.00786,0.00792,3451443.0
2023-06-14 15:15:00,0.00792,0.00792,0.00788,0.00789,2709705.0
2023-06-14 15:30:00,0.00789,0.0079,0.00787,0.00788,1056607.0
2023-06-14 15:45:00,0.00787,0.00789,0.00786,0.00789,1223871.0
2023-06-14 16:00:00,0.00789,0.00793,0.00789,0.00792,1906567.0
2023-06-14 16:15:00,0.00793,0.00793,0.00791,0.00792,868483.0
2023-06-14 16:30:00,0.00793,0.00795,0.00789,0.00789,1192294.0
2023-06-14 16:45:00,0.00789,0.00789,0.00781,0.00781,3431566.0
2023-06-14 17:00:00,0.00781,0.00786,0.00779,0.00783,2559045.0
2023-06-14 17:15:00,0.00783,0.00791,0.0078,0.00791,2357535.0
2023-06-14 17:30:00,0.0079,0.00796,0.00787,0.00794,3731522.0
2023-06-14 17:45:00,0.00793,0.00796,0.00792,0.00795,1613387.0
2023-06-14 18:00:00,0.00795,0.00797,0.00784,0.0079,6989651.0
2023-06-14 18:15:00,0.00789,0.00789,0.00784,0.00784,2016579.0
2023-06-14 18:30:00,0.00785,0.00791,0.00784,0.00791,1923042.0
2023-06-14 18:45:00,0.00791,0.00791,0.00785,0.00786,795728.0
2023-06-14 19:00:00,0.00785,0.00795,0.00785,0.00794,3413078.0
2023-06-14 19:15:00,0.00793,0.00793,0.00788,0.0079,1280833.0
2023-06-14 19:30:00,0.0079,0.00791,0.00784,0.00784,1492818.0
2023-06-14 19:45:00,0.00785,0.00786,0.00783,0.00784,714221.0
2023-06-14 20:00:00,0.00784,0.00788,0.00759,0.00777,15505736.0
2023-06-14 20:15:00,0.00777,0.00778,0.00772,0.00775,5842254.0
2023-06-14 20:30:00,0.00775,0.00775,0.00751,0.00764,11055610.0
2023-06-14 20:45:00,0.00763,0.00766,0.00744,0.0075,17755459.0
2023-06-14 21:00:00,0.0075,0.00762,0.0075,0.00759,4829727.0
2023-06-14 21:15:00,0.00759,0.00764,0.00758,0.0076,1614787.0
2023-06-14 21:30:00,0.00758,0.00761,0.00756,0.0076,1234819.0
2023-06-14 21:45:00,0.00759,0.00766,0.00759,0.00764,1028502.0
2023-06-14 22:00:00,0.00765,0.00766,0.00764,0.00764,1539038.0
2023-06-14 22:15:00,0.00765,0.00765,0.0076,0.0076,954492.0
2023-06-14 22:30:00,0.0076,0.00761,0.00756,0.00756,2266520.0
2023-06-14 22:45:00,0.00756,0.00759,0.00755,0.00759,1180504.0
2023-06-14 23:00:00,0.00759,0.00764,0.00758,0.00764,2330132.0
2023-06-14 23:15:00,0.00762,0.00767,0.00762,0.00766,1168307.0
2023-06-14 23:30:00,0.00766,0.00772,0.00766,0.0077,3687646.0
2023-06-14 23:45:00,0.0077,0.00771,0.00766,0.00768,1802529.0
2023-06-15 00:00:00,0.00768,0.0077,0.00763,0.00764,1654564.0
2023-06-15 00:15:00,0.00764,0.0077,0.00764,0.0077,556692.0
2023-06-15 00:30:00,0.0077,0.00777,0.00768,0.00776,1048099.0
2023-06-15 00:45:00,0.00777,0.0078,0.00776,0.00779,998324.0
2023-06-15 01:00:00,0.00779,0.00779,0.00771,0.00772,1356062.0
2023-06-15 01:15:00,0.00772,0.00772,0.00768,0.00768,2708301.0
2023-06-15 01:30:00,0.00768,0.00768,0.00765,0.00765,1224465.0
2023-06-15 01:45:00,0.00765,0.00774,0.00763,0.00774,3120899.0
2023-06-15 02:00:00,0.00773,0.00773,0.00767,0.00768,1280800.0
2023-06-15 02:15:00,0.00769,0.00781,0.00769,0.00779,2361150.0
2023-06-15 02:30:00,0.00778,0.00783,0.00777,0.00783,707110.0
2023-06-15 02:45:00,0.00784,0.00785,0.00781,0.00783,2034132.0
2023-06-15 03:00:00,0.00782,0.00787,0.0078,0.00784,1867448.0
2023-06-15 03:15:00,0.00784,0.0079,0.00783,0.00789,2440246.0
2023-06-15 03:30:00,0.00789,0.0079,0.00787,0.00789,698302.0
2023-06-15 03:45:00,0.00789,0.00789,0.00787,0.00787,393381.0
2023-06-15 04:00:00,0.00786,0.00789,0.00785,0.00785,739826.0
2023-06-15 04:15:00,0.00785,0.00785,0.00781,0.00781,218254.0
2023-06-15 04:30:00,0.00781,0.00781,0.00778,0.00778,2077644.0
2023-06-15 04:45:00,0.00779,0.0078,0.00777,0.00777,654441.0
2023-06-15 05:00:00,0.00777,0.00778,0.00775,0.00775,1936808.0
2023-06-15 05:15:00,0.00775,0.00775,0.00768,0.00771,1735085.0
2023-06-15 05:30:00,0.00771,0.00773,0.0077,0.0077,471519.0
2023-06-15 05:45:00,0.00771,0.00778,0.00771,0.00778,1629708.0
2023-06-15 06:00:00,0.00778,0.00778,0.00774,0.00777,1600248.0
2023-06-15 06:15:00,0.00777,0.00778,0.00771,0.00771,1231408.0
2023-06-15 06:30:00,0.00771,0.00772,0.00767,0.00767,1530391.0
2023-06-15 06:45:00,0.00766,0.0077,0.00764,0.0077,3670746.0
2023-06-15 07:00:00,0.00769,0.0077,0.00762,0.00769,3871570.0
2023-06-15 07:15:00,0.00769,0.00775,0.00769,0.00772,1058764.0
2023-06-15 07:30:00,0.00771,0.00774,0.00771,0.00772,2166996.0
2023-06-15 07:45:00,0.00772,0.00774,0.00771,0.00773,1018452.0
2023-06-15 08:00:00,0.00772,0.00777,0.00771,0.00775,1406938.0
2023-06-15 08:15:00,0.00776,0.00777,0.0077,0.00777,2771709.0
2023-06-15 08:30:00,0.00776,0.00784,0.00776,0.00784,2408014.0
2023-06-15 08:45:00,0.00784,0.00793,0.00781,0.00781,6209429.0
2023-06-15 09:00:00,0.0078,0.00787,0.00779,0.00782,3145916.0
2023-06-15 09:15:00,0.00781,0.00782,0.00771,0.00774,6629537.0
2023-06-15 09:30:00,0.00774,0.00774,0.0076,0.0076,9571448.0
2023-06-15 09:45:00,0.00761,0.00761,0.0075,0.00752,8938886.0
2023-06-15 10:00:00,0.00752,0.00759,0.00752,0.00758,2891864.0
2023-06-15 10:15:00,0.00758,0.00758,0.00752,0.00753,1999958.0
2023-06-15 10:30:00,0.00753,0.00753,0.00747,0.0075,1769262.0
2023-06-15 10:45:00,0.0075,0.00753,0.0075,0.00751,1581731.0
2023-06-15 11:00:00,0.00751,0.00752,0.00745,0.00746,4055066.0
2023-06-15 11:15:00,0.00746,0.00751,0.00744,0.00745,5512476.0
2023-06-15 11:30:00,0.00746,0.0075,0.00745,0.00745,4895505.0
2023-06-15 11:45:00,0.00746,0.00751,0.00745,0.0075,2741491.0
2023-06-15 12:00:00,0.00751,0.00753,0.00748,0.00748,2058732.0
2023-06-15 12:15:00,0.00748,0.00749,0.00746,0.00747,708132.0
2023-06-15 12:30:00,0.00747,0.00748,0.00744,0.00744,1503536.0
2023-06-15 12:45:00,0.00744,0.00747,0.00744,0.00746,854026.0
2023-06-15 13:00:00,0.00746,0.00751,0.00744,0.00748,2032139.0
2023-06-15 13:15:00,0.00749,0.00753,0.00749,0.00753,1123747.0
2023-06-15 13:30:00,0.00754,0.0076,0.00754,0.0076,2274941.0
2023-06-15 13:45:00,0.00761,0.00772,0.00761,0.00767,7903788.0
2023-06-15 14:00:00,0.00766,0.00784,0.00766,0.00782,10793837.0
2023-06-15 14:15:00,0.00781,0.00791,0.00778,0.00785,11782358.0
2023-06-15 14:30:00,0.00783,0.00791,0.00781,0.00783,5134460.0
2023-06-15 14:45:00,0.00783,0.00788,0.00778,0.00781,3780594.0
2023-06-15 15:00:00,0.00782,0.00788,0.00778,0.00786,2923365.0
2023-06-15 15:15:00,0.00786,0.00792,0.00784,0.00784,2478945.0
2023-06-15 15:30:00,0.00784,0.00805,0.00784,0.00792,15680513.0
2023-06-15 15:45:00,0.00792,0.00796,0.00786,0.00791,3852903.0
2023-06-15 16:00:00,0.00791,0.00806,0.00789,0.00804,11239548.0
2023-06-15 16:15:00,0.00803,0.00822,0.00802,0.00814,21889780.0
2023-06-15 16:30:00,0.00813,0.00823,0.00808,0.00812,13492286.0
2023-06-15 16:45:00,0.00813,0.00814,0.00805,0.00809,3923700.0
2023-06-15 17:00:00,0.00808,0.00823,0.00805,0.00809,11432263.0
2023-06-15 17:15:00,0.00808,0.00815,0.00796,0.00798,8034587.0
2023-06-15 17:30:00,0.00799,0.00805,0.00799,0.00799,4587466.0
2023-06-15 17:45:00,0.00798,0.00803,0.00797,0.00801,3906976.0
2023-06-15 18:00:00,0.00802,0.00803,0.00785,0.008,9268140.0
2023-06-15 18:15:00,0.00801,0.00802,0.00794,0.00797,2622427.0
2023-06-15 18:30:00,0.00798,0.008,0.00791,0.00792,3526897.0
2023-06-15 18:45:00,0.00794,0.00805,0.00794,0.00804,4344372.0
2023-06-15 19:00:00,0.00805,0.0082,0.00805,0.00819,11312162.0
2023-06-15 19:15:00,0.00819,0.00819,0.00809,0.0081,6110136.0
2023-06-15 19:30:00,0.00811,0.00815,0.00809,0.00812,3679755.0
2023-06-15 19:45:00,0.00813,0.00813,0.00806,0.00812,2049802.0
2023-06-15 20:00:00,0.00812,0.00813,0.00806,0.00809,3778305.0
2023-06-15 20:15:00,0.00809,0.00809,0.00799,0.00801,4712783.0
2023-06-15 20:30:00,0.008,0.00807,0.00799,0.00806,948324.0
2023-06-15 20:45:00,0.00806,0.00807,0.008,0.00806,1235791.0
2023-06-15 21:00:00,0.00806,0.00811,0.00805,0.00806,4571170.0
2023-06-15 21:15:00,0.00806,0.00806,0.00802,0.00804,2636211.0
2023-06-15 21:30:00,0.00805,0.00809,0.00803,0.00804,1849392.0
2023-06-15 21:45:00,0.00805,0.00807,0.00803,0.00804,1094213.0
2023-06-15 22:00:00,0.00803,0.00805,0.00803,0.00804,522401.0
2023-06-15 22:15:00,0.00804,0.00809,0.00804,0.00806,3603618.0
2023-06-15 22:30:00,0.00806,0.00806,0.00801,0.00801,534542.0
2023-06-15 22:45:00,0.00802,0.00802,0.008,0.00801,767082.0
2023-06-15 23:00:00,0.00802,0.00803,0.00798,0.00799,812515.0
2023-06-15 23:15:00,0.00799,0.008,0.00797,0.00797,1113364.0
2023-06-15 23:30:00,0.00798,0.008,0.00797,0.00798,706146.0
2023-06-15 23:45:00,0.00799,0.00801,0.00798,0.00799,691859.0
2023-06-16 00:00:00,0.00798,0.00799,0.00791,0.00791,4300092.0
2023-06-16 00:15:00,0.00791,0.00798,0.00788,0.00798,6208852.0
2023-06-16 00:30:00,0.00799,0.00799,0.00792,0.00794,3110120.0
2023-06-16 00:45:00,0.00795,0.00796,0.00791,0.00791,1872900.0
2023-06-16 01:00:00,0.00791,0.00793,0.00789,0.00792,2203469.0
2023-06-16 01:15:00,0.00792,0.00795,0.00792,0.00795,1233236.0
2023-06-16 01:30:00,0.00795,0.00797,0.00794,0.00794,586964.0
2023-06-16 01:45:00,0.00795,0.00795,0.00786,0.00788,5149288.0
2023-06-16 02:00:00,0.00788,0.00789,0.00786,0.00788,1868589.0
2023-06-16 02:15:00,0.00787,0.00792,0.00787,0.00792,866224.0
2023-06-16 02:30:00,0.00791,0.00793,0.00787,0.00789,2251274.0
2023-06-16 02:45:00,0.0079,0.00791,0.00789,0.0079,511083.0
2023-06-16 03:00:00,0.0079,0.00793,0.00789,0.00792,2054971.0
2023-06-16 03:15:00,0.00792,0.00792,0.00789,0.00791,648561.0
2023-06-16 03:30:00,0.0079,0.00796,0.00789,0.00795,1112593.0
2023-06-16 03:45:00,0.00795,0.00797,0.00794,0.00796,1392147.0
2023-06-16 04:00:00,0.00796,0.00796,0.00791,0.00791,1310458.0
2023-06-16 04:15:00,0.00791,0.00793,0.00788,0.00788,1108957.0
2023-06-16 04:30:00,0.00788,0.0079,0.00787,0.00788,1513027.0
2023-06-16 04:45:00,0.00788,0.0079,0.00788,0.00789,439101.0
2023-06-16 05:00:00,0.00788,0.00788,0.00787,0.00788,412446.0
2023-06-16 05:15:00,0.00787,0.00788,0.00786,0.00786,821462.0
2023-06-16 05:30:00,0.00787,0.00787,0.00782,0.00786,913364.0
2023-06-16 05:45:00,0.00787,0.00791,0.00787,0.00789,1378573.0
2023-06-16 06:00:00,0.00788,0.00788,0.00785,0.00787,1372418.0
2023-06-16 06:15:00,0.00786,0.00787,0.00785,0.00786,1060334.0
2023-06-16 06:30:00,0.00786,0.00791,0.00786,0.00791,989712.0
2023-06-16 06:45:00,0.00789,0.0079,0.00788,0.00789,325739.0
2023-06-16 07:00:00,0.00788,0.00791,0.00788,0.00789,2339673.0
2023-06-16 07:15:00,0.00789,0.00791,0.00788,0.00791,776050.0
2023-06-16 07:30:00,0.00791,0.00795,0.0079,0.00793,2171901.0
2023-06-16 07:45:00,0.00793,0.00797,0.00791,0.00797,1678086.0
2023-06-16 08:00:00,0.00797,0.00807,0.00795,0.00804,5689851.0
2023-06-16 08:15:00,0.00803,0.00811,0.00802,0.00811,2047770.0
2023-06-16 08:30:00,0.0081,0.00813,0.00806,0.00806,1578951.0
2023-06-16 08:45:00,0.00806,0.00807,0.00799,0.00799,1279890.0
2023-06-16 09:00:00,0.008,0.00801,0.00799,0.008,390279.0
2023-06-16 09:15:00,0.00801,0.00803,0.00799,0.008,1504489.0
2023-06-16 09:30:00,0.008,0.00802,0.00799,0.008,1824581.0
2023-06-16 09:45:00,0.00799,0.008,0.00793,0.00794,3796342.0
2023-06-16 10:00:00,0.00795,0.00796,0.00789,0.00792,4258973.0
2023-06-16 10:15:00,0.00792,0.00792,0.00785,0.00787,3007169.0
2023-06-16 10:30:00,0.00785,0.00787,0.00779,0.0078,3884372.0
2023-06-16 10:45:00,0.0078,0.00781,0.00775,0.00776,2753805.0
2023-06-16 11:00:00,0.00775,0.00779,0.00771,0.00772,5326583.0
2023-06-16 11:15:00,0.00772,0.00774,0.00765,0.00766,8520345.0
2023-06-16 11:30:00,0.00765,0.00769,0.00764,0.00767,6157617.0
2023-06-16 11:45:00,0.00767,0.00771,0.00767,0.0077,2442135.0
2023-06-16 12:00:00,0.0077,0.00774,0.0077,0.00773,2307072.0
2023-06-16 12:15:00,0.00773,0.00778,0.00773,0.00778,1558244.0
2023-06-16 12:30:00,0.00777,0.0078,0.00777,0.0078,897993.0
2023-06-16 12:45:00,0.0078,0.0078,0.00776,0.0078,1842855.0
2023-06-16 13:00:00,0.0078,0.00782,0.00779,0.00781,2236175.0
2023-06-16 13:15:00,0.00782,0.00793,0.00782,0.00789,5385292.0
2023-06-16 13:30:00,0.00789,0.00789,0.00785,0.00788,4622773.0
2023-06-16 13:45:00,0.00787,0.00792,0.00785,0.00788,5628258.0
2023-06-16 14:00:00,0.00789,0.00803,0.00789,0.00801,4765754.0
2023-06-16 14:15:00,0.00801,0.00807,0.008,0.00802,6253065.0
2023-06-16 14:30:00,0.00801,0.00807,0.00801,0.00802,5058679.0
2023-06-16 14:45:00,0.00803,0.00817,0.00797,0.00812,22385636.0
2023-06-16 15:00:00,0.00813,0.00834,0.00813,0.0083,17486372.0
2023-06-16 15:15:00,0.00829,0.00841,0.00829,0.00836,16677536.0
2023-06-16 15:30:00,0.00836,0.00836,0.00822,0.00822,5454369.0
2023-06-16 15:45:00,0.00822,0.00833,0.00822,0.00831,15016315.0
2023-06-16 16:00:00,0.00831,0.00832,0.00819,0.00819,15308775.0
2023-06-16 16:15:00,0.00819,0.00823,0.00811,0.00812,11395787.0
2023-06-16 16:30:00,0.00812,0.00815,0.00807,0.00807,5840094.0
2023-06-16 16:45:00,0.00807,0.0081,0.00802,0.0081,4317770.0
2023-06-16 17:00:00,0.0081,0.00819,0.0081,0.00811,6184353.0
2023-06-16 17:15:00,0.00811,0.00814,0.00808,0.00809,2227525.0
2023-06-16 17:30:00,0.00809,0.00809,0.00807,0.00809,1279312.0
2023-06-16 17:45:00,0.00808,0.00813,0.00806,0.00811,2375159.0
2023-06-16 18:00:00,0.00812,0.00823,0.0081,0.00822,5391048.0
2023-06-16 18:15:00,0.00822,0.00828,0.00815,0.00815,4433302.0
2023-06-16 18:30:00,0.00815,0.00824,0.00811,0.00824,3072541.0
2023-06-16 18:45:00,0.00824,0.00824,0.00816,0.00818,3144537.0
2023-06-16 19:00:00,0.00818,0.0082,0.00813,0.00813,2867076.0
2023-06-16 19:15:00,0.00813,0.00824,0.00812,0.00817,12254971.0
2023-06-16 19:30:00,0.00818,0.00823,0.00818,0.00819,790476.0
2023-06-16 19:45:00,0.00819,0.00831,0.00819,0.00831,1525697.0
2023-06-16 20:00:00,0.00831,0.00831,0.00822,0.00824,3884851.0
2023-06-16 20:15:00,0.00824,0.00826,0.00824,0.00826,267592.0
2023-06-16 20:30:00,0.00826,0.0083,0.00826,0.0083,1168876.0
2023-06-16 20:45:00,0.0083,0.0083,0.00824,0.00824,1420868.0
2023-06-16 21:00:00,0.00824,0.00826,0.00822,0.00822,849910.0
2023-06-16 21:15:00,0.00821,0.00821,0.00818,0.00818,1847304.0
2023-06-16 21:30:00,0.00818,0.00821,0.00814,0.00819,5035519.0
2023-06-16 21:45:00,0.00821,0.00826,0.00816,0.00817,9771405.0
2023-06-16 22:00:00,0.00819,0.0082,0.00816,0.00819,1796809.0
2023-06-16 22:15:00,0.00819,0.00825,0.00816,0.00817,8637742.0
2023-06-16 22:30:00,0.00818,0.00818,0.00818,0.00818,273351.0
2023-06-16 22:45:00,0.00817,0.00821,0.00817,0.00821,553757.0
2023-06-16 23:00:00,0.00821,0.00821,0.00816,0.00816,1643157.0
2023-06-16 23:15:00,0.00817,0.00819,0.00816,0.00816,1276299.0
2023-06-16 23:30:00,0.00816,0.00823,0.00816,0.00823,738771.0
2023-06-16 23:45:00,0.00822,0.00822,0.00819,0.0082,1491375.0
2023-06-17 00:00:00,0.0082,0.0082,0.00811,0.00812,2950758.0
2023-06-17 00:15:00,0.00812,0.00813,0.00809,0.00811,1402124.0
2023-06-17 00:30:00,0.00811,0.00812,0.0081,0.00812,646338.0
2023-06-17 00:45:00,0.00813,0.00813,0.00808,0.00809,476713.0
2023-06-17 01:00:00,0.00809,0.00809,0.00807,0.00808,280011.0
2023-06-17 01:15:00,0.00808,0.00816,0.00808,0.00815,1507975.0
2023-06-17 01:30:00,0.00815,0.00817,0.00814,0.00815,449907.0
2023-06-17 01:45:00,0.00814,0.00814,0.00806,0.00808,1476641.0
2023-06-17 02:00:00,0.00807,0.00812,0.00806,0.00812,1066625.0
2023-06-17 02:15:00,0.00812,0.00813,0.0081,0.00811,251764.0
2023-06-17 02:30:00,0.00811,0.00811,0.00808,0.0081,1152029.0
2023-06-17 02:45:00,0.0081,0.00813,0.0081,0.00813,672553.0
2023-06-17 03:00:00,0.00814,0.00815,0.00812,0.00815,1583954.0
2023-06-17 03:15:00,0.00815,0.00815,0.00811,0.00813,937086.0
2023-06-17 03:30:00,0.00813,0.00819,0.00812,0.00819,1465053.0
2023-06-17 03:45:00,0.00818,0.00823,0.00815,0.00823,2267511.0
2023-06-17 04:00:00,0.00822,0.00822,0.00817,0.00821,1227938.0
2023-06-17 04:15:00,0.00821,0.00823,0.00821,0.00822,1761720.0
2023-06-17 04:30:00,0.00822,0.00823,0.00822,0.00823,1786341.0
2023-06-17 04:45:00,0.00823,0.00823,0.00818,0.00822,1055328.0
2023-06-17 05:00:00,0.00822,0.00822,0.00818,0.0082,793697.0
2023-06-17 05:15:00,0.0082,0.00821,0.00816,0.00818,1187128.0
2023-06-17 05:30:00,0.00817,0.00835,0.00816,0.00834,4988340.0
2023-06-17 05:45:00,0.00835,0.00841,0.00831,0.00841,5101062.0
2023-06-17 06:00:00,0.00841,0.00849,0.00838,0.00848,4041884.0
2023-06-17 06:15:00,0.00848,0.00855,0.00846,0.00848,3959443.0
2023-06-17 06:30:00,0.00848,0.00852,0.00844,0.00844,2606354.0
2023-06-17 06:45:00,0.00843,0.00844,0.00839,0.0084,2584225.0
2023-06-17 07:00:00,0.00839,0.0084,0.00836,0.00839,1274783.0
2023-06-17 07:15:00,0.00837,0.00837,0.00832,0.00836,1889527.0
2023-06-17 07:30:00,0.00835,0.00835,0.0083,0.00831,1173237.0
2023-06-17 07:45:00,0.00831,0.00832,0.0083,0.0083,1420867.0
2023-06-17 08:00:00,0.0083,0.00833,0.0083,0.00833,1671997.0
2023-06-17 08:15:00,0.00832,0.00833,0.00828,0.0083,998755.0
2023-06-17 08:30:00,0.00831,0.00831,0.00828,0.00828,827736.0
2023-06-17 08:45:00,0.00827,0.00829,0.00827,0.00829,845175.0
2023-06-17 09:00:00,0.00828,0.0083,0.00827,0.00828,510374.0
2023-06-17 09:15:00,0.00828,0.0083,0.00827,0.0083,2167600.0
2023-06-17 09:30:00,0.00831,0.00832,0.00829,0.00829,600460.0
2023-06-17 09:45:00,0.00829,0.00829,0.00825,0.00826,902548.0
2023-06-17 10:00:00,0.00826,0.00828,0.00825,0.00828,820047.0
2023-06-17 10:15:00,0.00829,0.00831,0.00827,0.0083,1021865.0
2023-06-17 10:30:00,0.0083,0.0083,0.00827,0.00827,659530.0
2023-06-17 10:45:00,0.00827,0.00827,0.00824,0.00825,1496053.0
2023-06-17 11:00:00,0.00825,0.00828,0.00824,0.00827,1413938.0
2023-06-17 11:15:00,0.00826,0.00827,0.00822,0.00822,2877029.0
2023-06-17 11:30:00,0.00822,0.00823,0.00818,0.00821,4006391.0
2023-06-17 11:45:00,0.00821,0.00824,0.00819,0.00819,1354977.0
2023-06-17 12:00:00,0.00819,0.0082,0.00814,0.00818,3779926.0
2023-06-17 12:15:00,0.00817,0.00819,0.00816,0.00818,1124360.0
2023-06-17 12:30:00,0.00818,0.00819,0.00817,0.00817,1156474.0
2023-06-17 12:45:00,0.00817,0.00818,0.00816,0.00816,579364.0
2023-06-17 13:00:00,0.00816,0.00819,0.00816,0.00818,1878573.0
2023-06-17 13:15:00,0.00817,0.00817,0.00813,0.00814,1488972.0
2023-06-17 13:30:00,0.00814,0.00819,0.00813,0.00819,1885527.0
2023-06-17 13:45:00,0.00818,0.00819,0.00817,0.00817,1943655.0
2023-06-17 14:00:00,0.00817,0.00817,0.00813,0.00816,2373839.0
2023-06-17 14:15:00,0.00814,0.00817,0.0081,0.00812,4825617.0
2023-06-17 14:30:00,0.00813,0.00817,0.00811,0.00814,3860429.0
2023-06-17 14:45:00,0.00814,0.00818,0.00813,0.00818,1939359.0
2023-06-17 15:00:00,0.00816,0.00827,0.00816,0.00823,5233536.0
2023-06-17 15:15:00,0.00822,0.00829,0.00817,0.00823,7910704.0
2023-06-17 15:30:00,0.00823,0.00824,0.00818,0.00819,2910213.0
2023-06-17 15:45:00,0.00818,0.00818,0.00812,0.00813,3958550.0
2023-06-17 16:00:00,0.00812,0.00814,0.00808,0.00813,5789590.0
2023-06-17 16:15:00,0.00814,0.00815,0.00812,0.00812,897347.0
2023-06-17 16:30:00,0.00813,0.00813,0.00809,0.00809,2765493.0
2023-06-17 16:45:00,0.00809,0.00813,0.00807,0.00813,1803862.0
2023-06-17 17:00:00,0.00812,0.00814,0.00811,0.00812,839171.0
2023-06-17 17:15:00,0.00811,0.00814,0.0081,0.00813,849234.0
2023-06-17 17:30:00,0.00814,0.00815,0.00808,0.00808,2278539.0
2023-06-17 17:45:00,0.00809,0.0081,0.00804,0.0081,2155227.0
2023-06-17 18:00:00,0.00809,0.00815,0.00808,0.00812,2566092.0
2023-06-17 18:15:00,0.00813,0.00818,0.00812,0.00813,4144180.0
2023-06-17 18:30:00,0.00814,0.00817,0.00814,0.00817,2521744.0
2023-06-17 18:45:00,0.00817,0.00818,0.00816,0.00818,430194.0
2023-06-17 19:00:00,0.00818,0.00818,0.00815,0.00818,987712.0
2023-06-17 19:15:00,0.00817,0.0082,0.00816,0.00818,2082649.0
2023-06-17 19:30:00,0.00818,0.00821,0.00817,0.00821,1103825.0
2023-06-17 19:45:00,0.00821,0.00823,0.00818,0.00819,4226675.0
2023-06-17 20:00:00,0.00818,0.00819,0.00817,0.00817,1435007.0
2023-06-17 20:15:00,0.00817,0.00819,0.00814,0.00815,3926884.0
2023-06-17 20:30:00,0.00816,0.00816,0.00812,0.00814,1427658.0
2023-06-17 20:45:00,0.00815,0.00818,0.00815,0.00817,1069432.0
2023-06-17 21:00:00,0.00817,0.00818,0.00817,0.00818,7411.0
2023-06-17 21:15:00,0.00818,0.00818,0.00814,0.00815,941410.0
2023-06-17 21:30:00,0.00816,0.00817,0.00813,0.00813,1062644.0
2023-06-17 21:45:00,0.00813,0.00818,0.00813,0.00815,1755860.0
2023-06-17 22:00:00,0.00815,0.00818,0.00815,0.00818,719979.0
2023-06-17 22:15:00,0.00819,0.00819,0.00817,0.00817,221582.0
2023-06-17 22:30:00,0.00816,0.00817,0.00815,0.00817,860780.0
2023-06-17 22:45:00,0.00816,0.00817,0.00814,0.00816,1437280.0
2023-06-17 23:00:00,0.00815,0.00816,0.00814,0.00814,377863.0
2023-06-17 23:15:00,0.00814,0.00814,0.00809,0.00812,2033642.0
2023-06-17 23:30:00,0.00812,0.00812,0.00811,0.00812,976424.0
2023-06-17 23:45:00,0.00811,0.00811,0.0081,0.00811,545733.0
2023-06-18 00:00:00,0.00811,0.00811,0.00808,0.00809,482201.0
2023-06-18 00:15:00,0.00808,0.00808,0.00802,0.00806,5714175.0
2023-06-18 00:30:00,0.00806,0.00806,0.008,0.00802,2337896.0
2023-06-18 00:45:00,0.00803,0.00804,0.00797,0.00801,3563704.0
2023-06-18 01:00:00,0.00802,0.00802,0.00801,0.00801,376194.0
2023-06-18 01:15:00,0.008,0.008,0.00797,0.00798,1404530.0
2023-06-18 01:30:00,0.00798,0.00798,0.00794,0.00798,2486208.0
2023-06-18 01:45:00,0.00797,0.00805,0.00797,0.00805,2469286.0
2023-06-18 02:00:00,0.00806,0.00808,0.00804,0.00806,3029293.0
2023-06-18 02:15:00,0.00805,0.00806,0.00802,0.00802,1117034.0
2023-06-18 02:30:00,0.00802,0.00804,0.00801,0.00802,616776.0
2023-06-18 02:45:00,0.00803,0.00803,0.008,0.00802,585822.0
2023-06-18 03:00:00,0.00802,0.00804,0.00801,0.00803,535077.0
2023-06-18 03:15:00,0.00804,0.00805,0.00804,0.00805,52747.0
2023-06-18 03:30:00,0.00805,0.00805,0.00804,0.00804,185152.0
2023-06-18 03:45:00,0.00804,0.00804,0.00802,0.00803,289810.0
2023-06-18 04:00:00,0.00802,0.00806,0.00802,0.00805,1253065.0
2023-06-18 04:15:00,0.00806,0.00806,0.00805,0.00805,237778.0
2023-06-18 04:30:00,0.00806,0.00807,0.00806,0.00807,295556.0
2023-06-18 04:45:00,0.00807,0.00807,0.00805,0.00805,504438.0
2023-06-18 05:00:00,0.00805,0.00808,0.00805,0.00806,821202.0
2023-06-18 05:15:00,0.00806,0.00808,0.00805,0.00808,567103.0
2023-06-18 05:30:00,0.00809,0.00809,0.00809,0.00809,31650.0
2023-06-18 05:45:00,0.00807,0.00807,0.00803,0.00804,709814.0
2023-06-18 06:00:00,0.00804,0.00804,0.00801,0.00804,3053180.0
2023-06-18 06:15:00,0.00805,0.00805,0.00803,0.00805,850071.0
2023-06-18 06:30:00,0.00805,0.00807,0.00804,0.00806,3505078.0
2023-06-18 06:45:00,0.00806,0.00807,0.00804,0.00806,787038.0
2023-06-18 07:00:00,0.00806,0.00807,0.00802,0.00807,5256548.0
2023-06-18 07:15:00,0.00806,0.00808,0.00805,0.00806,1616344.0
2023-06-18 07:30:00,0.00806,0.00806,0.00804,0.00806,1199180.0
2023-06-18 07:45:00,0.00806,0.00806,0.00801,0.00801,1812273.0
2023-06-18 08:00:00,0.00801,0.00802,0.008,0.00801,725215.0
2023-06-18 08:15:00,0.00799,0.00801,0.00797,0.008,1529426.0
2023-06-18 08:30:00,0.00801,0.00806,0.008,0.00806,666427.0
2023-06-18 08:45:00,0.00806,0.00808,0.00806,0.00808,328027.0
2023-06-18 09:00:00,0.00808,0.00809,0.00807,0.00809,1325046.0
2023-06-18 09:15:00,0.00808,0.0081,0.00808,0.00809,1054802.0
2023-06-18 09:30:00,0.0081,0.00813,0.00809,0.00813,752987.0
2023-06-18 09:45:00,0.00813,0.00817,0.00812,0.00814,3998012.0
2023-06-18 10:00:00,0.00815,0.00815,0.00813,0.00814,609425.0
2023-06-18 10:15:00,0.00813,0.00813,0.00809,0.00811,3019624.0
2023-06-18 10:30:00,0.0081,0.0081,0.00807,0.0081,540629.0
2023-06-18 10:45:00,0.00811,0.00813,0.00811,0.00812,679031.0
2023-06-18 11:00:00,0.00812,0.00812,0.00806,0.00807,2587069.0
2023-06-18 11:15:00,0.00807,0.00809,0.00806,0.00806,765589.0
2023-06-18 11:30:00,0.00806,0.00809,0.00806,0.00809,2418156.0
2023-06-18 11:45:00,0.00809,0.00812,0.00808,0.00809,4813115.0
2023-06-18 12:00:00,0.00808,0.00808,0.00804,0.00807,2530930.0
2023-06-18 12:15:00,0.00807,0.00807,0.00803,0.00804,915564.0
2023-06-18 12:30:00,0.00804,0.00812,0.00803,0.00812,3158640.0
2023-06-18 12:45:00,0.00813,0.00813,0.0081,0.0081,1232433.0
2023-06-18 13:00:00,0.00811,0.00813,0.00811,0.00811,248364.0
2023-06-18 13:15:00,0.00812,0.00812,0.00809,0.00811,2260896.0
2023-06-18 13:30:00,0.0081,0.0081,0.00808,0.00809,1084606.0
2023-06-18 13:45:00,0.00808,0.00808,0.00807,0.00807,427551.0
2023-06-18 14:00:00,0.00807,0.00808,0.00806,0.00807,384992.0
2023-06-18 14:15:00,0.00808,0.00813,0.00808,0.00812,1199826.0
2023-06-18 14:30:00,0.00813,0.00815,0.00812,0.00814,399859.0
2023-06-18 14:45:00,0.00814,0.00814,0.00813,0.00814,129567.0
2023-06-18 15:00:00,0.00814,0.00814,0.00811,0.00812,1554354.0
2023-06-18 15:15:00,0.00812,0.00812,0.0081,0.00811,482531.0
2023-06-18 15:30:00,0.00811,0.00812,0.00804,0.00804,7530462.0
2023-06-18 15:45:00,0.00804,0.00805,0.00803,0.00804,764478.0
2023-06-18 16:00:00,0.00804,0.00805,0.00802,0.00804,1779223.0
2023-06-18 16:15:00,0.00803,0.00806,0.00801,0.00803,1794499.0
2023-06-18 16:30:00,0.00802,0.00803,0.00801,0.00801,967821.0
2023-06-18 16:45:00,0.008,0.008,0.00798,0.00799,1785272.0
2023-06-18 17:00:00,0.00799,0.00804,0.00799,0.00803,2624807.0
2023-06-18 17:15:00,0.00803,0.00803,0.00799,0.00799,852269.0
2023-06-18 17:30:00,0.008,0.00802,0.00798,0.00801,1028984.0
2023-06-18 17:45:00,0.00802,0.00804,0.00801,0.00803,1164393.0
2023-06-18 18:00:00,0.00803,0.00804,0.008,0.008,920128.0
2023-06-18 18:15:00,0.00801,0.00801,0.00799,0.008,356659.0
2023-06-18 18:30:00,0.008,0.008,0.00798,0.008,472462.0
2023-06-18 18:45:00,0.008,0.00802,0.00799,0.00802,479894.0
2023-06-18 19:00:00,0.00801,0.00805,0.00801,0.00805,831095.0
2023-06-18 19:15:00,0.00804,0.00805,0.00801,0.00804,1541099.0
2023-06-18 19:30:00,0.00804,0.00806,0.00803,0.00806,1704477.0
2023-06-18 19:45:00,0.00806,0.00806,0.00804,0.00804,894129.0
2023-06-18 20:00:00,0.00806,0.00806,0.00798,0.00798,2477638.0
2023-06-18 20:15:00,0.00797,0.00798,0.00773,0.00785,9552568.0
2023-06-18 20:30:00,0.00784,0.00789,0.00783,0.00787,2515446.0
2023-06-18 20:45:00,0.00786,0.00786,0.00784,0.00784,1729333.0
2023-06-18 21:00:00,0.00784,0.00785,0.00781,0.00783,907930.0
2023-06-18 21:15:00,0.00784,0.00785,0.00781,0.00783,844198.0
2023-06-18 21:30:00,0.00784,0.00787,0.00784,0.00787,652697.0
2023-06-18 21:45:00,0.00786,0.00786,0.00784,0.00785,984489.0
2023-06-18 22:00:00,0.00785,0.00789,0.00784,0.00785,2775311.0
2023-06-18 22:15:00,0.00785,0.00788,0.00784,0.00786,2361444.0
2023-06-18 22:30:00,0.00785,0.00785,0.00778,0.00782,4083008.0
2023-06-18 22:45:00,0.00781,0.00781,0.00778,0.00778,734894.0
2023-06-18 23:00:00,0.00778,0.00783,0.00776,0.0078,2939155.0
2023-06-18 23:15:00,0.0078,0.0078,0.00777,0.00777,230670.0
2023-06-18 23:30:00,0.00778,0.00779,0.00777,0.00778,485357.0
2023-06-18 23:45:00,0.00778,0.00779,0.00778,0.00779,279346.0
2023-06-19 00:00:00,0.00778,0.00781,0.00778,0.00781,1902895.0
2023-06-19 00:15:00,0.00781,0.00782,0.0078,0.00781,1058052.0
2023-06-19 00:30:00,0.00781,0.00784,0.00781,0.00783,1316351.0
2023-06-19 00:45:00,0.00783,0.00784,0.00777,0.00781,2190850.0
2023-06-19 01:00:00,0.00781,0.00785,0.00781,0.00784,1025730.0
2023-06-19 01:15:00,0.00785,0.00785,0.00784,0.00785,1225876.0
2023-06-19 01:30:00,0.00785,0.00785,0.00785,0.00785,47635.0
2023-06-19 01:45:00,0.00785,0.00787,0.00785,0.00785,586959.0
2023-06-19 02:00:00,0.00786,0.00787,0.00786,0.00787,344587.0
2023-06-19 02:15:00,0.00787,0.00787,0.00782,0.00782,3149245.0
2023-06-19 02:30:00,0.00782,0.00784,0.00781,0.00784,1067176.0
2023-06-19 02:45:00,0.00783,0.00786,0.00783,0.00786,150959.0
2023-06-19 03:00:00,0.00785,0.00786,0.00785,0.00785,574826.0
2023-06-19 03:15:00,0.00783,0.00783,0.00783,0.00783,963410.0
2023-06-19 03:30:00,0.00783,0.00783,0.00781,0.00782,1603068.0
2023-06-19 03:45:00,0.00782,0.00782,0.00781,0.00782,256838.0
2023-06-19 04:00:00,0.00782,0.00785,0.00782,0.00785,301840.0
2023-06-19 04:15:00,0.00785,0.0079,0.00785,0.00789,1519828.0
2023-06-19 04:30:00,0.00788,0.00788,0.00787,0.00787,1357192.0
2023-06-19 04:45:00,0.00788,0.0079,0.00787,0.00789,907321.0
2023-06-19 05:00:00,0.00789,0.00794,0.00789,0.00794,1115221.0
2023-06-19 05:15:00,0.00794,0.00794,0.00793,0.00794,409227.0
2023-06-19 05:30:00,0.00794,0.00794,0.00794,0.00794,117222.0
2023-06-19 05:45:00,0.00794,0.00796,0.00793,0.00795,650001.0
2023-06-19 06:00:00,0.00796,0.00796,0.00795,0.00795,303334.0
2023-06-19 06:15:00,0.00795,0.00797,0.00795,0.00797,1295611.0
2023-06-19 06:30:00,0.00797,0.00797,0.00796,0.00797,120424.0
2023-06-19 06:45:00,0.00797,0.00798,0.00796,0.00798,291941.0
2023-06-19 07:00:00,0.00797,0.00799,0.00797,0.00799,1061996.0
2023-06-19 07:15:00,0.00799,0.00801,0.00799,0.008,1033622.0
2023-06-19 07:30:00,0.008,0.008,0.008,0.008,366944.0
2023-06-19 07:45:00,0.008,0.008,0.008,0.008,133817.0
2023-06-19 08:00:00,0.008,0.008,0.00796,0.00798,2529213.0
2023-06-19 08:15:00,0.00798,0.00803,0.00798,0.00803,743192.0
2023-06-19 08:30:00,0.00803,0.00811,0.00803,0.0081,3115004.0
2023-06-19 08:45:00,0.0081,0.00811,0.00808,0.00808,4373828.0
2023-06-19 09:00:00,0.00808,0.00809,0.00802,0.00803,2032866.0
2023-06-19 09:15:00,0.00803,0.00804,0.008,0.00804,743498.0
2023-06-19 09:30:00,0.00804,0.00806,0.00803,0.00806,87591.0
2023-06-19 09:45:00,0.00807,0.00811,0.00807,0.00811,581264.0
2023-06-19 10:00:00,0.00812,0.00812,0.00809,0.00811,1959938.0
2023-06-19 10:15:00,0.00812,0.00814,0.00811,0.00811,565865.0
2023-06-19 10:30:00,0.0081,0.00811,0.0081,0.00811,790456.0
2023-06-19 10:45:00,0.00811,0.00811,0.00804,0.00804,719682.0
2023-06-19 11:00:00,0.00804,0.00806,0.00802,0.00805,2125618.0
2023-06-19 11:15:00,0.00805,0.00806,0.00805,0.00806,129361.0
2023-06-19 11:30:00,0.00806,0.00807,0.00805,0.00805,1187928.0
2023-06-19 11:45:00,0.00805,0.00806,0.00805,0.00806,1138176.0
2023-06-19 12:00:00,0.00806,0.00807,0.008,0.008,1766232.0
2023-06-19 12:15:00,0.008,0.00804,0.00797,0.00802,2689986.0
2023-06-19 12:30:00,0.00802,0.00803,0.00801,0.00803,911087.0
2023-06-19 12:45:00,0.00803,0.00803,0.00803,0.00803,156079.0
2023-06-19 13:00:00,0.00804,0.00804,0.008,0.008,629539.0
2023-06-19 13:15:00,0.00801,0.00803,0.00798,0.00798,3054803.0
2023-06-19 13:30:00,0.00799,0.00799,0.00796,0.00796,467913.0
2023-06-19 13:45:00,0.00796,0.00796,0.00795,0.00795,765795.0
2023-06-19 14:00:00,0.00795,0.00796,0.0079,0.00791,3601734.0
2023-06-19 14:15:00,0.00792,0.00793,0.00787,0.0079,3711485.0
2023-06-19 14:30:00,0.0079,0.0079,0.00787,0.00787,764192.0
2023-06-19 14:45:00,0.00786,0.00789,0.00786,0.00786,386715.0
2023-06-19 15:00:00,0.00787,0.00787,0.00783,0.00783,1212435.0
2023-06-19 15:15:00,0.00784,0.00788,0.00784,0.00787,2121671.0
2023-06-19 15:30:00,0.00786,0.00789,0.00786,0.00789,1620448.0
2023-06-19 15:45:00,0.00789,0.0079,0.00789,0.00789,298780.0
2023-06-19 16:00:00,0.00789,0.0079,0.00788,0.00788,707527.0
2023-06-19 16:15:00,0.00788,0.00788,0.00787,0.00788,480051.0
2023-06-19 16:30:00,0.00787,0.00788,0.0078,0.00785,3417327.0
2023-06-19 16:45:00,0.00784,0.00786,0.00783,0.00786,1078975.0
2023-06-19 17:00:00,0.00786,0.00794,0.00784,0.00794,2866898.0
2023-06-19 17:15:00,0.00794,0.00794,0.0079,0.00793,2575185.0
2023-06-19 17:30:00,0.00794,0.00795,0.0079,0.00795,1664941.0
2023-06-19 17:45:00,0.00795,0.00795,0.00792,0.00793,1375423.0
2023-06-19 18:00:00,0.00794,0.00803,0.00794,0.008,9073281.0
2023-06-19 18:15:00,0.008,0.00803,0.00798,0.00798,3459126.0
2023-06-19 18:30:00,0.00798,0.00801,0.00796,0.00799,1157283.0
2023-06-19 18:45:00,0.008,0.008,0.00789,0.00789,4364123.0
2023-06-19 19:00:00,0.00788,0.00791,0.00785,0.00791,2956079.0
2023-06-19 19:15:00,0.00791,0.00793,0.00789,0.00791,2371450.0
2023-06-19 19:30:00,0.00792,0.00792,0.00787,0.0079,586931.0
2023-06-19 19:45:00,0.0079,0.00793,0.0079,0.00793,479295.0
2023-06-19 20:00:00,0.00794,0.00799,0.00794,0.00799,1107096.0
2023-06-19 20:15:00,0.00798,0.00798,0.00796,0.00796,756846.0
2023-06-19 20:30:00,0.00797,0.00798,0.00797,0.00798,484411.0
2023-06-19 20:45:00,0.00799,0.00799,0.00794,0.00795,1516225.0
2023-06-19 21:00:00,0.00795,0.00796,0.00791,0.00791,496751.0
2023-06-19 21:15:00,0.00792,0.00793,0.00789,0.0079,495016.0
2023-06-19 21:30:00,0.0079,0.00793,0.0079,0.00793,388265.0
2023-06-19 21:45:00,0.00793,0.00794,0.00792,0.00794,179105.0
2023-06-19 22:00:00,0.00795,0.00796,0.00794,0.00794,530444.0
2023-06-19 22:15:00,0.00795,0.00798,0.00795,0.00797,153644.0
2023-06-19 22:30:00,0.00798,0.00798,0.00797,0.00798,199542.0
2023-06-19 22:45:00,0.00798,0.00799,0.00796,0.00796,897044.0
2023-06-19 23:00:00,0.00795,0.00795,0.00793,0.00794,1014562.0
2023-06-19 23:15:00,0.00793,0.00793,0.00793,0.00793,187617.0
2023-06-19 23:30:00,0.00794,0.00795,0.00794,0.00795,1321292.0
2023-06-19 23:45:00,0.00795,0.00799,0.00794,0.00799,544077.0
2023-06-20 00:00:00,0.00798,0.00798,0.00792,0.00793,1340541.0
2023-06-20 00:15:00,0.00794,0.00797,0.00793,0.00794,1436035.0
2023-06-20 00:30:00,0.00793,0.00793,0.00789,0.00792,626703.0
2023-06-20 00:45:00,0.00792,0.00798,0.00792,0.00798,636460.0
2023-06-20 01:00:00,0.00797,0.008,0.00796,0.008,949485.0
2023-06-20 01:15:00,0.00799,0.00799,0.00795,0.00795,1156074.0
2023-06-20 01:30:00,0.00795,0.00795,0.00791,0.00791,1275694.0
2023-06-20 01:45:00,0.00791,0.00793,0.00787,0.00788,1008429.0
2023-06-20 02:00:00,0.00788,0.00791,0.00787,0.00791,4309739.0
2023-06-20 02:15:00,0.0079,0.00791,0.00789,0.00791,551098.0
2023-06-20 02:30:00,0.00791,0.00794,0.00791,0.00794,1340874.0
2023-06-20 02:45:00,0.00794,0.00795,0.00793,0.00793,287604.0
2023-06-20 03:00:00,0.00794,0.00796,0.00794,0.00795,138517.0
2023-06-20 03:15:00,0.00795,0.00796,0.00795,0.00795,87394.0
2023-06-20 03:30:00,0.00795,0.00796,0.00795,0.00795,150786.0
2023-06-20 03:45:00,0.00794,0.00794,0.00791,0.00791,373727.0
2023-06-20 04:00:00,0.0079,0.00791,0.00788,0.00791,1443235.0
2023-06-20 04:15:00,0.00792,0.00794,0.00792,0.00794,616883.0
2023-06-20 04:30:00,0.00795,0.00795,0.00794,0.00795,311686.0
2023-06-20 04:45:00,0.00795,0.00795,0.00793,0.00795,359966.0
2023-06-20 05:00:00,0.00794,0.00795,0.00793,0.00793,1313369.0
2023-06-20 05:15:00,0.00793,0.00793,0.00788,0.00788,4425619.0
2023-06-20 05:30:00,0.00787,0.00788,0.00782,0.00784,2057984.0
2023-06-20 05:45:00,0.00784,0.00784,0.00781,0.00781,239411.0
2023-06-20 06:00:00,0.00783,0.00784,0.00781,0.00781,987375.0
2023-06-20 06:15:00,0.0078,0.00781,0.0078,0.00781,137357.0
2023-06-20 06:30:00,0.00781,0.00782,0.0078,0.0078,995957.0
2023-06-20 06:45:00,0.0078,0.00781,0.00779,0.00779,898820.0
2023-06-20 07:00:00,0.00779,0.00782,0.00778,0.00782,699256.0
2023-06-20 07:15:00,0.00783,0.00784,0.00783,0.00784,583409.0
2023-06-20 07:30:00,0.00784,0.00784,0.00782,0.00782,741517.0
2023-06-20 07:45:00,0.00782,0.00783,0.00782,0.00783,107521.0
2023-06-20 08:00:00,0.00782,0.00782,0.00777,0.00777,1591528.0
2023-06-20 08:15:00,0.00777,0.00777,0.00775,0.00777,877904.0
2023-06-20 08:30:00,0.00777,0.00777,0.00772,0.00774,982910.0
2023-06-20 08:45:00,0.00773,0.00775,0.00772,0.00772,387680.0
2023-06-20 09:00:00,0.00773,0.00775,0.00773,0.00773,327045.0
2023-06-20 09:15:00,0.00774,0.00776,0.00774,0.00776,796109.0
2023-06-20 09:30:00,0.00775,0.0078,0.00775,0.0078,1366875.0
2023-06-20 09:45:00,0.00779,0.0078,0.00777,0.00778,1502789.0
2023-06-20 10:00:00,0.00777,0.0078,0.00777,0.00779,457893.0
2023-06-20 10:15:00,0.00779,0.0078,0.00778,0.00779,151381.0
2023-06-20 10:30:00,0.00779,0.00782,0.00779,0.00781,800012.0
2023-06-20 10:45:00,0.00781,0.00781,0.00779,0.0078,540968.0
2023-06-20 11:00:00,0.00779,0.00781,0.00777,0.00779,1922953.0
2023-06-20 11:15:00,0.0078,0.00783,0.00779,0.00783,444861.0
2023-06-20 11:30:00,0.00783,0.00784,0.00783,0.00784,513472.0
2023-06-20 11:45:00,0.00784,0.00787,0.00784,0.00787,1242372.0
2023-06-20 12:00:00,0.00787,0.00791,0.00784,0.00791,1526232.0
2023-06-20 12:15:00,0.00791,0.00791,0.0078,0.00782,3848258.0
2023-06-20 12:30:00,0.00782,0.00784,0.00781,0.00781,786845.0
2023-06-20 12:45:00,0.0078,0.00783,0.0078,0.00783,967632.0
2023-06-20 13:00:00,0.00783,0.00783,0.00781,0.00782,642416.0
2023-06-20 13:15:00,0.00782,0.00782,0.00782,0.00782,390065.0
2023-06-20 13:30:00,0.00783,0.00783,0.00776,0.00777,1942523.0
2023-06-20 13:45:00,0.00777,0.00779,0.00773,0.00775,2243181.0
2023-06-20 14:00:00,0.00774,0.00777,0.00771,0.00775,1840808.0
2023-06-20 14:15:00,0.00774,0.00774,0.00766,0.00768,2325843.0
2023-06-20 14:30:00,0.00769,0.00771,0.00769,0.0077,632347.0
2023-06-20 14:45:00,0.00771,0.00774,0.0077,0.00771,574203.0
2023-06-20 15:00:00,0.00772,0.00773,0.00769,0.0077,986717.0
2023-06-20 15:15:00,0.00769,0.00773,0.00769,0.00773,483422.0
2023-06-20 15:30:00,0.00773,0.00773,0.00771,0.00773,68407.0
2023-06-20 15:45:00,0.00773,0.00776,0.00771,0.00774,1436584.0
2023-06-20 16:00:00,0.00774,0.00774,0.00771,0.00773,1643061.0
2023-06-20 16:15:00,0.00773,0.00779,0.00772,0.00778,1380744.0
2023-06-20 16:30:00,0.00779,0.00779,0.00775,0.00776,808080.0
2023-06-20 16:45:00,0.00775,0.00776,0.00773,0.00774,864082.0
2023-06-20 17:00:00,0.00774,0.00777,0.00773,0.00775,2935989.0
2023-06-20 17:15:00,0.00774,0.00777,0.00771,0.00772,6779733.0
2023-06-20 17:30:00,0.00771,0.00773,0.00767,0.0077,2527835.0
2023-06-20 17:45:00,0.00771,0.00781,0.00771,0.00775,4647985.0
2023-06-20 18:00:00,0.00776,0.00785,0.00774,0.00784,3901428.0
2023-06-20 18:15:00,0.00786,0.00792,0.00785,0.00788,4296882.0
2023-06-20 18:30:00,0.00788,0.00789,0.00783,0.00788,1369922.0
2023-06-20 18:45:00,0.00789,0.00794,0.00788,0.00794,1558315.0
2023-06-20 19:00:00,0.00794,0.00795,0.00787,0.00791,2950535.0
2023-06-20 19:15:00,0.00792,0.00793,0.0079,0.00793,1669425.0
2023-06-20 19:30:00,0.00793,0.00797,0.00793,0.00796,752667.0
2023-06-20 19:45:00,0.00797,0.00802,0.00796,0.008,2837202.0
2023-06-20 20:00:00,0.00801,0.00803,0.00795,0.00795,5501324.0
2023-06-20 20:15:00,0.00795,0.008,0.00795,0.00799,1538538.0
2023-06-20 20:30:00,0.00799,0.00799,0.00795,0.00799,2599100.0
2023-06-20 20:45:00,0.00799,0.00807,0.00799,0.00801,4894394.0
2023-06-20 21:00:00,0.00801,0.00803,0.00799,0.00802,1010801.0
2023-06-20 21:15:00,0.00802,0.00802,0.00797,0.00798,1597937.0
2023-06-20 21:30:00,0.00797,0.008,0.00797,0.00798,1306736.0
2023-06-20 21:45:00,0.00798,0.00798,0.00794,0.00795,1011812.0
2023-06-20 22:00:00,0.00796,0.00803,0.00796,0.00803,2693916.0
2023-06-20 22:15:00,0.00803,0.00806,0.00803,0.00805,1366548.0
2023-06-20 22:30:00,0.00806,0.00806,0.00802,0.00804,2900256.0
2023-06-20 22:45:00,0.00804,0.00805,0.00802,0.00803,619421.0
2023-06-20 23:00:00,0.00803,0.00805,0.00803,0.00803,708719.0
2023-06-20 23:15:00,0.00803,0.00805,0.00801,0.00805,1491212.0
2023-06-20 23:30:00,0.00805,0.00805,0.00802,0.00803,1903986.0
2023-06-20 23:45:00,0.00803,0.00806,0.00803,0.00805,1121228.0
2023-06-21 00:00:00,0.00805,0.00805,0.00802,0.00804,994053.0
2023-06-21 00:15:00,0.00804,0.00807,0.00801,0.00805,3484325.0
2023-06-21 00:30:00,0.00805,0.00807,0.00804,0.00806,824423.0
2023-06-21 00:45:00,0.00807,0.00812,0.00807,0.0081,1622938.0
2023-06-21 01:00:00,0.00811,0.00839,0.0081,0.00831,32200118.0
2023-06-21 01:15:00,0.00832,0.00842,0.0083,0.00838,6442247.0
2023-06-21 01:30:00,0.00839,0.00839,0.0083,0.00832,1373031.0
2023-06-21 01:45:00,0.00831,0.00832,0.00825,0.00825,3251576.0
2023-06-21 02:00:00,0.00826,0.00827,0.00824,0.00824,2818280.0
2023-06-21 02:15:00,0.00823,0.00827,0.00821,0.00826,984386.0
2023-06-21 02:30:00,0.00826,0.00827,0.00824,0.00826,601061.0
2023-06-21 02:45:00,0.00827,0.00831,0.00824,0.00831,3358857.0
2023-06-21 03:00:00,0.0083,0.0083,0.00827,0.00827,1588607.0
2023-06-21 03:15:00,0.00827,0.00828,0.00825,0.00827,375644.0
2023-06-21 03:30:00,0.00828,0.0083,0.00828,0.0083,155364.0
2023-06-21 03:45:00,0.00829,0.00829,0.00827,0.00828,710718.0
2023-06-21 04:00:00,0.00829,0.00829,0.00824,0.00824,348122.0
2023-06-21 04:15:00,0.00825,0.00826,0.00824,0.00825,989728.0
2023-06-21 04:30:00,0.00826,0.00826,0.00823,0.00825,715110.0
2023-06-21 04:45:00,0.00825,0.00826,0.00824,0.00826,1343227.0
2023-06-21 05:00:00,0.00826,0.00827,0.00826,0.00827,152904.0
2023-06-21 05:15:00,0.00829,0.0083,0.00829,0.0083,396641.0
2023-06-21 05:30:00,0.00828,0.00828,0.00824,0.00826,937380.0
2023-06-21 05:45:00,0.00829,0.00833,0.00829,0.00833,2458646.0
2023-06-21 06:00:00,0.00833,0.00834,0.00828,0.00828,1809643.0
2023-06-21 06:15:00,0.00828,0.00831,0.00827,0.00829,1606705.0
2023-06-21 06:30:00,0.00829,0.0083,0.00823,0.00826,2940234.0
2023-06-21 06:45:00,0.00826,0.00827,0.00823,0.00825,1190166.0
2023-06-21 07:00:00,0.00825,0.00825,0.00819,0.00819,3509818.0
2023-06-21 07:15:00,0.00819,0.00822,0.00819,0.0082,1637043.0
2023-06-21 07:30:00,0.00821,0.00821,0.00818,0.0082,565417.0
2023-06-21 07:45:00,0.00819,0.0082,0.00816,0.00816,1607259.0
2023-06-21 08:00:00,0.00817,0.0082,0.00815,0.00816,4269486.0
2023-06-21 08:15:00,0.00817,0.00818,0.00812,0.00813,1876424.0
2023-06-21 08:30:00,0.00813,0.00814,0.0081,0.0081,3292053.0
2023-06-21 08:45:00,0.00811,0.00811,0.00808,0.00808,1519844.0
2023-06-21 09:00:00,0.00809,0.00814,0.00809,0.00814,1409662.0
2023-06-21 09:15:00,0.00815,0.00818,0.00814,0.00817,1329877.0
2023-06-21 09:30:00,0.00817,0.00818,0.00816,0.00818,517356.0
2023-06-21 09:45:00,0.00819,0.0082,0.00816,0.00819,838476.0
2023-06-21 10:00:00,0.00819,0.0082,0.00817,0.00819,481346.0
2023-06-21 10:15:00,0.0082,0.00822,0.00818,0.00821,1671904.0
2023-06-21 10:30:00,0.00821,0.00822,0.00814,0.00816,3074815.0
2023-06-21 10:45:00,0.00817,0.00818,0.00814,0.00815,2539323.0
2023-06-21 11:00:00,0.00815,0.00817,0.00813,0.00817,1266846.0
2023-06-21 11:15:00,0.00816,0.0082,0.00816,0.0082,1445937.0
2023-06-21 11:30:00,0.0082,0.00821,0.00819,0.0082,1617827.0
2023-06-21 11:45:00,0.0082,0.00821,0.00818,0.00819,966518.0
2023-06-21 12:00:00,0.00818,0.00822,0.00816,0.00819,1605069.0
2023-06-21 12:15:00,0.0082,0.00823,0.00819,0.00822,3310875.0
2023-06-21 12:30:00,0.00822,0.00822,0.00816,0.00816,1308915.0
2023-06-21 12:45:00,0.00817,0.00817,0.00813,0.00814,912952.0
2023-06-21 13:00:00,0.00814,0.00817,0.00814,0.00816,855183.0
2023-06-21 13:15:00,0.00817,0.00817,0.00815,0.00817,591182.0
2023-06-21 13:30:00,0.00816,0.00817,0.00814,0.00817,391828.0
2023-06-21 13:45:00,0.00816,0.00821,0.00816,0.00818,2471728.0
2023-06-21 14:00:00,0.00817,0.00819,0.00813,0.00817,3219737.0
2023-06-21 14:15:00,0.00817,0.00821,0.00816,0.00819,1717174.0
2023-06-21 14:30:00,0.0082,0.00823,0.00819,0.00819,2583732.0
2023-06-21 14:45:00,0.00819,0.00825,0.00819,0.00824,2131443.0
2023-06-21 15:00:00,0.00825,0.00826,0.00821,0.00826,931321.0
2023-06-21 15:15:00,0.00825,0.00835,0.00825,0.00831,5297332.0
2023-06-21 15:30:00,0.00831,0.00832,0.00825,0.00827,1976355.0
2023-06-21 15:45:00,0.00826,0.00828,0.00825,0.00827,1172999.0
2023-06-21 16:00:00,0.00826,0.00837,0.00825,0.00834,3939945.0
2023-06-21 16:15:00,0.00835,0.00843,0.00835,0.0084,5352025.0
2023-06-21 16:30:00,0.00842,0.00844,0.00835,0.00844,7897301.0
2023-06-21 16:45:00,0.00842,0.00842,0.00831,0.00832,2413722.0
2023-06-21 17:00:00,0.00832,0.00838,0.00824,0.00828,3511405.0
2023-06-21 17:15:00,0.00827,0.00835,0.00827,0.00832,2170673.0
2023-06-21 17:30:00,0.00832,0.00834,0.00829,0.00829,2080762.0
2023-06-21 17:45:00,0.0083,0.00835,0.0083,0.00835,2274062.0
2023-06-21 18:00:00,0.00836,0.00839,0.00835,0.00839,1250353.0
2023-06-21 18:15:00,0.00838,0.00844,0.00838,0.00841,2754269.0
2023-06-21 18:30:00,0.00842,0.00849,0.00841,0.00844,4581156.0
2023-06-21 18:45:00,0.00844,0.00844,0.00838,0.00839,1671618.0
2023-06-21 19:00:00,0.00839,0.00841,0.00835,0.00838,1849305.0
2023-06-21 19:15:00,0.00837,0.00839,0.00833,0.00837,3213952.0
2023-06-21 19:30:00,0.00836,0.00838,0.00835,0.00835,852388.0
2023-06-21 19:45:00,0.00836,0.0084,0.00835,0.0084,865211.0
2023-06-21 20:00:00,0.0084,0.0084,0.00836,0.0084,1219235.0
2023-06-21 20:15:00,0.00839,0.00842,0.00836,0.00841,858979.0
2023-06-21 20:30:00,0.00842,0.00843,0.00837,0.0084,1751688.0
2023-06-21 20:45:00,0.00838,0.00838,0.00831,0.00835,2204374.0
2023-06-21 21:00:00,0.00834,0.00835,0.00829,0.00835,2577520.0
2023-06-21 21:15:00,0.00835,0.00836,0.00835,0.00835,1206663.0
2023-06-21 21:30:00,0.00835,0.00837,0.00831,0.00831,531045.0
2023-06-21 21:45:00,0.00832,0.00837,0.00832,0.00836,1439039.0
2023-06-21 22:00:00,0.00836,0.0084,0.00836,0.00839,1839994.0
2023-06-21 22:15:00,0.00839,0.00843,0.00839,0.00842,756266.0
2023-06-21 22:30:00,0.00842,0.00845,0.00841,0.00845,835827.0
2023-06-21 22:45:00,0.00844,0.00848,0.00844,0.00846,1781031.0
2023-06-21 23:00:00,0.00845,0.00847,0.00844,0.00845,1721258.0
2023-06-21 23:15:00,0.00845,0.00849,0.00844,0.00847,1009732.0
2023-06-21 23:30:00,0.00847,0.00848,0.00844,0.00845,950863.0
2023-06-21 23:45:00,0.00845,0.00847,0.00841,0.00842,2008514.0
2023-06-22 00:00:00,0.00842,0.00844,0.00837,0.00842,4112143.0
2023-06-22 00:15:00,0.00842,0.00851,0.0084,0.00851,2525803.0
2023-06-22 00:30:00,0.0085,0.00855,0.00846,0.00855,2870934.0
2023-06-22 00:45:00,0.00855,0.00858,0.00854,0.00856,2011004.0
2023-06-22 01:00:00,0.00856,0.00864,0.00852,0.00864,1986832.0
2023-06-22 01:15:00,0.00865,0.00874,0.00864,0.00865,4746262.0
2023-06-22 01:30:00,0.00865,0.00875,0.00863,0.00874,3097956.0
2023-06-22 01:45:00,0.00874,0.00875,0.00869,0.00869,2264070.0
2023-06-22 02:00:00,0.0087,0.00873,0.00864,0.00868,2663551.0
2023-06-22 02:15:00,0.0087,0.00873,0.00865,0.00872,1270790.0
2023-06-22 02:30:00,0.00871,0.00873,0.00869,0.00873,2949099.0
2023-06-22 02:45:00,0.00874,0.00883,0.00873,0.00882,9385873.0
2023-06-22 03:00:00,0.00881,0.00881,0.00873,0.00876,1004898.0
2023-06-22 03:15:00,0.00877,0.00879,0.0087,0.0087,734002.0
2023-06-22 03:30:00,0.00871,0.00873,0.00869,0.0087,941769.0
2023-06-22 03:45:00,0.0087,0.00872,0.00868,0.00869,641328.0
2023-06-22 04:00:00,0.0087,0.0087,0.00863,0.00864,1658861.0
2023-06-22 04:15:00,0.00864,0.00866,0.00862,0.00864,1515741.0
2023-06-22 04:30:00,0.00864,0.00869,0.00863,0.00868,692558.0
2023-06-22 04:45:00,0.00869,0.0087,0.00866,0.00868,1479861.0
2023-06-22 05:00:00,0.00867,0.00869,0.00864,0.00866,1384613.0
2023-06-22 05:15:00,0.00866,0.00871,0.00864,0.0087,2971856.0
2023-06-22 05:30:00,0.0087,0.00871,0.00867,0.00867,1153168.0
2023-06-22 05:45:00,0.00867,0.00867,0.00862,0.00864,1276979.0
2023-06-22 06:00:00,0.00862,0.00862,0.00848,0.00848,6479826.0
2023-06-22 06:15:00,0.00851,0.00856,0.00851,0.00854,2549901.0
2023-06-22 06:30:00,0.00855,0.00855,0.00852,0.00853,1287266.0
2023-06-22 06:45:00,0.00853,0.00856,0.00851,0.00855,1546010.0
2023-06-22 07:00:00,0.00854,0.00857,0.00854,0.00856,905085.0
2023-06-22 07:15:00,0.00856,0.00859,0.00856,0.00856,841960.0
2023-06-22 07:30:00,0.00856,0.00857,0.00855,0.00857,1048204.0
2023-06-22 07:45:00,0.00856,0.00861,0.00856,0.0086,1122815.0
2023-06-22 08:00:00,0.0086,0.00861,0.00858,0.00859,1059123.0
2023-06-22 08:15:00,0.00859,0.0086,0.00858,0.0086,811517.0
2023-06-22 08:30:00,0.0086,0.00864,0.0086,0.0086,1181724.0
2023-06-22 08:45:00,0.0086,0.00861,0.00858,0.00861,331035.0
2023-06-22 09:00:00,0.00862,0.00864,0.00857,0.00862,1917401.0
2023-06-22 09:15:00,0.00861,0.00866,0.00861,0.00866,869088.0
2023-06-22 09:30:00,0.00866,0.00866,0.00863,0.00865,1759785.0
2023-06-22 09:45:00,0.00865,0.00866,0.00862,0.00864,569067.0
2023-06-22 10:00:00,0.00864,0.00869,0.00863,0.00867,1649970.0
2023-06-22 10:15:00,0.00869,0.00873,0.00869,0.00873,1327066.0
2023-06-22 10:30:00,0.00872,0.00872,0.00867,0.00869,1465902.0
2023-06-22 10:45:00,0.00869,0.00869,0.00865,0.00866,1658845.0
2023-06-22 11:00:00,0.00866,0.00866,0.0075,0.00848,27044604.0
2023-06-22 11:15:00,0.00848,0.00851,0.00843,0.00847,4232784.0
2023-06-22 11:30:00,0.00847,0.00848,0.00844,0.00844,3733712.0
2023-06-22 11:45:00,0.00846,0.00846,0.00833,0.00837,4121407.0
2023-06-22 12:00:00,0.00836,0.00846,0.00835,0.00841,4931023.0
2023-06-22 12:15:00,0.00841,0.00843,0.00841,0.00843,1260801.0
2023-06-22 12:30:00,0.00842,0.00852,0.00841,0.00852,3290621.0
2023-06-22 12:45:00,0.00851,0.00852,0.0085,0.00851,930902.0
2023-06-22 13:00:00,0.00848,0.00854,0.00844,0.00849,4987858.0
2023-06-22 13:15:00,0.00847,0.00853,0.00846,0.00849,1560246.0
2023-06-22 13:30:00,0.00849,0.0085,0.00846,0.00846,2638446.0
2023-06-22 13:45:00,0.00846,0.00852,0.00846,0.00848,1070438.0
2023-06-22 14:00:00,0.00848,0.00852,0.00847,0.00852,2330004.0
2023-06-22 14:15:00,0.00851,0.00852,0.00845,0.00847,1950194.0
2023-06-22 14:30:00,0.00847,0.00847,0.00826,0.00831,6495612.0
2023-06-22 14:45:00,0.00834,0.00837,0.0083,0.00831,2785510.0
2023-06-22 15:00:00,0.00832,0.00839,0.00832,0.00835,1849371.0
2023-06-22 15:15:00,0.00836,0.00839,0.00834,0.00834,1539282.0
2023-06-22 15:30:00,0.00835,0.00842,0.00834,0.00841,1117553.0
2023-06-22 15:45:00,0.00841,0.00843,0.00839,0.00839,847394.0
2023-06-22 16:00:00,0.00838,0.00844,0.00838,0.00844,1625970.0
2023-06-22 16:15:00,0.00844,0.00844,0.0084,0.00844,1126669.0
2023-06-22 16:30:00,0.00845,0.00848,0.00842,0.00842,984954.0
2023-06-22 16:45:00,0.00842,0.00842,0.00834,0.00842,1617746.0
2023-06-22 17:00:00,0.00843,0.00848,0.00843,0.00848,765336.0
2023-06-22 17:15:00,0.00848,0.00852,0.00846,0.00851,3578026.0
2023-06-22 17:30:00,0.0085,0.00862,0.0085,0.00858,3381745.0
2023-06-22 17:45:00,0.00857,0.00861,0.00853,0.00854,1376400.0
2023-06-22 18:00:00,0.00856,0.00856,0.00849,0.00852,882166.0
2023-06-22 18:15:00,0.00852,0.00852,0.00848,0.00848,1848562.0
2023-06-22 18:30:00,0.00849,0.00853,0.00846,0.00846,1654524.0
2023-06-22 18:45:00,0.00847,0.00849,0.00845,0.00849,1918455.0
2023-06-22 19:00:00,0.00849,0.00853,0.00848,0.00849,733228.0
2023-06-22 19:15:00,0.00849,0.00852,0.00848,0.00851,1741519.0
2023-06-22 19:30:00,0.00851,0.00856,0.0085,0.00856,1597220.0
2023-06-22 19:45:00,0.00855,0.00858,0.00855,0.00857,791606.0
2023-06-22 20:00:00,0.00858,0.00859,0.00854,0.00857,628486.0
2023-06-22 20:15:00,0.00857,0.00857,0.00851,0.00851,1693065.0
2023-06-22 20:30:00,0.00852,0.00856,0.00851,0.00854,1525127.0
2023-06-22 20:45:00,0.00856,0.00856,0.00853,0.00853,369389.0
2023-06-22 21:00:00,0.00854,0.00856,0.00854,0.00856,102453.0
2023-06-22 21:15:00,0.00855,0.00855,0.0085,0.0085,627292.0
2023-06-22 21:30:00,0.0085,0.00852,0.00848,0.00849,606270.0
2023-06-22 21:45:00,0.0085,0.00853,0.0085,0.00852,76194.0
2023-06-22 22:00:00,0.00852,0.00856,0.00851,0.00851,1496879.0
2023-06-22 22:15:00,0.00851,0.00852,0.00845,0.00845,2910600.0
2023-06-22 22:30:00,0.00845,0.00847,0.00841,0.00843,3818007.0
2023-06-22 22:45:00,0.00842,0.00844,0.00836,0.00836,2826428.0
2023-06-22 23:00:00,0.00836,0.00838,0.00835,0.00837,1197613.0
2023-06-22 23:15:00,0.00837,0.00841,0.00837,0.0084,1110283.0
2023-06-22 23:30:00,0.00841,0.00841,0.00837,0.00837,496823.0
2023-06-22 23:45:00,0.00837,0.00839,0.00835,0.00836,1096807.0
2023-06-23 00:00:00,0.00836,0.00842,0.00835,0.00841,1666278.0
2023-06-23 00:15:00,0.00841,0.00843,0.0084,0.00841,1704971.0
2023-06-23 00:30:00,0.00841,0.00842,0.00839,0.0084,1195093.0
2023-06-23 00:45:00,0.0084,0.00842,0.00837,0.00841,877806.0
2023-06-23 01:00:00,0.00841,0.00843,0.00839,0.00842,780858.0
2023-06-23 01:15:00,0.00843,0.00844,0.00841,0.00843,914316.0
2023-06-23 01:30:00,0.00844,0.00844,0.00841,0.00841,651302.0
2023-06-23 01:45:00,0.00842,0.00842,0.00837,0.00838,759871.0
2023-06-23 02:00:00,0.00837,0.00837,0.00831,0.00835,3568239.0
2023-06-23 02:15:00,0.00836,0.00841,0.00835,0.0084,1107332.0
2023-06-23 02:30:00,0.0084,0.00842,0.00838,0.00841,1959572.0
2023-06-23 02:45:00,0.00841,0.00844,0.0084,0.00842,1164278.0
2023-06-23 03:00:00,0.00844,0.00844,0.00841,0.00843,686605.0
2023-06-23 03:15:00,0.00843,0.00845,0.00842,0.00844,810937.0
2023-06-23 03:30:00,0.00843,0.00845,0.00842,0.00844,431272.0
2023-06-23 03:45:00,0.00844,0.00845,0.00843,0.00845,324282.0
2023-06-23 04:00:00,0.00844,0.00847,0.00843,0.00845,293340.0
2023-06-23 04:15:00,0.00844,0.00846,0.00843,0.00845,628210.0
2023-06-23 04:30:00,0.00845,0.00847,0.00845,0.00846,381116.0
2023-06-23 04:45:00,0.00847,0.00853,0.00846,0.00849,4396513.0
2023-06-23 05:00:00,0.00849,0.00851,0.00846,0.0085,1548756.0
2023-06-23 05:15:00,0.00849,0.00855,0.00849,0.00854,686327.0
2023-06-23 05:30:00,0.00854,0.00856,0.00853,0.00856,672535.0
2023-06-23 05:45:00,0.00855,0.00857,0.00854,0.00856,576701.0
2023-06-23 06:00:00,0.00856,0.00857,0.00855,0.00856,518411.0
2023-06-23 06:15:00,0.00856,0.00859,0.00856,0.00857,530746.0
2023-06-23 06:30:00,0.00857,0.0086,0.00855,0.00855,609181.0
2023-06-23 06:45:00,0.00855,0.00856,0.00852,0.00854,511988.0
2023-06-23 07:00:00,0.00854,0.00854,0.00848,0.00852,1544526.0
2023-06-23 07:15:00,0.00852,0.00855,0.00849,0.00854,1004158.0
2023-06-23 07:30:00,0.00855,0.00859,0.00853,0.00853,1465772.0
2023-06-23 07:45:00,0.00855,0.00856,0.00853,0.00854,2076838.0
2023-06-23 08:00:00,0.00854,0.00857,0.00853,0.00856,378690.0
2023-06-23 08:15:00,0.00856,0.0086,0.00856,0.00857,2924764.0
2023-06-23 08:30:00,0.00857,0.00857,0.00852,0.00853,848741.0
2023-06-23 08:45:00,0.00853,0.00854,0.00851,0.00851,392673.0
2023-06-23 09:00:00,0.00851,0.00853,0.00849,0.00849,1193837.0
2023-06-23 09:15:00,0.0085,0.0085,0.00844,0.00845,1414074.0
2023-06-23 09:30:00,0.00845,0.00846,0.00844,0.00845,894431.0
2023-06-23 09:45:00,0.00844,0.00847,0.00841,0.00847,2318078.0
2023-06-23 10:00:00,0.00846,0.00848,0.00843,0.00845,1749315.0
2023-06-23 10:15:00,0.00846,0.00846,0.00839,0.0084,731315.0
2023-06-23 10:30:00,0.00841,0.00845,0.0084,0.00844,1187222.0
2023-06-23 10:45:00,0.00843,0.00847,0.00843,0.00847,1299691.0
2023-06-23 11:00:00,0.00847,0.0086,0.00845,0.00859,11155756.0
2023-06-23 11:15:00,0.0086,0.00861,0.00854,0.00857,3849892.0
2023-06-23 11:30:00,0.00858,0.00865,0.00858,0.00864,8444678.0
2023-06-23 11:45:00,0.00863,0.00868,0.00859,0.00862,5003810.0
2023-06-23 12:00:00,0.00861,0.00861,0.00852,0.0086,3675006.0
2023-06-23 12:15:00,0.00859,0.00862,0.00853,0.0086,9267749.0
2023-06-23 12:30:00,0.00861,0.00865,0.00854,0.00856,9098080.0
2023-06-23 12:45:00,0.00856,0.0086,0.00855,0.00856,3886264.0
2023-06-23 13:00:00,0.00856,0.0087,0.00856,0.00869,4128127.0
2023-06-23 13:15:00,0.00869,0.00876,0.00857,0.0086,10383110.0
2023-06-23 13:30:00,0.0086,0.0086,0.00851,0.00856,4033677.0
2023-06-23 13:45:00,0.00855,0.00855,0.00846,0.00848,6220271.0
2023-06-23 14:00:00,0.00849,0.00854,0.00845,0.00852,3695009.0
2023-06-23 14:15:00,0.00852,0.00861,0.00852,0.00858,2487056.0
2023-06-23 14:30:00,0.00859,0.00871,0.00857,0.00867,2934132.0
2023-06-23 14:45:00,0.00867,0.00869,0.00862,0.00863,2730330.0
2023-06-23 15:00:00,0.00865,0.0087,0.00865,0.00865,1759664.0
2023-06-23 15:15:00,0.00865,0.00871,0.00862,0.00864,2127030.0
2023-06-23 15:30:00,0.00865,0.00876,0.00865,0.00873,2327761.0
2023-06-23 15:45:00,0.00873,0.00884,0.00869,0.0088,4151614.0
2023-06-23 16:00:00,0.00882,0.0089,0.00876,0.00888,6298058.0
2023-06-23 16:15:00,0.00887,0.00887,0.00875,0.00878,11647239.0
2023-06-23 16:30:00,0.00878,0.00886,0.00876,0.00882,4517540.0
2023-06-23 16:45:00,0.00882,0.0089,0.00881,0.00884,3528320.0
2023-06-23 17:00:00,0.00885,0.00895,0.00883,0.00893,3178623.0
2023-06-23 17:15:00,0.00893,0.00893,0.00886,0.00888,1408177.0
2023-06-23 17:30:00,0.00888,0.0089,0.00884,0.0089,1233987.0
2023-06-23 17:45:00,0.0089,0.0089,0.00886,0.00889,1705888.0
2023-06-23 18:00:00,0.0089,0.00893,0.00886,0.00886,3835622.0
2023-06-23 18:15:00,0.00886,0.00886,0.00882,0.00883,2838372.0
2023-06-23 18:30:00,0.00883,0.00883,0.00874,0.0088,2094466.0
2023-06-23 18:45:00,0.0088,0.00882,0.00879,0.0088,917615.0
2023-06-23 19:00:00,0.0088,0.00882,0.00879,0.00882,694874.0
2023-06-23 19:15:00,0.00883,0.00884,0.00881,0.00881,1056118.0
2023-06-23 19:30:00,0.00881,0.00881,0.00873,0.00878,1878360.0
2023-06-23 19:45:00,0.00879,0.0088,0.00878,0.0088,1553527.0
2023-06-23 20:00:00,0.0088,0.00885,0.0088,0.00883,1196158.0
2023-06-23 20:15:00,0.00883,0.00885,0.00881,0.00883,2694519.0
2023-06-23 20:30:00,0.00883,0.00884,0.00881,0.00884,1772574.0
2023-06-23 20:45:00,0.00883,0.00886,0.00883,0.00885,1311915.0
2023-06-23 21:00:00,0.00884,0.0089,0.00884,0.0089,1944614.0
2023-06-23 21:15:00,0.00889,0.0089,0.00883,0.00887,736551.0
2023-06-23 21:30:00,0.00887,0.00887,0.00878,0.00879,3195862.0
2023-06-23 21:45:00,0.00879,0.00879,0.00869,0.00875,3321975.0
2023-06-23 22:00:00,0.00875,0.00876,0.0087,0.00873,1848624.0
2023-06-23 22:15:00,0.00873,0.00874,0.00869,0.00872,730519.0
2023-06-23 22:30:00,0.00872,0.00875,0.00872,0.00874,454155.0
2023-06-23 22:45:00,0.00875,0.00876,0.00874,0.00876,1458582.0
2023-06-23 23:00:00,0.00876,0.00877,0.00875,0.00876,283807.0
2023-06-23 23:15:00,0.00875,0.00877,0.00875,0.00875,1031966.0
2023-06-23 23:30:00,0.00874,0.00878,0.00874,0.00876,57196.0
2023-06-23 23:45:00,0.00875,0.00878,0.00872,0.00875,1176036.0
2023-06-24 00:00:00,0.00877,0.00877,0.00868,0.00871,6842515.0
2023-06-24 00:15:00,0.00871,0.00875,0.00871,0.00873,1291388.0
2023-06-24 00:30:00,0.00872,0.00874,0.00868,0.00871,4128190.0
2023-06-24 00:45:00,0.00871,0.00871,0.00865,0.00868,1640754.0
2023-06-24 01:00:00,0.00868,0.00873,0.00867,0.00873,1703347.0
2023-06-24 01:15:00,0.0087,0.00872,0.00868,0.00869,2012810.0
2023-06-24 01:30:00,0.00868,0.0087,0.00866,0.00869,1714116.0
2023-06-24 01:45:00,0.00869,0.00869,0.00864,0.00869,5742280.0
2023-06-24 02:00:00,0.0087,0.00873,0.0087,0.00873,2102335.0
2023-06-24 02:15:00,0.00875,0.00876,0.00874,0.00875,436501.0
2023-06-24 02:30:00,0.00876,0.00877,0.00875,0.00877,554476.0
2023-06-24 02:45:00,0.00877,0.00879,0.00875,0.00878,495889.0
2023-06-24 03:00:00,0.00879,0.00879,0.00876,0.00876,528018.0
2023-06-24 03:15:00,0.00876,0.00879,0.00876,0.00878,532281.0
2023-06-24 03:30:00,0.00878,0.00878,0.00877,0.00877,474343.0
2023-06-24 03:45:00,0.00877,0.00883,0.00876,0.00881,1875385.0
2023-06-24 04:00:00,0.00881,0.00881,0.00875,0.00879,511025.0
2023-06-24 04:15:00,0.00879,0.00882,0.00879,0.00882,858795.0
2023-06-24 04:30:00,0.00882,0.00883,0.0088,0.0088,345210.0
2023-06-24 04:45:00,0.0088,0.00881,0.00879,0.00879,478996.0
2023-06-24 05:00:00,0.00879,0.00881,0.00877,0.00881,1350087.0
2023-06-24 05:15:00,0.00881,0.00883,0.0088,0.0088,605771.0
2023-06-24 05:30:00,0.00882,0.00882,0.00878,0.00878,553825.0
2023-06-24 05:45:00,0.00879,0.00881,0.00878,0.00881,405705.0
2023-06-24 06:00:00,0.00881,0.00881,0.00875,0.00875,957360.0
2023-06-24 06:15:00,0.00875,0.00876,0.00869,0.00873,2064738.0
2023-06-24 06:30:00,0.00873,0.00873,0.00871,0.00872,640000.0
2023-06-24 06:45:00,0.00873,0.00873,0.00871,0.00873,618664.0
2023-06-24 07:00:00,0.00872,0.00873,0.00865,0.00867,1866285.0
2023-06-24 07:15:00,0.00866,0.00869,0.00866,0.00868,493412.0
2023-06-24 07:30:00,0.00868,0.00869,0.00861,0.00862,878565.0
2023-06-24 07:45:00,0.0086,0.00864,0.00859,0.00861,1476984.0
2023-06-24 08:00:00,0.00861,0.00867,0.00861,0.00867,832766.0
2023-06-24 08:15:00,0.00866,0.00866,0.00865,0.00866,898075.0
2023-06-24 08:30:00,0.00865,0.00865,0.00861,0.00862,485731.0
2023-06-24 08:45:00,0.00862,0.00864,0.00861,0.00864,671345.0
2023-06-24 09:00:00,0.00863,0.00865,0.00862,0.00864,820137.0
2023-06-24 09:15:00,0.00865,0.00866,0.00863,0.00863,671495.0
2023-06-24 09:30:00,0.00863,0.00863,0.00861,0.00863,359658.0
2023-06-24 09:45:00,0.00863,0.00864,0.00862,0.00864,241498.0
2023-06-24 10:00:00,0.00864,0.00867,0.00864,0.00866,496881.0
2023-06-24 10:15:00,0.00866,0.00866,0.00864,0.00865,465483.0
2023-06-24 10:30:00,0.00864,0.00866,0.00864,0.00865,635662.0
2023-06-24 10:45:00,0.00865,0.00866,0.00865,0.00866,512661.0
2023-06-24 11:00:00,0.00866,0.0087,0.00865,0.0087,2710688.0
2023-06-24 11:15:00,0.00869,0.0087,0.00865,0.00869,982432.0
2023-06-24 11:30:00,0.00868,0.00872,0.00868,0.00871,1271935.0
2023-06-24 11:45:00,0.0087,0.00872,0.0087,0.00871,272875.0
2023-06-24 12:00:00,0.00869,0.00875,0.00869,0.00873,1665164.0
2023-06-24 12:15:00,0.00873,0.00883,0.00873,0.00878,2902567.0
2023-06-24 12:30:00,0.00879,0.00882,0.00878,0.0088,1415252.0
2023-06-24 12:45:00,0.0088,0.00882,0.00878,0.0088,1630205.0
2023-06-24 13:00:00,0.00879,0.00881,0.00875,0.00877,1500482.0
2023-06-24 13:15:00,0.00878,0.00879,0.00873,0.00876,918148.0
2023-06-24 13:30:00,0.00874,0.0088,0.00874,0.00875,797451.0
2023-06-24 13:45:00,0.00876,0.00878,0.00871,0.00876,2908650.0
2023-06-24 14:00:00,0.00875,0.00879,0.00872,0.00879,1509750.0
2023-06-24 14:15:00,0.00878,0.00882,0.00877,0.00882,1982475.0
2023-06-24 14:30:00,0.00883,0.00899,0.00883,0.00894,7184227.0
2023-06-24 14:45:00,0.00894,0.00899,0.00891,0.00898,2236189.0
2023-06-24 15:00:00,0.00898,0.009,0.00895,0.00896,2785064.0
2023-06-24 15:15:00,0.00898,0.00898,0.00888,0.0089,3277830.0
2023-06-24 15:30:00,0.00889,0.00892,0.00874,0.0088,8932539.0
2023-06-24 15:45:00,0.00879,0.00882,0.00867,0.00867,9915441.0
2023-06-24 16:00:00,0.00866,0.00871,0.00857,0.00871,7150186.0
2023-06-24 16:15:00,0.00872,0.00882,0.00872,0.00875,5229570.0
2023-06-24 16:30:00,0.00876,0.00877,0.00864,0.00864,10207351.0
2023-06-24 16:45:00,0.00864,0.00868,0.00863,0.00866,2521395.0
2023-06-24 17:00:00,0.00866,0.00879,0.00866,0.00872,2651007.0
2023-06-24 17:15:00,0.00872,0.00876,0.00871,0.00873,1695145.0
2023-06-24 17:30:00,0.00873,0.00873,0.00864,0.00865,1439196.0
2023-06-24 17:45:00,0.00865,0.00868,0.00862,0.00863,2724039.0
2023-06-24 18:00:00,0.00864,0.00866,0.00861,0.00863,2810471.0
2023-06-24 18:15:00,0.00863,0.00863,0.0086,0.00861,889142.0
2023-06-24 18:30:00,0.00861,0.00861,0.00857,0.00859,1758017.0
2023-06-24 18:45:00,0.00858,0.0086,0.00857,0.00859,665883.0
2023-06-24 19:00:00,0.00859,0.00861,0.00859,0.00861,607210.0
2023-06-24 19:15:00,0.00862,0.00863,0.00858,0.00859,1997992.0
2023-06-24 19:30:00,0.00858,0.00859,0.00854,0.00856,1230193.0
2023-06-24 19:45:00,0.00855,0.00855,0.00853,0.00855,740544.0
2023-06-24 20:00:00,0.00853,0.00855,0.00849,0.00852,1022113.0
2023-06-24 20:15:00,0.0085,0.00852,0.00849,0.00849,774491.0
2023-06-24 20:30:00,0.00848,0.00851,0.00847,0.00848,895091.0
2023-06-24 20:45:00,0.00848,0.00852,0.00845,0.0085,1773451.0
2023-06-24 21:00:00,0.0085,0.0085,0.00844,0.00844,919058.0
2023-06-24 21:15:00,0.00844,0.0085,0.00844,0.00849,1123769.0
2023-06-24 21:30:00,0.0085,0.00852,0.00849,0.0085,610389.0
2023-06-24 21:45:00,0.00849,0.0085,0.00848,0.00848,200796.0
2023-06-24 22:00:00,0.00849,0.00853,0.00849,0.00852,1157743.0
2023-06-24 22:15:00,0.00852,0.00855,0.00851,0.00854,1388169.0
2023-06-24 22:30:00,0.00853,0.00854,0.00852,0.00853,653758.0
2023-06-24 22:45:00,0.00851,0.00854,0.00851,0.00853,900718.0
2023-06-24 23:00:00,0.00854,0.00859,0.00854,0.00857,1196762.0
2023-06-24 23:15:00,0.00858,0.00859,0.00856,0.00859,357174.0
2023-06-24 23:30:00,0.00859,0.00859,0.00857,0.00857,367739.0
2023-06-24 23:45:00,0.00857,0.0086,0.00856,0.00859,883685.0
2023-06-25 00:00:00,0.00859,0.00861,0.00859,0.00859,1028727.0
2023-06-25 00:15:00,0.00861,0.00861,0.00855,0.00856,1641863.0
2023-06-25 00:30:00,0.00857,0.00858,0.00851,0.00852,2663620.0
2023-06-25 00:45:00,0.00853,0.00856,0.00853,0.00856,1946072.0
2023-06-25 01:00:00,0.00855,0.0086,0.00855,0.0086,4320891.0
2023-06-25 01:15:00,0.00861,0.00864,0.00861,0.00864,2073455.0
2023-06-25 01:30:00,0.00863,0.00864,0.00862,0.00864,396378.0
2023-06-25 01:45:00,0.00865,0.00866,0.00863,0.00865,1568991.0
2023-06-25 02:00:00,0.00865,0.00866,0.00864,0.00866,522084.0
2023-06-25 02:15:00,0.00867,0.00873,0.00867,0.00872,1179315.0
2023-06-25 02:30:00,0.00872,0.00882,0.00872,0.00882,3383600.0
2023-06-25 02:45:00,0.00882,0.0089,0.00882,0.00887,2670307.0
2023-06-25 03:00:00,0.00887,0.00899,0.00887,0.00895,3250912.0
2023-06-25 03:15:00,0.00896,0.00899,0.00891,0.00893,3857156.0
2023-06-25 03:30:00,0.00893,0.00908,0.00893,0.00903,6251772.0
2023-06-25 03:45:00,0.00903,0.00906,0.00901,0.00904,1942512.0
2023-06-25 04:00:00,0.00905,0.00905,0.00901,0.00902,1018676.0
2023-06-25 04:15:00,0.00903,0.00904,0.009,0.00902,1134814.0
2023-06-25 04:30:00,0.00901,0.00903,0.00897,0.00898,1787380.0
2023-06-25 04:45:00,0.00899,0.009,0.00899,0.00899,828693.0
2023-06-25 05:00:00,0.009,0.00902,0.00895,0.00897,2321058.0
2023-06-25 05:15:00,0.00897,0.00897,0.00892,0.00896,1253942.0
2023-06-25 05:30:00,0.00898,0.00906,0.00898,0.00904,1624967.0
2023-06-25 05:45:00,0.00904,0.00905,0.00898,0.009,2313979.0
2023-06-25 06:00:00,0.00899,0.009,0.00897,0.00899,764754.0
2023-06-25 06:15:00,0.00901,0.00914,0.009,0.00911,4139372.0
2023-06-25 06:30:00,0.00914,0.00916,0.00908,0.00909,1520925.0
2023-06-25 06:45:00,0.00911,0.00913,0.00908,0.0091,1261258.0
2023-06-25 07:00:00,0.00909,0.0091,0.00904,0.00906,1794654.0
2023-06-25 07:15:00,0.00905,0.00906,0.00899,0.00903,4384848.0
2023-06-25 07:30:00,0.00901,0.00916,0.00898,0.00914,4437006.0
2023-06-25 07:45:00,0.00914,0.00917,0.00907,0.00916,3200847.0
2023-06-25 08:00:00,0.00916,0.00919,0.00913,0.00915,4914281.0
2023-06-25 08:15:00,0.00915,0.00919,0.00912,0.00916,3514331.0
2023-06-25 08:30:00,0.00917,0.00926,0.00917,0.00919,4009607.0
2023-06-25 08:45:00,0.00918,0.00924,0.00917,0.00918,1656935.0
2023-06-25 09:00:00,0.00918,0.0092,0.00912,0.00912,1275617.0
2023-06-25 09:15:00,0.00913,0.00919,0.00909,0.00909,4638282.0
2023-06-25 09:30:00,0.00909,0.00915,0.00907,0.00914,2214997.0
2023-06-25 09:45:00,0.00914,0.00922,0.00913,0.00917,1105786.0
2023-06-25 10:00:00,0.00917,0.00923,0.00917,0.0092,1523592.0
2023-06-25 10:15:00,0.0092,0.00923,0.00917,0.00921,1909528.0
2023-06-25 10:30:00,0.0092,0.00928,0.00916,0.00927,5014008.0
2023-06-25 10:45:00,0.00927,0.00935,0.00924,0.00926,7900867.0
2023-06-25 11:00:00,0.00926,0.00926,0.0091,0.00912,7903561.0
2023-06-25 11:15:00,0.00912,0.00912,0.00907,0.00911,2412537.0
2023-06-25 11:30:00,0.0091,0.00912,0.00908,0.0091,1233699.0
2023-06-25 11:45:00,0.00909,0.0091,0.00905,0.0091,1468107.0
2023-06-25 12:00:00,0.00911,0.00911,0.009,0.00902,4824112.0
2023-06-25 12:15:00,0.00902,0.00903,0.00895,0.00897,5084391.0
2023-06-25 12:30:00,0.00897,0.00898,0.00893,0.00896,1415089.0
2023-06-25 12:45:00,0.00896,0.00901,0.00896,0.009,1424113.0
2023-06-25 13:00:00,0.00899,0.00901,0.00888,0.00892,3167133.0
2023-06-25 13:15:00,0.00892,0.00892,0.00877,0.00879,11375576.0
2023-06-25 13:30:00,0.00879,0.00883,0.00871,0.00878,4649884.0
2023-06-25 13:45:00,0.00878,0.00881,0.00876,0.00879,1897199.0
2023-06-25 14:00:00,0.00878,0.00881,0.00877,0.0088,1278257.0
2023-06-25 14:15:00,0.0088,0.00883,0.00879,0.00882,2226246.0
2023-06-25 14:30:00,0.00883,0.00885,0.00881,0.00882,2615075.0
2023-06-25 14:45:00,0.00881,0.00883,0.00878,0.00879,5448852.0
2023-06-25 15:00:00,0.00879,0.00883,0.00874,0.00883,3533417.0
2023-06-25 15:15:00,0.00883,0.00885,0.00882,0.00885,1324142.0
2023-06-25 15:30:00,0.00885,0.00887,0.00884,0.00886,1152544.0
2023-06-25 15:45:00,0.00886,0.00889,0.00885,0.00888,1593775.0
2023-06-25 16:00:00,0.00888,0.00893,0.00886,0.00887,2210731.0
2023-06-25 16:15:00,0.00887,0.00897,0.00887,0.00896,1970698.0
2023-06-25 16:30:00,0.00895,0.00897,0.00894,0.00897,1163891.0
2023-06-25 16:45:00,0.00897,0.00899,0.00896,0.00898,491386.0
2023-06-25 17:00:00,0.00899,0.00899,0.00894,0.00896,976169.0
2023-06-25 17:15:00,0.00895,0.00896,0.00889,0.00889,3431428.0
2023-06-25 17:30:00,0.00889,0.0089,0.00883,0.00885,2291773.0
2023-06-25 17:45:00,0.00884,0.00891,0.00884,0.00891,1911778.0
2023-06-25 18:00:00,0.0089,0.0089,0.00882,0.00882,3574651.0
2023-06-25 18:15:00,0.00884,0.00888,0.00882,0.00884,1246253.0
2023-06-25 18:30:00,0.00884,0.00885,0.00881,0.00885,1999830.0
2023-06-25 18:45:00,0.00886,0.0089,0.00886,0.0089,859301.0
2023-06-25 19:00:00,0.0089,0.0089,0.00886,0.00886,671679.0
2023-06-25 19:15:00,0.00887,0.00887,0.00883,0.00885,882814.0
2023-06-25 19:30:00,0.00885,0.00885,0.00878,0.00881,1387162.0
2023-06-25 19:45:00,0.00881,0.00884,0.00881,0.00884,483287.0
2023-06-25 20:00:00,0.00884,0.00887,0.00881,0.00887,3316559.0
2023-06-25 20:15:00,0.00887,0.00888,0.00887,0.00887,339213.0
2023-06-25 20:30:00,0.00886,0.00886,0.00884,0.00885,458467.0
2023-06-25 20:45:00,0.00885,0.00887,0.00877,0.0088,1754610.0
2023-06-25 21:00:00,0.0088,0.00882,0.00878,0.00881,630306.0
2023-06-25 21:15:00,0.00881,0.00885,0.00881,0.00884,556577.0
2023-06-25 21:30:00,0.00884,0.00885,0.0088,0.00884,2154556.0
2023-06-25 21:45:00,0.00884,0.00888,0.00884,0.00887,85803.0
2023-06-25 22:00:00,0.00887,0.00891,0.00887,0.0089,784649.0
2023-06-25 22:15:00,0.00891,0.00895,0.00891,0.00895,970847.0
2023-06-25 22:30:00,0.00894,0.00895,0.00893,0.00893,439844.0
2023-06-25 22:45:00,0.00893,0.00893,0.00892,0.00892,188245.0
2023-06-25 23:00:00,0.00891,0.00891,0.00889,0.0089,671031.0
2023-06-25 23:15:00,0.00888,0.00888,0.00885,0.00886,1220842.0
2023-06-25 23:30:00,0.00885,0.00887,0.00885,0.00887,189195.0
2023-06-25 23:45:00,0.00885,0.00887,0.00884,0.00884,937183.0
2023-06-26 00:00:00,0.00885,0.00888,0.00877,0.00879,3700561.0
2023-06-26 00:15:00,0.00879,0.00883,0.00877,0.00879,1343152.0
2023-06-26 00:30:00,0.00879,0.00881,0.00877,0.00877,1045053.0
2023-06-26 00:45:00,0.00877,0.00877,0.00868,0.00871,1382476.0
2023-06-26 01:00:00,0.0087,0.0087,0.00857,0.00861,7401160.0
2023-06-26 01:15:00,0.00862,0.00868,0.00861,0.00868,1449827.0
2023-06-26 01:30:00,0.00869,0.00871,0.00866,0.00867,1151842.0
2023-06-26 01:45:00,0.00866,0.00867,0.00863,0.00865,1485635.0
2023-06-26 02:00:00,0.00865,0.00868,0.00853,0.00862,7953059.0
2023-06-26 02:15:00,0.00862,0.00862,0.00851,0.00853,4783898.0
2023-06-26 02:30:00,0.00853,0.00857,0.00853,0.00855,818540.0
2023-06-26 02:45:00,0.00854,0.00856,0.00854,0.00856,712957.0
2023-06-26 03:00:00,0.00856,0.00856,0.00852,0.00852,500918.0
2023-06-26 03:15:00,0.00853,0.00864,0.00853,0.00857,4244322.0
2023-06-26 03:30:00,0.00856,0.00856,0.00854,0.00856,481174.0
2023-06-26 03:45:00,0.00857,0.00857,0.00854,0.00857,299412.0
2023-06-26 04:00:00,0.00858,0.00859,0.00855,0.00855,563365.0
2023-06-26 04:15:00,0.00856,0.00857,0.00852,0.00854,672503.0
2023-06-26 04:30:00,0.00853,0.00857,0.00853,0.00856,863095.0
2023-06-26 04:45:00,0.00857,0.00859,0.00857,0.00859,356279.0
2023-06-26 05:00:00,0.00858,0.00858,0.00852,0.00852,1329507.0
2023-06-26 05:15:00,0.00852,0.00852,0.00845,0.00848,3518464.0
2023-06-26 05:30:00,0.00848,0.00851,0.00845,0.0085,1553043.0
2023-06-26 05:45:00,0.0085,0.00851,0.00848,0.00848,605852.0
2023-06-26 06:00:00,0.00849,0.00849,0.00847,0.00849,554070.0
2023-06-26 06:15:00,0.00849,0.00853,0.00848,0.00852,2431742.0
2023-06-26 06:30:00,0.00853,0.00857,0.00852,0.00857,1803871.0
2023-06-26 06:45:00,0.00857,0.00865,0.00856,0.00865,2260249.0
2023-06-26 07:00:00,0.00866,0.00871,0.00865,0.0087,2381241.0
2023-06-26 07:15:00,0.00869,0.00869,0.00865,0.00866,1193072.0
2023-06-26 07:30:00,0.00865,0.00866,0.00861,0.00862,740707.0
2023-06-26 07:45:00,0.00863,0.00867,0.00863,0.00866,618624.0
2023-06-26 08:00:00,0.00866,0.00866,0.00862,0.00866,1064470.0
2023-06-26 08:15:00,0.00865,0.00866,0.00861,0.00864,416713.0
2023-06-26 08:30:00,0.00864,0.00867,0.00864,0.00865,568067.0
2023-06-26 08:45:00,0.00865,0.00873,0.00865,0.00871,1718964.0
2023-06-26 09:00:00,0.00872,0.00874,0.00867,0.0087,1049510.0
2023-06-26 09:15:00,0.00871,0.00874,0.0087,0.00871,876475.0
2023-06-26 09:30:00,0.0087,0.00879,0.00869,0.00877,1401816.0
2023-06-26 09:45:00,0.00878,0.00886,0.00877,0.00882,7365229.0
2023-06-26 10:00:00,0.00881,0.00886,0.00875,0.00882,5126338.0
2023-06-26 10:15:00,0.0088,0.00887,0.0088,0.00885,1203640.0
2023-06-26 10:30:00,0.00886,0.00889,0.00884,0.00888,494580.0
2023-06-26 10:45:00,0.00888,0.00888,0.00884,0.00886,639227.0
2023-06-26 11:00:00,0.00885,0.00886,0.00883,0.00884,484030.0
2023-06-26 11:15:00,0.00883,0.00885,0.00882,0.00885,305205.0
2023-06-26 11:30:00,0.00884,0.00884,0.00877,0.00879,1544418.0
2023-06-26 11:45:00,0.00878,0.00879,0.00876,0.00877,529822.0
2023-06-26 12:00:00,0.00876,0.00881,0.00876,0.00881,1046333.0
2023-06-26 12:15:00,0.00882,0.00882,0.00878,0.0088,560892.0
2023-06-26 12:30:00,0.00881,0.00881,0.00873,0.0088,1761430.0
2023-06-26 12:45:00,0.0088,0.00882,0.00878,0.00881,630548.0
2023-06-26 13:00:00,0.0088,0.00885,0.00878,0.00885,486854.0
2023-06-26 13:15:00,0.00883,0.00883,0.00881,0.00882,263081.0
2023-06-26 13:30:00,0.00882,0.00893,0.00881,0.00891,3033611.0
2023-06-26 13:45:00,0.00892,0.00897,0.00889,0.00895,1373037.0
2023-06-26 14:00:00,0.00897,0.00904,0.00895,0.00898,5743798.0
2023-06-26 14:15:00,0.00898,0.00899,0.00891,0.00894,1330863.0
2023-06-26 14:30:00,0.00893,0.00893,0.00885,0.00886,1604172.0
2023-06-26 14:45:00,0.00887,0.00887,0.0088,0.00883,3866807.0
2023-06-26 15:00:00,0.00882,0.00882,0.00878,0.00881,1897133.0
2023-06-26 15:15:00,0.00881,0.00882,0.00878,0.00882,114703.0
2023-06-26 15:30:00,0.00882,0.00886,0.00882,0.00885,694437.0
2023-06-26 15:45:00,0.00884,0.00888,0.00883,0.00886,561630.0
2023-06-26 16:00:00,0.00886,0.00888,0.00883,0.00883,894552.0
2023-06-26 16:15:00,0.00884,0.00887,0.00881,0.00881,1648528.0
2023-06-26 16:30:00,0.00881,0.00886,0.00876,0.00877,1128431.0
2023-06-26 16:45:00,0.00876,0.00876,0.0086,0.00868,2556760.0
2023-06-26 17:00:00,0.00869,0.00872,0.00863,0.00863,1176658.0
2023-06-26 17:15:00,0.00863,0.00868,0.0086,0.00868,1951537.0
2023-06-26 17:30:00,0.00867,0.00868,0.00863,0.00863,737598.0
2023-06-26 17:45:00,0.00864,0.00866,0.0086,0.00861,292269.0
2023-06-26 18:00:00,0.00861,0.00864,0.0086,0.00864,901418.0
2023-06-26 18:15:00,0.00863,0.00867,0.00862,0.00864,608773.0
2023-06-26 18:30:00,0.00864,0.00869,0.00864,0.00869,345655.0
2023-06-26 18:45:00,0.00868,0.00872,0.00868,0.00872,894093.0
2023-06-26 19:00:00,0.00871,0.00871,0.00866,0.00868,340435.0
2023-06-26 19:15:00,0.00868,0.00871,0.00865,0.00867,2051503.0
2023-06-26 19:30:00,0.00867,0.00872,0.00866,0.00869,241313.0
2023-06-26 19:45:00,0.00869,0.00877,0.00869,0.00875,2000121.0
2023-06-26 20:00:00,0.00874,0.00878,0.00874,0.00878,771590.0
2023-06-26 20:15:00,0.00877,0.00877,0.00869,0.0087,3627044.0
2023-06-26 20:30:00,0.00869,0.00869,0.00866,0.00866,832585.0
2023-06-26 20:45:00,0.00866,0.00868,0.00864,0.00864,890950.0
2023-06-26 21:00:00,0.00865,0.00867,0.00863,0.00864,1256335.0
2023-06-26 21:15:00,0.00863,0.00863,0.0086,0.00862,465539.0
2023-06-26 21:30:00,0.00862,0.00862,0.00858,0.0086,416854.0
2023-06-26 21:45:00,0.00858,0.00859,0.0085,0.00851,940468.0
2023-06-26 22:00:00,0.0085,0.00853,0.00847,0.00853,1931693.0
2023-06-26 22:15:00,0.00854,0.00858,0.00854,0.00857,571730.0
2023-06-26 22:30:00,0.00858,0.00861,0.00858,0.00861,370493.0
2023-06-26 22:45:00,0.00862,0.00863,0.00861,0.00862,257672.0
2023-06-26 23:00:00,0.00863,0.00863,0.00862,0.00862,200695.0
2023-06-26 23:15:00,0.00861,0.00864,0.0086,0.00864,398898.0
2023-06-26 23:30:00,0.00863,0.00864,0.00863,0.00863,445496.0
2023-06-26 23:45:00,0.00864,0.00866,0.00863,0.00865,1950624.0
2023-06-27 00:00:00,0.00864,0.00868,0.00863,0.00866,1050481.0
2023-06-27 00:15:00,0.00866,0.00872,0.00866,0.0087,1072199.0
2023-06-27 00:30:00,0.0087,0.00873,0.00868,0.00871,1018820.0
2023-06-27 00:45:00,0.00874,0.0088,0.00874,0.00878,305742.0
2023-06-27 01:00:00,0.00879,0.00879,0.00876,0.00876,257935.0
2023-06-27 01:15:00,0.00876,0.00881,0.00871,0.00881,1068291.0
2023-06-27 01:30:00,0.00883,0.00887,0.00882,0.00883,2379452.0
2023-06-27 01:45:00,0.00884,0.00887,0.00883,0.00887,1602379.0
2023-06-27 02:00:00,0.00888,0.0089,0.00887,0.00889,396749.0
2023-06-27 02:15:00,0.00889,0.0089,0.00886,0.00887,794298.0
2023-06-27 02:30:00,0.00889,0.00889,0.00888,0.00889,152728.0
2023-06-27 02:45:00,0.0089,0.00894,0.00889,0.00894,1023899.0
2023-06-27 03:00:00,0.00894,0.00899,0.00892,0.00896,860277.0
2023-06-27 03:15:00,0.00895,0.00896,0.00891,0.00896,868941.0
2023-06-27 03:30:00,0.00896,0.00899,0.00895,0.00898,1257370.0
2023-06-27 03:45:00,0.00898,0.00899,0.00896,0.00897,576828.0
2023-06-27 04:00:00,0.00897,0.00898,0.00895,0.00897,841069.0
2023-06-27 04:15:00,0.00897,0.009,0.00897,0.009,979474.0
2023-06-27 04:30:00,0.009,0.00902,0.009,0.00901,2141284.0
2023-06-27 04:45:00,0.00901,0.00903,0.00898,0.009,1102736.0
2023-06-27 05:00:00,0.00899,0.00899,0.00894,0.00894,634207.0
2023-06-27 05:15:00,0.00895,0.00895,0.00893,0.00893,183212.0
2023-06-27 05:30:00,0.00893,0.00905,0.00891,0.00896,15261792.0
2023-06-27 05:45:00,0.00896,0.00902,0.00895,0.00898,1646680.0
2023-06-27 06:00:00,0.00898,0.00899,0.0089,0.00893,2281575.0
2023-06-27 06:15:00,0.00893,0.00893,0.00888,0.0089,1776170.0
2023-06-27 06:30:00,0.00891,0.00893,0.00891,0.00891,406450.0
2023-06-27 06:45:00,0.00891,0.00891,0.00889,0.0089,563409.0
2023-06-27 07:00:00,0.00889,0.009,0.00889,0.009,933056.0
2023-06-27 07:15:00,0.00901,0.00915,0.00901,0.00909,14573008.0
2023-06-27 07:30:00,0.0091,0.00914,0.00905,0.00914,3339943.0
2023-06-27 07:45:00,0.00915,0.00938,0.00911,0.00937,20034970.0
2023-06-27 08:00:00,0.00936,0.00937,0.0091,0.0091,19785917.0
2023-06-27 08:15:00,0.0091,0.00912,0.00898,0.00898,7816494.0
2023-06-27 08:30:00,0.00898,0.00906,0.00897,0.009,4019295.0
2023-06-27 08:45:00,0.009,0.00902,0.0089,0.00891,5498219.0
2023-06-27 09:00:00,0.00891,0.00893,0.00889,0.0089,2777134.0
2023-06-27 09:15:00,0.0089,0.00892,0.00886,0.00889,3226628.0
2023-06-27 09:30:00,0.00889,0.00889,0.00884,0.00884,2387986.0
2023-06-27 09:45:00,0.00885,0.0089,0.00885,0.00887,2520144.0
2023-06-27 10:00:00,0.00887,0.00895,0.00887,0.00893,860626.0
2023-06-27 10:15:00,0.00893,0.00894,0.00889,0.00889,865256.0
2023-06-27 10:30:00,0.00889,0.0089,0.00883,0.00885,3423455.0
2023-06-27 10:45:00,0.00885,0.00885,0.00881,0.00884,1175704.0
2023-06-27 11:00:00,0.00884,0.00885,0.00881,0.00882,1508550.0
2023-06-27 11:15:00,0.00882,0.00882,0.00872,0.00873,6408199.0
2023-06-27 11:30:00,0.00873,0.00877,0.00872,0.00874,1980150.0
2023-06-27 11:45:00,0.00875,0.00879,0.00875,0.00877,937723.0
2023-06-27 12:00:00,0.00878,0.00879,0.00876,0.00878,668871.0
2023-06-27 12:15:00,0.00878,0.00879,0.00877,0.00878,202002.0
2023-06-27 12:30:00,0.00878,0.00881,0.00877,0.0088,1031761.0
2023-06-27 12:45:00,0.00881,0.00882,0.00875,0.00877,2269506.0
2023-06-27 13:00:00,0.00877,0.00877,0.00862,0.00864,9470239.0
2023-06-27 13:15:00,0.00864,0.00865,0.00857,0.00859,8877806.0
2023-06-27 13:30:00,0.00859,0.00863,0.00858,0.0086,2482720.0
2023-06-27 13:45:00,0.00861,0.00862,0.00857,0.0086,2569932.0
2023-06-27 14:00:00,0.00861,0.00868,0.00858,0.00863,5648318.0
2023-06-27 14:15:00,0.00863,0.00869,0.00859,0.00867,3632167.0
2023-06-27 14:30:00,0.00867,0.00869,0.00862,0.00864,3876850.0
2023-06-27 14:45:00,0.00864,0.00868,0.00862,0.00863,3045685.0
2023-06-27 15:00:00,0.00864,0.00864,0.00855,0.00858,3261979.0
2023-06-27 15:15:00,0.00858,0.00859,0.00855,0.00855,2051990.0
2023-06-27 15:30:00,0.00856,0.00857,0.00848,0.00848,5328668.0
2023-06-27 15:45:00,0.00848,0.00851,0.00846,0.00847,1323212.0
2023-06-27 16:00:00,0.00847,0.00852,0.00846,0.00849,1818504.0
2023-06-27 16:15:00,0.00849,0.00852,0.00846,0.00851,1862121.0
2023-06-27 16:30:00,0.00852,0.00853,0.00849,0.00852,1408054.0
2023-06-27 16:45:00,0.00852,0.00855,0.00851,0.00855,1059494.0
2023-06-27 17:00:00,0.00855,0.00855,0.00851,0.00851,1073025.0
2023-06-27 17:15:00,0.00851,0.00855,0.00851,0.00853,1512396.0
2023-06-27 17:30:00,0.00852,0.00857,0.00848,0.00856,3868249.0
2023-06-27 17:45:00,0.00857,0.00859,0.00856,0.00858,924215.0
2023-06-27 18:00:00,0.00858,0.00862,0.00858,0.0086,1056698.0
2023-06-27 18:15:00,0.00861,0.00865,0.0086,0.00865,901564.0
2023-06-27 18:30:00,0.00864,0.0087,0.00864,0.00869,1680010.0
2023-06-27 18:45:00,0.00869,0.00875,0.00869,0.00873,2327886.0
2023-06-27 19:00:00,0.00873,0.00881,0.00873,0.00881,2097485.0
2023-06-27 19:15:00,0.00881,0.00883,0.00876,0.00879,2250645.0
2023-06-27 19:30:00,0.0088,0.00882,0.00877,0.00879,1632387.0
2023-06-27 19:45:00,0.00877,0.00879,0.00873,0.00873,1289572.0
2023-06-27 20:00:00,0.00872,0.0088,0.00871,0.0088,938564.0
2023-06-27 20:15:00,0.0088,0.00885,0.00879,0.00879,1761727.0
2023-06-27 20:30:00,0.00878,0.00879,0.00875,0.00877,996145.0
2023-06-27 20:45:00,0.00878,0.0088,0.00877,0.00878,236444.0
2023-06-27 21:00:00,0.00878,0.00878,0.00874,0.00874,633177.0
2023-06-27 21:15:00,0.00875,0.00876,0.00874,0.00874,1320333.0
2023-06-27 21:30:00,0.00875,0.00877,0.00873,0.00874,512159.0
2023-06-27 21:45:00,0.00874,0.00876,0.00874,0.00876,290442.0
2023-06-27 22:00:00,0.00878,0.0088,0.00872,0.00872,1027758.0
2023-06-27 22:15:00,0.00872,0.00872,0.00871,0.00871,634728.0
2023-06-27 22:30:00,0.00871,0.00872,0.00868,0.00868,572430.0
2023-06-27 22:45:00,0.00867,0.00868,0.00865,0.00865,1227956.0
2023-06-27 23:00:00,0.00865,0.00869,0.00865,0.00865,864011.0
2023-06-27 23:15:00,0.00866,0.00866,0.00864,0.00865,336675.0
2023-06-27 23:30:00,0.00865,0.00865,0.00864,0.00865,265115.0
2023-06-27 23:45:00,0.00866,0.00869,0.00866,0.00868,777407.0
2023-06-28 00:00:00,0.00868,0.0087,0.00858,0.0086,2545505.0
2023-06-28 00:15:00,0.00858,0.00859,0.00848,0.0085,5042767.0
2023-06-28 00:30:00,0.00849,0.00849,0.0084,0.00843,2360020.0
2023-06-28 00:45:00,0.00843,0.00843,0.00832,0.00839,8173741.0
2023-06-28 01:00:00,0.00839,0.00842,0.00838,0.0084,986434.0
2023-06-28 01:15:00,0.0084,0.0084,0.0083,0.00833,4022293.0
2023-06-28 01:30:00,0.00833,0.00833,0.00827,0.00827,2565639.0
2023-06-28 01:45:00,0.00827,0.00834,0.00827,0.00832,2161231.0
2023-06-28 02:00:00,0.00832,0.00839,0.00831,0.00837,1660398.0
2023-06-28 02:15:00,0.00836,0.00837,0.00833,0.00835,1180378.0
2023-06-28 02:30:00,0.00834,0.00835,0.00831,0.00833,1175914.0
2023-06-28 02:45:00,0.00832,0.00833,0.00826,0.00829,2111572.0
2023-06-28 03:00:00,0.00829,0.00833,0.00829,0.00833,1173671.0
2023-06-28 03:15:00,0.00833,0.00835,0.00832,0.00835,731811.0
2023-06-28 03:30:00,0.00834,0.00835,0.00832,0.00833,199249.0
2023-06-28 03:45:00,0.00834,0.00835,0.00834,0.00835,964896.0
2023-06-28 04:00:00,0.00835,0.00835,0.00829,0.0083,1178108.0
2023-06-28 04:15:00,0.0083,0.00834,0.00829,0.00833,2980912.0
2023-06-28 04:30:00,0.00833,0.00836,0.00833,0.00835,1648349.0
2023-06-28 04:45:00,0.00835,0.00839,0.00835,0.00838,1192499.0
2023-06-28 05:00:00,0.00836,0.00836,0.00828,0.00828,1928293.0
2023-06-28 05:15:00,0.00827,0.00832,0.00825,0.00831,2268866.0
2023-06-28 05:30:00,0.00832,0.00832,0.0083,0.00831,1633367.0
2023-06-28 05:45:00,0.00831,0.00831,0.0083,0.00831,300859.0
2023-06-28 06:00:00,0.00831,0.00831,0.00822,0.00825,1110333.0
2023-06-28 06:15:00,0.00826,0.00827,0.00823,0.00823,1151856.0
2023-06-28 06:30:00,0.00823,0.00825,0.00823,0.00823,917366.0
2023-06-28 06:45:00,0.00823,0.00823,0.00819,0.0082,2390508.0
2023-06-28 07:00:00,0.0082,0.00823,0.00818,0.00822,923341.0
2023-06-28 07:15:00,0.00822,0.00822,0.00818,0.00818,2872927.0
2023-06-28 07:30:00,0.00819,0.00822,0.00806,0.00816,6677338.0
2023-06-28 07:45:00,0.00816,0.00819,0.00809,0.00812,12512645.0
2023-06-28 08:00:00,0.00811,0.00817,0.00809,0.00815,6886322.0
2023-06-28 08:15:00,0.00814,0.00819,0.00814,0.00817,1641653.0
2023-06-28 08:30:00,0.00816,0.00816,0.00811,0.00812,1477754.0
2023-06-28 08:45:00,0.00812,0.00814,0.0081,0.00812,887616.0
2023-06-28 09:00:00,0.00813,0.00815,0.00812,0.00815,1301942.0
2023-06-28 09:15:00,0.00815,0.00819,0.00814,0.00818,1201814.0
2023-06-28 09:30:00,0.00818,0.00819,0.00815,0.00817,1158214.0
2023-06-28 09:45:00,0.00816,0.00816,0.00811,0.00813,1367281.0
2023-06-28 10:00:00,0.00812,0.00813,0.00809,0.0081,918604.0
2023-06-28 10:15:00,0.0081,0.00812,0.0081,0.00811,884678.0
2023-06-28 10:30:00,0.00811,0.00811,0.00808,0.0081,980050.0
2023-06-28 10:45:00,0.00808,0.00812,0.00808,0.00812,688443.0
2023-06-28 11:00:00,0.00811,0.00814,0.0081,0.00813,662107.0
2023-06-28 11:15:00,0.00813,0.00813,0.0081,0.00811,291412.0
2023-06-28 11:30:00,0.0081,0.00811,0.00808,0.00811,823002.0
2023-06-28 11:45:00,0.0081,0.00811,0.00808,0.00808,491810.0
2023-06-28 12:00:00,0.00808,0.00809,0.00803,0.00806,1838662.0
2023-06-28 12:15:00,0.00806,0.00809,0.00803,0.00808,1671943.0
2023-06-28 12:30:00,0.00808,0.00809,0.00805,0.00806,1915569.0
2023-06-28 12:45:00,0.00805,0.00808,0.00802,0.00804,1384637.0
2023-06-28 13:00:00,0.00804,0.00806,0.00797,0.00806,2445408.0
2023-06-28 13:15:00,0.00806,0.00807,0.00804,0.00806,1514397.0
2023-06-28 13:30:00,0.00807,0.00808,0.00803,0.00803,2007936.0
2023-06-28 13:45:00,0.00803,0.00806,0.008,0.00806,1620369.0
2023-06-28 14:00:00,0.00805,0.00805,0.008,0.00802,2336497.0
2023-06-28 14:15:00,0.00802,0.00806,0.00802,0.00806,1012929.0
2023-06-28 14:30:00,0.00804,0.00813,0.00804,0.00813,854028.0
2023-06-28 14:45:00,0.00812,0.00812,0.00806,0.00806,476715.0
2023-06-28 15:00:00,0.00805,0.00805,0.00797,0.00802,10312628.0
2023-06-28 15:15:00,0.00802,0.00805,0.00802,0.00802,782752.0
2023-06-28 15:30:00,0.00802,0.00806,0.00801,0.00804,3565762.0
2023-06-28 15:45:00,0.00803,0.00806,0.00803,0.00806,1185556.0
2023-06-28 16:00:00,0.00805,0.00806,0.00803,0.00803,641943.0
2023-06-28 16:15:00,0.00803,0.00803,0.00797,0.00798,1747801.0
2023-06-28 16:30:00,0.00799,0.00799,0.00794,0.00794,764006.0
2023-06-28 16:45:00,0.00794,0.00796,0.00788,0.00789,2482623.0
2023-06-28 17:00:00,0.0079,0.00791,0.00776,0.00781,10576013.0
2023-06-28 17:15:00,0.00782,0.00785,0.00781,0.00783,2912283.0
2023-06-28 17:30:00,0.00782,0.00782,0.00775,0.00778,2920421.0
2023-06-28 17:45:00,0.00778,0.00778,0.00776,0.00777,1131392.0
2023-06-28 18:00:00,0.00777,0.00781,0.00777,0.0078,2158231.0
2023-06-28 18:15:00,0.00781,0.00782,0.00779,0.00782,1477465.0
2023-06-28 18:30:00,0.00781,0.00782,0.00779,0.00781,915829.0
2023-06-28 18:45:00,0.00781,0.00782,0.00777,0.00777,1595412.0
2023-06-28 19:00:00,0.00778,0.00781,0.00776,0.0078,1872585.0
2023-06-28 19:15:00,0.00779,0.00781,0.00765,0.00768,3970098.0
2023-06-28 19:30:00,0.00767,0.00768,0.00727,0.00753,13379487.0
2023-06-28 19:45:00,0.00753,0.00762,0.00753,0.00759,3784468.0
2023-06-28 20:00:00,0.0076,0.00761,0.00754,0.00754,2806549.0
2023-06-28 20:15:00,0.00756,0.00762,0.00756,0.00758,2878809.0
2023-06-28 20:30:00,0.00757,0.00762,0.00757,0.00761,2795164.0
2023-06-28 20:45:00,0.00762,0.00762,0.00758,0.00761,1369086.0
2023-06-28 21:00:00,0.00761,0.00763,0.00757,0.00758,1269384.0
2023-06-28 21:15:00,0.00759,0.0076,0.00757,0.00759,962644.0
2023-06-28 21:30:00,0.0076,0.00763,0.00758,0.00762,2983397.0
2023-06-28 21:45:00,0.00762,0.00763,0.0076,0.00762,2024558.0
2023-06-28 22:00:00,0.00762,0.00771,0.00762,0.00768,6604129.0
2023-06-28 22:15:00,0.00769,0.00771,0.00767,0.00768,2532852.0
2023-06-28 22:30:00,0.00768,0.00768,0.00766,0.00766,1953303.0
2023-06-28 22:45:00,0.00767,0.00772,0.00767,0.00771,813086.0
2023-06-28 23:00:00,0.00771,0.00775,0.00769,0.00774,1595718.0
2023-06-28 23:15:00,0.00775,0.00775,0.00772,0.00772,956318.0
2023-06-28 23:30:00,0.00771,0.00771,0.00768,0.00768,655998.0
2023-06-28 23:45:00,0.00769,0.00771,0.00768,0.00768,676201.0
2023-06-29 00:00:00,0.00769,0.00775,0.00769,0.00773,1038672.0
2023-06-29 00:15:00,0.00774,0.00776,0.00771,0.00773,2026709.0
2023-06-29 00:30:00,0.00775,0.00775,0.00769,0.00771,822935.0
2023-06-29 00:45:00,0.00771,0.00771,0.00765,0.00767,692208.0
2023-06-29 01:00:00,0.00768,0.00773,0.00765,0.00772,736345.0
2023-06-29 01:15:00,0.00773,0.00776,0.00772,0.00773,2232747.0
2023-06-29 01:30:00,0.00773,0.00773,0.0077,0.0077,770355.0
2023-06-29 01:45:00,0.00769,0.00769,0.00766,0.00766,446379.0
2023-06-29 02:00:00,0.00765,0.00768,0.00765,0.00766,170143.0
2023-06-29 02:15:00,0.00767,0.00768,0.00766,0.00766,154469.0
2023-06-29 02:30:00,0.00766,0.00767,0.00763,0.00764,1003646.0
2023-06-29 02:45:00,0.00765,0.00766,0.00764,0.00765,240809.0
2023-06-29 03:00:00,0.00766,0.00766,0.00761,0.00766,653324.0
2023-06-29 03:15:00,0.00767,0.00768,0.00766,0.00768,382509.0
2023-06-29 03:30:00,0.00768,0.00769,0.00765,0.00765,328259.0
2023-06-29 03:45:00,0.00766,0.00767,0.00764,0.00765,1209682.0
2023-06-29 04:00:00,0.00765,0.00766,0.00764,0.00765,781605.0
2023-06-29 04:15:00,0.00765,0.00765,0.0076,0.00761,1265887.0
2023-06-29 04:30:00,0.00761,0.00763,0.00761,0.00762,417785.0
2023-06-29 04:45:00,0.00762,0.00763,0.0076,0.00763,365079.0
2023-06-29 05:00:00,0.00763,0.00763,0.00762,0.00762,399865.0
2023-06-29 05:15:00,0.00762,0.00762,0.0076,0.0076,910146.0
2023-06-29 05:30:00,0.00759,0.00759,0.00755,0.00756,1619786.0
2023-06-29 05:45:00,0.00755,0.00757,0.00754,0.00755,1841990.0
2023-06-29 06:00:00,0.00755,0.00756,0.00754,0.00755,824093.0
2023-06-29 06:15:00,0.00755,0.00756,0.00751,0.00753,2445070.0
2023-06-29 06:30:00,0.00751,0.00756,0.00751,0.00755,1290443.0
2023-06-29 06:45:00,0.00756,0.00756,0.00755,0.00755,277564.0
2023-06-29 07:00:00,0.00754,0.0076,0.00751,0.0076,2517639.0
2023-06-29 07:15:00,0.00761,0.00762,0.00757,0.00762,2412339.0
2023-06-29 07:30:00,0.00762,0.00762,0.00759,0.0076,480111.0
2023-06-29 07:45:00,0.0076,0.00763,0.00759,0.00761,1136906.0
2023-06-29 08:00:00,0.00762,0.00762,0.00757,0.00757,3035758.0
2023-06-29 08:15:00,0.00757,0.00758,0.00752,0.00754,1684916.0
2023-06-29 08:30:00,0.00754,0.00754,0.00748,0.00752,2283735.0
2023-06-29 08:45:00,0.00752,0.00753,0.00749,0.00753,2483614.0
2023-06-29 09:00:00,0.00752,0.00753,0.00749,0.0075,2830503.0
2023-06-29 09:15:00,0.0075,0.00757,0.00749,0.00757,1152239.0
2023-06-29 09:30:00,0.00757,0.0076,0.00755,0.0076,1445303.0
2023-06-29 09:45:00,0.00759,0.0076,0.00758,0.00759,835576.0
2023-06-29 10:00:00,0.00758,0.00761,0.00755,0.0076,2079039.0
2023-06-29 10:15:00,0.00761,0.00773,0.00761,0.00773,4418745.0
2023-06-29 10:30:00,0.00772,0.00778,0.00771,0.00777,3659366.0
2023-06-29 10:45:00,0.00778,0.00778,0.00773,0.00776,3617196.0
2023-06-29 11:00:00,0.00775,0.00778,0.00773,0.00776,1965272.0
2023-06-29 11:15:00,0.00777,0.00781,0.00775,0.00781,1637064.0
2023-06-29 11:30:00,0.00781,0.00781,0.00776,0.00778,1054116.0
2023-06-29 11:45:00,0.00778,0.0078,0.00777,0.0078,535906.0
2023-06-29 12:00:00,0.00779,0.0078,0.00777,0.0078,397193.0
2023-06-29 12:15:00,0.0078,0.00781,0.00776,0.00781,2380390.0
2023-06-29 12:30:00,0.0078,0.00782,0.00778,0.00779,1996886.0
2023-06-29 12:45:00,0.0078,0.0078,0.00776,0.00778,525015.0
2023-06-29 13:00:00,0.00778,0.00785,0.00777,0.00784,1793893.0
2023-06-29 13:15:00,0.00784,0.00786,0.00779,0.00781,1053039.0
2023-06-29 13:30:00,0.0078,0.00783,0.00776,0.00776,1980834.0
2023-06-29 13:45:00,0.00777,0.00783,0.00771,0.00777,1891356.0
2023-06-29 14:00:00,0.00777,0.00778,0.00771,0.00774,1633087.0
2023-06-29 14:15:00,0.00774,0.00777,0.00774,0.00776,1106507.0
2023-06-29 14:30:00,0.00774,0.00776,0.00773,0.00776,470304.0
2023-06-29 14:45:00,0.00775,0.00776,0.00766,0.00767,2558816.0
2023-06-29 15:00:00,0.00767,0.00767,0.00761,0.00763,3708801.0
2023-06-29 15:15:00,0.00764,0.00765,0.00763,0.00763,1074488.0
2023-06-29 15:30:00,0.00764,0.00766,0.00763,0.00765,804620.0
2023-06-29 15:45:00,0.00766,0.00766,0.0076,0.00761,1258610.0
2023-06-29 16:00:00,0.00761,0.00766,0.0076,0.00764,2082680.0
2023-06-29 16:15:00,0.00764,0.00764,0.00762,0.00762,880489.0
2023-06-29 16:30:00,0.00762,0.00762,0.00756,0.00757,917314.0
2023-06-29 16:45:00,0.00758,0.00758,0.00756,0.00757,340699.0
2023-06-29 17:00:00,0.00758,0.00759,0.00751,0.00753,2273684.0
2023-06-29 17:15:00,0.00754,0.00759,0.00754,0.00758,1487845.0
2023-06-29 17:30:00,0.00759,0.00759,0.00754,0.00754,649415.0
2023-06-29 17:45:00,0.00755,0.00755,0.00751,0.00753,1436727.0
2023-06-29 18:00:00,0.00752,0.00753,0.00751,0.00753,561779.0
2023-06-29 18:15:00,0.00754,0.00756,0.00754,0.00755,569768.0
2023-06-29 18:30:00,0.00756,0.00758,0.00756,0.00757,1007889.0
2023-06-29 18:45:00,0.00757,0.00757,0.00755,0.00757,324759.0
2023-06-29 19:00:00,0.00757,0.00758,0.00756,0.00756,437881.0
2023-06-29 19:15:00,0.00756,0.00756,0.00753,0.00754,481156.0
2023-06-29 19:30:00,0.00755,0.00758,0.00755,0.00758,749079.0
2023-06-29 19:45:00,0.00758,0.00762,0.00758,0.00762,534962.0
2023-06-29 20:00:00,0.00762,0.00762,0.00755,0.00755,4385863.0
2023-06-29 20:15:00,0.00755,0.00755,0.00751,0.00752,1851322.0
2023-06-29 20:30:00,0.00752,0.00752,0.00748,0.00748,1388767.0
2023-06-29 20:45:00,0.00749,0.00751,0.00748,0.00751,320144.0
2023-06-29 21:00:00,0.00751,0.00753,0.0075,0.00751,688618.0
2023-06-29 21:15:00,0.00753,0.00754,0.00752,0.00753,359923.0
2023-06-29 21:30:00,0.00754,0.00756,0.00754,0.00756,200098.0
2023-06-29 21:45:00,0.00755,0.00755,0.0075,0.0075,1293108.0
2023-06-29 22:00:00,0.0075,0.00752,0.0075,0.00752,754351.0
2023-06-29 22:15:00,0.00752,0.00754,0.00752,0.00754,460669.0
2023-06-29 22:30:00,0.00754,0.00754,0.00753,0.00754,161732.0
2023-06-29 22:45:00,0.00755,0.00756,0.00753,0.00753,420230.0
2023-06-29 23:00:00,0.00753,0.00754,0.00751,0.00751,1365980.0
2023-06-29 23:15:00,0.0075,0.00759,0.0075,0.00759,3059988.0
2023-06-29 23:30:00,0.00759,0.00761,0.00758,0.0076,2422299.0
2023-06-29 23:45:00,0.00759,0.00759,0.00757,0.00758,2283556.0
2023-06-30 00:00:00,0.00757,0.00761,0.00756,0.00758,2509106.0
2023-06-30 00:15:00,0.00757,0.00759,0.00755,0.00758,1683774.0
2023-06-30 00:30:00,0.00757,0.00758,0.00755,0.00755,1113981.0
2023-06-30 00:45:00,0.00754,0.00754,0.00748,0.00748,1638764.0
2023-06-30 01:00:00,0.00747,0.00747,0.00744,0.00745,1441414.0
2023-06-30 01:15:00,0.00746,0.0075,0.00745,0.0075,1263203.0
2023-06-30 01:30:00,0.0075,0.0075,0.00748,0.0075,951241.0
2023-06-30 01:45:00,0.00749,0.00751,0.00747,0.00751,955489.0
2023-06-30 02:00:00,0.00751,0.00759,0.00751,0.00759,2095393.0
2023-06-30 02:15:00,0.00758,0.0076,0.00757,0.0076,606084.0
2023-06-30 02:30:00,0.0076,0.00772,0.0076,0.00768,3326110.0
2023-06-30 02:45:00,0.00769,0.00773,0.00768,0.00773,1035574.0
2023-06-30 03:00:00,0.00773,0.00778,0.00771,0.00778,1539939.0
2023-06-30 03:15:00,0.00777,0.00781,0.00775,0.00781,1243608.0
2023-06-30 03:30:00,0.00782,0.00788,0.0078,0.00787,2601682.0
2023-06-30 03:45:00,0.00787,0.00794,0.00784,0.00785,4891357.0
2023-06-30 04:00:00,0.00785,0.0079,0.00784,0.00784,2636564.0
2023-06-30 04:15:00,0.00784,0.00784,0.00778,0.00782,3033754.0
2023-06-30 04:30:00,0.00782,0.00793,0.00781,0.00793,2944291.0
2023-06-30 04:45:00,0.00792,0.00794,0.00785,0.00785,2058439.0
2023-06-30 05:00:00,0.00785,0.00794,0.00784,0.0079,1694849.0
2023-06-30 05:15:00,0.0079,0.00791,0.00787,0.00787,696099.0
2023-06-30 05:30:00,0.00786,0.00787,0.00784,0.00784,1221245.0
2023-06-30 05:45:00,0.00784,0.00784,0.00777,0.00781,1521388.0
2023-06-30 06:00:00,0.0078,0.00785,0.00775,0.00775,2856984.0
2023-06-30 06:15:00,0.00776,0.00776,0.00774,0.00774,1128316.0
2023-06-30 06:30:00,0.00775,0.00775,0.00772,0.00772,799304.0
2023-06-30 06:45:00,0.00773,0.00774,0.0077,0.0077,664043.0
2023-06-30 07:00:00,0.00773,0.0078,0.00773,0.00778,847590.0
2023-06-30 07:15:00,0.00777,0.00777,0.00769,0.00769,1305967.0
2023-06-30 07:30:00,0.00769,0.00774,0.00769,0.00773,1667031.0
2023-06-30 07:45:00,0.00773,0.00776,0.00772,0.00772,2939271.0
2023-06-30 08:00:00,0.00773,0.00776,0.00772,0.00776,650674.0
2023-06-30 08:15:00,0.00776,0.00779,0.00776,0.00779,1054722.0
2023-06-30 08:30:00,0.00779,0.00781,0.00777,0.00781,923751.0
2023-06-30 08:45:00,0.0078,0.00782,0.00777,0.00777,780277.0
2023-06-30 09:00:00,0.00775,0.00776,0.00771,0.00773,2624556.0
2023-06-30 09:15:00,0.00773,0.00774,0.00771,0.00774,1116028.0
2023-06-30 09:30:00,0.00774,0.00777,0.00774,0.00775,1610763.0
2023-06-30 09:45:00,0.00775,0.00776,0.0077,0.0077,3463894.0
2023-06-30 10:00:00,0.00771,0.00778,0.00771,0.00777,2693727.0
2023-06-30 10:15:00,0.00777,0.00779,0.00775,0.00776,1261736.0
2023-06-30 10:30:00,0.00777,0.00779,0.00774,0.00777,1552887.0
2023-06-30 10:45:00,0.00777,0.0078,0.00777,0.0078,1084814.0
2023-06-30 11:00:00,0.00781,0.00782,0.00778,0.00781,1734675.0
2023-06-30 11:15:00,0.00782,0.00782,0.00779,0.0078,1153296.0
2023-06-30 11:30:00,0.0078,0.00783,0.00779,0.00782,1816947.0
2023-06-30 11:45:00,0.00783,0.00785,0.00783,0.00785,905894.0
2023-06-30 12:00:00,0.00784,0.00787,0.00781,0.00782,1982389.0
2023-06-30 12:15:00,0.00782,0.00786,0.00782,0.00785,3550898.0
2023-06-30 12:30:00,0.00786,0.00789,0.00784,0.00786,1748846.0
2023-06-30 12:45:00,0.00787,0.00789,0.00785,0.00788,990372.0
2023-06-30 13:00:00,0.00789,0.0079,0.00783,0.00789,2032787.0
2023-06-30 13:15:00,0.0079,0.00792,0.00789,0.00791,700795.0
2023-06-30 13:30:00,0.00791,0.00792,0.00745,0.00761,10784753.0
2023-06-30 13:45:00,0.00761,0.00762,0.00701,0.00746,27863249.0
2023-06-30 14:00:00,0.00746,0.00757,0.00739,0.00757,8450422.0
2023-06-30 14:15:00,0.00755,0.00755,0.00748,0.00751,4651273.0
2023-06-30 14:30:00,0.00752,0.00754,0.00748,0.0075,3019504.0
2023-06-30 14:45:00,0.00751,0.00753,0.00745,0.00747,3043335.0
2023-06-30 15:00:00,0.00747,0.00751,0.00746,0.0075,1737455.0
2023-06-30 15:15:00,0.0075,0.0075,0.00743,0.00745,1850541.0
2023-06-30 15:30:00,0.00745,0.00745,0.0074,0.00741,2886903.0
2023-06-30 15:45:00,0.00742,0.00744,0.00739,0.00743,1591154.0
2023-06-30 16:00:00,0.00742,0.00744,0.00737,0.00743,2904062.0
2023-06-30 16:15:00,0.00744,0.00753,0.00744,0.00752,2053952.0
2023-06-30 16:30:00,0.00753,0.0077,0.00753,0.00765,5657617.0
2023-06-30 16:45:00,0.00766,0.00777,0.00765,0.00772,2307097.0
2023-06-30 17:00:00,0.00776,0.00788,0.00774,0.00781,4432717.0
2023-06-30 17:15:00,0.00782,0.00787,0.00779,0.00779,4708784.0
2023-06-30 17:30:00,0.00779,0.00789,0.00779,0.00787,4548527.0
2023-06-30 17:45:00,0.00788,0.00788,0.00783,0.00784,1911020.0
2023-06-30 18:00:00,0.00784,0.00789,0.00774,0.00777,3055770.0
2023-06-30 18:15:00,0.00777,0.0078,0.00772,0.00773,4578843.0
2023-06-30 18:30:00,0.00774,0.00776,0.00765,0.00765,4172065.0
2023-06-30 18:45:00,0.00766,0.00772,0.00766,0.00772,1399823.0
2023-06-30 19:00:00,0.00771,0.00776,0.0077,0.00772,2319619.0
2023-06-30 19:15:00,0.00773,0.00773,0.0077,0.0077,845139.0
2023-06-30 19:30:00,0.0077,0.00773,0.00767,0.00771,1230301.0
2023-06-30 19:45:00,0.0077,0.00773,0.00769,0.00773,294660.0
2023-06-30 20:00:00,0.0077,0.00776,0.0077,0.00774,1486083.0
2023-06-30 20:15:00,0.00772,0.0078,0.00772,0.00778,1289552.0
2023-06-30 20:30:00,0.0078,0.0078,0.00775,0.00775,319517.0
2023-06-30 20:45:00,0.00777,0.00778,0.00774,0.00775,599284.0
2023-06-30 21:00:00,0.00775,0.00776,0.00771,0.00772,536725.0
2023-06-30 21:15:00,0.00773,0.00778,0.00772,0.00778,598707.0
2023-06-30 21:30:00,0.00779,0.00785,0.00778,0.00782,1284613.0
2023-06-30 21:45:00,0.00782,0.00782,0.00781,0.00781,988231.0
2023-06-30 22:00:00,0.00782,0.00788,0.00782,0.00787,480500.0
2023-06-30 22:15:00,0.00788,0.00788,0.00785,0.00787,1962246.0
2023-06-30 22:30:00,0.00787,0.00788,0.00787,0.00787,364369.0
2023-06-30 22:45:00,0.00788,0.00789,0.00787,0.00788,1128404.0
2023-06-30 23:00:00,0.00789,0.0079,0.00788,0.0079,206193.0
2023-06-30 23:15:00,0.0079,0.00794,0.0079,0.00792,1326389.0
2023-06-30 23:30:00,0.00792,0.00795,0.00789,0.00791,946074.0
2023-06-30 23:45:00,0.00789,0.00789,0.00788,0.00789,658578.0
2023-07-01 00:00:00,0.00789,0.00792,0.00785,0.00786,1459185.0
2023-07-01 00:15:00,0.00785,0.00789,0.00784,0.00788,1065743.0
2023-07-01 00:30:00,0.00789,0.00791,0.00787,0.00791,297289.0
2023-07-01 00:45:00,0.0079,0.0079,0.00782,0.00783,2395896.0
2023-07-01 01:00:00,0.00783,0.00793,0.00783,0.0079,2727931.0
2023-07-01 01:15:00,0.0079,0.00791,0.00781,0.00784,5490804.0
2023-07-01 01:30:00,0.00785,0.00798,0.00785,0.00798,2728140.0
2023-07-01 01:45:00,0.00797,0.00799,0.00793,0.00793,3546059.0
2023-07-01 02:00:00,0.00793,0.00796,0.00791,0.00796,1450691.0
2023-07-01 02:15:00,0.00796,0.00799,0.00795,0.00798,728925.0
2023-07-01 02:30:00,0.00798,0.00799,0.00793,0.00794,972102.0
2023-07-01 02:45:00,0.00794,0.00794,0.00786,0.00789,970126.0
2023-07-01 03:00:00,0.00787,0.00789,0.00787,0.00788,648598.0
2023-07-01 03:15:00,0.00788,0.00789,0.00788,0.00788,97996.0
2023-07-01 03:30:00,0.00788,0.00789,0.00782,0.00783,273330.0
2023-07-01 03:45:00,0.00783,0.00786,0.00783,0.00786,211267.0
2023-07-01 04:00:00,0.00786,0.00787,0.00784,0.00784,886258.0
2023-07-01 04:15:00,0.00783,0.00783,0.0077,0.00771,9508113.0
2023-07-01 04:30:00,0.00771,0.00777,0.00766,0.00776,3322207.0
2023-07-01 04:45:00,0.00776,0.00779,0.00774,0.00776,1150509.0
2023-07-01 05:00:00,0.00776,0.00778,0.00775,0.00776,848341.0
2023-07-01 05:15:00,0.00776,0.00777,0.00773,0.00773,222534.0
2023-07-01 05:30:00,0.00772,0.00774,0.00772,0.00774,367075.0
2023-07-01 05:45:00,0.00775,0.00778,0.00774,0.00778,909426.0
2023-07-01 06:00:00,0.00778,0.00782,0.00778,0.00781,1913672.0
2023-07-01 06:15:00,0.00781,0.00781,0.00777,0.00779,997870.0
2023-07-01 06:30:00,0.00779,0.00781,0.00778,0.00778,1673340.0
2023-07-01 06:45:00,0.00779,0.00786,0.00778,0.00786,1004005.0
2023-07-01 07:00:00,0.00786,0.00789,0.00785,0.00787,934300.0
2023-07-01 07:15:00,0.00787,0.00789,0.00787,0.00787,624030.0
2023-07-01 07:30:00,0.00787,0.00791,0.00787,0.00791,849870.0
2023-07-01 07:45:00,0.00792,0.00806,0.00791,0.00805,10676893.0
2023-07-01 08:00:00,0.00805,0.00805,0.00788,0.00791,4376231.0
2023-07-01 08:15:00,0.00792,0.00793,0.00784,0.00785,2697175.0
2023-07-01 08:30:00,0.00785,0.00786,0.00782,0.00786,3543791.0
2023-07-01 08:45:00,0.00785,0.00786,0.00781,0.00784,2772642.0
2023-07-01 09:00:00,0.00783,0.00785,0.00781,0.00783,1578624.0
2023-07-01 09:15:00,0.00781,0.00783,0.0078,0.00782,1789417.0
2023-07-01 09:30:00,0.00782,0.00782,0.00779,0.00779,312116.0
2023-07-01 09:45:00,0.00779,0.00779,0.00776,0.00776,1215656.0
2023-07-01 10:00:00,0.00777,0.00781,0.00777,0.00778,1554789.0
2023-07-01 10:15:00,0.00779,0.00787,0.00777,0.00784,2164776.0
2023-07-01 10:30:00,0.00784,0.00784,0.00779,0.00781,912039.0
2023-07-01 10:45:00,0.00779,0.00779,0.00777,0.00779,1510177.0
2023-07-01 11:00:00,0.00779,0.00803,0.00779,0.00795,17010125.0
2023-07-01 11:15:00,0.00795,0.00798,0.00794,0.00797,2824463.0
2023-07-01 11:30:00,0.00798,0.00803,0.00797,0.00802,2527020.0
2023-07-01 11:45:00,0.00802,0.00803,0.00798,0.00799,2129813.0
2023-07-01 12:00:00,0.008,0.00802,0.00796,0.008,1229401.0
2023-07-01 12:15:00,0.008,0.00801,0.00798,0.00798,1230606.0
2023-07-01 12:30:00,0.00799,0.00802,0.00798,0.00799,774919.0
2023-07-01 12:45:00,0.00798,0.00801,0.00797,0.00801,501821.0
2023-07-01 13:00:00,0.00802,0.00807,0.00802,0.00804,1513514.0
2023-07-01 13:15:00,0.00803,0.00819,0.00803,0.00808,3418838.0
2023-07-01 13:30:00,0.00807,0.00814,0.00807,0.00813,1157445.0
2023-07-01 13:45:00,0.00814,0.00814,0.00809,0.0081,1496544.0
2023-07-01 14:00:00,0.00809,0.00811,0.00805,0.00806,2810643.0
2023-07-01 14:15:00,0.00806,0.00808,0.00804,0.00806,1651563.0
2023-07-01 14:30:00,0.00805,0.00806,0.008,0.008,4773261.0
2023-07-01 14:45:00,0.008,0.00804,0.008,0.00803,1325313.0
2023-07-01 15:00:00,0.00803,0.00803,0.00796,0.00797,3301139.0
2023-07-01 15:15:00,0.00797,0.00799,0.00793,0.00799,1220337.0
2023-07-01 15:30:00,0.008,0.00802,0.008,0.00801,768856.0
2023-07-01 15:45:00,0.00801,0.00802,0.00799,0.008,510723.0
2023-07-01 16:00:00,0.00801,0.00806,0.00798,0.00799,2773950.0
2023-07-01 16:15:00,0.00799,0.00813,0.00799,0.00801,6810663.0
2023-07-01 16:30:00,0.00801,0.00801,0.00792,0.00793,4002271.0
2023-07-01 16:45:00,0.00793,0.00794,0.00791,0.00791,1336945.0
2023-07-01 17:00:00,0.00791,0.00791,0.00788,0.00789,804125.0
2023-07-01 17:15:00,0.00789,0.00792,0.00789,0.00789,1976086.0
2023-07-01 17:30:00,0.00789,0.00793,0.00789,0.00791,1426325.0
2023-07-01 17:45:00,0.0079,0.0079,0.00786,0.00787,1394017.0
2023-07-01 18:00:00,0.00788,0.00791,0.00788,0.00791,1041501.0
2023-07-01 18:15:00,0.00791,0.00791,0.0079,0.00791,345581.0
2023-07-01 18:30:00,0.0079,0.00794,0.0079,0.00794,511909.0
2023-07-01 18:45:00,0.00794,0.00796,0.00794,0.00796,793494.0
2023-07-01 19:00:00,0.00796,0.00797,0.00795,0.00796,741507.0
2023-07-01 19:15:00,0.00796,0.00796,0.00795,0.00795,260407.0
2023-07-01 19:30:00,0.00796,0.00796,0.00792,0.00792,850268.0
2023-07-01 19:45:00,0.00792,0.00795,0.00792,0.00792,1299552.0
2023-07-01 20:00:00,0.00793,0.00794,0.00791,0.00792,492841.0
2023-07-01 20:15:00,0.00792,0.00794,0.00792,0.00793,202108.0
2023-07-01 20:30:00,0.00793,0.00797,0.00792,0.00797,588647.0
2023-07-01 20:45:00,0.00797,0.008,0.00797,0.00798,1033016.0
2023-07-01 21:00:00,0.00798,0.00798,0.00795,0.00796,948025.0
2023-07-01 21:15:00,0.00796,0.00798,0.00795,0.00798,462556.0
2023-07-01 21:30:00,0.00798,0.008,0.00797,0.008,564866.0
2023-07-01 21:45:00,0.00799,0.00799,0.00797,0.00799,434923.0
2023-07-01 22:00:00,0.00799,0.00804,0.00799,0.00804,583483.0
2023-07-01 22:15:00,0.00804,0.00806,0.00804,0.00806,285599.0
2023-07-01 22:30:00,0.00805,0.00805,0.008,0.00804,1963709.0
2023-07-01 22:45:00,0.00803,0.00806,0.00801,0.00806,2894953.0
2023-07-01 23:00:00,0.00806,0.00809,0.00806,0.00808,1304522.0
2023-07-01 23:15:00,0.00809,0.00812,0.00807,0.00812,1237278.0
2023-07-01 23:30:00,0.00812,0.00829,0.00811,0.00817,5197954.0
2023-07-01 23:45:00,0.00817,0.0082,0.00815,0.0082,1593954.0
2023-07-02 00:00:00,0.00819,0.00821,0.00811,0.00812,3930470.0
2023-07-02 00:15:00,0.00813,0.00813,0.00808,0.00813,2297245.0
2023-07-02 00:30:00,0.00815,0.00815,0.00806,0.00808,1439201.0
2023-07-02 00:45:00,0.00808,0.00811,0.00806,0.00806,806014.0
2023-07-02 01:00:00,0.00808,0.0081,0.00807,0.00809,501438.0
2023-07-02 01:15:00,0.00809,0.00813,0.00809,0.0081,926059.0
2023-07-02 01:30:00,0.00809,0.0081,0.00803,0.00805,1905647.0
2023-07-02 01:45:00,0.00804,0.00804,0.00799,0.008,1575691.0
2023-07-02 02:00:00,0.00801,0.00803,0.00797,0.00803,818165.0
2023-07-02 02:15:00,0.00801,0.00801,0.00795,0.00797,1790808.0
2023-07-02 02:30:00,0.00799,0.00802,0.00797,0.008,726632.0
2023-07-02 02:45:00,0.00799,0.008,0.00795,0.00796,1093015.0
2023-07-02 03:00:00,0.00795,0.00797,0.00792,0.00793,2478081.0
2023-07-02 03:15:00,0.00793,0.00793,0.00791,0.00792,919788.0
2023-07-02 03:30:00,0.00791,0.00791,0.00783,0.00785,1976657.0
2023-07-02 03:45:00,0.00785,0.00785,0.00781,0.00784,1476540.0
2023-07-02 04:00:00,0.00785,0.00786,0.00782,0.00786,884495.0
2023-07-02 04:15:00,0.00786,0.00789,0.00786,0.00787,874737.0
2023-07-02 04:30:00,0.00787,0.00787,0.00781,0.00781,1379062.0
2023-07-02 04:45:00,0.00781,0.00785,0.00781,0.00785,333014.0
2023-07-02 05:00:00,0.00785,0.00787,0.00782,0.00783,1028676.0
2023-07-02 05:15:00,0.00783,0.00783,0.00781,0.00781,456849.0
2023-07-02 05:30:00,0.00781,0.00784,0.00781,0.00784,244000.0
2023-07-02 05:45:00,0.00782,0.00784,0.00782,0.00784,342809.0
2023-07-02 06:00:00,0.00783,0.00787,0.00783,0.00784,1554763.0
2023-07-02 06:15:00,0.00784,0.00788,0.00784,0.00788,488835.0
2023-07-02 06:30:00,0.00788,0.00788,0.00785,0.00786,562970.0
2023-07-02 06:45:00,0.00785,0.00785,0.00782,0.00783,827969.0
2023-07-02 07:00:00,0.00783,0.00785,0.00783,0.00784,336241.0
2023-07-02 07:15:00,0.00783,0.00785,0.00783,0.00785,72794.0
2023-07-02 07:30:00,0.00785,0.00787,0.00785,0.00787,353721.0
2023-07-02 07:45:00,0.00788,0.00789,0.00787,0.00787,584594.0
2023-07-02 08:00:00,0.00788,0.00788,0.00784,0.00784,890287.0
2023-07-02 08:15:00,0.00784,0.00786,0.00784,0.00785,426887.0
2023-07-02 08:30:00,0.00785,0.00785,0.00782,0.00782,746070.0
2023-07-02 08:45:00,0.00782,0.00782,0.00778,0.0078,471740.0
2023-07-02 09:00:00,0.00778,0.00784,0.00778,0.00783,961573.0
2023-07-02 09:15:00,0.00783,0.00786,0.00783,0.00784,617925.0
2023-07-02 09:30:00,0.00785,0.00789,0.00785,0.00787,1033662.0
2023-07-02 09:45:00,0.00788,0.0079,0.00784,0.00786,1397188.0
2023-07-02 10:00:00,0.00785,0.0079,0.00784,0.00789,1297561.0
2023-07-02 10:15:00,0.00789,0.00792,0.00788,0.00792,1357070.0
2023-07-02 10:30:00,0.00792,0.00792,0.00789,0.00791,319105.0
2023-07-02 10:45:00,0.00793,0.00795,0.00792,0.00795,816607.0
2023-07-02 11:00:00,0.00796,0.00799,0.00796,0.00798,995949.0
2023-07-02 11:15:00,0.00799,0.00802,0.00798,0.00798,2277638.0
2023-07-02 11:30:00,0.00798,0.00799,0.00797,0.00797,1013515.0
2023-07-02 11:45:00,0.00798,0.00799,0.00796,0.00797,607779.0
2023-07-02 12:00:00,0.00797,0.00798,0.00791,0.00792,651872.0
2023-07-02 12:15:00,0.00793,0.00796,0.0079,0.0079,430433.0
2023-07-02 12:30:00,0.00791,0.00793,0.00791,0.00793,421579.0
2023-07-02 12:45:00,0.00792,0.00792,0.00791,0.00792,508453.0
2023-07-02 13:00:00,0.00791,0.00791,0.00788,0.00788,404584.0
2023-07-02 13:15:00,0.00788,0.00788,0.00782,0.00784,2033419.0
2023-07-02 13:30:00,0.00783,0.00785,0.00782,0.00783,658275.0
2023-07-02 13:45:00,0.00783,0.00784,0.00782,0.00783,377670.0
2023-07-02 14:00:00,0.00784,0.00786,0.00783,0.00784,715417.0
2023-07-02 14:15:00,0.00785,0.00785,0.00782,0.00783,717522.0
2023-07-02 14:30:00,0.00784,0.00787,0.00784,0.00787,278336.0
2023-07-02 14:45:00,0.00788,0.00789,0.00786,0.00788,578569.0
2023-07-02 15:00:00,0.00789,0.00791,0.00789,0.0079,1238048.0
2023-07-02 15:15:00,0.0079,0.0079,0.0077,0.00781,5705025.0
2023-07-02 15:30:00,0.0078,0.00785,0.00778,0.00783,2295749.0
2023-07-02 15:45:00,0.00784,0.00786,0.00782,0.00783,1627689.0
2023-07-02 16:00:00,0.00784,0.00787,0.00784,0.00787,618760.0
2023-07-02 16:15:00,0.00787,0.00791,0.00787,0.00789,1160816.0
2023-07-02 16:30:00,0.0079,0.00801,0.0079,0.00801,5109230.0
2023-07-02 16:45:00,0.00801,0.00804,0.008,0.00803,1956361.0
2023-07-02 17:00:00,0.00803,0.00805,0.00797,0.00799,1437355.0
2023-07-02 17:15:00,0.00799,0.008,0.00795,0.00796,1425289.0
2023-07-02 17:30:00,0.00796,0.00796,0.0079,0.00791,773893.0
2023-07-02 17:45:00,0.00792,0.00792,0.00787,0.00788,339059.0
2023-07-02 18:00:00,0.00787,0.00796,0.00785,0.00794,3986643.0
2023-07-02 18:15:00,0.00795,0.00796,0.00789,0.00789,943289.0
2023-07-02 18:30:00,0.00789,0.00791,0.00789,0.0079,145666.0
2023-07-02 18:45:00,0.00791,0.00795,0.00791,0.00795,393779.0
2023-07-02 19:00:00,0.00796,0.00799,0.00796,0.00798,228356.0
2023-07-02 19:15:00,0.00799,0.00804,0.00799,0.00803,1050015.0
2023-07-02 19:30:00,0.00803,0.00803,0.00798,0.00799,2941481.0
2023-07-02 19:45:00,0.00799,0.008,0.00798,0.00798,268842.0
2023-07-02 20:00:00,0.00798,0.00799,0.00795,0.00798,836800.0
2023-07-02 20:15:00,0.00797,0.00798,0.00796,0.00798,147812.0
2023-07-02 20:30:00,0.00797,0.00802,0.00797,0.00801,564953.0
2023-07-02 20:45:00,0.00801,0.00808,0.00799,0.00806,6796531.0
2023-07-02 21:00:00,0.00806,0.00807,0.00802,0.00805,2284619.0
2023-07-02 21:15:00,0.00806,0.00806,0.00805,0.00805,802142.0
2023-07-02 21:30:00,0.00805,0.00806,0.008,0.00802,991208.0
2023-07-02 21:45:00,0.00801,0.00802,0.00801,0.00801,238990.0
2023-07-02 22:00:00,0.00803,0.00806,0.00803,0.00806,928952.0
2023-07-02 22:15:00,0.00808,0.00816,0.00808,0.00815,4587370.0
2023-07-02 22:30:00,0.00815,0.00818,0.00809,0.00813,2458208.0
2023-07-02 22:45:00,0.00814,0.00819,0.00814,0.00817,1284997.0
2023-07-02 23:00:00,0.00817,0.00823,0.00816,0.00822,1047663.0
2023-07-02 23:15:00,0.00822,0.00822,0.00817,0.00821,840661.0
2023-07-02 23:30:00,0.00821,0.00824,0.00816,0.00822,853422.0
2023-07-02 23:45:00,0.0082,0.00822,0.00817,0.00818,1229122.0
2023-07-03 00:00:00,0.00818,0.00819,0.00815,0.00817,553595.0
2023-07-03 00:15:00,0.00817,0.0082,0.00814,0.0082,799921.0
2023-07-03 00:30:00,0.0082,0.0082,0.00814,0.00818,1157283.0
2023-07-03 00:45:00,0.00818,0.00819,0.00813,0.00813,568263.0
2023-07-03 01:00:00,0.00814,0.00819,0.00813,0.00819,567994.0
2023-07-03 01:15:00,0.0082,0.00823,0.00817,0.0082,1723425.0
2023-07-03 01:30:00,0.00821,0.00822,0.00817,0.00818,973131.0
2023-07-03 01:45:00,0.00819,0.0082,0.00816,0.00817,1073704.0
2023-07-03 02:00:00,0.00817,0.00825,0.00817,0.00823,1155110.0
2023-07-03 02:15:00,0.00823,0.00828,0.00821,0.00827,1389100.0
2023-07-03 02:30:00,0.00828,0.00828,0.00822,0.00823,711797.0
2023-07-03 02:45:00,0.00824,0.00824,0.0082,0.00823,1028991.0
2023-07-03 03:00:00,0.00824,0.00826,0.00821,0.00824,492682.0
2023-07-03 03:15:00,0.00822,0.00824,0.00821,0.00823,670169.0
2023-07-03 03:30:00,0.00822,0.00824,0.00821,0.00824,513838.0
2023-07-03 03:45:00,0.00823,0.00826,0.00822,0.00823,1529355.0
2023-07-03 04:00:00,0.00823,0.00826,0.0082,0.00823,1030549.0
2023-07-03 04:15:00,0.00822,0.00825,0.0082,0.00821,962812.0
2023-07-03 04:30:00,0.00821,0.00822,0.00818,0.00821,496668.0
2023-07-03 04:45:00,0.0082,0.0082,0.00818,0.00819,649939.0
2023-07-03 05:00:00,0.00819,0.0082,0.00816,0.00818,672073.0
2023-07-03 05:15:00,0.00819,0.00822,0.00818,0.0082,1051008.0
2023-07-03 05:30:00,0.0082,0.0082,0.00817,0.00819,1713442.0
2023-07-03 05:45:00,0.00818,0.0082,0.00816,0.00817,648670.0
2023-07-03 06:00:00,0.00817,0.0082,0.00814,0.00816,1220143.0
2023-07-03 06:15:00,0.00816,0.00817,0.00811,0.00812,964219.0
2023-07-03 06:30:00,0.00812,0.00813,0.00809,0.00813,4090779.0
2023-07-03 06:45:00,0.00812,0.00813,0.00808,0.0081,3529343.0
2023-07-03 07:00:00,0.0081,0.00819,0.00808,0.00817,6078214.0
2023-07-03 07:15:00,0.00817,0.00821,0.00817,0.00821,729495.0
2023-07-03 07:30:00,0.00819,0.0082,0.00815,0.0082,3264894.0
2023-07-03 07:45:00,0.00819,0.00821,0.00815,0.00818,1911700.0
2023-07-03 08:00:00,0.00818,0.00822,0.00815,0.0082,1712057.0
2023-07-03 08:15:00,0.00822,0.00823,0.00818,0.00822,2690401.0
2023-07-03 08:30:00,0.00822,0.00828,0.00822,0.00824,3495376.0
2023-07-03 08:45:00,0.00824,0.00826,0.00823,0.00825,384725.0
2023-07-03 09:00:00,0.00825,0.00825,0.00822,0.00825,550805.0
2023-07-03 09:15:00,0.00824,0.00825,0.00824,0.00825,289384.0
2023-07-03 09:30:00,0.00824,0.00824,0.00821,0.00822,787418.0
2023-07-03 09:45:00,0.00822,0.00822,0.00819,0.00819,306377.0
2023-07-03 10:00:00,0.00819,0.0082,0.00816,0.00819,1720946.0
2023-07-03 10:15:00,0.00819,0.00822,0.00819,0.00819,801629.0
2023-07-03 10:30:00,0.00819,0.00822,0.00819,0.00821,535772.0
2023-07-03 10:45:00,0.00821,0.00823,0.0082,0.00821,1651517.0
2023-07-03 11:00:00,0.00821,0.00823,0.00821,0.00822,1003628.0
2023-07-03 11:15:00,0.00823,0.00824,0.00819,0.00819,662075.0
2023-07-03 11:30:00,0.00819,0.0082,0.00817,0.00817,311875.0
2023-07-03 11:45:00,0.00817,0.00818,0.00817,0.00818,705978.0
2023-07-03 12:00:00,0.00817,0.00819,0.00813,0.00814,1106781.0
2023-07-03 12:15:00,0.00813,0.00815,0.00811,0.00814,886189.0
2023-07-03 12:30:00,0.00815,0.00818,0.00814,0.00817,1054013.0
2023-07-03 12:45:00,0.00817,0.0082,0.00816,0.0082,1212444.0
2023-07-03 13:00:00,0.00821,0.00821,0.00818,0.00818,724058.0
2023-07-03 13:15:00,0.00818,0.0082,0.00817,0.00819,989770.0
2023-07-03 13:30:00,0.00817,0.00821,0.00816,0.00819,2210018.0
2023-07-03 13:45:00,0.0082,0.00823,0.00818,0.00819,1531708.0
2023-07-03 14:00:00,0.00819,0.00824,0.00818,0.00824,1035396.0
2023-07-03 14:15:00,0.00824,0.00829,0.00824,0.00827,1756273.0
2023-07-03 14:30:00,0.00826,0.00831,0.00825,0.00829,2535324.0
2023-07-03 14:45:00,0.00828,0.00829,0.00825,0.00826,1549722.0
2023-07-03 15:00:00,0.00827,0.00833,0.00826,0.0083,1732392.0
2023-07-03 15:15:00,0.00831,0.00832,0.00829,0.00831,542980.0
2023-07-03 15:30:00,0.00833,0.00834,0.00829,0.0083,1581285.0
2023-07-03 15:45:00,0.00831,0.00832,0.00825,0.00827,6202767.0
2023-07-03 16:00:00,0.00827,0.00828,0.0082,0.00822,3155875.0
2023-07-03 16:15:00,0.00822,0.00827,0.00822,0.00824,702627.0
2023-07-03 16:30:00,0.00825,0.00826,0.00821,0.00823,619040.0
2023-07-03 16:45:00,0.00823,0.00825,0.00823,0.00825,276123.0
2023-07-03 17:00:00,0.00824,0.00826,0.00822,0.00826,507691.0
2023-07-03 17:15:00,0.00826,0.00832,0.00825,0.00832,2025626.0
2023-07-03 17:30:00,0.00831,0.00832,0.0083,0.00832,585317.0
2023-07-03 17:45:00,0.00832,0.00834,0.00831,0.00831,621843.0
2023-07-03 18:00:00,0.00832,0.00833,0.00826,0.00826,2314660.0
2023-07-03 18:15:00,0.00826,0.00827,0.00824,0.00824,936225.0
2023-07-03 18:30:00,0.00824,0.00825,0.00821,0.00824,2345802.0
2023-07-03 18:45:00,0.00824,0.00828,0.00823,0.00828,1406455.0
2023-07-03 19:00:00,0.00827,0.00831,0.00825,0.00825,2520020.0
2023-07-03 19:15:00,0.00825,0.0083,0.00825,0.0083,507264.0
2023-07-03 19:30:00,0.00829,0.00831,0.00827,0.00831,599758.0
2023-07-03 19:45:00,0.00831,0.00833,0.0083,0.0083,2811012.0
2023-07-03 20:00:00,0.0083,0.00834,0.0083,0.00831,698602.0
2023-07-03 20:15:00,0.00831,0.00831,0.00827,0.00829,1733340.0
2023-07-03 20:30:00,0.00828,0.00829,0.00828,0.00828,417167.0
2023-07-03 20:45:00,0.00827,0.00828,0.00826,0.00826,701986.0
2023-07-03 21:00:00,0.00826,0.00829,0.00824,0.00827,2416993.0
2023-07-03 21:15:00,0.00827,0.00827,0.00821,0.00824,1532844.0
2023-07-03 21:30:00,0.00823,0.00825,0.00823,0.00825,557628.0
2023-07-03 21:45:00,0.00826,0.00826,0.00825,0.00825,415930.0
2023-07-03 22:00:00,0.00826,0.00828,0.00825,0.00827,445254.0
2023-07-03 22:15:00,0.00827,0.00828,0.00827,0.00827,318477.0
2023-07-03 22:30:00,0.00828,0.00829,0.00827,0.00827,125657.0
2023-07-03 22:45:00,0.00828,0.00829,0.00827,0.00829,1037614.0
2023-07-03 23:00:00,0.00829,0.0083,0.00826,0.00826,1648831.0
2023-07-03 23:15:00,0.00825,0.00826,0.00822,0.00822,1446786.0
2023-07-03 23:30:00,0.00822,0.00825,0.00821,0.00825,2547831.0
2023-07-03 23:45:00,0.00825,0.00826,0.00824,0.00826,556463.0
2023-07-04 00:00:00,0.00827,0.00827,0.00822,0.00822,646021.0
2023-07-04 00:15:00,0.00822,0.00823,0.00821,0.00822,565734.0
2023-07-04 00:30:00,0.00822,0.00822,0.00821,0.00822,808258.0
2023-07-04 00:45:00,0.00824,0.00825,0.0082,0.0082,4683954.0
2023-07-04 01:00:00,0.00822,0.00825,0.00821,0.00823,849396.0
2023-07-04 01:15:00,0.00824,0.00825,0.00821,0.00824,573283.0
2023-07-04 01:30:00,0.00826,0.00826,0.0082,0.0082,1456008.0
2023-07-04 01:45:00,0.0082,0.0082,0.00814,0.00819,776531.0
2023-07-04 02:00:00,0.00819,0.00823,0.00819,0.00823,415268.0
2023-07-04 02:15:00,0.00822,0.00823,0.0082,0.00822,2305198.0
2023-07-04 02:30:00,0.00823,0.00823,0.00821,0.00821,431106.0
2023-07-04 02:45:00,0.00823,0.00823,0.00822,0.00823,210896.0
2023-07-04 03:00:00,0.0082,0.00822,0.0082,0.00821,261399.0
2023-07-04 03:15:00,0.00823,0.00825,0.00822,0.00825,269571.0
2023-07-04 03:30:00,0.00826,0.00831,0.00826,0.00831,2131392.0
2023-07-04 03:45:00,0.0083,0.00836,0.0083,0.00835,938451.0
2023-07-04 04:00:00,0.00835,0.00835,0.00828,0.00828,3232605.0
2023-07-04 04:15:00,0.00829,0.00829,0.00823,0.00827,2323248.0
2023-07-04 04:30:00,0.00828,0.00828,0.00822,0.00824,460095.0
2023-07-04 04:45:00,0.00823,0.00824,0.00822,0.00823,1159493.0
2023-07-04 05:00:00,0.00825,0.00825,0.00819,0.00819,745747.0
2023-07-04 05:15:00,0.00819,0.00822,0.00819,0.00819,344160.0
2023-07-04 05:30:00,0.0082,0.00822,0.00819,0.00822,285612.0
2023-07-04 05:45:00,0.00822,0.00824,0.0082,0.00823,272738.0
2023-07-04 06:00:00,0.00822,0.00822,0.00817,0.00821,1577653.0
2023-07-04 06:15:00,0.00823,0.00826,0.00821,0.00826,381933.0
2023-07-04 06:30:00,0.00826,0.00828,0.00823,0.00827,937235.0
2023-07-04 06:45:00,0.00827,0.00828,0.00822,0.00825,1333883.0
2023-07-04 07:00:00,0.00825,0.00826,0.00823,0.00825,1087779.0
2023-07-04 07:15:00,0.00825,0.00826,0.00824,0.00824,639560.0
2023-07-04 07:30:00,0.00824,0.00824,0.00818,0.00818,5743938.0
2023-07-04 07:45:00,0.00818,0.00818,0.00815,0.00816,870390.0
2023-07-04 08:00:00,0.00816,0.00819,0.00814,0.00815,2749158.0
2023-07-04 08:15:00,0.00815,0.00815,0.00813,0.00814,433401.0
2023-07-04 08:30:00,0.00813,0.00814,0.00811,0.00812,2479994.0
2023-07-04 08:45:00,0.00812,0.00812,0.00807,0.00808,2344683.0
2023-07-04 09:00:00,0.00808,0.00817,0.00806,0.00817,1849067.0
2023-07-04 09:15:00,0.00817,0.00817,0.00815,0.00815,699226.0
2023-07-04 09:30:00,0.00816,0.00818,0.00812,0.00815,1159894.0
2023-07-04 09:45:00,0.00813,0.00814,0.0081,0.0081,4611581.0
2023-07-04 10:00:00,0.0081,0.00813,0.0081,0.00811,397366.0
2023-07-04 10:15:00,0.00811,0.00814,0.00811,0.00813,857205.0
2023-07-04 10:30:00,0.00814,0.00816,0.0081,0.00813,2429428.0
2023-07-04 10:45:00,0.00813,0.00816,0.00812,0.00816,822865.0
2023-07-04 11:00:00,0.00815,0.00815,0.00813,0.00813,1201419.0
2023-07-04 11:15:00,0.00814,0.0082,0.00813,0.0082,1833187.0
2023-07-04 11:30:00,0.00819,0.00823,0.00818,0.00823,1831686.0
2023-07-04 11:45:00,0.00823,0.00824,0.00823,0.00824,310141.0
2023-07-04 12:00:00,0.00823,0.00826,0.00823,0.00826,1550561.0
2023-07-04 12:15:00,0.00826,0.00826,0.00822,0.00822,2765031.0
2023-07-04 12:30:00,0.00822,0.00824,0.00822,0.00822,599257.0
2023-07-04 12:45:00,0.00821,0.00825,0.0082,0.00823,1022234.0
2023-07-04 13:00:00,0.00823,0.00823,0.0082,0.00821,776787.0
2023-07-04 13:15:00,0.00821,0.00821,0.00818,0.00821,1355817.0
2023-07-04 13:30:00,0.00819,0.00821,0.00817,0.00818,783830.0
2023-07-04 13:45:00,0.00818,0.00819,0.00816,0.00819,858209.0
2023-07-04 14:00:00,0.00819,0.00822,0.00818,0.00822,1282187.0
2023-07-04 14:15:00,0.00822,0.00823,0.00822,0.00823,123261.0
2023-07-04 14:30:00,0.00823,0.00823,0.00816,0.00816,1726387.0
2023-07-04 14:45:00,0.00816,0.00817,0.00814,0.00816,452467.0
2023-07-04 15:00:00,0.00816,0.00818,0.00815,0.00817,583079.0
2023-07-04 15:15:00,0.00818,0.00819,0.00813,0.00813,648561.0
2023-07-04 15:30:00,0.00813,0.00813,0.00807,0.00809,2206534.0
2023-07-04 15:45:00,0.00809,0.00812,0.00809,0.00811,1561526.0
2023-07-04 16:00:00,0.00812,0.00815,0.00811,0.00814,799806.0
2023-07-04 16:15:00,0.00814,0.00819,0.00814,0.00818,1025234.0
2023-07-04 16:30:00,0.00818,0.00819,0.00816,0.00817,149037.0
2023-07-04 16:45:00,0.00815,0.00815,0.00809,0.00809,1478788.0
2023-07-04 17:00:00,0.00809,0.00811,0.00808,0.0081,366194.0
2023-07-04 17:15:00,0.00811,0.00811,0.00807,0.00808,1764322.0
2023-07-04 17:30:00,0.00808,0.00808,0.00801,0.00802,3811391.0
2023-07-04 17:45:00,0.00803,0.00807,0.00802,0.00803,721064.0
2023-07-04 18:00:00,0.00803,0.00804,0.00802,0.00802,678884.0
2023-07-04 18:15:00,0.00802,0.00805,0.00802,0.00804,223394.0
2023-07-04 18:30:00,0.00804,0.00805,0.00804,0.00804,294399.0
2023-07-04 18:45:00,0.00804,0.00804,0.00799,0.008,1319152.0
2023-07-04 19:00:00,0.00801,0.00801,0.00789,0.00794,3662213.0
2023-07-04 19:15:00,0.00793,0.00797,0.00792,0.00795,1879820.0
2023-07-04 19:30:00,0.00795,0.00799,0.00793,0.00799,811105.0
2023-07-04 19:45:00,0.00798,0.008,0.00797,0.00798,716730.0
2023-07-04 20:00:00,0.00797,0.00802,0.00797,0.00801,848527.0
2023-07-04 20:15:00,0.00801,0.00803,0.00801,0.00803,94160.0
2023-07-04 20:30:00,0.00804,0.00808,0.00803,0.00805,2366074.0
2023-07-04 20:45:00,0.00806,0.00807,0.00805,0.00805,338967.0
2023-07-04 21:00:00,0.00806,0.00806,0.00804,0.00806,317729.0
2023-07-04 21:15:00,0.00807,0.00807,0.00806,0.00806,132043.0
2023-07-04 21:30:00,0.00806,0.00808,0.00805,0.00805,424321.0
2023-07-04 21:45:00,0.00807,0.00807,0.00805,0.00807,2191881.0
2023-07-04 22:00:00,0.00809,0.00811,0.00808,0.0081,1110195.0
2023-07-04 22:15:00,0.00811,0.00811,0.0081,0.00811,58349.0
2023-07-04 22:30:00,0.00811,0.00811,0.00808,0.00809,515388.0
2023-07-04 22:45:00,0.00809,0.00812,0.00809,0.00812,360836.0
2023-07-04 23:00:00,0.00812,0.00814,0.00812,0.00812,1471483.0
2023-07-04 23:15:00,0.00812,0.00813,0.00809,0.00812,1807475.0
2023-07-04 23:30:00,0.00812,0.00814,0.0081,0.0081,586636.0
2023-07-04 23:45:00,0.0081,0.0081,0.00802,0.00806,1005101.0
2023-07-05 00:00:00,0.00807,0.00809,0.00805,0.00805,353437.0
2023-07-05 00:15:00,0.00805,0.00813,0.00805,0.00812,1029150.0
2023-07-05 00:30:00,0.00809,0.00809,0.00806,0.00806,485332.0
2023-07-05 00:45:00,0.00806,0.00806,0.00803,0.00804,371559.0
2023-07-05 01:00:00,0.00802,0.00811,0.00802,0.0081,291956.0
2023-07-05 01:15:00,0.00811,0.00815,0.00811,0.00812,721283.0
2023-07-05 01:30:00,0.00812,0.00813,0.00809,0.00809,551450.0
2023-07-05 01:45:00,0.0081,0.0081,0.00807,0.00807,434244.0
2023-07-05 02:00:00,0.00808,0.00812,0.00808,0.00812,623913.0
2023-07-05 02:15:00,0.00811,0.00815,0.00811,0.00813,443857.0
2023-07-05 02:30:00,0.00814,0.00818,0.00813,0.00816,488972.0
2023-07-05 02:45:00,0.00816,0.00818,0.00816,0.00818,103812.0
2023-07-05 03:00:00,0.00818,0.00818,0.00816,0.00816,198274.0
2023-07-05 03:15:00,0.00815,0.00821,0.00815,0.0082,1151235.0
2023-07-05 03:30:00,0.00822,0.00823,0.0082,0.00822,695174.0
2023-07-05 03:45:00,0.00823,0.00824,0.00823,0.00823,199245.0
2023-07-05 04:00:00,0.00823,0.00823,0.00817,0.00818,466403.0
2023-07-05 04:15:00,0.00819,0.00823,0.00819,0.00823,598926.0
2023-07-05 04:30:00,0.00824,0.00824,0.00822,0.00824,521744.0
2023-07-05 04:45:00,0.00823,0.00823,0.0082,0.00822,869979.0
2023-07-05 05:00:00,0.00821,0.00823,0.00821,0.00823,93419.0
2023-07-05 05:15:00,0.00823,0.00824,0.00821,0.00821,591847.0
2023-07-05 05:30:00,0.00821,0.00822,0.00817,0.00817,504291.0
2023-07-05 05:45:00,0.00816,0.00819,0.00816,0.00818,397320.0
2023-07-05 06:00:00,0.0082,0.00821,0.00818,0.00819,359052.0
2023-07-05 06:15:00,0.00818,0.00819,0.00817,0.00817,496615.0
2023-07-05 06:30:00,0.00817,0.00821,0.00817,0.0082,294393.0
2023-07-05 06:45:00,0.0082,0.00822,0.0082,0.00822,506028.0
2023-07-05 07:00:00,0.00823,0.00825,0.00822,0.00824,740892.0
2023-07-05 07:15:00,0.00824,0.00828,0.00824,0.00826,2140520.0
2023-07-05 07:30:00,0.00826,0.00828,0.00821,0.00822,5159542.0
2023-07-05 07:45:00,0.00821,0.00821,0.0082,0.00821,283786.0
2023-07-05 08:00:00,0.0082,0.00822,0.00818,0.00818,426784.0
2023-07-05 08:15:00,0.00817,0.00817,0.0081,0.00817,2541552.0
2023-07-05 08:30:00,0.00816,0.00822,0.00815,0.0082,557477.0
2023-07-05 08:45:00,0.00818,0.0082,0.00817,0.0082,722507.0
2023-07-05 09:00:00,0.00819,0.00819,0.00813,0.00814,1556108.0
2023-07-05 09:15:00,0.00814,0.00815,0.00812,0.00814,1319539.0
2023-07-05 09:30:00,0.00814,0.00815,0.00809,0.00811,657976.0
2023-07-05 09:45:00,0.0081,0.00811,0.00808,0.00809,1004913.0
2023-07-05 10:00:00,0.00808,0.00809,0.00804,0.00806,2061324.0
2023-07-05 10:15:00,0.00805,0.0081,0.00803,0.00804,1249134.0
2023-07-05 10:30:00,0.00806,0.00806,0.00783,0.00792,4119303.0
2023-07-05 10:45:00,0.00791,0.00793,0.00778,0.00784,5476861.0
2023-07-05 11:00:00,0.00783,0.00787,0.00781,0.00785,2578411.0
2023-07-05 11:15:00,0.00785,0.00785,0.00778,0.00779,2102815.0
2023-07-05 11:30:00,0.00778,0.00779,0.00774,0.00778,1884441.0
2023-07-05 11:45:00,0.00778,0.00779,0.0077,0.00772,2184596.0
2023-07-05 12:00:00,0.00772,0.00776,0.00768,0.0077,4224708.0
2023-07-05 12:15:00,0.0077,0.00774,0.00769,0.00772,1926634.0
2023-07-05 12:30:00,0.00773,0.00776,0.00771,0.00771,2311231.0
2023-07-05 12:45:00,0.00771,0.00771,0.00766,0.00766,2189847.0
2023-07-05 13:00:00,0.00769,0.00772,0.00767,0.00772,2591816.0
2023-07-05 13:15:00,0.0077,0.00772,0.00765,0.00766,1098405.0
2023-07-05 13:30:00,0.00766,0.00772,0.00766,0.00772,637129.0
2023-07-05 13:45:00,0.00773,0.00773,0.00769,0.0077,1682622.0
2023-07-05 14:00:00,0.0077,0.00773,0.00769,0.00769,834253.0
2023-07-05 14:15:00,0.00769,0.00774,0.00769,0.0077,2362867.0
2023-07-05 14:30:00,0.0077,0.00773,0.00769,0.0077,634087.0
2023-07-05 14:45:00,0.0077,0.0077,0.00767,0.00767,466988.0
2023-07-05 15:00:00,0.00768,0.00768,0.00762,0.00762,1396475.0
2023-07-05 15:15:00,0.00761,0.00763,0.00758,0.00759,689118.0
2023-07-05 15:30:00,0.00759,0.00759,0.00751,0.00754,4402767.0
2023-07-05 15:45:00,0.00754,0.00759,0.00753,0.00756,3296949.0
2023-07-05 16:00:00,0.00756,0.00758,0.00753,0.00755,3495463.0
2023-07-05 16:15:00,0.00755,0.00759,0.00753,0.00757,1114532.0
2023-07-05 16:30:00,0.00757,0.0076,0.00755,0.0076,1874134.0
2023-07-05 16:45:00,0.0076,0.00762,0.00758,0.0076,1050613.0
2023-07-05 17:00:00,0.0076,0.00764,0.00759,0.0076,1161138.0
2023-07-05 17:15:00,0.0076,0.00763,0.0076,0.00762,947797.0
2023-07-05 17:30:00,0.00762,0.00762,0.00757,0.00757,749814.0
2023-07-05 17:45:00,0.00758,0.00759,0.00756,0.00758,842746.0
2023-07-05 18:00:00,0.00758,0.00761,0.00756,0.00756,1178578.0
2023-07-05 18:15:00,0.00757,0.00757,0.00753,0.00755,1140322.0
2023-07-05 18:30:00,0.00754,0.00756,0.00752,0.00752,1547161.0
2023-07-05 18:45:00,0.00751,0.00754,0.00751,0.00752,1119818.0
2023-07-05 19:00:00,0.00752,0.00753,0.00749,0.00752,1161132.0
2023-07-05 19:15:00,0.00753,0.00753,0.00751,0.00751,393429.0
2023-07-05 19:30:00,0.00751,0.00752,0.00748,0.00748,1294754.0
2023-07-05 19:45:00,0.00748,0.0075,0.00747,0.00748,2119175.0
2023-07-05 20:00:00,0.00748,0.0075,0.00747,0.00748,1233507.0
2023-07-05 20:15:00,0.00748,0.0075,0.00748,0.00749,457620.0
2023-07-05 20:30:00,0.0075,0.00752,0.00748,0.00751,679792.0
2023-07-05 20:45:00,0.0075,0.00752,0.00746,0.00747,1095563.0
2023-07-05 21:00:00,0.00747,0.0075,0.00744,0.00745,887517.0
2023-07-05 21:15:00,0.00745,0.00747,0.00744,0.00746,664258.0
2023-07-05 21:30:00,0.00747,0.00749,0.00741,0.00741,2214809.0
2023-07-05 21:45:00,0.00741,0.00745,0.00741,0.00743,1633903.0
2023-07-05 22:00:00,0.00745,0.00749,0.00743,0.00748,1032798.0
2023-07-05 22:15:00,0.00748,0.00751,0.00748,0.00748,1970713.0
2023-07-05 22:30:00,0.00748,0.00748,0.00744,0.00745,537612.0
2023-07-05 22:45:00,0.00746,0.00751,0.00745,0.00746,3500607.0
2023-07-05 23:00:00,0.00747,0.0075,0.00745,0.00749,794825.0
2023-07-05 23:15:00,0.00749,0.00753,0.00748,0.00753,752818.0
2023-07-05 23:30:00,0.00753,0.00754,0.00751,0.00754,370303.0
2023-07-05 23:45:00,0.00754,0.00754,0.00751,0.00751,621680.0
2023-07-06 00:00:00,0.00751,0.00751,0.00745,0.00745,1152787.0
2023-07-06 00:15:00,0.00746,0.00751,0.00745,0.00749,1556050.0
2023-07-06 00:30:00,0.00748,0.00749,0.00745,0.00745,1703069.0
2023-07-06 00:45:00,0.00745,0.00745,0.00741,0.00741,1869848.0
2023-07-06 01:00:00,0.00742,0.00743,0.00739,0.00739,1270325.0
2023-07-06 01:15:00,0.0074,0.0074,0.00735,0.00738,2716679.0
2023-07-06 01:30:00,0.00737,0.00744,0.00736,0.00741,3086878.0
2023-07-06 01:45:00,0.0074,0.00742,0.0074,0.00742,227487.0
2023-07-06 02:00:00,0.00743,0.00747,0.00742,0.00746,744699.0
2023-07-06 02:15:00,0.00746,0.00747,0.00741,0.00743,5707335.0
2023-07-06 02:30:00,0.00743,0.00745,0.0074,0.0074,608560.0
2023-07-06 02:45:00,0.0074,0.00741,0.0074,0.0074,1007179.0
2023-07-06 03:00:00,0.0074,0.00741,0.00739,0.00739,223648.0
2023-07-06 03:15:00,0.0074,0.00741,0.00739,0.0074,524934.0
2023-07-06 03:30:00,0.0074,0.00742,0.00739,0.00741,358155.0
2023-07-06 03:45:00,0.00741,0.00742,0.00739,0.00741,880259.0
2023-07-06 04:00:00,0.00741,0.00742,0.00737,0.00739,4751959.0
2023-07-06 04:15:00,0.0074,0.00741,0.00737,0.00737,618305.0
2023-07-06 04:30:00,0.00738,0.00739,0.00734,0.00734,1810017.0
2023-07-06 04:45:00,0.00736,0.00737,0.00731,0.00731,1814905.0
2023-07-06 05:00:00,0.00731,0.00736,0.00731,0.00733,1730645.0
2023-07-06 05:15:00,0.00734,0.00739,0.00734,0.00736,3220198.0
2023-07-06 05:30:00,0.00736,0.00742,0.00733,0.0074,1821516.0
2023-07-06 05:45:00,0.00742,0.00744,0.00739,0.00744,810805.0
2023-07-06 06:00:00,0.00744,0.00744,0.00738,0.00738,1227176.0
2023-07-06 06:15:00,0.00739,0.00741,0.00738,0.00739,1813209.0
2023-07-06 06:30:00,0.00739,0.00741,0.00738,0.0074,578134.0
2023-07-06 06:45:00,0.0074,0.00745,0.0074,0.00742,1461725.0
2023-07-06 07:00:00,0.00742,0.00746,0.00742,0.00744,1702220.0
2023-07-06 07:15:00,0.00744,0.00748,0.00744,0.00746,771271.0
2023-07-06 07:30:00,0.00746,0.00751,0.00746,0.00749,758731.0
2023-07-06 07:45:00,0.00749,0.00754,0.00747,0.00752,1748266.0
2023-07-06 08:00:00,0.00752,0.00755,0.00749,0.00749,2101780.0
2023-07-06 08:15:00,0.00749,0.00751,0.00744,0.00745,2132623.0
2023-07-06 08:30:00,0.00745,0.00749,0.00745,0.00748,1245890.0
2023-07-06 08:45:00,0.00747,0.00756,0.00747,0.00756,4123370.0
2023-07-06 09:00:00,0.00756,0.00758,0.00752,0.00756,3642880.0
2023-07-06 09:15:00,0.00757,0.0076,0.00756,0.00756,4186570.0
2023-07-06 09:30:00,0.00757,0.00758,0.00748,0.00749,4347751.0
2023-07-06 09:45:00,0.0075,0.00753,0.00746,0.00748,2140031.0
2023-07-06 10:00:00,0.00748,0.00749,0.00744,0.00746,1945316.0
2023-07-06 10:15:00,0.00747,0.00748,0.00742,0.00744,1460830.0
2023-07-06 10:30:00,0.00745,0.00747,0.00742,0.00746,1511286.0
2023-07-06 10:45:00,0.00746,0.00749,0.00742,0.00748,2185938.0
2023-07-06 11:00:00,0.00747,0.00749,0.00743,0.00745,3469397.0
2023-07-06 11:15:00,0.00744,0.00744,0.00741,0.00742,4233209.0
2023-07-06 11:30:00,0.00742,0.00743,0.00741,0.00742,647413.0
2023-07-06 11:45:00,0.00742,0.00743,0.00729,0.00733,6982400.0
2023-07-06 12:00:00,0.00733,0.00734,0.00721,0.00727,4871527.0
2023-07-06 12:15:00,0.00726,0.00727,0.00724,0.00726,1728478.0
2023-07-06 12:30:00,0.00727,0.00729,0.00719,0.00725,7147445.0
2023-07-06 12:45:00,0.00725,0.00727,0.00724,0.00725,600099.0
2023-07-06 13:00:00,0.00725,0.00727,0.00724,0.00724,972423.0
2023-07-06 13:15:00,0.00725,0.00726,0.00722,0.00723,1035179.0
2023-07-06 13:30:00,0.00722,0.00722,0.00716,0.00717,4499853.0
2023-07-06 13:45:00,0.00717,0.00718,0.00713,0.00713,2619065.0
2023-07-06 14:00:00,0.00713,0.00716,0.00697,0.00706,12304710.0
2023-07-06 14:15:00,0.00705,0.00705,0.00687,0.00691,10800502.0
2023-07-06 14:30:00,0.0069,0.00701,0.00688,0.007,8315548.0
2023-07-06 14:45:00,0.00699,0.00699,0.00694,0.00697,4427137.0
2023-07-06 15:00:00,0.00696,0.00696,0.00692,0.00694,2024837.0
2023-07-06 15:15:00,0.00693,0.00698,0.00693,0.00697,2201051.0
2023-07-06 15:30:00,0.00698,0.00702,0.00696,0.00701,1346268.0
2023-07-06 15:45:00,0.00701,0.00703,0.00699,0.00701,1222351.0
2023-07-06 16:00:00,0.00701,0.00704,0.00699,0.00703,2755126.0
2023-07-06 16:15:00,0.00703,0.00703,0.00699,0.00701,1664085.0
2023-07-06 16:30:00,0.00701,0.00701,0.00694,0.00694,2497320.0
2023-07-06 16:45:00,0.00694,0.00695,0.00691,0.00693,1682188.0
2023-07-06 17:00:00,0.00694,0.00695,0.00692,0.00693,786622.0
2023-07-06 17:15:00,0.00693,0.00694,0.00691,0.00693,314194.0
2023-07-06 17:30:00,0.00693,0.00699,0.00693,0.00699,2736510.0
2023-07-06 17:45:00,0.00698,0.00701,0.00697,0.00701,2105158.0
2023-07-06 18:00:00,0.00701,0.00705,0.00701,0.00705,891212.0
2023-07-06 18:15:00,0.00705,0.00709,0.00701,0.00703,2990081.0
2023-07-06 18:30:00,0.00704,0.00709,0.00702,0.00702,5819513.0
2023-07-06 18:45:00,0.00704,0.00712,0.00704,0.00711,1559204.0
2023-07-06 19:00:00,0.00711,0.00711,0.00703,0.00703,2077026.0
2023-07-06 19:15:00,0.00704,0.00707,0.00704,0.00706,639350.0
2023-07-06 19:30:00,0.00705,0.00705,0.007,0.00702,773543.0
2023-07-06 19:45:00,0.00702,0.00702,0.00699,0.007,288328.0
2023-07-06 20:00:00,0.00699,0.00702,0.00699,0.00701,487029.0
2023-07-06 20:15:00,0.007,0.00702,0.007,0.00701,880897.0
2023-07-06 20:30:00,0.00699,0.007,0.00697,0.00698,675208.0
2023-07-06 20:45:00,0.00698,0.00701,0.00698,0.00701,213420.0
2023-07-06 21:00:00,0.007,0.00701,0.00696,0.00696,920484.0
2023-07-06 21:15:00,0.00696,0.00697,0.00693,0.00696,2370373.0
2023-07-06 21:30:00,0.00695,0.00698,0.00695,0.00695,1087446.0
2023-07-06 21:45:00,0.00694,0.00698,0.00694,0.00698,745444.0
2023-07-06 22:00:00,0.00698,0.00702,0.00698,0.00701,2755447.0
2023-07-06 22:15:00,0.007,0.007,0.00699,0.007,138102.0
2023-07-06 22:30:00,0.007,0.007,0.00699,0.00699,492108.0
2023-07-06 22:45:00,0.00699,0.00699,0.00693,0.00696,3514566.0
2023-07-06 23:00:00,0.00696,0.00696,0.00692,0.00695,1239098.0
2023-07-06 23:15:00,0.00696,0.00697,0.00691,0.00695,2219790.0
2023-07-06 23:30:00,0.00694,0.00694,0.00689,0.00689,813251.0
2023-07-06 23:45:00,0.00689,0.00692,0.00688,0.00689,786873.0
2023-07-07 00:00:00,0.00689,0.00692,0.00682,0.00692,2882780.0
2023-07-07 00:15:00,0.00693,0.00693,0.00687,0.00689,1924358.0
2023-07-07 00:30:00,0.00688,0.00691,0.00683,0.0069,1395291.0
2023-07-07 00:45:00,0.00689,0.00692,0.00689,0.0069,996168.0
2023-07-07 01:00:00,0.00691,0.00691,0.00689,0.00689,265640.0
2023-07-07 01:15:00,0.00689,0.00689,0.00688,0.00688,508457.0
2023-07-07 01:30:00,0.00688,0.00693,0.00687,0.00691,1066082.0
2023-07-07 01:45:00,0.00691,0.00692,0.0069,0.00691,712968.0
2023-07-07 02:00:00,0.0069,0.00692,0.00685,0.00686,3679878.0
2023-07-07 02:15:00,0.00685,0.00686,0.00685,0.00685,739314.0
2023-07-07 02:30:00,0.00687,0.00689,0.00686,0.00687,1421890.0
2023-07-07 02:45:00,0.00687,0.00689,0.00686,0.00687,1301091.0
2023-07-07 03:00:00,0.00686,0.00687,0.00674,0.00676,7428651.0
2023-07-07 03:15:00,0.00677,0.00683,0.00677,0.00682,2407089.0
2023-07-07 03:30:00,0.00681,0.00685,0.0068,0.00681,4176685.0
2023-07-07 03:45:00,0.00682,0.00682,0.00679,0.00682,1193703.0
2023-07-07 04:00:00,0.00682,0.00684,0.00676,0.00678,4262693.0
2023-07-07 04:15:00,0.00676,0.00677,0.00675,0.00676,1504702.0
2023-07-07 04:30:00,0.00676,0.00679,0.00675,0.00678,499760.0
2023-07-07 04:45:00,0.00677,0.00677,0.00672,0.00674,1405591.0
2023-07-07 05:00:00,0.00673,0.00673,0.00667,0.0067,1383333.0
2023-07-07 05:15:00,0.00671,0.00679,0.00671,0.00676,1982257.0
2023-07-07 05:30:00,0.00676,0.00676,0.0067,0.0067,3100953.0
2023-07-07 05:45:00,0.00672,0.00673,0.00668,0.00669,1684217.0
2023-07-07 06:00:00,0.00669,0.00671,0.00668,0.00669,5641574.0
2023-07-07 06:15:00,0.0067,0.0067,0.00667,0.00669,942642.0
2023-07-07 06:30:00,0.00668,0.00673,0.00668,0.00671,2144544.0
2023-07-07 06:45:00,0.00671,0.00672,0.0067,0.00672,598433.0
2023-07-07 07:00:00,0.00672,0.00675,0.00672,0.00674,715218.0
2023-07-07 07:15:00,0.00674,0.00677,0.00674,0.00675,383738.0
2023-07-07 07:30:00,0.00674,0.00676,0.00672,0.00673,966193.0
2023-07-07 07:45:00,0.00674,0.00675,0.00669,0.00671,3407632.0
2023-07-07 08:00:00,0.00671,0.00673,0.00669,0.00673,715145.0
2023-07-07 08:15:00,0.00673,0.00673,0.00668,0.00669,490171.0
2023-07-07 08:30:00,0.00669,0.0067,0.00668,0.0067,450276.0
2023-07-07 08:45:00,0.0067,0.00671,0.00666,0.00666,997904.0
2023-07-07 09:00:00,0.00668,0.00673,0.00667,0.00672,2188892.0
2023-07-07 09:15:00,0.00672,0.00677,0.00672,0.00676,1495214.0
2023-07-07 09:30:00,0.00676,0.00681,0.00676,0.0068,3708715.0
2023-07-07 09:45:00,0.00681,0.00682,0.00678,0.0068,1797969.0
2023-07-07 10:00:00,0.00681,0.00682,0.00676,0.00677,1529580.0
2023-07-07 10:15:00,0.00677,0.00678,0.00676,0.00676,1692568.0
2023-07-07 10:30:00,0.00677,0.0068,0.00677,0.0068,391169.0
2023-07-07 10:45:00,0.0068,0.00681,0.00678,0.00678,466702.0
2023-07-07 11:00:00,0.00679,0.00679,0.00676,0.00676,2914997.0
2023-07-07 11:15:00,0.00676,0.00677,0.00675,0.00677,1168580.0
2023-07-07 11:30:00,0.00677,0.00678,0.00675,0.00676,635399.0
2023-07-07 11:45:00,0.00676,0.00676,0.00673,0.00675,2227644.0
2023-07-07 12:00:00,0.00674,0.00676,0.00673,0.00673,1658689.0
2023-07-07 12:15:00,0.00673,0.00673,0.00668,0.00668,2092001.0
2023-07-07 12:30:00,0.00669,0.00679,0.00669,0.00674,3353479.0
2023-07-07 12:45:00,0.00675,0.00677,0.00674,0.00674,1289642.0
2023-07-07 13:00:00,0.00675,0.00675,0.0067,0.00673,2469195.0
2023-07-07 13:15:00,0.00672,0.00674,0.00671,0.00674,1234735.0
2023-07-07 13:30:00,0.00674,0.00676,0.00674,0.00676,896376.0
2023-07-07 13:45:00,0.00675,0.00679,0.00674,0.00679,2104064.0
2023-07-07 14:00:00,0.00678,0.00679,0.00675,0.00675,690973.0
2023-07-07 14:15:00,0.00674,0.00674,0.00672,0.00674,1584153.0
2023-07-07 14:30:00,0.00673,0.00676,0.00672,0.00676,755433.0
2023-07-07 14:45:00,0.00675,0.00677,0.00675,0.00676,673479.0
2023-07-07 15:00:00,0.00676,0.00679,0.00676,0.00677,3686893.0
2023-07-07 15:15:00,0.00676,0.00677,0.00675,0.00675,777740.0
2023-07-07 15:30:00,0.00676,0.00677,0.00675,0.00676,380041.0
2023-07-07 15:45:00,0.00676,0.00679,0.00676,0.00677,1337667.0
2023-07-07 16:00:00,0.00677,0.00678,0.00675,0.00677,1674534.0
2023-07-07 16:15:00,0.00678,0.00678,0.00675,0.00675,3677166.0
2023-07-07 16:30:00,0.00675,0.00679,0.00675,0.00678,2416579.0
2023-07-07 16:45:00,0.00679,0.00679,0.00675,0.00675,710362.0
2023-07-07 17:00:00,0.00676,0.00676,0.00673,0.00675,2436834.0
2023-07-07 17:15:00,0.00675,0.00675,0.00671,0.00673,2378361.0
2023-07-07 17:30:00,0.00671,0.00672,0.0067,0.00672,728636.0
2023-07-07 17:45:00,0.00672,0.00672,0.00668,0.00671,4191969.0
2023-07-07 18:00:00,0.00669,0.00672,0.00669,0.00672,222179.0
2023-07-07 18:15:00,0.00672,0.00673,0.0067,0.00671,302063.0
2023-07-07 18:30:00,0.00671,0.00671,0.00668,0.00669,346280.0
2023-07-07 18:45:00,0.0067,0.0067,0.00665,0.00666,802556.0
2023-07-07 19:00:00,0.00665,0.0067,0.00665,0.0067,416268.0
2023-07-07 19:15:00,0.0067,0.00671,0.0067,0.00671,386110.0
2023-07-07 19:30:00,0.00671,0.00674,0.00671,0.00674,270120.0
2023-07-07 19:45:00,0.00674,0.00675,0.00673,0.00674,1647959.0
2023-07-07 20:00:00,0.00674,0.00674,0.00672,0.00673,540403.0
2023-07-07 20:15:00,0.00672,0.00673,0.00672,0.00673,335184.0
2023-07-07 20:30:00,0.00672,0.00675,0.0067,0.00671,2323167.0
2023-07-07 20:45:00,0.0067,0.00672,0.0067,0.00672,546303.0
2023-07-07 21:00:00,0.00672,0.00672,0.0067,0.0067,915962.0
2023-07-07 21:15:00,0.00669,0.00672,0.00669,0.00672,783497.0
2023-07-07 21:30:00,0.00672,0.00672,0.00668,0.00668,1721239.0
2023-07-07 21:45:00,0.00669,0.00669,0.00666,0.00667,1133423.0
2023-07-07 22:00:00,0.00666,0.00667,0.00664,0.00667,2435698.0
2023-07-07 22:15:00,0.00667,0.00668,0.00667,0.00668,393476.0
2023-07-07 22:30:00,0.00667,0.00668,0.00667,0.00668,218958.0
2023-07-07 22:45:00,0.00667,0.0067,0.00667,0.00669,1528738.0
2023-07-07 23:00:00,0.0067,0.00673,0.0067,0.00672,1271005.0
2023-07-07 23:15:00,0.00672,0.00675,0.00672,0.00674,2158375.0
2023-07-07 23:30:00,0.00673,0.00673,0.00672,0.00672,373468.0
2023-07-07 23:45:00,0.00672,0.00674,0.00672,0.00674,381369.0
2023-07-08 00:00:00,0.00674,0.00674,0.00669,0.00669,1546641.0
2023-07-08 00:15:00,0.00669,0.00671,0.00669,0.00669,1994775.0
2023-07-08 00:30:00,0.00669,0.00671,0.00668,0.00671,1617266.0
2023-07-08 00:45:00,0.00672,0.00674,0.00672,0.00674,852496.0
2023-07-08 01:00:00,0.00674,0.00676,0.00673,0.00675,5554856.0
2023-07-08 01:15:00,0.00675,0.00681,0.00675,0.00681,2043833.0
2023-07-08 01:30:00,0.00681,0.00687,0.0068,0.00684,8042162.0
2023-07-08 01:45:00,0.00684,0.00684,0.0068,0.0068,950019.0
2023-07-08 02:00:00,0.00681,0.00682,0.0068,0.0068,424407.0
2023-07-08 02:15:00,0.0068,0.00682,0.0068,0.00681,216913.0
2023-07-08 02:30:00,0.00679,0.00681,0.00678,0.00681,381536.0
2023-07-08 02:45:00,0.00681,0.00683,0.00681,0.00681,1019877.0
2023-07-08 03:00:00,0.0068,0.00685,0.00677,0.00684,4241918.0
2023-07-08 03:15:00,0.00683,0.00683,0.00679,0.00679,1464889.0
2023-07-08 03:30:00,0.00678,0.0068,0.00677,0.00678,453014.0
2023-07-08 03:45:00,0.00678,0.00678,0.00676,0.00677,479511.0
2023-07-08 04:00:00,0.00677,0.00678,0.00674,0.00676,2052836.0
2023-07-08 04:15:00,0.00676,0.00678,0.00676,0.00678,202953.0
2023-07-08 04:30:00,0.00678,0.00679,0.00678,0.00678,191267.0
2023-07-08 04:45:00,0.00678,0.0068,0.00677,0.00679,333945.0
2023-07-08 05:00:00,0.00678,0.00678,0.00673,0.00674,1373076.0
2023-07-08 05:15:00,0.00673,0.0068,0.00673,0.0068,4009581.0
2023-07-08 05:30:00,0.00681,0.00683,0.0068,0.00683,4505731.0
2023-07-08 05:45:00,0.00682,0.00687,0.00681,0.00687,5099735.0
2023-07-08 06:00:00,0.00686,0.00702,0.00686,0.00697,30623844.0
2023-07-08 06:15:00,0.00697,0.00699,0.00688,0.00699,8902221.0
2023-07-08 06:30:00,0.00699,0.00699,0.00688,0.00691,8175227.0
2023-07-08 06:45:00,0.00691,0.00706,0.00691,0.00699,14869723.0
2023-07-08 07:00:00,0.00701,0.00701,0.00693,0.00694,7841562.0
2023-07-08 07:15:00,0.00694,0.00708,0.00693,0.00706,9314954.0
2023-07-08 07:30:00,0.00706,0.00711,0.00701,0.00709,9335523.0
2023-07-08 07:45:00,0.00709,0.00711,0.00703,0.00707,9440693.0
2023-07-08 08:00:00,0.00706,0.00709,0.00701,0.00704,7077902.0
2023-07-08 08:15:00,0.00704,0.00707,0.00702,0.00705,5121461.0
2023-07-08 08:30:00,0.00705,0.00707,0.00703,0.00704,2075963.0
2023-07-08 08:45:00,0.00704,0.00711,0.00702,0.00704,2500201.0
2023-07-08 09:00:00,0.00704,0.00709,0.00703,0.00709,1506451.0
2023-07-08 09:15:00,0.0071,0.00712,0.00705,0.00707,2783671.0
2023-07-08 09:30:00,0.00707,0.00712,0.00706,0.00707,4593305.0
2023-07-08 09:45:00,0.00708,0.0071,0.00707,0.0071,2806180.0
2023-07-08 10:00:00,0.0071,0.0071,0.00707,0.00708,2389455.0
2023-07-08 10:15:00,0.00708,0.00709,0.00706,0.00708,2966624.0
2023-07-08 10:30:00,0.00707,0.00709,0.00705,0.00708,2668837.0
2023-07-08 10:45:00,0.00708,0.00708,0.00702,0.00704,1893173.0
2023-07-08 11:00:00,0.00703,0.00706,0.007,0.00701,1370674.0
2023-07-08 11:15:00,0.00701,0.00705,0.00698,0.00705,6306766.0
2023-07-08 11:30:00,0.00705,0.00709,0.00699,0.007,6375029.0
2023-07-08 11:45:00,0.00702,0.00707,0.00701,0.00704,3071438.0
2023-07-08 12:00:00,0.00704,0.00705,0.00696,0.00698,3963792.0
2023-07-08 12:15:00,0.00698,0.00705,0.00698,0.00703,2375530.0
2023-07-08 12:30:00,0.00704,0.00707,0.00701,0.00701,1188708.0
2023-07-08 12:45:00,0.00702,0.00702,0.00694,0.00696,4843762.0
2023-07-08 13:00:00,0.00695,0.007,0.00695,0.00698,2522104.0
2023-07-08 13:15:00,0.00698,0.007,0.00696,0.00698,1465625.0
2023-07-08 13:30:00,0.00697,0.007,0.00694,0.00694,6982509.0
2023-07-08 13:45:00,0.00694,0.00695,0.00691,0.00692,3290197.0
2023-07-08 14:00:00,0.00691,0.00693,0.00684,0.00688,5797798.0
2023-07-08 14:15:00,0.00688,0.00691,0.00687,0.0069,2915064.0
2023-07-08 14:30:00,0.00689,0.00691,0.00687,0.00689,1177310.0
2023-07-08 14:45:00,0.00689,0.00689,0.00683,0.00686,3108906.0
2023-07-08 15:00:00,0.00685,0.00685,0.00679,0.00682,2945036.0
2023-07-08 15:15:00,0.00682,0.00686,0.00682,0.00684,788633.0
2023-07-08 15:30:00,0.00683,0.00687,0.00681,0.00684,4359538.0
2023-07-08 15:45:00,0.00685,0.00687,0.00683,0.00687,1665181.0
2023-07-08 16:00:00,0.00688,0.00689,0.00687,0.00688,2123646.0
2023-07-08 16:15:00,0.00688,0.00689,0.00686,0.00687,1073291.0
2023-07-08 16:30:00,0.00687,0.00687,0.00684,0.00685,2192960.0
2023-07-08 16:45:00,0.00685,0.00685,0.0068,0.0068,2892785.0
2023-07-08 17:00:00,0.0068,0.00683,0.0068,0.0068,1312053.0
2023-07-08 17:15:00,0.00682,0.00682,0.00677,0.00679,1508412.0
2023-07-08 17:30:00,0.00678,0.00678,0.00676,0.00677,1206518.0
2023-07-08 17:45:00,0.00677,0.00678,0.00674,0.00675,1261275.0
2023-07-08 18:00:00,0.00676,0.00677,0.00672,0.00672,1871056.0
2023-07-08 18:15:00,0.00672,0.00673,0.0067,0.00672,996483.0
2023-07-08 18:30:00,0.00673,0.00674,0.0067,0.00671,1064994.0
2023-07-08 18:45:00,0.00671,0.00671,0.00666,0.00668,6321841.0
2023-07-08 19:00:00,0.00668,0.00669,0.00664,0.00665,3533122.0
2023-07-08 19:15:00,0.00664,0.00668,0.0066,0.00668,6230320.0
2023-07-08 19:30:00,0.00666,0.00668,0.00665,0.00668,360626.0
2023-07-08 19:45:00,0.00668,0.00668,0.00662,0.00663,1948692.0
2023-07-08 20:00:00,0.00662,0.00664,0.00658,0.00663,2532724.0
2023-07-08 20:15:00,0.00662,0.00664,0.00659,0.00664,1451593.0
2023-07-08 20:30:00,0.00663,0.00665,0.00662,0.00665,279933.0
2023-07-08 20:45:00,0.00664,0.00666,0.00663,0.00666,1911241.0
2023-07-08 21:00:00,0.00666,0.00666,0.00663,0.00664,1926520.0
2023-07-08 21:15:00,0.00664,0.00668,0.00664,0.00668,1561227.0
2023-07-08 21:30:00,0.00669,0.00669,0.00665,0.00665,2564587.0
2023-07-08 21:45:00,0.00665,0.00668,0.00665,0.00668,879422.0
2023-07-08 22:00:00,0.00669,0.00673,0.00669,0.00671,2975587.0
2023-07-08 22:15:00,0.00671,0.00674,0.0067,0.00674,4894597.0
2023-07-08 22:30:00,0.00674,0.00681,0.00674,0.0068,3802875.0
2023-07-08 22:45:00,0.0068,0.00688,0.00679,0.00685,5467435.0
2023-07-08 23:00:00,0.00685,0.00693,0.00685,0.00687,2793111.0
2023-07-08 23:15:00,0.00688,0.00689,0.00686,0.00689,957125.0
2023-07-08 23:30:00,0.00689,0.00689,0.00683,0.00685,869663.0
2023-07-08 23:45:00,0.00686,0.00686,0.00682,0.00682,201914.0
2023-07-09 00:00:00,0.00682,0.00684,0.00677,0.00677,1716799.0
2023-07-09 00:15:00,0.00678,0.00679,0.00674,0.00675,1771002.0
2023-07-09 00:30:00,0.00675,0.00679,0.00675,0.00676,2334866.0
2023-07-09 00:45:00,0.00676,0.00677,0.00674,0.00674,2278063.0
2023-07-09 01:00:00,0.00675,0.00683,0.00675,0.00683,3791292.0
2023-07-09 01:15:00,0.00684,0.00684,0.0068,0.00681,1589645.0
2023-07-09 01:30:00,0.00682,0.00682,0.0068,0.0068,81138.0
2023-07-09 01:45:00,0.00681,0.00683,0.00681,0.00683,232373.0
2023-07-09 02:00:00,0.00683,0.00684,0.00678,0.00679,3726370.0
2023-07-09 02:15:00,0.0068,0.00681,0.00679,0.00681,1139295.0
2023-07-09 02:30:00,0.00678,0.00678,0.00677,0.00677,886208.0
2023-07-09 02:45:00,0.00678,0.0068,0.00678,0.0068,439819.0
2023-07-09 03:00:00,0.0068,0.0068,0.00678,0.00679,424501.0
2023-07-09 03:15:00,0.00678,0.00678,0.00677,0.00678,76251.0
2023-07-09 03:30:00,0.00679,0.00679,0.00679,0.00679,256259.0
2023-07-09 03:45:00,0.00679,0.00679,0.00678,0.00679,376525.0
2023-07-09 04:00:00,0.00679,0.00679,0.00677,0.00677,386505.0
2023-07-09 04:15:00,0.00678,0.0068,0.00678,0.00679,207773.0
2023-07-09 04:30:00,0.00679,0.00681,0.00679,0.00681,992871.0
2023-07-09 04:45:00,0.00681,0.00682,0.00681,0.00682,684665.0
2023-07-09 05:00:00,0.00681,0.00682,0.00678,0.0068,2395957.0
2023-07-09 05:15:00,0.0068,0.0068,0.00679,0.00679,442549.0
2023-07-09 05:30:00,0.00679,0.00696,0.00679,0.00691,12085956.0
2023-07-09 05:45:00,0.0069,0.00709,0.00687,0.00704,38904822.0
2023-07-09 06:00:00,0.00703,0.00709,0.00696,0.00704,43122268.0
2023-07-09 06:15:00,0.00705,0.00709,0.007,0.00703,12897848.0
2023-07-09 06:30:00,0.00702,0.00711,0.00699,0.00706,6645795.0
2023-07-09 06:45:00,0.00706,0.0071,0.00703,0.00705,6053377.0
2023-07-09 07:00:00,0.00704,0.00714,0.00704,0.00713,6997412.0
2023-07-09 07:15:00,0.00714,0.0072,0.00712,0.00714,9186802.0
2023-07-09 07:30:00,0.00714,0.00715,0.00706,0.00707,11236073.0
2023-07-09 07:45:00,0.00707,0.00714,0.00704,0.00712,9734023.0
2023-07-09 08:00:00,0.00711,0.00714,0.00708,0.00714,6746450.0
2023-07-09 08:15:00,0.00714,0.00714,0.00705,0.00707,6272907.0
2023-07-09 08:30:00,0.00707,0.00708,0.00703,0.00706,5443667.0
2023-07-09 08:45:00,0.00706,0.00707,0.00699,0.00701,7810001.0
2023-07-09 09:00:00,0.007,0.00705,0.00698,0.00698,4380675.0
2023-07-09 09:15:00,0.007,0.00701,0.00697,0.007,3272985.0
2023-07-09 09:30:00,0.007,0.007,0.0069,0.00692,11053070.0
2023-07-09 09:45:00,0.00693,0.00694,0.00689,0.0069,4317832.0
2023-07-09 10:00:00,0.00689,0.00691,0.00687,0.00687,2491141.0
2023-07-09 10:15:00,0.00687,0.00692,0.00685,0.00692,4249264.0
2023-07-09 10:30:00,0.00692,0.00692,0.00686,0.00687,3771022.0
2023-07-09 10:45:00,0.00687,0.00688,0.00685,0.00687,2265435.0
2023-07-09 11:00:00,0.00687,0.00687,0.00679,0.00683,8087568.0
2023-07-09 11:15:00,0.00682,0.00685,0.00681,0.00683,3234162.0
2023-07-09 11:30:00,0.00683,0.00686,0.00683,0.00684,1336574.0
2023-07-09 11:45:00,0.00684,0.00685,0.00681,0.00681,2238885.0
2023-07-09 12:00:00,0.00682,0.00684,0.00681,0.00683,787158.0
2023-07-09 12:15:00,0.00683,0.00684,0.00682,0.00682,1090981.0
2023-07-09 12:30:00,0.00682,0.00686,0.00682,0.00685,2097436.0
2023-07-09 12:45:00,0.00684,0.00687,0.00683,0.00686,2751061.0
2023-07-09 13:00:00,0.00686,0.00686,0.00684,0.00684,1048803.0
2023-07-09 13:15:00,0.00685,0.00685,0.00682,0.00684,2706973.0
2023-07-09 13:30:00,0.00684,0.00684,0.0068,0.0068,3976985.0
2023-07-09 13:45:00,0.0068,0.00682,0.00677,0.00678,2831654.0
2023-07-09 14:00:00,0.00678,0.00679,0.00671,0.00672,9505111.0
2023-07-09 14:15:00,0.00674,0.00674,0.00672,0.00674,946750.0
2023-07-09 14:30:00,0.00673,0.00679,0.00673,0.00675,2771478.0
2023-07-09 14:45:00,0.00675,0.00676,0.00672,0.00673,2529354.0
2023-07-09 15:00:00,0.00673,0.00675,0.00672,0.00672,1839516.0
2023-07-09 15:15:00,0.00671,0.00674,0.0067,0.00673,5069652.0
2023-07-09 15:30:00,0.00672,0.00672,0.00668,0.0067,3482196.0
2023-07-09 15:45:00,0.00671,0.00676,0.00671,0.00675,4410734.0
2023-07-09 16:00:00,0.00676,0.00681,0.00676,0.00681,2090266.0
2023-07-09 16:15:00,0.00681,0.00681,0.00679,0.0068,327340.0
2023-07-09 16:30:00,0.0068,0.00683,0.0068,0.00681,1238848.0
2023-07-09 16:45:00,0.00681,0.00681,0.00678,0.00679,1063249.0
2023-07-09 17:00:00,0.00678,0.00681,0.00678,0.00681,610379.0
2023-07-09 17:15:00,0.00682,0.00683,0.00682,0.00682,558522.0
2023-07-09 17:30:00,0.00682,0.00683,0.00682,0.00682,139667.0
2023-07-09 17:45:00,0.00683,0.00683,0.00682,0.00682,35837.0
2023-07-09 18:00:00,0.00681,0.00685,0.00681,0.00685,884712.0
2023-07-09 18:15:00,0.00685,0.00689,0.00685,0.00687,874110.0
2023-07-09 18:30:00,0.00687,0.00688,0.00685,0.00688,268319.0
2023-07-09 18:45:00,0.00687,0.00688,0.00684,0.00684,1106324.0
2023-07-09 19:00:00,0.00684,0.00687,0.00684,0.00687,1791666.0
2023-07-09 19:15:00,0.00687,0.00693,0.00687,0.0069,2120613.0
2023-07-09 19:30:00,0.0069,0.00692,0.0069,0.00691,1041976.0
2023-07-09 19:45:00,0.00691,0.00691,0.00685,0.00686,3705340.0
2023-07-09 20:00:00,0.00686,0.00687,0.00681,0.00681,1949467.0
2023-07-09 20:15:00,0.00682,0.00683,0.0068,0.0068,997835.0
2023-07-09 20:30:00,0.0068,0.00681,0.00677,0.0068,983951.0
2023-07-09 20:45:00,0.0068,0.0068,0.00676,0.00678,857738.0
2023-07-09 21:00:00,0.00679,0.0068,0.00677,0.00677,609831.0
2023-07-09 21:15:00,0.00677,0.00677,0.00675,0.00676,799106.0
2023-07-09 21:30:00,0.00678,0.00678,0.00676,0.00676,466023.0
2023-07-09 21:45:00,0.00678,0.00678,0.00675,0.00675,910364.0
2023-07-09 22:00:00,0.00677,0.00678,0.00675,0.00676,1479029.0
2023-07-09 22:15:00,0.00677,0.00679,0.00677,0.00677,1051435.0
2023-07-09 22:30:00,0.00677,0.00681,0.00676,0.00681,1034214.0
2023-07-09 22:45:00,0.00681,0.00681,0.00679,0.00679,683153.0
2023-07-09 23:00:00,0.00679,0.00679,0.00676,0.00676,543781.0
2023-07-09 23:15:00,0.00676,0.00676,0.00674,0.00674,375171.0
2023-07-09 23:30:00,0.00676,0.00676,0.00674,0.00675,909061.0
2023-07-09 23:45:00,0.00675,0.00678,0.00675,0.00678,862160.0
2023-07-10 00:00:00,0.00677,0.00677,0.00661,0.00666,3875795.0
2023-07-10 00:15:00,0.00665,0.00665,0.0066,0.00664,3961384.0
2023-07-10 00:30:00,0.00665,0.0067,0.00665,0.00668,2427890.0
2023-07-10 00:45:00,0.00666,0.00672,0.00666,0.0067,4000755.0
2023-07-10 01:00:00,0.0067,0.00672,0.00667,0.00668,1716657.0
2023-07-10 01:15:00,0.00668,0.00672,0.00667,0.00671,1318405.0
2023-07-10 01:30:00,0.00671,0.00672,0.00666,0.00666,1717721.0
2023-07-10 01:45:00,0.00667,0.00667,0.0066,0.0066,2467646.0
2023-07-10 02:00:00,0.0066,0.00662,0.00657,0.00657,2320387.0
2023-07-10 02:15:00,0.00657,0.00658,0.00654,0.00658,3542451.0
2023-07-10 02:30:00,0.00659,0.00659,0.00651,0.00653,2864186.0
2023-07-10 02:45:00,0.00653,0.00658,0.00653,0.00657,1555462.0
2023-07-10 03:00:00,0.00657,0.00659,0.00652,0.00655,1444170.0
2023-07-10 03:15:00,0.00654,0.00654,0.00653,0.00653,442307.0
2023-07-10 03:30:00,0.00653,0.00653,0.00648,0.00648,2116004.0
2023-07-10 03:45:00,0.00649,0.00651,0.00644,0.00645,1636691.0
2023-07-10 04:00:00,0.00645,0.00647,0.00643,0.00644,670766.0
2023-07-10 04:15:00,0.00644,0.00646,0.00643,0.00644,1351880.0
2023-07-10 04:30:00,0.00644,0.00648,0.00644,0.00646,856714.0
2023-07-10 04:45:00,0.00645,0.00647,0.00642,0.00643,762212.0
2023-07-10 05:00:00,0.00643,0.00645,0.00641,0.00645,1317416.0
2023-07-10 05:15:00,0.00645,0.00645,0.00637,0.00637,1727244.0
2023-07-10 05:30:00,0.00638,0.00639,0.00635,0.00637,2706319.0
2023-07-10 05:45:00,0.00637,0.0064,0.00637,0.00639,3572066.0
2023-07-10 06:00:00,0.00638,0.00643,0.00638,0.00643,1739558.0
2023-07-10 06:15:00,0.00641,0.00644,0.00641,0.00644,1006191.0
2023-07-10 06:30:00,0.00643,0.00645,0.00643,0.00644,1326635.0
2023-07-10 06:45:00,0.00644,0.00646,0.00643,0.00645,1230556.0
2023-07-10 07:00:00,0.00645,0.0065,0.00645,0.00649,1611795.0
2023-07-10 07:15:00,0.0065,0.00653,0.0065,0.00653,6691050.0
2023-07-10 07:30:00,0.00654,0.00655,0.00652,0.00652,1771277.0
2023-07-10 07:45:00,0.00652,0.00653,0.00648,0.00651,2277670.0
2023-07-10 08:00:00,0.00649,0.00649,0.00644,0.00646,2234024.0
2023-07-10 08:15:00,0.00645,0.00649,0.00642,0.00648,2686764.0
2023-07-10 08:30:00,0.00647,0.00649,0.00643,0.00649,1478146.0
2023-07-10 08:45:00,0.0065,0.0065,0.00646,0.00647,2222880.0
2023-07-10 09:00:00,0.00646,0.00647,0.00643,0.00644,1382927.0
2023-07-10 09:15:00,0.00643,0.00651,0.00642,0.0065,4510449.0
2023-07-10 09:30:00,0.00651,0.00652,0.00649,0.00651,2596996.0
2023-07-10 09:45:00,0.0065,0.00651,0.00648,0.00648,886494.0
2023-07-10 10:00:00,0.00648,0.00648,0.00646,0.00647,1071004.0
2023-07-10 10:15:00,0.00647,0.00648,0.00647,0.00648,517053.0
2023-07-10 10:30:00,0.00648,0.0065,0.00647,0.00647,506913.0
2023-07-10 10:45:00,0.00649,0.0065,0.00646,0.00647,856858.0
2023-07-10 11:00:00,0.00646,0.00648,0.00646,0.00647,1503936.0
2023-07-10 11:15:00,0.00648,0.00648,0.00646,0.00646,463626.0
2023-07-10 11:30:00,0.00646,0.00649,0.00646,0.00647,1183158.0
2023-07-10 11:45:00,0.00648,0.00648,0.00646,0.00646,1524199.0
2023-07-10 12:00:00,0.00647,0.00648,0.00646,0.00646,120789.0
2023-07-10 12:15:00,0.00646,0.00648,0.00645,0.00648,1757591.0
2023-07-10 12:30:00,0.00648,0.00649,0.00644,0.00645,752724.0
2023-07-10 12:45:00,0.00645,0.00645,0.00641,0.00642,2225934.0
2023-07-10 13:00:00,0.00642,0.00643,0.00641,0.00642,673763.0
2023-07-10 13:15:00,0.00643,0.00644,0.00642,0.00643,716676.0
2023-07-10 13:30:00,0.00644,0.0065,0.00644,0.00647,2105284.0
2023-07-10 13:45:00,0.00646,0.00647,0.00644,0.00645,1454357.0
2023-07-10 14:00:00,0.00645,0.00647,0.00644,0.00645,683746.0
2023-07-10 14:15:00,0.00645,0.00649,0.00645,0.00649,1353529.0
2023-07-10 14:30:00,0.0065,0.00651,0.00645,0.00647,1320823.0
2023-07-10 14:45:00,0.00647,0.00651,0.00647,0.0065,928326.0
2023-07-10 15:00:00,0.00651,0.00654,0.00648,0.00649,1993837.0
2023-07-10 15:15:00,0.00648,0.00649,0.00645,0.00646,3686466.0
2023-07-10 15:30:00,0.00647,0.00648,0.00645,0.00645,973701.0
2023-07-10 15:45:00,0.00646,0.00646,0.00643,0.00645,288427.0
2023-07-10 16:00:00,0.00643,0.00646,0.00642,0.00643,1869912.0
2023-07-10 16:15:00,0.00643,0.00647,0.00642,0.00646,4356777.0
2023-07-10 16:30:00,0.00646,0.00651,0.00644,0.00651,5395403.0
2023-07-10 16:45:00,0.0065,0.00656,0.0065,0.00656,3219327.0
2023-07-10 17:00:00,0.00657,0.00663,0.00657,0.00661,3701688.0
2023-07-10 17:15:00,0.00661,0.00666,0.0066,0.00665,2214305.0
2023-07-10 17:30:00,0.00665,0.00668,0.00663,0.00663,2132515.0
2023-07-10 17:45:00,0.00663,0.00663,0.00658,0.00659,1982452.0
2023-07-10 18:00:00,0.00659,0.00661,0.00658,0.00658,598878.0
2023-07-10 18:15:00,0.00659,0.00659,0.00658,0.00658,205870.0
2023-07-10 18:30:00,0.00658,0.00662,0.00658,0.00661,1974943.0
2023-07-10 18:45:00,0.00662,0.00663,0.00659,0.00661,1431534.0
2023-07-10 19:00:00,0.00662,0.00664,0.00661,0.00664,421868.0
2023-07-10 19:15:00,0.00665,0.0067,0.00665,0.0067,2638507.0
2023-07-10 19:30:00,0.0067,0.00671,0.00669,0.00669,790600.0
2023-07-10 19:45:00,0.0067,0.00672,0.0067,0.00671,1268682.0
2023-07-10 20:00:00,0.00671,0.00686,0.00671,0.00685,7396066.0
2023-07-10 20:15:00,0.00685,0.0069,0.00683,0.00687,9460125.0
2023-07-10 20:30:00,0.00688,0.00691,0.00683,0.00685,4580425.0
2023-07-10 20:45:00,0.00684,0.00686,0.0068,0.00684,2671772.0
2023-07-10 21:00:00,0.00684,0.00691,0.00684,0.00687,3457244.0
2023-07-10 21:15:00,0.00687,0.00689,0.00685,0.00687,2907942.0
2023-07-10 21:30:00,0.00686,0.0069,0.00686,0.00689,1430075.0
2023-07-10 21:45:00,0.00687,0.00687,0.00676,0.00678,3874046.0
2023-07-10 22:00:00,0.00677,0.0068,0.0067,0.00671,5787381.0
2023-07-10 22:15:00,0.0067,0.00672,0.00668,0.00672,1059492.0
2023-07-10 22:30:00,0.00672,0.00673,0.00671,0.00671,339163.0
2023-07-10 22:45:00,0.0067,0.00673,0.00669,0.00672,286771.0
2023-07-10 23:00:00,0.00674,0.00674,0.00669,0.0067,1581582.0
2023-07-10 23:15:00,0.00671,0.00671,0.0067,0.0067,65647.0
2023-07-10 23:30:00,0.0067,0.0067,0.00667,0.00669,595573.0
2023-07-10 23:45:00,0.00668,0.00669,0.00667,0.00669,302460.0
2023-07-11 00:00:00,0.00668,0.00669,0.00664,0.00669,3199793.0
2023-07-11 00:15:00,0.00669,0.00675,0.00669,0.00674,1313989.0
2023-07-11 00:30:00,0.00674,0.00674,0.00664,0.00664,2372798.0
2023-07-11 00:45:00,0.00665,0.00671,0.00665,0.00671,425508.0
2023-07-11 01:00:00,0.00672,0.00673,0.0067,0.00671,608769.0
2023-07-11 01:15:00,0.00671,0.00671,0.00667,0.00669,1631003.0
2023-07-11 01:30:00,0.00669,0.0067,0.00669,0.00669,245693.0
2023-07-11 01:45:00,0.00669,0.00669,0.00666,0.00667,1055408.0
2023-07-11 02:00:00,0.00667,0.00671,0.00666,0.0067,612523.0
2023-07-11 02:15:00,0.0067,0.00671,0.00669,0.0067,380517.0
2023-07-11 02:30:00,0.00669,0.00672,0.00669,0.00671,525059.0
2023-07-11 02:45:00,0.0067,0.00672,0.00666,0.00667,809653.0
2023-07-11 03:00:00,0.00666,0.00668,0.00666,0.00666,686297.0
2023-07-11 03:15:00,0.00666,0.00667,0.00664,0.00665,1697117.0
2023-07-11 03:30:00,0.00664,0.00667,0.00664,0.00667,1585863.0
2023-07-11 03:45:00,0.00665,0.00671,0.00664,0.0067,4204711.0
2023-07-11 04:00:00,0.0067,0.00673,0.00668,0.00671,1390394.0
2023-07-11 04:15:00,0.00672,0.00674,0.00672,0.00672,866126.0
2023-07-11 04:30:00,0.00673,0.00673,0.0067,0.00672,1027100.0
2023-07-11 04:45:00,0.00672,0.00674,0.00671,0.00674,347665.0
2023-07-11 05:00:00,0.00672,0.00674,0.00671,0.00672,235012.0
2023-07-11 05:15:00,0.00672,0.00672,0.0067,0.0067,337879.0
2023-07-11 05:30:00,0.00672,0.00672,0.00668,0.00668,545804.0
2023-07-11 05:45:00,0.00669,0.0067,0.00667,0.00667,1893462.0
2023-07-11 06:00:00,0.00669,0.00671,0.00667,0.00669,1612756.0
2023-07-11 06:15:00,0.00669,0.00671,0.00668,0.0067,544211.0
2023-07-11 06:30:00,0.00671,0.00679,0.00671,0.00677,4586026.0
2023-07-11 06:45:00,0.00677,0.00679,0.00676,0.00677,1653259.0
2023-07-11 07:00:00,0.00677,0.00679,0.00673,0.00673,1404471.0
2023-07-11 07:15:00,0.00673,0.00675,0.00671,0.00673,3018541.0
2023-07-11 07:30:00,0.00673,0.00674,0.00671,0.00672,665874.0
2023-07-11 07:45:00,0.00672,0.00674,0.00672,0.00672,154059.0
2023-07-11 08:00:00,0.00672,0.00673,0.00669,0.0067,2220423.0
2023-07-11 08:15:00,0.0067,0.00672,0.00669,0.00672,4044419.0
2023-07-11 08:30:00,0.00672,0.00674,0.00672,0.00673,1614925.0
2023-07-11 08:45:00,0.00673,0.00673,0.00668,0.00668,633453.0
2023-07-11 09:00:00,0.00668,0.00671,0.00668,0.00668,1024890.0
2023-07-11 09:15:00,0.0067,0.0067,0.00664,0.00666,1734704.0
2023-07-11 09:30:00,0.00665,0.00667,0.00665,0.00667,2262654.0
2023-07-11 09:45:00,0.00665,0.00669,0.00665,0.00669,185804.0
2023-07-11 10:00:00,0.00668,0.0067,0.00668,0.00669,527492.0
2023-07-11 10:15:00,0.00669,0.00669,0.00665,0.00667,538173.0
2023-07-11 10:30:00,0.00666,0.0067,0.00664,0.00668,1020414.0
2023-07-11 10:45:00,0.00669,0.00671,0.00668,0.0067,1220655.0
2023-07-11 11:00:00,0.00669,0.00672,0.00669,0.0067,487503.0
2023-07-11 11:15:00,0.0067,0.00675,0.0067,0.00673,625844.0
2023-07-11 11:30:00,0.00674,0.00677,0.00672,0.00673,1222116.0
2023-07-11 11:45:00,0.00672,0.00674,0.00672,0.00673,455049.0
2023-07-11 12:00:00,0.00674,0.00675,0.00669,0.0067,906133.0
2023-07-11 12:15:00,0.0067,0.00677,0.0067,0.00674,4398620.0
2023-07-11 12:30:00,0.00675,0.00678,0.00674,0.00676,669326.0
2023-07-11 12:45:00,0.00676,0.00685,0.00675,0.00683,4532776.0
2023-07-11 13:00:00,0.00681,0.00683,0.00678,0.00679,3975432.0
2023-07-11 13:15:00,0.00679,0.00681,0.00673,0.00674,5976854.0
2023-07-11 13:30:00,0.00673,0.00677,0.00671,0.00674,2554750.0
2023-07-11 13:45:00,0.00677,0.00677,0.0067,0.00672,3159833.0
2023-07-11 14:00:00,0.00673,0.00674,0.00666,0.00669,1186428.0
2023-07-11 14:15:00,0.00668,0.00672,0.00663,0.00671,4871530.0
2023-07-11 14:30:00,0.00671,0.00675,0.00668,0.00675,2951312.0
2023-07-11 14:45:00,0.00675,0.00676,0.00674,0.00674,2517235.0
2023-07-11 15:00:00,0.00674,0.0068,0.00673,0.0068,919025.0
2023-07-11 15:15:00,0.00679,0.00681,0.00674,0.00674,1153106.0
2023-07-11 15:30:00,0.00677,0.00683,0.00675,0.00681,5767187.0
2023-07-11 15:45:00,0.00682,0.00699,0.00681,0.00692,41147045.0
2023-07-11 16:00:00,0.00692,0.00714,0.00686,0.007,103832124.0
2023-07-11 16:15:00,0.00701,0.00714,0.00699,0.00705,58696309.0
2023-07-11 16:30:00,0.00704,0.00706,0.0068,0.00682,55591936.0
2023-07-11 16:45:00,0.00682,0.00685,0.00675,0.00678,27900378.0
2023-07-11 17:00:00,0.00679,0.00686,0.00675,0.0068,12869075.0
2023-07-11 17:15:00,0.0068,0.00687,0.0068,0.00682,3871798.0
2023-07-11 17:30:00,0.00683,0.00684,0.00672,0.00673,13990133.0
2023-07-11 17:45:00,0.00673,0.00676,0.00671,0.00673,12227393.0
2023-07-11 18:00:00,0.00675,0.00678,0.00673,0.00674,6681766.0
2023-07-11 18:15:00,0.00675,0.00679,0.00674,0.00676,5157851.0
2023-07-11 18:30:00,0.00674,0.00675,0.00666,0.00669,8984594.0
2023-07-11 18:45:00,0.0067,0.0067,0.00665,0.00666,3594683.0
2023-07-11 19:00:00,0.00665,0.00666,0.00659,0.00664,6299095.0
2023-07-11 19:15:00,0.00664,0.00669,0.00664,0.00668,4836006.0
2023-07-11 19:30:00,0.00668,0.00672,0.00667,0.00671,6348311.0
2023-07-11 19:45:00,0.00671,0.00672,0.00668,0.00668,2478634.0
2023-07-11 20:00:00,0.00669,0.00673,0.00667,0.00669,6177189.0
2023-07-11 20:15:00,0.00668,0.00677,0.00667,0.00672,11720107.0
2023-07-11 20:30:00,0.00672,0.00674,0.00671,0.00671,2469206.0
2023-07-11 20:45:00,0.00673,0.00674,0.0067,0.0067,2970836.0
2023-07-11 21:00:00,0.00671,0.00673,0.00667,0.00668,2154132.0
2023-07-11 21:15:00,0.00668,0.00669,0.00666,0.00667,2072996.0
2023-07-11 21:30:00,0.00667,0.00671,0.00665,0.00671,1930706.0
2023-07-11 21:45:00,0.00671,0.00671,0.00669,0.00671,3112210.0
2023-07-11 22:00:00,0.00671,0.00673,0.00671,0.00672,383984.0
2023-07-11 22:15:00,0.00671,0.00671,0.00668,0.00668,1580763.0
2023-07-11 22:30:00,0.00668,0.00669,0.00667,0.00668,1736035.0
2023-07-11 22:45:00,0.00668,0.00669,0.00667,0.00669,1125813.0
2023-07-11 23:00:00,0.00669,0.0067,0.00666,0.00669,2277726.0
2023-07-11 23:15:00,0.00669,0.00672,0.00668,0.00669,1401979.0
2023-07-11 23:30:00,0.00669,0.0067,0.00668,0.00668,748307.0
2023-07-11 23:45:00,0.00668,0.00668,0.00666,0.00667,1004180.0
2023-07-12 00:00:00,0.00667,0.00673,0.00667,0.00673,3632492.0
2023-07-12 00:15:00,0.00672,0.00675,0.00671,0.00671,898867.0
2023-07-12 00:30:00,0.00672,0.00675,0.00671,0.00675,1498815.0
2023-07-12 00:45:00,0.00673,0.00673,0.00671,0.00672,1249579.0
2023-07-12 01:00:00,0.00673,0.00677,0.00671,0.00677,1618647.0
2023-07-12 01:15:00,0.00675,0.00677,0.00675,0.00676,378391.0
2023-07-12 01:30:00,0.00675,0.00675,0.00673,0.00675,236707.0
2023-07-12 01:45:00,0.00676,0.00677,0.00675,0.00676,419072.0
2023-07-12 02:00:00,0.00675,0.00676,0.00672,0.00672,1088198.0
2023-07-12 02:15:00,0.00672,0.00674,0.00672,0.00672,1838784.0
2023-07-12 02:30:00,0.00672,0.00673,0.0067,0.00671,655076.0
2023-07-12 02:45:00,0.00671,0.00673,0.0067,0.00672,878924.0
2023-07-12 03:00:00,0.00671,0.00671,0.00669,0.00669,549884.0
2023-07-12 03:15:00,0.00669,0.0067,0.00667,0.0067,1771810.0
2023-07-12 03:30:00,0.0067,0.0067,0.00668,0.00668,183533.0
2023-07-12 03:45:00,0.00668,0.00669,0.00668,0.00669,179300.0
2023-07-12 04:00:00,0.00669,0.0067,0.00664,0.00666,2353125.0
2023-07-12 04:15:00,0.00666,0.00667,0.00665,0.00667,407925.0
2023-07-12 04:30:00,0.00667,0.00668,0.00667,0.00668,247799.0
2023-07-12 04:45:00,0.00668,0.0067,0.00668,0.0067,744859.0
2023-07-12 05:00:00,0.00668,0.00669,0.00662,0.00663,4636268.0
2023-07-12 05:15:00,0.00663,0.00665,0.00661,0.00662,1541145.0
2023-07-12 05:30:00,0.00662,0.00663,0.00662,0.00663,560987.0
2023-07-12 05:45:00,0.00664,0.00668,0.00663,0.00664,1546858.0
2023-07-12 06:00:00,0.00664,0.00665,0.0066,0.0066,1052479.0
2023-07-12 06:15:00,0.0066,0.00666,0.0066,0.00664,583183.0
2023-07-12 06:30:00,0.00664,0.00668,0.00664,0.00666,2041261.0
2023-07-12 06:45:00,0.00666,0.00667,0.00665,0.00667,380982.0
2023-07-12 07:00:00,0.00665,0.00667,0.00665,0.00666,420520.0
2023-07-12 07:15:00,0.00666,0.00669,0.00666,0.00668,386033.0
2023-07-12 07:30:00,0.00667,0.0067,0.00666,0.00668,671733.0
2023-07-12 07:45:00,0.00668,0.00668,0.00666,0.00666,1041687.0
2023-07-12 08:00:00,0.00665,0.00665,0.00664,0.00664,1137877.0
2023-07-12 08:15:00,0.00664,0.00664,0.00662,0.00662,788614.0
2023-07-12 08:30:00,0.00662,0.00663,0.0066,0.0066,3563249.0
2023-07-12 08:45:00,0.00661,0.00663,0.00661,0.00663,1621760.0
2023-07-12 09:00:00,0.00663,0.00665,0.00663,0.00664,899746.0
2023-07-12 09:15:00,0.00664,0.00667,0.00664,0.00666,3932126.0
2023-07-12 09:30:00,0.00665,0.00669,0.00665,0.00668,2440590.0
2023-07-12 09:45:00,0.00669,0.00669,0.00666,0.00667,678839.0
2023-07-12 10:00:00,0.00667,0.00668,0.00666,0.00668,1261232.0
2023-07-12 10:15:00,0.00668,0.00668,0.00667,0.00667,106476.0
2023-07-12 10:30:00,0.00667,0.00668,0.00666,0.00667,521912.0
2023-07-12 10:45:00,0.00666,0.00667,0.00665,0.00666,616105.0
2023-07-12 11:00:00,0.00666,0.00666,0.00663,0.00664,1116520.0
2023-07-12 11:15:00,0.00664,0.00666,0.00664,0.00666,278165.0
2023-07-12 11:30:00,0.00667,0.00667,0.00665,0.00666,230616.0
2023-07-12 11:45:00,0.00666,0.00667,0.00666,0.00666,285436.0
2023-07-12 12:00:00,0.00667,0.00667,0.00665,0.00665,736767.0
2023-07-12 12:15:00,0.00666,0.00666,0.00663,0.00666,1737894.0
2023-07-12 12:30:00,0.00666,0.00674,0.00666,0.00674,5355747.0
2023-07-12 12:45:00,0.00672,0.00674,0.00668,0.00671,664751.0
2023-07-12 13:00:00,0.00674,0.00676,0.00672,0.00674,1321718.0
2023-07-12 13:15:00,0.00674,0.00676,0.0067,0.00672,1243381.0
2023-07-12 13:30:00,0.00672,0.00675,0.00664,0.00669,6286486.0
2023-07-12 13:45:00,0.00668,0.00671,0.00668,0.00671,2290480.0
2023-07-12 14:00:00,0.00671,0.00676,0.00671,0.00676,850665.0
2023-07-12 14:15:00,0.00674,0.00674,0.00672,0.00673,185357.0
2023-07-12 14:30:00,0.00674,0.00677,0.00674,0.00676,743040.0
2023-07-12 14:45:00,0.00676,0.00678,0.00675,0.00675,1689309.0
2023-07-12 15:00:00,0.00674,0.00676,0.00673,0.00676,892455.0
2023-07-12 15:15:00,0.00676,0.00676,0.00668,0.0067,1958590.0
2023-07-12 15:30:00,0.00671,0.00672,0.00665,0.00666,1949854.0
2023-07-12 15:45:00,0.00666,0.00669,0.00666,0.00668,979807.0
2023-07-12 16:00:00,0.00668,0.00669,0.00662,0.00662,3494025.0
2023-07-12 16:15:00,0.00663,0.00666,0.00663,0.00665,1684258.0
2023-07-12 16:30:00,0.00665,0.00668,0.00664,0.00667,2703101.0
2023-07-12 16:45:00,0.00667,0.00669,0.00666,0.00668,537963.0
2023-07-12 17:00:00,0.00669,0.00675,0.00669,0.00673,2031470.0
2023-07-12 17:15:00,0.00674,0.00675,0.00669,0.00671,1538517.0
2023-07-12 17:30:00,0.00671,0.00672,0.0067,0.0067,2127374.0
2023-07-12 17:45:00,0.0067,0.0067,0.00665,0.00665,2203835.0
2023-07-12 18:00:00,0.00667,0.00667,0.00665,0.00667,311275.0
2023-07-12 18:15:00,0.00668,0.00671,0.00667,0.00671,1190542.0
2023-07-12 18:30:00,0.0067,0.0067,0.00668,0.00669,1331005.0
2023-07-12 18:45:00,0.00669,0.00671,0.00669,0.0067,1309857.0
2023-07-12 19:00:00,0.00669,0.00669,0.00667,0.00667,850874.0
2023-07-12 19:15:00,0.00667,0.00668,0.00663,0.00665,1797357.0
2023-07-12 19:30:00,0.00664,0.00664,0.00656,0.0066,2490251.0
2023-07-12 19:45:00,0.0066,0.00677,0.0066,0.00664,25389891.0
2023-07-12 20:00:00,0.00663,0.00668,0.00661,0.00668,3134581.0
2023-07-12 20:15:00,0.00669,0.00671,0.00667,0.0067,2694927.0
2023-07-12 20:30:00,0.00669,0.00672,0.00668,0.00671,1022316.0
2023-07-12 20:45:00,0.00671,0.00676,0.00671,0.00675,3443212.0
2023-07-12 21:00:00,0.00675,0.00675,0.00672,0.00672,2105182.0
2023-07-12 21:15:00,0.00675,0.00678,0.00674,0.00677,1637056.0
2023-07-12 21:30:00,0.00676,0.00677,0.00673,0.00675,1950928.0
2023-07-12 21:45:00,0.00674,0.00679,0.00674,0.00678,2221997.0
2023-07-12 22:00:00,0.00678,0.0068,0.00677,0.00677,3079936.0
2023-07-12 22:15:00,0.00678,0.00678,0.00675,0.00677,6214400.0
2023-07-12 22:30:00,0.00677,0.00681,0.00676,0.0068,1104516.0
2023-07-12 22:45:00,0.00681,0.00682,0.0068,0.00682,815211.0
2023-07-12 23:00:00,0.00682,0.00683,0.00682,0.00682,747035.0
2023-07-12 23:15:00,0.00683,0.00683,0.00682,0.00683,258555.0
2023-07-12 23:30:00,0.00683,0.00692,0.00683,0.0069,5281616.0
2023-07-12 23:45:00,0.00691,0.00694,0.00688,0.00689,9116269.0
2023-07-13 00:00:00,0.00688,0.0069,0.00681,0.00682,6977152.0
2023-07-13 00:15:00,0.00682,0.00686,0.0068,0.00681,3084581.0
2023-07-13 00:30:00,0.00681,0.00683,0.00681,0.00682,1177162.0
2023-07-13 00:45:00,0.00682,0.00684,0.00681,0.00684,453942.0
2023-07-13 01:00:00,0.00685,0.00688,0.00684,0.00684,1173932.0
2023-07-13 01:15:00,0.00683,0.00683,0.0068,0.00681,530127.0
2023-07-13 01:30:00,0.00683,0.00683,0.00679,0.00679,3909332.0
2023-07-13 01:45:00,0.00679,0.00682,0.00679,0.00682,2061256.0
2023-07-13 02:00:00,0.00681,0.00683,0.0068,0.00682,3321613.0
2023-07-13 02:15:00,0.0068,0.00681,0.0068,0.00681,110304.0
2023-07-13 02:30:00,0.00683,0.00683,0.0068,0.00681,638492.0
2023-07-13 02:45:00,0.0068,0.0068,0.00676,0.00676,1295100.0
2023-07-13 03:00:00,0.00677,0.00684,0.00677,0.00681,3704926.0
2023-07-13 03:15:00,0.00681,0.00681,0.00676,0.00676,1187502.0
2023-07-13 03:30:00,0.00676,0.00677,0.00673,0.00675,1510384.0
2023-07-13 03:45:00,0.00675,0.00675,0.00672,0.00674,1038271.0
2023-07-13 04:00:00,0.00674,0.00674,0.00669,0.00671,1666395.0
2023-07-13 04:15:00,0.00671,0.00674,0.0067,0.00674,2291093.0
2023-07-13 04:30:00,0.00675,0.00679,0.00674,0.00677,3695570.0
2023-07-13 04:45:00,0.00677,0.00677,0.00675,0.00677,904041.0
2023-07-13 05:00:00,0.00677,0.0068,0.00674,0.00679,736688.0
2023-07-13 05:15:00,0.00679,0.0068,0.00679,0.0068,286821.0
2023-07-13 05:30:00,0.0068,0.00682,0.0068,0.0068,156328.0
2023-07-13 05:45:00,0.00681,0.00681,0.00679,0.0068,517063.0
2023-07-13 06:00:00,0.0068,0.00689,0.0068,0.00686,2943032.0
2023-07-13 06:15:00,0.00686,0.00694,0.00685,0.00692,5730234.0
2023-07-13 06:30:00,0.00692,0.00692,0.00686,0.00689,2525875.0
2023-07-13 06:45:00,0.00689,0.00693,0.00686,0.0069,1780230.0
2023-07-13 07:00:00,0.00691,0.00692,0.00688,0.0069,1707798.0
2023-07-13 07:15:00,0.00691,0.00692,0.00688,0.00691,5031689.0
2023-07-13 07:30:00,0.00691,0.00691,0.00687,0.00688,813000.0
2023-07-13 07:45:00,0.00687,0.00688,0.00685,0.00687,628542.0
2023-07-13 08:00:00,0.00687,0.0069,0.00687,0.00688,646539.0
2023-07-13 08:15:00,0.0069,0.00695,0.00689,0.00695,1324387.0
2023-07-13 08:30:00,0.00694,0.00695,0.00684,0.00689,11551002.0
2023-07-13 08:45:00,0.00689,0.0069,0.00686,0.00686,2118811.0
2023-07-13 09:00:00,0.00686,0.00688,0.00685,0.00686,1249512.0
2023-07-13 09:15:00,0.00686,0.00686,0.00682,0.00683,2036330.0
2023-07-13 09:30:00,0.00684,0.00687,0.00684,0.00684,1366339.0
2023-07-13 09:45:00,0.00686,0.00687,0.00681,0.00682,5496152.0
2023-07-13 10:00:00,0.00682,0.00684,0.00681,0.00682,2901711.0
2023-07-13 10:15:00,0.00681,0.00682,0.00679,0.0068,1279244.0
2023-07-13 10:30:00,0.00681,0.00684,0.00681,0.00683,1533188.0
2023-07-13 10:45:00,0.00682,0.00682,0.00681,0.00681,128100.0
2023-07-13 11:00:00,0.00683,0.00683,0.00679,0.00681,1390298.0
2023-07-13 11:15:00,0.00681,0.00682,0.00679,0.00679,3346648.0
2023-07-13 11:30:00,0.00679,0.00681,0.00679,0.0068,316458.0
2023-07-13 11:45:00,0.0068,0.00681,0.00679,0.00681,948539.0
2023-07-13 12:00:00,0.00681,0.00684,0.00681,0.00681,2263744.0
2023-07-13 12:15:00,0.00681,0.00681,0.00677,0.00678,1462861.0
2023-07-13 12:30:00,0.00679,0.00681,0.00676,0.00681,1573591.0
2023-07-13 12:45:00,0.00682,0.00685,0.00681,0.00681,2640516.0
2023-07-13 13:00:00,0.00681,0.00692,0.00681,0.00686,11114257.0
2023-07-13 13:15:00,0.00686,0.00686,0.00682,0.00685,1670472.0
2023-07-13 13:30:00,0.00686,0.00688,0.00686,0.00686,1461782.0
2023-07-13 13:45:00,0.00688,0.00689,0.00686,0.00688,5791892.0
2023-07-13 14:00:00,0.00688,0.00688,0.00682,0.00685,11927143.0
2023-07-13 14:15:00,0.00686,0.00687,0.00685,0.00686,906774.0
2023-07-13 14:30:00,0.00687,0.00687,0.00685,0.00686,1007331.0
2023-07-13 14:45:00,0.00686,0.00687,0.00683,0.00683,1582671.0
2023-07-13 15:00:00,0.00684,0.00685,0.00683,0.00683,2014648.0
2023-07-13 15:15:00,0.00685,0.00697,0.00684,0.00693,5706875.0
2023-07-13 15:30:00,0.00693,0.00706,0.00692,0.00706,11066314.0
2023-07-13 15:45:00,0.00707,0.00712,0.00696,0.00708,12161305.0
2023-07-13 16:00:00,0.00709,0.00721,0.00702,0.00715,22162121.0
2023-07-13 16:15:00,0.00715,0.00723,0.00713,0.00719,8544206.0
2023-07-13 16:30:00,0.00718,0.00721,0.00712,0.00716,8888169.0
2023-07-13 16:45:00,0.00716,0.00721,0.00716,0.00719,3030841.0
2023-07-13 17:00:00,0.0072,0.00722,0.00715,0.0072,5549399.0
2023-07-13 17:15:00,0.0072,0.00726,0.00718,0.00724,3038353.0
2023-07-13 17:30:00,0.00723,0.00729,0.00722,0.00727,5536983.0
2023-07-13 17:45:00,0.00726,0.00733,0.00723,0.00729,4440195.0
2023-07-13 18:00:00,0.00729,0.00741,0.00729,0.00735,13356433.0
2023-07-13 18:15:00,0.00734,0.00743,0.00728,0.00737,4813113.0
2023-07-13 18:30:00,0.00738,0.00738,0.00726,0.00734,7505493.0
2023-07-13 18:45:00,0.00735,0.00736,0.00727,0.00734,2097279.0
2023-07-13 19:00:00,0.00735,0.0074,0.00735,0.00737,4100557.0
2023-07-13 19:15:00,0.00737,0.00742,0.00734,0.00741,2048970.0
2023-07-13 19:30:00,0.0074,0.0075,0.00737,0.00745,9185266.0
2023-07-13 19:45:00,0.00748,0.0075,0.00739,0.00748,3682107.0
2023-07-13 20:00:00,0.0075,0.00754,0.00743,0.00743,5900534.0
2023-07-13 20:15:00,0.00743,0.00746,0.00741,0.00745,1120401.0
2023-07-13 20:30:00,0.00745,0.00746,0.00741,0.00744,2367009.0
2023-07-13 20:45:00,0.00744,0.00745,0.0074,0.00742,1696109.0
2023-07-13 21:00:00,0.00744,0.00748,0.00737,0.00741,3865599.0
2023-07-13 21:15:00,0.00742,0.00747,0.00738,0.00743,2418343.0
2023-07-13 21:30:00,0.00745,0.0075,0.00741,0.00747,1048259.0
2023-07-13 21:45:00,0.00747,0.0075,0.00746,0.00748,362502.0
2023-07-13 22:00:00,0.0075,0.00752,0.00749,0.00752,1225307.0
2023-07-13 22:15:00,0.00753,0.00756,0.00753,0.00754,1087464.0
2023-07-13 22:30:00,0.00755,0.00758,0.00754,0.00758,1412027.0
2023-07-13 22:45:00,0.00758,0.00761,0.00757,0.00757,2684296.0
2023-07-13 23:00:00,0.00758,0.00764,0.00757,0.00763,1133775.0
2023-07-13 23:15:00,0.00763,0.00764,0.00761,0.00764,638029.0
2023-07-13 23:30:00,0.00765,0.00765,0.0076,0.00765,4024514.0
2023-07-13 23:45:00,0.00765,0.00767,0.00761,0.00762,2695455.0
2023-07-14 00:00:00,0.00764,0.00767,0.00758,0.00765,2690568.0
2023-07-14 00:15:00,0.00764,0.00767,0.00759,0.00764,5375337.0
2023-07-14 00:30:00,0.00764,0.00767,0.00761,0.00762,2354976.0
2023-07-14 00:45:00,0.00762,0.00767,0.00759,0.00767,1630049.0
2023-07-14 01:00:00,0.00767,0.00767,0.00754,0.00759,3206918.0
2023-07-14 01:15:00,0.00758,0.00761,0.00755,0.00759,1584243.0
2023-07-14 01:30:00,0.0076,0.00761,0.00756,0.00758,3755357.0
2023-07-14 01:45:00,0.00757,0.0076,0.00752,0.00756,2172400.0
2023-07-14 02:00:00,0.00757,0.00759,0.00752,0.00754,2265545.0
2023-07-14 02:15:00,0.00753,0.00756,0.00753,0.00753,808908.0
2023-07-14 02:30:00,0.00753,0.00755,0.00752,0.00753,1830902.0
2023-07-14 02:45:00,0.00752,0.00753,0.0075,0.0075,2476225.0
2023-07-14 03:00:00,0.0075,0.00755,0.00749,0.00755,3895242.0
2023-07-14 03:15:00,0.00755,0.00755,0.0075,0.00752,2052826.0
2023-07-14 03:30:00,0.00751,0.00751,0.00746,0.00747,2125855.0
2023-07-14 03:45:00,0.00748,0.0075,0.00747,0.00749,1475304.0
2023-07-14 04:00:00,0.0075,0.00753,0.00749,0.00753,2056181.0
2023-07-14 04:15:00,0.00753,0.00757,0.00752,0.00756,2048311.0
2023-07-14 04:30:00,0.00755,0.00756,0.00747,0.00749,2153110.0
2023-07-14 04:45:00,0.00749,0.00752,0.00749,0.0075,809207.0
2023-07-14 05:00:00,0.00749,0.00751,0.00748,0.00749,874205.0
2023-07-14 05:15:00,0.0075,0.0075,0.00744,0.00749,756054.0
2023-07-14 05:30:00,0.0075,0.00759,0.0075,0.00757,1044067.0
2023-07-14 05:45:00,0.00756,0.0076,0.00755,0.0076,472335.0
2023-07-14 06:00:00,0.0076,0.00761,0.00758,0.0076,709380.0
2023-07-14 06:15:00,0.00758,0.0076,0.00757,0.00757,588516.0
2023-07-14 06:30:00,0.00758,0.00759,0.00756,0.00757,829633.0
2023-07-14 06:45:00,0.00757,0.0076,0.00756,0.0076,168446.0
2023-07-14 07:00:00,0.00761,0.00763,0.00759,0.00761,1615779.0
2023-07-14 07:15:00,0.00761,0.00761,0.00753,0.00758,1737017.0
2023-07-14 07:30:00,0.00756,0.00757,0.00754,0.00755,760018.0
2023-07-14 07:45:00,0.00754,0.00755,0.0075,0.00754,1472989.0
2023-07-14 08:00:00,0.00753,0.0076,0.00753,0.00758,856960.0
2023-07-14 08:15:00,0.00759,0.00763,0.00759,0.00762,1300071.0
2023-07-14 08:30:00,0.00763,0.00764,0.0076,0.00761,355507.0
2023-07-14 08:45:00,0.0076,0.0076,0.00758,0.00758,330598.0
2023-07-14 09:00:00,0.00759,0.0076,0.00755,0.00755,395955.0
2023-07-14 09:15:00,0.00756,0.00757,0.00753,0.00756,328049.0
2023-07-14 09:30:00,0.00756,0.00756,0.00751,0.00755,483989.0
2023-07-14 09:45:00,0.00757,0.00759,0.00756,0.00757,617764.0
2023-07-14 10:00:00,0.00757,0.00759,0.00756,0.00757,417400.0
2023-07-14 10:15:00,0.00757,0.00766,0.00757,0.00766,1381674.0
2023-07-14 10:30:00,0.00765,0.00766,0.00761,0.00762,1685220.0
2023-07-14 10:45:00,0.00763,0.00765,0.00761,0.00762,445214.0
2023-07-14 11:00:00,0.00762,0.00765,0.0076,0.00764,730691.0
2023-07-14 11:15:00,0.00764,0.00768,0.00764,0.00766,638727.0
2023-07-14 11:30:00,0.00765,0.00768,0.00764,0.00766,680401.0
2023-07-14 11:45:00,0.00766,0.00769,0.00763,0.00767,1330137.0
2023-07-14 12:00:00,0.00769,0.00772,0.00766,0.00767,2205261.0
2023-07-14 12:15:00,0.00766,0.00767,0.00762,0.00764,1070549.0
2023-07-14 12:30:00,0.00764,0.00766,0.00762,0.00764,759167.0
2023-07-14 12:45:00,0.00764,0.00764,0.0076,0.00762,834852.0
2023-07-14 13:00:00,0.0076,0.00765,0.0076,0.00764,729375.0
2023-07-14 13:15:00,0.00764,0.00765,0.00759,0.00763,1359815.0
2023-07-14 13:30:00,0.00765,0.00768,0.00759,0.00767,994631.0
2023-07-14 13:45:00,0.00766,0.00778,0.00766,0.00778,2865634.0
2023-07-14 14:00:00,0.00778,0.00778,0.00771,0.00774,2993029.0
2023-07-14 14:15:00,0.00774,0.00775,0.0077,0.00771,1672203.0
2023-07-14 14:30:00,0.0077,0.0077,0.00765,0.00768,1580422.0
2023-07-14 14:45:00,0.00768,0.00768,0.00764,0.00767,1104612.0
2023-07-14 15:00:00,0.00766,0.0077,0.00765,0.0077,393384.0
2023-07-14 15:15:00,0.00771,0.00775,0.0077,0.00774,1616216.0
2023-07-14 15:30:00,0.00774,0.00774,0.0077,0.00771,1129893.0
2023-07-14 15:45:00,0.0077,0.00774,0.00769,0.00774,1358859.0
2023-07-14 16:00:00,0.00774,0.00781,0.00774,0.00781,2632093.0
2023-07-14 16:15:00,0.0078,0.00784,0.00769,0.0077,5254175.0
2023-07-14 16:30:00,0.00772,0.00775,0.00747,0.00772,8370034.0
2023-07-14 16:45:00,0.00773,0.00776,0.0077,0.00773,1357851.0
2023-07-14 17:00:00,0.00772,0.00772,0.00762,0.00762,5087484.0
2023-07-14 17:15:00,0.00762,0.00767,0.00753,0.00765,2115126.0
2023-07-14 17:30:00,0.00764,0.0077,0.00758,0.00759,6866845.0
2023-07-14 17:45:00,0.00759,0.0076,0.0075,0.00753,3958037.0
2023-07-14 18:00:00,0.00752,0.00759,0.0075,0.00757,1355082.0
2023-07-14 18:15:00,0.00757,0.00757,0.00737,0.00738,3903211.0
2023-07-14 18:30:00,0.00739,0.00739,0.00716,0.0073,6531971.0
2023-07-14 18:45:00,0.00728,0.00733,0.00723,0.00729,4104253.0
2023-07-14 19:00:00,0.00727,0.00734,0.00721,0.00734,6174206.0
2023-07-14 19:15:00,0.00735,0.00735,0.00729,0.0073,1934113.0
2023-07-14 19:30:00,0.0073,0.00732,0.00726,0.00726,2295446.0
2023-07-14 19:45:00,0.00726,0.00727,0.00722,0.00725,1001223.0
2023-07-14 20:00:00,0.00725,0.00729,0.00725,0.00729,1354281.0
2023-07-14 20:15:00,0.00729,0.0073,0.00724,0.00725,1067600.0
2023-07-14 20:30:00,0.00725,0.00729,0.00721,0.00728,1382094.0
2023-07-14 20:45:00,0.00729,0.00733,0.00727,0.00729,1026953.0
2023-07-14 21:00:00,0.00727,0.00733,0.00727,0.00732,376266.0
2023-07-14 21:15:00,0.0073,0.00734,0.0073,0.00733,433137.0
2023-07-14 21:30:00,0.00733,0.00735,0.00732,0.00733,513986.0
2023-07-14 21:45:00,0.00734,0.00737,0.00734,0.00737,621589.0
2023-07-14 22:00:00,0.00737,0.00737,0.00736,0.00736,582885.0
2023-07-14 22:15:00,0.00737,0.00738,0.00736,0.00736,343908.0
2023-07-14 22:30:00,0.00736,0.00741,0.00736,0.00741,461172.0
2023-07-14 22:45:00,0.00741,0.00743,0.00736,0.00736,2201964.0
2023-07-14 23:00:00,0.00736,0.00739,0.00736,0.00739,406045.0
2023-07-14 23:15:00,0.0074,0.00743,0.0074,0.00743,390981.0
2023-07-14 23:30:00,0.00743,0.00747,0.00743,0.00746,986484.0
2023-07-14 23:45:00,0.00744,0.00748,0.00744,0.00747,90911.0
2023-07-15 00:00:00,0.00746,0.00747,0.00741,0.00742,1762874.0
2023-07-15 00:15:00,0.00744,0.00746,0.00743,0.00745,295822.0
2023-07-15 00:30:00,0.00746,0.00747,0.00744,0.00744,564382.0
2023-07-15 00:45:00,0.00745,0.00749,0.00745,0.00749,500990.0
2023-07-15 01:00:00,0.00749,0.0075,0.00743,0.00744,273478.0
2023-07-15 01:15:00,0.00745,0.00749,0.00745,0.00749,976010.0
2023-07-15 01:30:00,0.00749,0.00754,0.00749,0.00752,707857.0
2023-07-15 01:45:00,0.00752,0.00753,0.00746,0.00746,600837.0
2023-07-15 02:00:00,0.00746,0.00746,0.00744,0.00745,431846.0
2023-07-15 02:15:00,0.00745,0.00746,0.00744,0.00744,234958.0
2023-07-15 02:30:00,0.00746,0.00746,0.00745,0.00746,264878.0
2023-07-15 02:45:00,0.00746,0.00747,0.00745,0.00745,254205.0
2023-07-15 03:00:00,0.00743,0.00745,0.00734,0.00736,5214851.0
2023-07-15 03:15:00,0.00736,0.00736,0.0073,0.0073,3069094.0
2023-07-15 03:30:00,0.00731,0.00737,0.00731,0.00736,2679712.0
2023-07-15 03:45:00,0.00735,0.00735,0.00734,0.00735,349688.0
2023-07-15 04:00:00,0.00735,0.00737,0.00735,0.00737,730182.0
2023-07-15 04:15:00,0.00737,0.00739,0.00737,0.00739,452120.0
2023-07-15 04:30:00,0.0074,0.0074,0.00736,0.00739,1469776.0
2023-07-15 04:45:00,0.00739,0.0074,0.00739,0.0074,120508.0
2023-07-15 05:00:00,0.00739,0.00742,0.00739,0.00742,196893.0
2023-07-15 05:15:00,0.00743,0.00743,0.00739,0.00742,722836.0
2023-07-15 05:30:00,0.00741,0.00745,0.00741,0.00744,333505.0
2023-07-15 05:45:00,0.00745,0.00745,0.00743,0.00744,366794.0
2023-07-15 06:00:00,0.00744,0.00756,0.00744,0.00756,4527252.0
2023-07-15 06:15:00,0.00756,0.00757,0.00755,0.00757,502645.0
2023-07-15 06:30:00,0.00757,0.00762,0.00755,0.0076,4722380.0
2023-07-15 06:45:00,0.0076,0.00766,0.0076,0.00763,2203414.0
2023-07-15 07:00:00,0.00763,0.00763,0.00754,0.00756,6184967.0
2023-07-15 07:15:00,0.00756,0.00756,0.0075,0.00752,1724971.0
2023-07-15 07:30:00,0.00753,0.00757,0.00753,0.00757,548156.0
2023-07-15 07:45:00,0.00756,0.00758,0.00755,0.00758,292973.0
2023-07-15 08:00:00,0.00759,0.0076,0.00753,0.00753,798251.0
2023-07-15 08:15:00,0.00753,0.00756,0.00752,0.00756,614364.0
2023-07-15 08:30:00,0.00757,0.00758,0.00757,0.00758,522845.0
2023-07-15 08:45:00,0.00758,0.00758,0.00756,0.00758,1219481.0
2023-07-15 09:00:00,0.00758,0.00763,0.00758,0.00763,1646974.0
2023-07-15 09:15:00,0.00763,0.00767,0.00762,0.00765,1456049.0
2023-07-15 09:30:00,0.00766,0.00773,0.00765,0.00772,2372210.0
2023-07-15 09:45:00,0.00771,0.00771,0.00767,0.00767,2205146.0
2023-07-15 10:00:00,0.00769,0.00777,0.00766,0.00774,3652618.0
2023-07-15 10:15:00,0.00775,0.00777,0.00772,0.00773,1684470.0
2023-07-15 10:30:00,0.00774,0.00775,0.0077,0.0077,1410664.0
2023-07-15 10:45:00,0.0077,0.00772,0.00766,0.0077,1699393.0
2023-07-15 11:00:00,0.00768,0.00783,0.00767,0.00778,6728098.0
2023-07-15 11:15:00,0.00778,0.00778,0.00772,0.00776,1914865.0
2023-07-15 11:30:00,0.00776,0.00779,0.00774,0.00778,1688286.0
2023-07-15 11:45:00,0.00778,0.00779,0.00772,0.00774,1476550.0
2023-07-15 12:00:00,0.00774,0.00779,0.00774,0.00778,2059673.0
2023-07-15 12:15:00,0.00776,0.00778,0.00773,0.00777,1311466.0
2023-07-15 12:30:00,0.00778,0.00778,0.00774,0.00777,1225120.0
2023-07-15 12:45:00,0.00777,0.0078,0.00774,0.00774,640781.0
2023-07-15 13:00:00,0.00775,0.00776,0.00769,0.00769,1909581.0
2023-07-15 13:15:00,0.00771,0.00777,0.0077,0.00774,1463017.0
2023-07-15 13:30:00,0.00774,0.00775,0.00772,0.00773,873902.0
2023-07-15 13:45:00,0.00772,0.00776,0.00768,0.00775,877050.0
2023-07-15 14:00:00,0.00774,0.00774,0.00769,0.0077,1287471.0
2023-07-15 14:15:00,0.0077,0.0077,0.00765,0.00768,2154891.0
2023-07-15 14:30:00,0.00769,0.00769,0.00762,0.00763,3925411.0
2023-07-15 14:45:00,0.00763,0.00764,0.00757,0.00759,2435413.0
2023-07-15 15:00:00,0.00758,0.00764,0.00755,0.00762,2179743.0
2023-07-15 15:15:00,0.00763,0.00764,0.00754,0.00755,5127562.0
2023-07-15 15:30:00,0.00756,0.00757,0.00755,0.00755,957798.0
2023-07-15 15:45:00,0.00755,0.00755,0.00753,0.00754,1004282.0
2023-07-15 16:00:00,0.00754,0.00754,0.00736,0.00747,4651773.0
2023-07-15 16:15:00,0.00747,0.00751,0.00747,0.00747,1996252.0
2023-07-15 16:30:00,0.00749,0.0075,0.00746,0.0075,896583.0
2023-07-15 16:45:00,0.0075,0.0075,0.00745,0.00747,1252940.0
2023-07-15 17:00:00,0.00749,0.00749,0.00746,0.00747,589922.0
2023-07-15 17:15:00,0.00747,0.00752,0.00747,0.00751,959338.0
2023-07-15 17:30:00,0.0075,0.0075,0.00747,0.00749,1262692.0
2023-07-15 17:45:00,0.00749,0.00749,0.0074,0.00748,4061137.0
2023-07-15 18:00:00,0.00747,0.00749,0.00747,0.00749,504235.0
2023-07-15 18:15:00,0.00749,0.00749,0.00747,0.00749,950266.0
2023-07-15 18:30:00,0.00749,0.00754,0.00749,0.00752,994048.0
2023-07-15 18:45:00,0.00751,0.00754,0.00751,0.00753,1348433.0
2023-07-15 19:00:00,0.00752,0.00754,0.00752,0.00753,178100.0
2023-07-15 19:15:00,0.00752,0.00753,0.00751,0.00752,771336.0
2023-07-15 19:30:00,0.00752,0.00753,0.00751,0.00751,1174073.0
2023-07-15 19:45:00,0.00751,0.00751,0.00748,0.00748,859151.0
2023-07-15 20:00:00,0.00748,0.0075,0.00748,0.0075,633574.0
2023-07-15 20:15:00,0.00749,0.0075,0.00748,0.00748,1191076.0
2023-07-15 20:30:00,0.00749,0.0075,0.00747,0.00749,1254049.0
2023-07-15 20:45:00,0.00749,0.0075,0.00748,0.00748,211435.0
2023-07-15 21:00:00,0.00747,0.00747,0.00744,0.00744,1198970.0
2023-07-15 21:15:00,0.00745,0.00745,0.00743,0.00744,442674.0
2023-07-15 21:30:00,0.00745,0.00745,0.00743,0.00743,493946.0
2023-07-15 21:45:00,0.00745,0.00745,0.00742,0.00744,334938.0
2023-07-15 22:00:00,0.00743,0.00744,0.00742,0.00743,369994.0
2023-07-15 22:15:00,0.00743,0.00745,0.00743,0.00745,138854.0
2023-07-15 22:30:00,0.00744,0.00745,0.0074,0.00742,734181.0
2023-07-15 22:45:00,0.00742,0.00743,0.00742,0.00743,121464.0
2023-07-15 23:00:00,0.00743,0.00743,0.0074,0.00741,412187.0
2023-07-15 23:15:00,0.00741,0.00743,0.0074,0.00743,387276.0
2023-07-15 23:30:00,0.00743,0.00743,0.0074,0.00743,776091.0
2023-07-15 23:45:00,0.00742,0.00744,0.00742,0.00744,571448.0
2023-07-16 00:00:00,0.00745,0.00747,0.00743,0.00747,1509500.0
2023-07-16 00:15:00,0.00747,0.00747,0.00741,0.00741,836574.0
2023-07-16 00:30:00,0.00741,0.00742,0.00741,0.00742,896940.0
2023-07-16 00:45:00,0.00744,0.00746,0.00742,0.00744,1817661.0
2023-07-16 01:00:00,0.00743,0.00746,0.00743,0.00746,368880.0
2023-07-16 01:15:00,0.00746,0.00754,0.00745,0.00749,3362532.0
2023-07-16 01:30:00,0.0075,0.00751,0.00742,0.00743,2113612.0
2023-07-16 01:45:00,0.00742,0.00743,0.00742,0.00742,555932.0
2023-07-16 02:00:00,0.00741,0.00742,0.00739,0.00739,692071.0
2023-07-16 02:15:00,0.00738,0.00741,0.00725,0.00731,5270666.0
2023-07-16 02:30:00,0.00731,0.00737,0.00729,0.00737,1019093.0
2023-07-16 02:45:00,0.00737,0.00738,0.00734,0.00735,1604431.0
2023-07-16 03:00:00,0.00736,0.00737,0.00732,0.00734,2111461.0
2023-07-16 03:15:00,0.00735,0.00735,0.00733,0.00734,913846.0
2023-07-16 03:30:00,0.00735,0.00736,0.00733,0.00733,803128.0
2023-07-16 03:45:00,0.00733,0.00734,0.00728,0.0073,1978820.0
2023-07-16 04:00:00,0.00729,0.0073,0.00727,0.00729,739418.0
2023-07-16 04:15:00,0.00728,0.00729,0.00726,0.00729,1588184.0
2023-07-16 04:30:00,0.00728,0.00728,0.00726,0.00726,399860.0
2023-07-16 04:45:00,0.00726,0.00727,0.00725,0.00727,889097.0
2023-07-16 05:00:00,0.00727,0.0073,0.00727,0.00727,431960.0
2023-07-16 05:15:00,0.00728,0.00728,0.00726,0.00727,575043.0
2023-07-16 05:30:00,0.00727,0.00727,0.00726,0.00726,388550.0
2023-07-16 05:45:00,0.00726,0.00727,0.00726,0.00727,185206.0
2023-07-16 06:00:00,0.00727,0.00727,0.00724,0.00725,2198966.0
2023-07-16 06:15:00,0.00724,0.00725,0.00723,0.00724,647318.0
2023-07-16 06:30:00,0.00725,0.00728,0.00725,0.00728,816964.0
2023-07-16 06:45:00,0.00729,0.00729,0.00726,0.00727,941722.0
2023-07-16 07:00:00,0.00726,0.00727,0.00725,0.00727,1020397.0
2023-07-16 07:15:00,0.00728,0.00728,0.00726,0.00726,305023.0
2023-07-16 07:30:00,0.00726,0.00726,0.00725,0.00726,1368388.0
2023-07-16 07:45:00,0.00726,0.00726,0.00725,0.00726,246061.0
2023-07-16 08:00:00,0.00724,0.00727,0.00724,0.00726,1132294.0
2023-07-16 08:15:00,0.00725,0.00726,0.00724,0.00726,846334.0
2023-07-16 08:30:00,0.00726,0.00726,0.00724,0.00724,778105.0
2023-07-16 08:45:00,0.00724,0.00725,0.00724,0.00724,55978.0
2023-07-16 09:00:00,0.00725,0.00726,0.00725,0.00726,228432.0
2023-07-16 09:15:00,0.00726,0.00729,0.00725,0.00728,2398934.0
2023-07-16 09:30:00,0.00729,0.00739,0.00726,0.00734,12482847.0
2023-07-16 09:45:00,0.00734,0.00734,0.00728,0.00729,7439288.0
2023-07-16 10:00:00,0.00728,0.00728,0.00724,0.00725,1055418.0
2023-07-16 10:15:00,0.00724,0.00724,0.0072,0.00724,2697129.0
2023-07-16 10:30:00,0.00724,0.00724,0.00717,0.00719,2624324.0
2023-07-16 10:45:00,0.00719,0.00723,0.00719,0.0072,884048.0
2023-07-16 11:00:00,0.00719,0.00721,0.00718,0.0072,381795.0
2023-07-16 11:15:00,0.0072,0.00721,0.00718,0.00719,946681.0
2023-07-16 11:30:00,0.00719,0.00722,0.00719,0.00722,478264.0
2023-07-16 11:45:00,0.00722,0.00723,0.0072,0.0072,585469.0
2023-07-16 12:00:00,0.0072,0.00725,0.0072,0.00722,1750023.0
2023-07-16 12:15:00,0.00723,0.00727,0.00719,0.00726,3465848.0
2023-07-16 12:30:00,0.00727,0.00735,0.00719,0.00719,59334094.0
2023-07-16 12:45:00,0.0072,0.00722,0.0072,0.0072,648424.0
2023-07-16 13:00:00,0.0072,0.0072,0.00717,0.00719,1568947.0
2023-07-16 13:15:00,0.00718,0.0072,0.00718,0.0072,361827.0
2023-07-16 13:30:00,0.00719,0.00721,0.00719,0.00721,712002.0
2023-07-16 13:45:00,0.00722,0.00728,0.0072,0.00721,4864797.0
2023-07-16 14:00:00,0.00722,0.00724,0.00721,0.00723,1834448.0
2023-07-16 14:15:00,0.00724,0.00726,0.00722,0.00726,906133.0
2023-07-16 14:30:00,0.00725,0.00727,0.00723,0.00727,1127470.0
2023-07-16 14:45:00,0.00727,0.00727,0.00723,0.00725,253658.0
2023-07-16 15:00:00,0.00725,0.00725,0.00722,0.00723,520258.0
2023-07-16 15:15:00,0.00724,0.00725,0.00723,0.00723,1686033.0
2023-07-16 15:30:00,0.00723,0.00723,0.00719,0.00719,874495.0
2023-07-16 15:45:00,0.00719,0.00721,0.00717,0.0072,848758.0
2023-07-16 16:00:00,0.0072,0.0072,0.00716,0.00716,1886716.0
2023-07-16 16:15:00,0.00716,0.00717,0.00713,0.00717,2206912.0
2023-07-16 16:30:00,0.00717,0.00718,0.00714,0.00715,494521.0
2023-07-16 16:45:00,0.00715,0.00715,0.00712,0.00713,574286.0
2023-07-16 17:00:00,0.00713,0.00715,0.00712,0.00715,512558.0
2023-07-16 17:15:00,0.00715,0.00716,0.00714,0.00716,690608.0
2023-07-16 17:30:00,0.00716,0.00717,0.0071,0.00712,1835674.0
2023-07-16 17:45:00,0.00711,0.00714,0.00711,0.00713,1089243.0
2023-07-16 18:00:00,0.00712,0.00712,0.00709,0.00711,920233.0
2023-07-16 18:15:00,0.00711,0.00711,0.00707,0.00708,1978333.0
2023-07-16 18:30:00,0.00709,0.00709,0.00706,0.00706,2492406.0
2023-07-16 18:45:00,0.00705,0.00706,0.00702,0.00703,2714421.0
2023-07-16 19:00:00,0.00704,0.00704,0.00703,0.00704,209721.0
2023-07-16 19:15:00,0.00705,0.00705,0.00703,0.00704,569504.0
2023-07-16 19:30:00,0.00704,0.00704,0.00698,0.007,2693719.0
2023-07-16 19:45:00,0.007,0.00701,0.00699,0.007,529950.0
2023-07-16 20:00:00,0.00699,0.00702,0.00698,0.00699,1174981.0
2023-07-16 20:15:00,0.007,0.007,0.00692,0.00696,2507368.0
2023-07-16 20:30:00,0.00696,0.00698,0.00695,0.00698,687387.0
2023-07-16 20:45:00,0.00698,0.00698,0.00695,0.00696,355301.0
2023-07-16 21:00:00,0.00696,0.00697,0.00695,0.00697,503784.0
2023-07-16 21:15:00,0.00698,0.007,0.00697,0.007,890281.0
2023-07-16 21:30:00,0.007,0.00701,0.00699,0.00701,419005.0
2023-07-16 21:45:00,0.00701,0.00701,0.00699,0.00701,139677.0
2023-07-16 22:00:00,0.00701,0.00703,0.007,0.00702,649380.0
2023-07-16 22:15:00,0.00702,0.00703,0.00702,0.00703,82204.0
2023-07-16 22:30:00,0.00701,0.00701,0.00698,0.007,605119.0
2023-07-16 22:45:00,0.00701,0.00701,0.00698,0.00699,380954.0
2023-07-16 23:00:00,0.00699,0.00701,0.00699,0.00701,731344.0
2023-07-16 23:15:00,0.00701,0.00701,0.00696,0.00697,656554.0
2023-07-16 23:30:00,0.00696,0.00698,0.00692,0.00698,1876690.0
2023-07-16 23:45:00,0.00697,0.00698,0.00697,0.00697,197147.0
2023-07-17 00:00:00,0.00698,0.00701,0.00693,0.00701,2700676.0
2023-07-17 00:15:00,0.00701,0.00703,0.00701,0.00701,1218194.0
2023-07-17 00:30:00,0.00701,0.00701,0.00696,0.00696,1077526.0
2023-07-17 00:45:00,0.00696,0.00696,0.00693,0.00694,1902502.0
2023-07-17 01:00:00,0.00693,0.00696,0.00693,0.00696,725571.0
2023-07-17 01:15:00,0.00695,0.00696,0.00692,0.00696,965174.0
2023-07-17 01:30:00,0.00696,0.00699,0.00696,0.00699,537947.0
2023-07-17 01:45:00,0.00698,0.00706,0.00698,0.00701,17134924.0
2023-07-17 02:00:00,0.00702,0.00702,0.00697,0.00697,795384.0
2023-07-17 02:15:00,0.00698,0.00699,0.00697,0.00698,1759232.0
2023-07-17 02:30:00,0.00697,0.00698,0.00695,0.00695,1723089.0
2023-07-17 02:45:00,0.00695,0.00697,0.00691,0.00692,1403532.0
2023-07-17 03:00:00,0.00693,0.00696,0.00691,0.00696,1028062.0
2023-07-17 03:15:00,0.00696,0.00697,0.00693,0.00693,527402.0
2023-07-17 03:30:00,0.00694,0.00698,0.00694,0.00697,1867191.0
2023-07-17 03:45:00,0.00697,0.00697,0.00695,0.00697,604669.0
2023-07-17 04:00:00,0.00696,0.00697,0.00695,0.00697,357529.0
2023-07-17 04:15:00,0.00696,0.00697,0.00696,0.00696,392835.0
2023-07-17 04:30:00,0.00697,0.00699,0.00696,0.00697,1056947.0
2023-07-17 04:45:00,0.00697,0.00703,0.00697,0.00703,2530833.0
2023-07-17 05:00:00,0.00704,0.00707,0.00703,0.00706,1053566.0
2023-07-17 05:15:00,0.00706,0.00711,0.00705,0.0071,4776043.0
2023-07-17 05:30:00,0.0071,0.00711,0.00707,0.00711,4413345.0
2023-07-17 05:45:00,0.00711,0.00711,0.0071,0.0071,214380.0
2023-07-17 06:00:00,0.00708,0.00715,0.00707,0.00715,2289070.0
2023-07-17 06:15:00,0.00714,0.00714,0.00712,0.00712,314208.0
2023-07-17 06:30:00,0.00711,0.00712,0.00707,0.00708,1039119.0
2023-07-17 06:45:00,0.00707,0.0071,0.00706,0.0071,1038506.0
2023-07-17 07:00:00,0.00711,0.00711,0.00708,0.00709,207973.0
2023-07-17 07:15:00,0.00707,0.0071,0.00706,0.0071,702170.0
2023-07-17 07:30:00,0.00711,0.00711,0.00708,0.00709,1133203.0
2023-07-17 07:45:00,0.00709,0.00709,0.00706,0.00707,672040.0
2023-07-17 08:00:00,0.00708,0.00708,0.00704,0.00706,1113492.0
2023-07-17 08:15:00,0.00705,0.00708,0.00704,0.00708,927120.0
2023-07-17 08:30:00,0.00708,0.00708,0.00705,0.00706,406760.0
2023-07-17 08:45:00,0.00705,0.00705,0.00702,0.00702,685407.0
2023-07-17 09:00:00,0.00702,0.00704,0.00696,0.00697,4806722.0
2023-07-17 09:15:00,0.00697,0.00699,0.00695,0.00696,1620126.0
2023-07-17 09:30:00,0.00696,0.00698,0.00694,0.00695,1127946.0
2023-07-17 09:45:00,0.00693,0.00694,0.0069,0.00693,2961719.0
2023-07-17 10:00:00,0.00692,0.00696,0.00692,0.00694,769010.0
2023-07-17 10:15:00,0.00694,0.00695,0.00677,0.00688,6090947.0
2023-07-17 10:30:00,0.00689,0.00689,0.00685,0.00687,1382700.0
2023-07-17 10:45:00,0.00686,0.00693,0.00686,0.00693,847465.0
2023-07-17 11:00:00,0.00692,0.00697,0.00692,0.00696,635813.0
2023-07-17 11:15:00,0.00696,0.00697,0.00696,0.00696,399168.0
2023-07-17 11:30:00,0.00696,0.00696,0.00693,0.00696,1226647.0
2023-07-17 11:45:00,0.00695,0.00696,0.00693,0.00693,933098.0
2023-07-17 12:00:00,0.00692,0.00694,0.00689,0.00689,476343.0
2023-07-17 12:15:00,0.00689,0.00691,0.00686,0.00687,1288632.0
2023-07-17 12:30:00,0.00686,0.00691,0.00685,0.00691,1283027.0
2023-07-17 12:45:00,0.00691,0.00695,0.00691,0.00694,1230093.0
2023-07-17 13:00:00,0.00694,0.00695,0.00692,0.00694,714901.0
2023-07-17 13:15:00,0.00695,0.00698,0.00694,0.00697,688275.0
2023-07-17 13:30:00,0.00698,0.007,0.00696,0.00699,1758223.0
2023-07-17 13:45:00,0.007,0.00704,0.00699,0.00703,1248904.0
2023-07-17 14:00:00,0.00704,0.00713,0.00703,0.00709,7926778.0
2023-07-17 14:15:00,0.00709,0.00713,0.00708,0.00711,1396987.0
2023-07-17 14:30:00,0.0071,0.00714,0.00709,0.00712,946395.0
2023-07-17 14:45:00,0.00713,0.00721,0.00712,0.0072,2466772.0
2023-07-17 15:00:00,0.0072,0.00721,0.00714,0.00715,2833720.0
2023-07-17 15:15:00,0.00717,0.00718,0.00711,0.00711,3830390.0
2023-07-17 15:30:00,0.0071,0.00713,0.0071,0.00711,1005412.0
2023-07-17 15:45:00,0.00711,0.00712,0.00709,0.0071,538151.0
2023-07-17 16:00:00,0.0071,0.00714,0.00707,0.00711,795643.0
2023-07-17 16:15:00,0.00711,0.00711,0.00707,0.00708,696694.0
2023-07-17 16:30:00,0.00706,0.00706,0.007,0.00701,3068869.0
2023-07-17 16:45:00,0.007,0.007,0.00696,0.00696,4499168.0
2023-07-17 17:00:00,0.00696,0.00699,0.00688,0.00688,6704073.0
2023-07-17 17:15:00,0.00688,0.0069,0.00683,0.0069,4339494.0
2023-07-17 17:30:00,0.0069,0.00692,0.0069,0.0069,868721.0
2023-07-17 17:45:00,0.0069,0.00692,0.00688,0.0069,1480410.0
2023-07-17 18:00:00,0.0069,0.00691,0.00689,0.00689,552208.0
2023-07-17 18:15:00,0.0069,0.00691,0.00688,0.0069,471133.0
2023-07-17 18:30:00,0.00689,0.00689,0.00685,0.00689,1406088.0
2023-07-17 18:45:00,0.00689,0.00691,0.00683,0.0069,2063940.0
2023-07-17 19:00:00,0.0069,0.00691,0.00688,0.00691,1293207.0
2023-07-17 19:15:00,0.00692,0.00697,0.00692,0.00695,949584.0
2023-07-17 19:30:00,0.00695,0.00696,0.00693,0.00695,782353.0
2023-07-17 19:45:00,0.00693,0.00695,0.00693,0.00695,452989.0
2023-07-17 20:00:00,0.00695,0.00697,0.00695,0.00697,213832.0
2023-07-17 20:15:00,0.00696,0.00698,0.00694,0.00694,302177.0
2023-07-17 20:30:00,0.00693,0.00693,0.00691,0.00692,533895.0
2023-07-17 20:45:00,0.00691,0.00691,0.0069,0.00691,373159.0
2023-07-17 21:00:00,0.00692,0.00694,0.00692,0.00694,298591.0
2023-07-17 21:15:00,0.00695,0.00701,0.00695,0.007,757927.0
2023-07-17 21:30:00,0.007,0.00702,0.00699,0.00702,392442.0
2023-07-17 21:45:00,0.00702,0.0071,0.00702,0.00708,3807707.0
2023-07-17 22:00:00,0.00709,0.00716,0.00709,0.00713,4026815.0
2023-07-17 22:15:00,0.00714,0.00721,0.00714,0.00719,1394561.0
2023-07-17 22:30:00,0.00721,0.00724,0.00719,0.00722,4341376.0
2023-07-17 22:45:00,0.00723,0.00723,0.00718,0.00718,886938.0
2023-07-17 23:00:00,0.00719,0.0072,0.00713,0.00718,1363445.0
2023-07-17 23:15:00,0.00719,0.0072,0.00718,0.0072,556246.0
2023-07-17 23:30:00,0.0072,0.00724,0.0072,0.00721,2805235.0
2023-07-17 23:45:00,0.00721,0.00722,0.0072,0.0072,713376.0
2023-07-18 00:00:00,0.00719,0.00723,0.00718,0.00721,962136.0
2023-07-18 00:15:00,0.0072,0.00725,0.00719,0.00725,954213.0
2023-07-18 00:30:00,0.00724,0.00726,0.00724,0.00726,791019.0
2023-07-18 00:45:00,0.00725,0.00725,0.00721,0.00724,480374.0
2023-07-18 01:00:00,0.00724,0.00726,0.00722,0.00725,252601.0
2023-07-18 01:15:00,0.00726,0.00727,0.00723,0.00727,792794.0
2023-07-18 01:30:00,0.00726,0.00728,0.00726,0.00727,544072.0
2023-07-18 01:45:00,0.00727,0.00728,0.00725,0.00727,771165.0
2023-07-18 02:00:00,0.00727,0.00728,0.00722,0.00722,167675.0
2023-07-18 02:15:00,0.00722,0.00725,0.00722,0.00725,828763.0
2023-07-18 02:30:00,0.00725,0.00729,0.00725,0.00726,1016291.0
2023-07-18 02:45:00,0.00725,0.00725,0.00724,0.00724,235862.0
2023-07-18 03:00:00,0.00724,0.00727,0.00722,0.00722,2372977.0
2023-07-18 03:15:00,0.00722,0.00722,0.00722,0.00722,112480.0
2023-07-18 03:30:00,0.00722,0.00724,0.00718,0.00719,1586569.0
2023-07-18 03:45:00,0.0072,0.00726,0.00719,0.00721,2574654.0
2023-07-18 04:00:00,0.00721,0.00723,0.00718,0.00719,757615.0
2023-07-18 04:15:00,0.00718,0.00719,0.00716,0.00719,675189.0
2023-07-18 04:30:00,0.00718,0.00721,0.00717,0.00718,714085.0
2023-07-18 04:45:00,0.00718,0.00719,0.00716,0.00718,459959.0
2023-07-18 05:00:00,0.00718,0.00718,0.00714,0.00715,354604.0
2023-07-18 05:15:00,0.00716,0.00716,0.00711,0.00713,559868.0
2023-07-18 05:30:00,0.00713,0.00715,0.00711,0.00711,797618.0
2023-07-18 05:45:00,0.00712,0.00713,0.00709,0.00709,541727.0
2023-07-18 06:00:00,0.00709,0.00711,0.00708,0.00709,883336.0
2023-07-18 06:15:00,0.00709,0.0071,0.00706,0.00706,2755118.0
2023-07-18 06:30:00,0.00706,0.00706,0.00694,0.00697,5489308.0
2023-07-18 06:45:00,0.00697,0.00698,0.00691,0.00695,3175487.0
2023-07-18 07:00:00,0.00694,0.00698,0.00691,0.00697,1670406.0
2023-07-18 07:15:00,0.00698,0.00698,0.00696,0.00698,914171.0
2023-07-18 07:30:00,0.00697,0.00699,0.00696,0.00697,1289719.0
2023-07-18 07:45:00,0.00698,0.00698,0.00695,0.00696,609998.0
2023-07-18 08:00:00,0.00695,0.00695,0.00691,0.00692,1100654.0
2023-07-18 08:15:00,0.00692,0.00698,0.00689,0.00698,1168735.0
2023-07-18 08:30:00,0.00697,0.007,0.00697,0.00699,2089220.0
2023-07-18 08:45:00,0.00698,0.00698,0.00696,0.00696,304606.0
2023-07-18 09:00:00,0.00696,0.007,0.00696,0.00696,1611293.0
2023-07-18 09:15:00,0.00696,0.00696,0.00695,0.00696,1077565.0
2023-07-18 09:30:00,0.00695,0.00696,0.00693,0.00693,3368225.0
2023-07-18 09:45:00,0.00692,0.00692,0.00688,0.00688,2084429.0
2023-07-18 10:00:00,0.00687,0.00691,0.00687,0.00688,1834605.0
2023-07-18 10:15:00,0.00688,0.0069,0.00687,0.00689,1075556.0
2023-07-18 10:30:00,0.00688,0.00691,0.00688,0.00691,1009052.0
2023-07-18 10:45:00,0.00692,0.00695,0.00692,0.00695,1105119.0
2023-07-18 11:00:00,0.00694,0.00697,0.00694,0.00696,965486.0
2023-07-18 11:15:00,0.00695,0.00697,0.00694,0.00696,552400.0
2023-07-18 11:30:00,0.00696,0.00697,0.00691,0.00691,1893352.0
2023-07-18 11:45:00,0.00692,0.00692,0.00688,0.00688,1464111.0
2023-07-18 12:00:00,0.00688,0.0069,0.00685,0.00685,2836315.0
2023-07-18 12:15:00,0.00685,0.00688,0.00684,0.00687,391465.0
2023-07-18 12:30:00,0.00688,0.00689,0.00685,0.00689,987277.0
2023-07-18 12:45:00,0.00688,0.00688,0.00685,0.00688,345834.0
2023-07-18 13:00:00,0.00687,0.0069,0.00685,0.0069,1220731.0
2023-07-18 13:15:00,0.00689,0.00694,0.00689,0.00694,723150.0
2023-07-18 13:30:00,0.00693,0.00699,0.00692,0.00695,2712777.0
2023-07-18 13:45:00,0.00696,0.00697,0.00694,0.00694,340015.0
2023-07-18 14:00:00,0.00694,0.00698,0.00694,0.00695,176190.0
2023-07-18 14:15:00,0.00696,0.00709,0.00696,0.00704,10098960.0
2023-07-18 14:30:00,0.00704,0.00704,0.00698,0.007,2524904.0
2023-07-18 14:45:00,0.007,0.007,0.00695,0.00695,683155.0
2023-07-18 15:00:00,0.00695,0.00697,0.00693,0.00694,545027.0
2023-07-18 15:15:00,0.00693,0.00696,0.00691,0.00691,2419792.0
2023-07-18 15:30:00,0.00692,0.00692,0.00689,0.00689,1274309.0
2023-07-18 15:45:00,0.00689,0.00692,0.00689,0.00692,214141.0
2023-07-18 16:00:00,0.00692,0.00697,0.0069,0.00697,1060008.0
2023-07-18 16:15:00,0.00698,0.00698,0.00693,0.00695,1140890.0
2023-07-18 16:30:00,0.00694,0.00696,0.00689,0.00689,968325.0
2023-07-18 16:45:00,0.0069,0.00691,0.00685,0.00686,2991286.0
2023-07-18 17:00:00,0.00688,0.0069,0.00687,0.00689,236331.0
2023-07-18 17:15:00,0.00687,0.00688,0.00684,0.00684,686484.0
2023-07-18 17:30:00,0.00685,0.00689,0.00685,0.00689,1251495.0
2023-07-18 17:45:00,0.00689,0.00689,0.00687,0.00688,570108.0
2023-07-18 18:00:00,0.00687,0.00694,0.00687,0.00694,1067951.0
2023-07-18 18:15:00,0.00692,0.00694,0.0069,0.00694,194374.0
2023-07-18 18:30:00,0.00694,0.00694,0.00691,0.00691,245283.0
2023-07-18 18:45:00,0.00693,0.00693,0.00692,0.00693,267358.0
2023-07-18 19:00:00,0.00694,0.00697,0.00693,0.00694,861764.0
2023-07-18 19:15:00,0.00694,0.00694,0.00691,0.00691,333419.0
2023-07-18 19:30:00,0.00691,0.00692,0.00689,0.00689,421120.0
2023-07-18 19:45:00,0.00688,0.00688,0.00686,0.00687,76672.0
2023-07-18 20:00:00,0.00686,0.00689,0.00686,0.00689,608688.0
2023-07-18 20:15:00,0.00688,0.00688,0.00687,0.00687,186430.0
2023-07-18 20:30:00,0.00685,0.00689,0.00685,0.00689,361066.0
2023-07-18 20:45:00,0.0069,0.00691,0.00689,0.00689,1435182.0
2023-07-18 21:00:00,0.0069,0.00692,0.00689,0.0069,358777.0
2023-07-18 21:15:00,0.00691,0.00695,0.00691,0.00695,310814.0
2023-07-18 21:30:00,0.00694,0.00695,0.00692,0.00692,818376.0
2023-07-18 21:45:00,0.00692,0.00692,0.00691,0.00691,7917.0
2023-07-18 22:00:00,0.00693,0.00695,0.00692,0.00692,109722.0
2023-07-18 22:15:00,0.00691,0.00692,0.00689,0.00692,363944.0
2023-07-18 22:30:00,0.00692,0.00694,0.00691,0.00692,285322.0
2023-07-18 22:45:00,0.00694,0.00696,0.00693,0.00694,267303.0
2023-07-18 23:00:00,0.00695,0.00695,0.00692,0.00692,149853.0
2023-07-18 23:15:00,0.00692,0.00695,0.00692,0.00695,355071.0
2023-07-18 23:30:00,0.00695,0.00695,0.00692,0.00692,388873.0
2023-07-18 23:45:00,0.00692,0.00694,0.00691,0.00694,226915.0
2023-07-19 00:00:00,0.00694,0.00694,0.0069,0.00691,1048049.0
2023-07-19 00:15:00,0.0069,0.00695,0.0069,0.00694,1788640.0
2023-07-19 00:30:00,0.00695,0.007,0.00695,0.00698,2515452.0
2023-07-19 00:45:00,0.00697,0.00701,0.00697,0.00701,85562.0
2023-07-19 01:00:00,0.00701,0.00702,0.00699,0.00699,110161.0
2023-07-19 01:15:00,0.00701,0.00701,0.00699,0.007,74298.0
2023-07-19 01:30:00,0.007,0.007,0.00699,0.007,298141.0
2023-07-19 01:45:00,0.00699,0.00702,0.00699,0.00701,62180.0
2023-07-19 02:00:00,0.00701,0.00702,0.00701,0.00701,130785.0
2023-07-19 02:15:00,0.007,0.00701,0.00699,0.00699,92936.0
2023-07-19 02:30:00,0.00699,0.007,0.00698,0.007,285311.0
2023-07-19 02:45:00,0.00702,0.00707,0.00701,0.00706,524291.0
2023-07-19 03:00:00,0.00705,0.00708,0.00703,0.00704,384039.0
2023-07-19 03:15:00,0.00704,0.00706,0.00704,0.00705,36927.0
2023-07-19 03:30:00,0.00705,0.00705,0.00703,0.00704,370049.0
2023-07-19 03:45:00,0.00704,0.00705,0.00703,0.00703,693602.0
2023-07-19 04:00:00,0.00703,0.00704,0.00702,0.00702,108544.0
2023-07-19 04:15:00,0.00701,0.00705,0.00701,0.00705,743347.0
2023-07-19 04:30:00,0.00704,0.00704,0.007,0.00702,2258814.0
2023-07-19 04:45:00,0.00702,0.00702,0.007,0.00702,790643.0
2023-07-19 05:00:00,0.00702,0.0071,0.00701,0.00705,2183536.0
2023-07-19 05:15:00,0.00706,0.00707,0.00706,0.00707,78107.0
2023-07-19 05:30:00,0.00707,0.00715,0.00707,0.00708,2042029.0
2023-07-19 05:45:00,0.00709,0.00709,0.00708,0.00708,435611.0
2023-07-19 06:00:00,0.00707,0.00707,0.00706,0.00707,358721.0
2023-07-19 06:15:00,0.00708,0.00709,0.00703,0.00703,585295.0
2023-07-19 06:30:00,0.00704,0.00705,0.00702,0.00702,350500.0
2023-07-19 06:45:00,0.00702,0.00703,0.00701,0.00703,221990.0
2023-07-19 07:00:00,0.00704,0.00704,0.00701,0.00702,189692.0
2023-07-19 07:15:00,0.00701,0.00705,0.00701,0.00705,327617.0
2023-07-19 07:30:00,0.00705,0.00705,0.00701,0.00701,81916.0
2023-07-19 07:45:00,0.007,0.00701,0.00699,0.00701,208548.0
2023-07-19 08:00:00,0.00698,0.007,0.00695,0.00697,461277.0
2023-07-19 08:15:00,0.00697,0.00698,0.00696,0.00698,696925.0
2023-07-19 08:30:00,0.00699,0.007,0.00697,0.00698,405711.0
2023-07-19 08:45:00,0.00698,0.00698,0.0069,0.00691,4709221.0
2023-07-19 09:00:00,0.00691,0.00693,0.0069,0.00693,767859.0
2023-07-19 09:15:00,0.00694,0.00696,0.00694,0.00695,738811.0
2023-07-19 09:30:00,0.00694,0.00695,0.00694,0.00694,155349.0
2023-07-19 09:45:00,0.00696,0.00698,0.00695,0.00698,4590956.0
2023-07-19 10:00:00,0.00698,0.00698,0.00696,0.00698,672262.0
2023-07-19 10:15:00,0.00697,0.00697,0.00692,0.00693,3744863.0
2023-07-19 10:30:00,0.00693,0.00695,0.00693,0.00694,480242.0
2023-07-19 10:45:00,0.00693,0.00693,0.00691,0.00692,476203.0
2023-07-19 11:00:00,0.00691,0.00694,0.00691,0.00693,1022804.0
2023-07-19 11:15:00,0.00693,0.00693,0.00692,0.00693,2686996.0
2023-07-19 11:30:00,0.00693,0.00695,0.00693,0.00695,539853.0
2023-07-19 11:45:00,0.00696,0.00697,0.00696,0.00696,170802.0
2023-07-19 12:00:00,0.00697,0.00697,0.00695,0.00696,214439.0
2023-07-19 12:15:00,0.00696,0.00697,0.00694,0.00695,2449021.0
2023-07-19 12:30:00,0.00696,0.00696,0.00694,0.00694,276595.0
2023-07-19 12:45:00,0.00695,0.00699,0.00695,0.00698,421429.0
2023-07-19 13:00:00,0.00699,0.00699,0.00694,0.00694,402889.0
2023-07-19 13:15:00,0.00694,0.00696,0.00693,0.00696,621798.0
2023-07-19 13:30:00,0.00698,0.00701,0.00695,0.00701,1611699.0
2023-07-19 13:45:00,0.00701,0.00708,0.007,0.00701,6916409.0
2023-07-19 14:00:00,0.00701,0.00701,0.00692,0.00694,3487261.0
2023-07-19 14:15:00,0.00694,0.00695,0.00693,0.00693,460823.0
2023-07-19 14:30:00,0.00693,0.00693,0.00691,0.00692,750373.0
2023-07-19 14:45:00,0.00691,0.00693,0.0069,0.00691,461588.0
2023-07-19 15:00:00,0.00691,0.00701,0.0069,0.00699,7036405.0
2023-07-19 15:15:00,0.00699,0.00699,0.00694,0.00696,1604248.0
2023-07-19 15:30:00,0.00696,0.00697,0.00693,0.00693,895057.0
2023-07-19 15:45:00,0.00695,0.00698,0.00694,0.00697,1090158.0
2023-07-19 16:00:00,0.00695,0.00698,0.00694,0.00697,357255.0
2023-07-19 16:15:00,0.00695,0.00696,0.00694,0.00694,608112.0
2023-07-19 16:30:00,0.00694,0.00695,0.00694,0.00694,143840.0
2023-07-19 16:45:00,0.00694,0.00696,0.00693,0.00695,403039.0
2023-07-19 17:00:00,0.00695,0.00701,0.00695,0.00701,537274.0
2023-07-19 17:15:00,0.00701,0.00702,0.007,0.007,363498.0
2023-07-19 17:30:00,0.007,0.007,0.00698,0.007,945990.0
2023-07-19 17:45:00,0.00701,0.00704,0.007,0.00702,1380684.0
2023-07-19 18:00:00,0.00702,0.00702,0.007,0.007,732782.0
2023-07-19 18:15:00,0.00699,0.00703,0.00698,0.00703,1950973.0
2023-07-19 18:30:00,0.00703,0.00703,0.007,0.007,916172.0
2023-07-19 18:45:00,0.00701,0.00704,0.00701,0.00704,1143712.0
2023-07-19 19:00:00,0.00703,0.00703,0.00701,0.00701,552542.0
2023-07-19 19:15:00,0.00701,0.00702,0.007,0.007,584574.0
2023-07-19 19:30:00,0.00701,0.00701,0.00699,0.00699,725652.0
2023-07-19 19:45:00,0.00699,0.00699,0.00697,0.00697,571816.0
2023-07-19 20:00:00,0.00697,0.00698,0.00696,0.00697,290256.0
2023-07-19 20:15:00,0.00697,0.00697,0.00695,0.00696,425808.0
2023-07-19 20:30:00,0.00694,0.00695,0.00694,0.00695,670050.0
2023-07-19 20:45:00,0.00696,0.00696,0.00695,0.00695,198071.0
2023-07-19 21:00:00,0.00694,0.00695,0.00691,0.00692,1247454.0
2023-07-19 21:15:00,0.00691,0.00694,0.0069,0.00694,554392.0
2023-07-19 21:30:00,0.00695,0.00697,0.00695,0.00696,817071.0
2023-07-19 21:45:00,0.00696,0.00696,0.00696,0.00696,9690.0
2023-07-19 22:00:00,0.00697,0.00699,0.00697,0.00697,505601.0
2023-07-19 22:15:00,0.00697,0.00697,0.00695,0.00696,1041897.0
2023-07-19 22:30:00,0.00696,0.00696,0.00694,0.00695,237451.0
2023-07-19 22:45:00,0.00694,0.00694,0.00693,0.00693,260604.0
2023-07-19 23:00:00,0.00693,0.00693,0.00691,0.00691,647582.0
2023-07-19 23:15:00,0.00691,0.00694,0.00691,0.00694,626668.0
2023-07-19 23:30:00,0.00695,0.00696,0.00695,0.00696,620882.0
2023-07-19 23:45:00,0.00694,0.00694,0.00692,0.00692,750825.0
2023-07-20 00:00:00,0.00692,0.00694,0.00691,0.00692,617971.0
2023-07-20 00:15:00,0.00692,0.00693,0.0069,0.0069,497349.0
2023-07-20 00:30:00,0.00689,0.00692,0.00687,0.00692,1550959.0
2023-07-20 00:45:00,0.00693,0.00697,0.00693,0.00697,1071907.0
2023-07-20 01:00:00,0.00697,0.00711,0.00695,0.00705,19914125.0
2023-07-20 01:15:00,0.00705,0.00705,0.00697,0.00698,1969868.0
2023-07-20 01:30:00,0.00698,0.00698,0.00697,0.00698,421532.0
2023-07-20 01:45:00,0.00697,0.00697,0.00694,0.00694,1260163.0
2023-07-20 02:00:00,0.00695,0.00696,0.00692,0.00696,3153418.0
2023-07-20 02:15:00,0.00695,0.00696,0.00695,0.00696,114228.0
2023-07-20 02:30:00,0.00696,0.00698,0.00693,0.00694,886615.0
2023-07-20 02:45:00,0.00693,0.00694,0.00691,0.00693,2911671.0
2023-07-20 03:00:00,0.00692,0.00693,0.0069,0.0069,708395.0
2023-07-20 03:15:00,0.0069,0.00691,0.00688,0.00689,1485790.0
2023-07-20 03:30:00,0.00687,0.00688,0.00684,0.00684,7884755.0
2023-07-20 03:45:00,0.00684,0.00685,0.00682,0.00684,1353224.0
2023-07-20 04:00:00,0.00685,0.00688,0.00685,0.00687,494830.0
2023-07-20 04:15:00,0.00687,0.00687,0.00684,0.00684,535379.0
2023-07-20 04:30:00,0.00684,0.00684,0.00683,0.00684,305717.0
2023-07-20 04:45:00,0.00684,0.00684,0.00684,0.00684,130845.0
2023-07-20 05:00:00,0.00683,0.00685,0.00682,0.00685,144688.0
2023-07-20 05:15:00,0.00685,0.00687,0.00684,0.00686,489073.0
2023-07-20 05:30:00,0.00687,0.00688,0.00687,0.00688,50291.0
2023-07-20 05:45:00,0.00687,0.00694,0.00687,0.00694,3292470.0
2023-07-20 06:00:00,0.00694,0.00694,0.0069,0.0069,1076671.0
2023-07-20 06:15:00,0.0069,0.0069,0.0069,0.0069,593581.0
2023-07-20 06:30:00,0.00691,0.00692,0.0069,0.0069,2590700.0
2023-07-20 06:45:00,0.00691,0.00692,0.0069,0.00691,2639450.0
2023-07-20 07:00:00,0.00691,0.00694,0.00691,0.00691,519640.0
2023-07-20 07:15:00,0.00692,0.00696,0.00692,0.00696,875515.0
2023-07-20 07:30:00,0.00696,0.00697,0.00695,0.00697,1382211.0
2023-07-20 07:45:00,0.00696,0.00698,0.00696,0.00696,278395.0
2023-07-20 08:00:00,0.00696,0.00697,0.00695,0.00696,491671.0
2023-07-20 08:15:00,0.00696,0.00698,0.00696,0.00698,711164.0
2023-07-20 08:30:00,0.00698,0.00699,0.00697,0.00699,742323.0
2023-07-20 08:45:00,0.007,0.00701,0.00699,0.00699,639359.0
2023-07-20 09:00:00,0.00698,0.00698,0.00696,0.00697,699853.0
2023-07-20 09:15:00,0.00697,0.00699,0.00696,0.00698,510278.0
2023-07-20 09:30:00,0.00699,0.00705,0.00699,0.00705,2167648.0
2023-07-20 09:45:00,0.00705,0.00705,0.00703,0.00705,450110.0
2023-07-20 10:00:00,0.00706,0.00709,0.00706,0.00707,570121.0
2023-07-20 10:15:00,0.00707,0.00709,0.00706,0.00708,1835254.0
2023-07-20 10:30:00,0.00707,0.00714,0.00707,0.00711,1160445.0
2023-07-20 10:45:00,0.00711,0.00719,0.0071,0.0071,4654296.0
2023-07-20 11:00:00,0.00709,0.00711,0.00709,0.00711,414888.0
2023-07-20 11:15:00,0.00711,0.00712,0.00708,0.0071,781860.0
2023-07-20 11:30:00,0.00711,0.00712,0.00707,0.00709,344657.0
2023-07-20 11:45:00,0.00709,0.00711,0.00709,0.00711,43749.0
2023-07-20 12:00:00,0.0071,0.00711,0.007,0.00704,4858304.0
2023-07-20 12:15:00,0.00704,0.00705,0.00703,0.00704,715227.0
2023-07-20 12:30:00,0.00704,0.00705,0.00702,0.00703,816357.0
2023-07-20 12:45:00,0.00703,0.00703,0.00702,0.00703,67823.0
2023-07-20 13:00:00,0.00704,0.00706,0.00703,0.00704,466189.0
2023-07-20 13:15:00,0.00704,0.00708,0.00704,0.00708,182370.0
2023-07-20 13:30:00,0.00708,0.00711,0.00707,0.00708,550369.0
2023-07-20 13:45:00,0.00709,0.00709,0.00709,0.00709,764956.0
2023-07-20 14:00:00,0.00709,0.0071,0.00705,0.00707,771258.0
2023-07-20 14:15:00,0.00707,0.00707,0.00704,0.00704,315239.0
2023-07-20 14:30:00,0.00704,0.00704,0.0069,0.00693,7761265.0
2023-07-20 14:45:00,0.00691,0.00694,0.00687,0.00694,2353418.0
2023-07-20 15:00:00,0.00692,0.00696,0.00692,0.00696,354909.0
2023-07-20 15:15:00,0.00696,0.00697,0.00695,0.00697,368785.0
2023-07-20 15:30:00,0.00697,0.00699,0.0069,0.00691,3545081.0
2023-07-20 15:45:00,0.00691,0.00691,0.00687,0.0069,976233.0
2023-07-20 16:00:00,0.00689,0.00691,0.00688,0.00691,430168.0
2023-07-20 16:15:00,0.00689,0.00689,0.00686,0.00687,1225481.0
2023-07-20 16:30:00,0.00686,0.00687,0.00685,0.00686,546863.0
2023-07-20 16:45:00,0.00685,0.00685,0.00683,0.00683,625227.0
2023-07-20 17:00:00,0.00683,0.00686,0.00683,0.00686,231809.0
2023-07-20 17:15:00,0.00686,0.00687,0.00684,0.00684,206187.0
2023-07-20 17:30:00,0.00685,0.00687,0.00685,0.00687,153396.0
2023-07-20 17:45:00,0.00687,0.00687,0.00684,0.00685,221667.0
2023-07-20 18:00:00,0.00685,0.00685,0.00684,0.00684,110189.0
2023-07-20 18:15:00,0.00683,0.00683,0.0068,0.0068,1018565.0
2023-07-20 18:30:00,0.0068,0.00681,0.00678,0.00681,654977.0
2023-07-20 18:45:00,0.00681,0.00682,0.0068,0.0068,189311.0
2023-07-20 19:00:00,0.00681,0.00686,0.00681,0.00685,761551.0
2023-07-20 19:15:00,0.00685,0.00687,0.00685,0.00687,404522.0
2023-07-20 19:30:00,0.00687,0.00688,0.00687,0.00687,99528.0
2023-07-20 19:45:00,0.00686,0.00692,0.00686,0.00691,981952.0
2023-07-20 20:00:00,0.00691,0.00691,0.00688,0.00688,304769.0
2023-07-20 20:15:00,0.00687,0.00687,0.00683,0.00685,431682.0
2023-07-20 20:30:00,0.00686,0.00686,0.00682,0.00684,616679.0
2023-07-20 20:45:00,0.00683,0.00687,0.00682,0.00687,514593.0
2023-07-20 21:00:00,0.00687,0.00688,0.00686,0.00687,465390.0
2023-07-20 21:15:00,0.00688,0.00689,0.00687,0.00689,102625.0
2023-07-20 21:30:00,0.0069,0.0069,0.00687,0.00688,543534.0
2023-07-20 21:45:00,0.00689,0.00691,0.00689,0.00691,212080.0
2023-07-20 22:00:00,0.00691,0.00691,0.00689,0.00689,133525.0
2023-07-20 22:15:00,0.0069,0.0069,0.0069,0.0069,205510.0
2023-07-20 22:30:00,0.0069,0.0069,0.00689,0.0069,378712.0
2023-07-20 22:45:00,0.0069,0.00691,0.00689,0.0069,232407.0
2023-07-20 23:00:00,0.00691,0.00692,0.0069,0.00692,115504.0
2023-07-20 23:15:00,0.00691,0.00691,0.0069,0.0069,191819.0
2023-07-20 23:30:00,0.00689,0.00689,0.00688,0.00689,202412.0
2023-07-20 23:45:00,0.00689,0.00691,0.00689,0.00691,164554.0
2023-07-21 00:00:00,0.0069,0.00691,0.00688,0.00691,4308832.0
2023-07-21 00:15:00,0.00692,0.00692,0.00686,0.00686,1621761.0
2023-07-21 00:30:00,0.00687,0.00691,0.00685,0.00691,1530060.0
2023-07-21 00:45:00,0.00691,0.00692,0.0069,0.00691,505793.0
2023-07-21 01:00:00,0.00688,0.00693,0.00688,0.00693,442852.0
2023-07-21 01:15:00,0.00694,0.00698,0.00694,0.00698,441943.0
2023-07-21 01:30:00,0.00698,0.00698,0.00696,0.00696,86936.0
2023-07-21 01:45:00,0.00696,0.00702,0.00696,0.00701,755971.0
2023-07-21 02:00:00,0.00702,0.00702,0.00699,0.00701,265597.0
2023-07-21 02:15:00,0.00701,0.00703,0.00701,0.00703,399905.0
2023-07-21 02:30:00,0.00702,0.00702,0.00698,0.00698,294843.0
2023-07-21 02:45:00,0.00698,0.00699,0.00698,0.00699,300701.0
2023-07-21 03:00:00,0.007,0.007,0.007,0.007,67968.0
2023-07-21 03:15:00,0.007,0.007,0.00698,0.00698,296915.0
2023-07-21 03:30:00,0.00697,0.00697,0.00695,0.00696,388713.0
2023-07-21 03:45:00,0.00697,0.00699,0.00697,0.00698,491123.0
2023-07-21 04:00:00,0.00698,0.00699,0.00697,0.00697,292631.0
2023-07-21 04:15:00,0.00697,0.00698,0.00694,0.00694,575374.0
2023-07-21 04:30:00,0.00694,0.00695,0.00693,0.00693,315610.0
2023-07-21 04:45:00,0.00693,0.00693,0.00688,0.00691,4528731.0
2023-07-21 05:00:00,0.0069,0.00693,0.0069,0.00692,373822.0
2023-07-21 05:15:00,0.00692,0.00692,0.00689,0.00689,170843.0
2023-07-21 05:30:00,0.0069,0.0069,0.00688,0.0069,774768.0
2023-07-21 05:45:00,0.00689,0.0069,0.00687,0.0069,405584.0
2023-07-21 06:00:00,0.0069,0.00691,0.00688,0.00689,514219.0
2023-07-21 06:15:00,0.00691,0.00692,0.00691,0.00691,190765.0
2023-07-21 06:30:00,0.00692,0.00692,0.00689,0.00689,845343.0
2023-07-21 06:45:00,0.00689,0.007,0.00689,0.00692,7448569.0
2023-07-21 07:00:00,0.00692,0.00693,0.00691,0.00691,767365.0
2023-07-21 07:15:00,0.0069,0.0069,0.00687,0.00687,465352.0
2023-07-21 07:30:00,0.00687,0.00687,0.00686,0.00687,434281.0
2023-07-21 07:45:00,0.00687,0.00688,0.00686,0.00687,196820.0
2023-07-21 08:00:00,0.00685,0.00688,0.00685,0.00688,432877.0
2023-07-21 08:15:00,0.00688,0.0069,0.00688,0.0069,202356.0
2023-07-21 08:30:00,0.0069,0.0069,0.00688,0.00688,383536.0
2023-07-21 08:45:00,0.00688,0.00689,0.00688,0.00689,354270.0
2023-07-21 09:00:00,0.00689,0.0069,0.00687,0.0069,100688.0
2023-07-21 09:15:00,0.0069,0.00691,0.0069,0.0069,273704.0
2023-07-21 09:30:00,0.00688,0.00688,0.00686,0.00687,229181.0
2023-07-21 09:45:00,0.00687,0.00688,0.00685,0.00685,423058.0
2023-07-21 10:00:00,0.00685,0.00687,0.00685,0.00686,822123.0
2023-07-21 10:15:00,0.00687,0.00688,0.00686,0.00688,386896.0
2023-07-21 10:30:00,0.00688,0.00689,0.00688,0.00689,98227.0
2023-07-21 10:45:00,0.0069,0.0069,0.00687,0.00689,251357.0
2023-07-21 11:00:00,0.00689,0.00689,0.00687,0.00689,93781.0
2023-07-21 11:15:00,0.0069,0.00691,0.00688,0.00688,1017130.0
2023-07-21 11:30:00,0.00688,0.0069,0.00688,0.0069,640123.0
2023-07-21 11:45:00,0.00691,0.00692,0.00691,0.00692,115074.0
2023-07-21 12:00:00,0.00692,0.00693,0.00691,0.00691,520696.0
2023-07-21 12:15:00,0.00692,0.00695,0.00692,0.00694,373990.0
2023-07-21 12:30:00,0.00695,0.00697,0.00695,0.00695,418857.0
2023-07-21 12:45:00,0.00696,0.00698,0.00696,0.00696,289359.0
2023-07-21 13:00:00,0.00697,0.00697,0.00695,0.00695,247640.0
2023-07-21 13:15:00,0.00695,0.00698,0.00695,0.00695,136619.0
2023-07-21 13:30:00,0.00695,0.00698,0.00695,0.00696,389922.0
2023-07-21 13:45:00,0.00696,0.00697,0.00695,0.00697,459321.0
2023-07-21 14:00:00,0.00696,0.00697,0.00695,0.00696,2531522.0
2023-07-21 14:15:00,0.00696,0.00696,0.00694,0.00695,1122373.0
2023-07-21 14:30:00,0.00696,0.00699,0.00696,0.00699,148262.0
2023-07-21 14:45:00,0.007,0.00701,0.00699,0.007,703476.0
2023-07-21 15:00:00,0.007,0.007,0.00695,0.00695,342610.0
2023-07-21 15:15:00,0.00694,0.00695,0.00694,0.00695,143496.0
2023-07-21 15:30:00,0.00695,0.00696,0.00695,0.00695,250332.0
2023-07-21 15:45:00,0.00696,0.00696,0.00695,0.00695,26548.0
2023-07-21 16:00:00,0.00695,0.00695,0.00693,0.00693,134673.0
2023-07-21 16:15:00,0.00693,0.00693,0.00691,0.00693,938470.0
2023-07-21 16:30:00,0.00693,0.00693,0.00693,0.00693,203255.0
2023-07-21 16:45:00,0.00694,0.00695,0.00694,0.00694,251692.0
2023-07-21 17:00:00,0.00693,0.00698,0.00693,0.00697,286649.0
2023-07-21 17:15:00,0.00696,0.00698,0.00696,0.00698,151705.0
2023-07-21 17:30:00,0.00697,0.00699,0.00697,0.00699,117430.0
2023-07-21 17:45:00,0.00698,0.00701,0.00698,0.007,187257.0
2023-07-21 18:00:00,0.007,0.00703,0.007,0.00702,128694.0
2023-07-21 18:15:00,0.00701,0.00702,0.007,0.00701,260713.0
2023-07-21 18:30:00,0.00702,0.00702,0.00699,0.00699,492693.0
2023-07-21 18:45:00,0.00699,0.00699,0.00697,0.00698,938864.0
2023-07-21 19:00:00,0.00699,0.00699,0.00692,0.00692,561885.0
2023-07-21 19:15:00,0.00692,0.00697,0.00692,0.00695,542926.0
2023-07-21 19:30:00,0.00697,0.00699,0.00695,0.00699,172422.0
2023-07-21 19:45:00,0.00698,0.00701,0.00698,0.00699,910166.0
2023-07-21 20:00:00,0.007,0.007,0.00697,0.00697,586496.0
2023-07-21 20:15:00,0.00697,0.00699,0.00697,0.00698,106828.0
2023-07-21 20:30:00,0.007,0.007,0.007,0.007,51294.0
2023-07-21 20:45:00,0.007,0.00702,0.007,0.00702,274976.0
2023-07-21 21:00:00,0.00703,0.00703,0.00702,0.00702,48326.0
2023-07-21 21:15:00,0.00701,0.00701,0.00699,0.007,326617.0
2023-07-21 21:30:00,0.00699,0.00699,0.00696,0.00696,475276.0
2023-07-21 21:45:00,0.00697,0.00697,0.00697,0.00697,48196.0
2023-07-21 22:00:00,0.007,0.00702,0.007,0.00701,371534.0
2023-07-21 22:15:00,0.00701,0.00702,0.00701,0.00701,770795.0
2023-07-21 22:30:00,0.007,0.00702,0.007,0.00701,86725.0
2023-07-21 22:45:00,0.00701,0.00702,0.007,0.00701,215403.0
2023-07-21 23:00:00,0.00702,0.00702,0.00699,0.00699,434661.0
2023-07-21 23:15:00,0.00699,0.007,0.00699,0.00699,562325.0
2023-07-21 23:30:00,0.00699,0.007,0.00699,0.00699,268466.0
2023-07-21 23:45:00,0.00699,0.00699,0.00698,0.00698,22914.0
2023-07-22 00:00:00,0.00698,0.007,0.00698,0.00699,189376.0
2023-07-22 00:15:00,0.007,0.00701,0.00698,0.00699,1538007.0
2023-07-22 00:30:00,0.00699,0.00699,0.00699,0.00699,28068.0
2023-07-22 00:45:00,0.00699,0.007,0.00699,0.007,248223.0
2023-07-22 01:00:00,0.007,0.00707,0.007,0.00702,6241804.0
2023-07-22 01:15:00,0.00702,0.00702,0.00701,0.00702,186429.0
2023-07-22 01:30:00,0.00701,0.00701,0.00699,0.007,400515.0
2023-07-22 01:45:00,0.007,0.007,0.00694,0.00694,1162679.0
2023-07-22 02:00:00,0.00694,0.00695,0.00694,0.00695,399639.0
2023-07-22 02:15:00,0.00694,0.00695,0.00694,0.00695,69577.0
2023-07-22 02:30:00,0.00695,0.00696,0.00695,0.00696,93111.0
2023-07-22 02:45:00,0.00697,0.00698,0.00696,0.00697,172011.0
2023-07-22 03:00:00,0.00698,0.00698,0.00695,0.00695,339514.0
2023-07-22 03:15:00,0.00697,0.00702,0.00697,0.00701,234321.0
2023-07-22 03:30:00,0.00701,0.00702,0.00699,0.00699,693091.0
2023-07-22 03:45:00,0.00701,0.00703,0.00701,0.00702,405433.0
2023-07-22 04:00:00,0.00702,0.00702,0.00701,0.00701,91306.0
2023-07-22 04:15:00,0.00701,0.00703,0.00701,0.00703,239595.0
2023-07-22 04:30:00,0.00704,0.00706,0.00704,0.00704,170680.0
2023-07-22 04:45:00,0.00704,0.00704,0.00701,0.00701,216027.0
2023-07-22 05:00:00,0.00701,0.00701,0.007,0.007,304830.0
2023-07-22 05:15:00,0.007,0.007,0.00699,0.007,244211.0
2023-07-22 05:30:00,0.007,0.007,0.007,0.007,104245.0
2023-07-22 05:45:00,0.007,0.007,0.007,0.007,79357.0
2023-07-22 06:00:00,0.007,0.00701,0.00699,0.00699,132745.0
2023-07-22 06:15:00,0.00699,0.00699,0.00698,0.00698,164101.0
2023-07-22 06:30:00,0.00698,0.00698,0.00698,0.00698,228571.0
2023-07-22 06:45:00,0.00699,0.00701,0.00699,0.00701,262538.0
2023-07-22 07:00:00,0.00701,0.00701,0.007,0.00701,52801.0
2023-07-22 07:15:00,0.00701,0.00701,0.00699,0.007,23711.0
2023-07-22 07:30:00,0.00702,0.00704,0.00702,0.00704,195479.0
2023-07-22 07:45:00,0.00704,0.00705,0.00701,0.00701,248579.0
2023-07-22 08:00:00,0.00701,0.00702,0.007,0.00701,555442.0
2023-07-22 08:15:00,0.00702,0.00703,0.00702,0.00703,192320.0
2023-07-22 08:30:00,0.00704,0.00704,0.00703,0.00704,232762.0
2023-07-22 08:45:00,0.00704,0.00704,0.00702,0.00702,54954.0
2023-07-22 09:00:00,0.00702,0.00702,0.007,0.00701,523234.0
2023-07-22 09:15:00,0.00702,0.00702,0.00701,0.00702,264880.0
2023-07-22 09:30:00,0.00702,0.00703,0.00701,0.00703,186761.0
2023-07-22 09:45:00,0.00703,0.00703,0.00699,0.00699,173151.0
2023-07-22 10:00:00,0.00698,0.00698,0.00696,0.00698,1850401.0
2023-07-22 10:15:00,0.00698,0.00698,0.00698,0.00698,84831.0
2023-07-22 10:30:00,0.00698,0.007,0.00698,0.007,78315.0
2023-07-22 10:45:00,0.007,0.007,0.007,0.007,296646.0
2023-07-22 11:00:00,0.00701,0.00702,0.007,0.00701,917484.0
2023-07-22 11:15:00,0.00701,0.00701,0.00699,0.007,169681.0
2023-07-22 11:30:00,0.00699,0.00699,0.00697,0.00697,376506.0
2023-07-22 11:45:00,0.00697,0.00697,0.00696,0.00697,1830240.0
2023-07-22 12:00:00,0.00697,0.00697,0.00696,0.00697,796517.0
2023-07-22 12:15:00,0.00697,0.00698,0.00695,0.00698,685404.0
2023-07-22 12:30:00,0.00698,0.00698,0.00696,0.00696,119368.0
2023-07-22 12:45:00,0.00696,0.00696,0.00695,0.00696,174965.0
2023-07-22 13:00:00,0.00695,0.00696,0.00695,0.00695,177765.0
2023-07-22 13:15:00,0.00697,0.00697,0.00697,0.00697,254383.0
2023-07-22 13:30:00,0.00698,0.00698,0.00698,0.00698,318955.0
2023-07-22 13:45:00,0.00698,0.00699,0.00698,0.00699,103845.0
2023-07-22 14:00:00,0.007,0.00701,0.007,0.00701,148450.0
2023-07-22 14:15:00,0.00701,0.00702,0.007,0.007,310967.0
2023-07-22 14:30:00,0.00701,0.00701,0.00701,0.00701,54641.0
2023-07-22 14:45:00,0.00701,0.00702,0.00701,0.00701,139871.0
2023-07-22 15:00:00,0.007,0.00702,0.007,0.00702,33955.0
2023-07-22 15:15:00,0.00701,0.00701,0.00699,0.00699,140051.0
2023-07-22 15:30:00,0.00699,0.007,0.00698,0.007,92534.0
2023-07-22 15:45:00,0.00701,0.00702,0.00701,0.00702,8079.0
2023-07-22 16:00:00,0.00702,0.00704,0.00702,0.00702,1074308.0
2023-07-22 16:15:00,0.00702,0.00702,0.007,0.00701,1155595.0
2023-07-22 16:30:00,0.00702,0.00702,0.00702,0.00702,27274.0
2023-07-22 16:45:00,0.00703,0.00703,0.00703,0.00703,32405.0
2023-07-22 17:00:00,0.00704,0.00704,0.00704,0.00704,444490.0
2023-07-22 17:15:00,0.00704,0.00705,0.00704,0.00704,103510.0
2023-07-22 17:30:00,0.00702,0.00702,0.007,0.007,344262.0
2023-07-22 17:45:00,0.00699,0.007,0.00698,0.007,286798.0
2023-07-22 18:00:00,0.00699,0.00699,0.00696,0.00697,601295.0
2023-07-22 18:15:00,0.00697,0.00697,0.00696,0.00696,1344904.0
2023-07-22 18:30:00,0.00696,0.00698,0.00696,0.00698,261019.0
2023-07-22 18:45:00,0.00697,0.00698,0.00697,0.00697,707560.0
2023-07-22 19:00:00,0.00698,0.00701,0.00698,0.00701,263006.0
2023-07-22 19:15:00,0.00701,0.00701,0.007,0.00701,65907.0
2023-07-22 19:30:00,0.00701,0.00701,0.007,0.00701,213764.0
2023-07-22 19:45:00,0.00701,0.00704,0.00701,0.00703,375654.0
2023-07-22 20:00:00,0.00703,0.00704,0.00703,0.00703,167317.0
2023-07-22 20:15:00,0.00704,0.00705,0.00703,0.00705,284644.0
2023-07-22 20:30:00,0.00705,0.00707,0.00705,0.00707,271329.0
2023-07-22 20:45:00,0.00706,0.00707,0.00706,0.00706,59336.0
2023-07-22 21:00:00,0.00706,0.00707,0.00706,0.00706,30045.0
2023-07-22 21:15:00,0.00705,0.00705,0.00704,0.00705,192350.0
2023-07-22 21:30:00,0.00706,0.00706,0.00705,0.00706,634387.0
2023-07-22 21:45:00,0.00705,0.00706,0.00705,0.00706,233256.0
2023-07-22 22:00:00,0.00707,0.00707,0.00706,0.00706,331329.0
2023-07-22 22:15:00,0.00705,0.00705,0.00703,0.00703,143435.0
2023-07-22 22:30:00,0.00704,0.00705,0.00703,0.00705,443823.0
2023-07-22 22:45:00,0.00704,0.00705,0.00704,0.00704,72110.0
2023-07-22 23:00:00,0.00706,0.00706,0.00702,0.00702,404516.0
2023-07-22 23:15:00,0.00701,0.00702,0.00692,0.00694,7602296.0
2023-07-22 23:30:00,0.00694,0.00697,0.00693,0.00697,127560.0
2023-07-22 23:45:00,0.00698,0.007,0.00698,0.007,175025.0
2023-07-23 00:00:00,0.007,0.007,0.00693,0.00695,462648.0
2023-07-23 00:15:00,0.00694,0.007,0.00694,0.007,424742.0
2023-07-23 00:30:00,0.007,0.00701,0.00699,0.007,389068.0
2023-07-23 00:45:00,0.007,0.007,0.00695,0.00699,284205.0
2023-07-23 01:00:00,0.00698,0.00701,0.00698,0.00701,130919.0
2023-07-23 01:15:00,0.00701,0.00702,0.00701,0.00702,88298.0
2023-07-23 01:30:00,0.00703,0.00705,0.00703,0.00704,325470.0
2023-07-23 01:45:00,0.00705,0.00706,0.00705,0.00705,264385.0
2023-07-23 02:00:00,0.00705,0.00705,0.00701,0.00702,560201.0
2023-07-23 02:15:00,0.00702,0.00705,0.00702,0.00705,203242.0
2023-07-23 02:30:00,0.00704,0.00704,0.00704,0.00704,28568.0
2023-07-23 02:45:00,0.00704,0.00704,0.00703,0.00704,47531.0
2023-07-23 03:00:00,0.00704,0.00705,0.00704,0.00705,145738.0
2023-07-23 03:15:00,0.00705,0.00705,0.00705,0.00705,564362.0
2023-07-23 03:30:00,0.00704,0.00704,0.00703,0.00704,195014.0
2023-07-23 03:45:00,0.00705,0.00705,0.00704,0.00704,42814.0
2023-07-23 04:00:00,0.00705,0.00706,0.00705,0.00706,161638.0
2023-07-23 04:15:00,0.00706,0.00707,0.00704,0.00704,331962.0
2023-07-23 04:30:00,0.00705,0.00709,0.00705,0.00708,59156.0
2023-07-23 04:45:00,0.00706,0.00712,0.00706,0.00712,929210.0
2023-07-23 05:00:00,0.00712,0.00714,0.00712,0.00712,874970.0
2023-07-23 05:15:00,0.00713,0.00715,0.00713,0.00715,1010382.0
2023-07-23 05:30:00,0.00716,0.00718,0.00715,0.00718,427546.0
2023-07-23 05:45:00,0.00718,0.00718,0.00714,0.00715,1003294.0
2023-07-23 06:00:00,0.00715,0.00715,0.0071,0.00712,1777250.0
2023-07-23 06:15:00,0.00712,0.00712,0.00711,0.00711,436988.0
2023-07-23 06:30:00,0.00711,0.00711,0.00709,0.00709,360121.0
2023-07-23 06:45:00,0.00708,0.0071,0.00707,0.00709,850296.0
2023-07-23 07:00:00,0.00708,0.00708,0.00704,0.00705,536513.0
2023-07-23 07:15:00,0.00704,0.00705,0.00703,0.00703,420101.0
2023-07-23 07:30:00,0.00703,0.00703,0.00701,0.00701,1060995.0
2023-07-23 07:45:00,0.00701,0.00703,0.00701,0.00703,223860.0
2023-07-23 08:00:00,0.00703,0.00705,0.00703,0.00703,239552.0
2023-07-23 08:15:00,0.00703,0.00705,0.00702,0.00704,413816.0
2023-07-23 08:30:00,0.00704,0.00708,0.00704,0.00708,190709.0
2023-07-23 08:45:00,0.00708,0.00708,0.00707,0.00708,286211.0
2023-07-23 09:00:00,0.00709,0.00709,0.00708,0.00708,167850.0
2023-07-23 09:15:00,0.00708,0.00708,0.00706,0.00706,35093.0
2023-07-23 09:30:00,0.00706,0.00706,0.00704,0.00705,263899.0
2023-07-23 09:45:00,0.00706,0.00706,0.00703,0.00703,278921.0
2023-07-23 10:00:00,0.00703,0.00706,0.00703,0.00706,747712.0
2023-07-23 10:15:00,0.00707,0.00708,0.00707,0.00708,1146428.0
2023-07-23 10:30:00,0.00708,0.00708,0.00704,0.00704,778136.0
2023-07-23 10:45:00,0.00704,0.00704,0.00702,0.00703,501698.0
2023-07-23 11:00:00,0.00704,0.00704,0.00704,0.00704,44039.0
2023-07-23 11:15:00,0.00703,0.00704,0.00703,0.00704,162117.0
2023-07-23 11:30:00,0.00703,0.00704,0.00702,0.00702,411523.0
2023-07-23 11:45:00,0.00703,0.00704,0.00703,0.00703,74694.0
2023-07-23 12:00:00,0.00703,0.00706,0.00702,0.00705,849389.0
2023-07-23 12:15:00,0.00706,0.00707,0.00704,0.00707,325852.0
2023-07-23 12:30:00,0.00708,0.00711,0.00708,0.00711,666408.0
2023-07-23 12:45:00,0.00711,0.00714,0.0071,0.0071,602828.0
2023-07-23 13:00:00,0.0071,0.0071,0.00707,0.00707,524631.0
2023-07-23 13:15:00,0.00708,0.0071,0.00706,0.00706,925296.0
2023-07-23 13:30:00,0.00706,0.0071,0.00705,0.00707,4665675.0
2023-07-23 13:45:00,0.00707,0.00713,0.00707,0.00712,491972.0
2023-07-23 14:00:00,0.00712,0.00714,0.00712,0.00714,907610.0
2023-07-23 14:15:00,0.00713,0.00713,0.0071,0.0071,1325093.0
2023-07-23 14:30:00,0.00709,0.00711,0.00709,0.00711,1147801.0
2023-07-23 14:45:00,0.00711,0.00711,0.00709,0.00709,122957.0
2023-07-23 15:00:00,0.0071,0.0071,0.00707,0.00707,241829.0
2023-07-23 15:15:00,0.00707,0.00707,0.00704,0.00705,311026.0
2023-07-23 15:30:00,0.00706,0.00707,0.00706,0.00707,882039.0
2023-07-23 15:45:00,0.00707,0.00715,0.00707,0.00714,3348189.0
2023-07-23 16:00:00,0.00714,0.00714,0.00711,0.00713,2155980.0
2023-07-23 16:15:00,0.00713,0.00714,0.00712,0.00712,253126.0
2023-07-23 16:30:00,0.0071,0.0072,0.0071,0.00719,2444817.0
2023-07-23 16:45:00,0.00718,0.00719,0.00715,0.00718,1957030.0
2023-07-23 17:00:00,0.00718,0.00719,0.00717,0.00717,521199.0
2023-07-23 17:15:00,0.00717,0.00717,0.00713,0.00713,1302652.0
2023-07-23 17:30:00,0.00713,0.00716,0.00713,0.00716,594396.0
2023-07-23 17:45:00,0.00716,0.00723,0.00716,0.00722,691963.0
2023-07-23 18:00:00,0.00721,0.00722,0.00717,0.00718,873500.0
2023-07-23 18:15:00,0.00719,0.00721,0.00717,0.00719,805971.0
2023-07-23 18:30:00,0.00719,0.00724,0.00719,0.00724,2115847.0
2023-07-23 18:45:00,0.00723,0.00726,0.00723,0.00726,2164191.0
2023-07-23 19:00:00,0.00726,0.00727,0.00725,0.00727,841152.0
2023-07-23 19:15:00,0.00728,0.00728,0.00721,0.00722,1092966.0
2023-07-23 19:30:00,0.00722,0.00722,0.00718,0.00718,1262349.0
2023-07-23 19:45:00,0.0072,0.00721,0.00718,0.00719,412143.0
2023-07-23 20:00:00,0.0072,0.0072,0.00719,0.0072,893458.0
2023-07-23 20:15:00,0.00721,0.00721,0.00719,0.0072,118156.0
2023-07-23 20:30:00,0.0072,0.0072,0.00718,0.00718,1114079.0
2023-07-23 20:45:00,0.0072,0.00722,0.0072,0.00722,122139.0
2023-07-23 21:00:00,0.00723,0.00723,0.00719,0.00719,273635.0
2023-07-23 21:15:00,0.00719,0.00719,0.00717,0.00717,153746.0
2023-07-23 21:30:00,0.00718,0.00718,0.00712,0.00712,1126817.0
2023-07-23 21:45:00,0.00712,0.00714,0.00712,0.00714,327004.0
2023-07-23 22:00:00,0.00713,0.00715,0.00713,0.00714,143403.0
2023-07-23 22:15:00,0.00716,0.00717,0.00716,0.00717,105705.0
2023-07-23 22:30:00,0.00718,0.0072,0.00718,0.0072,191079.0
2023-07-23 22:45:00,0.00719,0.00719,0.00718,0.00718,66098.0
2023-07-23 23:00:00,0.00719,0.0072,0.00718,0.00718,243980.0
2023-07-23 23:15:00,0.00718,0.00721,0.00718,0.00721,396415.0
2023-07-23 23:30:00,0.0072,0.0072,0.0072,0.0072,65835.0
2023-07-23 23:45:00,0.0072,0.00721,0.00719,0.00719,224240.0
2023-07-24 00:00:00,0.00717,0.00717,0.00715,0.00715,851181.0
2023-07-24 00:15:00,0.00717,0.00717,0.00715,0.00715,208401.0
2023-07-24 00:30:00,0.00714,0.00718,0.00712,0.00718,5129625.0
2023-07-24 00:45:00,0.00716,0.00716,0.00712,0.00712,344621.0
2023-07-24 01:00:00,0.00712,0.00713,0.00711,0.00712,434937.0
2023-07-24 01:15:00,0.00712,0.00712,0.0071,0.00711,917949.0
2023-07-24 01:30:00,0.0071,0.00711,0.00705,0.00707,1675607.0
2023-07-24 01:45:00,0.00707,0.00708,0.00707,0.00707,188462.0
2023-07-24 02:00:00,0.00707,0.00708,0.00702,0.00703,1304782.0
2023-07-24 02:15:00,0.00703,0.00704,0.00702,0.00704,153782.0
2023-07-24 02:30:00,0.00705,0.00705,0.00704,0.00705,349592.0
2023-07-24 02:45:00,0.00706,0.00708,0.00705,0.00705,553167.0
2023-07-24 03:00:00,0.00706,0.00706,0.00704,0.00704,308229.0
2023-07-24 03:15:00,0.00704,0.00704,0.00701,0.00701,2390545.0
2023-07-24 03:30:00,0.00701,0.00701,0.00696,0.00697,993421.0
2023-07-24 03:45:00,0.00696,0.00697,0.00693,0.00696,809193.0
2023-07-24 04:00:00,0.00695,0.00697,0.00691,0.00697,2407936.0
2023-07-24 04:15:00,0.00696,0.00699,0.00696,0.00699,774903.0
2023-07-24 04:30:00,0.00699,0.007,0.00698,0.00698,245334.0
2023-07-24 04:45:00,0.00698,0.00699,0.00698,0.00699,103941.0
2023-07-24 05:00:00,0.007,0.00701,0.007,0.007,1481469.0
2023-07-24 05:15:00,0.00701,0.00702,0.00701,0.00702,235515.0
2023-07-24 05:30:00,0.00702,0.00703,0.007,0.007,268998.0
2023-07-24 05:45:00,0.007,0.00701,0.00698,0.00701,405182.0
2023-07-24 06:00:00,0.007,0.00701,0.007,0.007,143228.0
2023-07-24 06:15:00,0.00701,0.00701,0.007,0.00701,484068.0
2023-07-24 06:30:00,0.007,0.007,0.007,0.007,9545.0
2023-07-24 06:45:00,0.00699,0.00699,0.00698,0.00698,642915.0
2023-07-24 07:00:00,0.00698,0.00701,0.00698,0.007,503664.0
2023-07-24 07:15:00,0.00701,0.00706,0.007,0.00706,445288.0
2023-07-24 07:30:00,0.00705,0.00707,0.00705,0.00706,543920.0
2023-07-24 07:45:00,0.00706,0.0071,0.00704,0.0071,1208836.0
2023-07-24 08:00:00,0.00709,0.00709,0.00704,0.00705,630541.0
2023-07-24 08:15:00,0.00705,0.00706,0.00704,0.00705,215677.0
2023-07-24 08:30:00,0.00704,0.00704,0.00702,0.00702,283219.0
2023-07-24 08:45:00,0.00703,0.00703,0.007,0.007,184121.0
2023-07-24 09:00:00,0.007,0.00701,0.007,0.007,103816.0
2023-07-24 09:15:00,0.007,0.00701,0.00699,0.00699,252719.0
2023-07-24 09:30:00,0.00699,0.007,0.00696,0.00696,738780.0
2023-07-24 09:45:00,0.00696,0.00696,0.00662,0.00675,10223183.0
2023-07-24 10:00:00,0.00673,0.00684,0.00671,0.00683,3189626.0
2023-07-24 10:15:00,0.00682,0.00684,0.00681,0.00682,964982.0
2023-07-24 10:30:00,0.00682,0.00682,0.00678,0.0068,1545049.0
2023-07-24 10:45:00,0.00681,0.00683,0.0068,0.00683,948053.0
2023-07-24 11:00:00,0.00682,0.00682,0.0068,0.0068,1277397.0
2023-07-24 11:15:00,0.0068,0.0068,0.00678,0.00679,778924.0
2023-07-24 11:30:00,0.00678,0.00681,0.00676,0.00677,1729913.0
2023-07-24 11:45:00,0.00677,0.00678,0.00674,0.00674,1531162.0
2023-07-24 12:00:00,0.00673,0.00675,0.00672,0.00674,855110.0
2023-07-24 12:15:00,0.00674,0.00678,0.00674,0.00674,1007484.0
2023-07-24 12:30:00,0.00673,0.00673,0.00671,0.00671,1726939.0
2023-07-24 12:45:00,0.00671,0.00672,0.00668,0.0067,750648.0
2023-07-24 13:00:00,0.0067,0.00671,0.00669,0.00671,582549.0
2023-07-24 13:15:00,0.00671,0.00673,0.00671,0.00671,459371.0
2023-07-24 13:30:00,0.00672,0.00672,0.00667,0.00667,518296.0
2023-07-24 13:45:00,0.00667,0.0067,0.00666,0.0067,951927.0
2023-07-24 14:00:00,0.0067,0.0067,0.00664,0.00669,4091293.0
2023-07-24 14:15:00,0.00669,0.00669,0.00667,0.00668,3359460.0
2023-07-24 14:30:00,0.00667,0.0067,0.00661,0.00665,10003096.0
2023-07-24 14:45:00,0.00665,0.00665,0.00662,0.00662,430809.0
2023-07-24 15:00:00,0.00661,0.00661,0.00652,0.00656,4333416.0
2023-07-24 15:15:00,0.00656,0.0066,0.00656,0.0066,2326503.0
2023-07-24 15:30:00,0.0066,0.0066,0.00654,0.00655,1337025.0
2023-07-24 15:45:00,0.00655,0.00657,0.00653,0.00657,1940497.0
2023-07-24 16:00:00,0.00656,0.00657,0.00651,0.00654,3934448.0
2023-07-24 16:15:00,0.00653,0.00657,0.00651,0.00654,4675666.0
2023-07-24 16:30:00,0.00655,0.00658,0.00654,0.00657,389764.0
2023-07-24 16:45:00,0.00657,0.0066,0.00656,0.00658,1153766.0
2023-07-24 17:00:00,0.00658,0.00658,0.00656,0.00656,473322.0
2023-07-24 17:15:00,0.00657,0.00657,0.00655,0.00655,999391.0
2023-07-24 17:30:00,0.00655,0.00656,0.00652,0.00652,601529.0
2023-07-24 17:45:00,0.00652,0.00653,0.00652,0.00652,305282.0
2023-07-24 18:00:00,0.00652,0.00652,0.00649,0.00651,735051.0
2023-07-24 18:15:00,0.0065,0.00652,0.00649,0.00651,995205.0
2023-07-24 18:30:00,0.00651,0.00655,0.00651,0.00655,832072.0
2023-07-24 18:45:00,0.00655,0.00657,0.00655,0.00657,343363.0
2023-07-24 19:00:00,0.00656,0.00657,0.00654,0.00656,699295.0
2023-07-24 19:15:00,0.00655,0.00655,0.00652,0.00652,464286.0
2023-07-24 19:30:00,0.00651,0.00651,0.00649,0.0065,751364.0
2023-07-24 19:45:00,0.00649,0.00651,0.00649,0.00651,272890.0
2023-07-24 20:00:00,0.0065,0.00652,0.0065,0.00652,462206.0
2023-07-24 20:15:00,0.00651,0.00651,0.00649,0.0065,284939.0
2023-07-24 20:30:00,0.0065,0.00651,0.00647,0.00651,3483761.0
2023-07-24 20:45:00,0.00651,0.00655,0.00651,0.00655,940208.0
2023-07-24 21:00:00,0.00654,0.00656,0.00654,0.00655,728364.0
2023-07-24 21:15:00,0.00656,0.00657,0.00655,0.00657,589912.0
2023-07-24 21:30:00,0.00656,0.00657,0.00655,0.00657,646889.0
2023-07-24 21:45:00,0.00657,0.00658,0.00656,0.00658,37127.0
2023-07-24 22:00:00,0.00658,0.00659,0.00656,0.00659,373742.0
2023-07-24 22:15:00,0.00659,0.00661,0.00657,0.00658,3867865.0
2023-07-24 22:30:00,0.00658,0.00658,0.00656,0.00657,403094.0
2023-07-24 22:45:00,0.00656,0.00658,0.00655,0.00657,1254431.0
2023-07-24 23:00:00,0.00657,0.00659,0.00657,0.00659,506869.0
2023-07-24 23:15:00,0.00659,0.0066,0.00659,0.0066,446654.0
2023-07-24 23:30:00,0.0066,0.0066,0.00658,0.00658,858271.0
2023-07-24 23:45:00,0.00659,0.0066,0.00658,0.00658,740336.0
2023-07-25 00:00:00,0.00658,0.00659,0.00656,0.00656,894719.0
2023-07-25 00:15:00,0.00656,0.00658,0.00656,0.00658,421333.0
2023-07-25 00:30:00,0.00658,0.00658,0.00654,0.00654,1023997.0
2023-07-25 00:45:00,0.00655,0.00655,0.00653,0.00654,796311.0
2023-07-25 01:00:00,0.00654,0.00654,0.00651,0.00651,209017.0
2023-07-25 01:15:00,0.00651,0.00652,0.00649,0.00651,1265138.0
2023-07-25 01:30:00,0.0065,0.0065,0.00648,0.00649,429557.0
2023-07-25 01:45:00,0.0065,0.00651,0.00649,0.0065,505766.0
2023-07-25 02:00:00,0.0065,0.00655,0.0065,0.00654,830861.0
2023-07-25 02:15:00,0.00655,0.00655,0.00652,0.00654,276304.0
2023-07-25 02:30:00,0.00654,0.00657,0.00653,0.00656,575656.0
2023-07-25 02:45:00,0.00655,0.00655,0.00654,0.00654,34978.0
2023-07-25 03:00:00,0.00653,0.00653,0.00649,0.0065,788642.0
2023-07-25 03:15:00,0.0065,0.0065,0.00647,0.00648,2048228.0
2023-07-25 03:30:00,0.00647,0.00647,0.00644,0.00645,830941.0
2023-07-25 03:45:00,0.00646,0.00646,0.00643,0.00644,2317572.0
2023-07-25 04:00:00,0.00645,0.00646,0.00644,0.00645,316867.0
2023-07-25 04:15:00,0.00645,0.00645,0.00641,0.00641,424418.0
2023-07-25 04:30:00,0.00642,0.00643,0.0064,0.00641,199963.0
2023-07-25 04:45:00,0.00641,0.00642,0.0064,0.00642,197794.0
2023-07-25 05:00:00,0.00642,0.00643,0.00642,0.00643,309810.0
2023-07-25 05:15:00,0.00643,0.00645,0.00643,0.00644,469061.0
2023-07-25 05:30:00,0.00644,0.00646,0.00644,0.00646,366026.0
2023-07-25 05:45:00,0.00646,0.00647,0.00646,0.00647,187950.0
2023-07-25 06:00:00,0.00645,0.00646,0.00645,0.00645,126139.0
2023-07-25 06:15:00,0.00645,0.00645,0.00641,0.00642,611708.0
2023-07-25 06:30:00,0.00642,0.00642,0.00638,0.00639,649869.0
2023-07-25 06:45:00,0.00639,0.00643,0.00639,0.00643,1142179.0
2023-07-25 07:00:00,0.00643,0.00646,0.00643,0.00644,1859405.0
2023-07-25 07:15:00,0.00644,0.00645,0.00642,0.00645,1415115.0
2023-07-25 07:30:00,0.00645,0.00645,0.00643,0.00644,1272461.0
2023-07-25 07:45:00,0.00644,0.00644,0.00642,0.00644,784330.0
2023-07-25 08:00:00,0.00644,0.00644,0.00642,0.00642,638798.0
2023-07-25 08:15:00,0.00643,0.00645,0.00643,0.00645,381621.0
2023-07-25 08:30:00,0.00644,0.00647,0.00643,0.00645,731010.0
2023-07-25 08:45:00,0.00646,0.00652,0.00645,0.00651,3412701.0
2023-07-25 09:00:00,0.0065,0.00651,0.00649,0.0065,381404.0
2023-07-25 09:15:00,0.0065,0.0065,0.00649,0.0065,1176555.0
2023-07-25 09:30:00,0.0065,0.00657,0.0065,0.00653,2501589.0
2023-07-25 09:45:00,0.00653,0.00653,0.00652,0.00652,386837.0
2023-07-25 10:00:00,0.00652,0.00652,0.00648,0.00649,2237850.0
2023-07-25 10:15:00,0.00648,0.0065,0.00648,0.00649,322252.0
2023-07-25 10:30:00,0.00649,0.00653,0.00648,0.00649,2818923.0
2023-07-25 10:45:00,0.00649,0.00651,0.00648,0.00649,476870.0
2023-07-25 11:00:00,0.00648,0.00649,0.00647,0.00647,1388281.0
2023-07-25 11:15:00,0.00648,0.00648,0.00646,0.00648,248761.0
2023-07-25 11:30:00,0.00648,0.0065,0.00648,0.0065,105398.0
2023-07-25 11:45:00,0.0065,0.00652,0.0065,0.00652,316285.0
2023-07-25 12:00:00,0.0065,0.0065,0.00648,0.00649,791951.0
2023-07-25 12:15:00,0.00649,0.00651,0.00649,0.00651,938783.0
2023-07-25 12:30:00,0.00651,0.00651,0.00649,0.0065,86175.0
2023-07-25 12:45:00,0.00649,0.0065,0.00648,0.00649,413224.0
2023-07-25 13:00:00,0.00649,0.00651,0.00648,0.00649,1192769.0
2023-07-25 13:15:00,0.00648,0.00649,0.00648,0.00649,714532.0
2023-07-25 13:30:00,0.00649,0.00657,0.00649,0.00657,2948635.0
2023-07-25 13:45:00,0.00657,0.00657,0.00653,0.00654,2201486.0
2023-07-25 14:00:00,0.00657,0.00658,0.00655,0.00658,738089.0
2023-07-25 14:15:00,0.00659,0.00659,0.00656,0.00656,362345.0
2023-07-25 14:30:00,0.00656,0.00656,0.00651,0.00651,1838320.0
2023-07-25 14:45:00,0.00651,0.00651,0.0065,0.00651,630293.0
2023-07-25 15:00:00,0.00651,0.00653,0.0065,0.0065,449859.0
2023-07-25 15:15:00,0.0065,0.00651,0.0065,0.00651,585137.0
2023-07-25 15:30:00,0.0065,0.00651,0.0065,0.00651,144784.0
2023-07-25 15:45:00,0.00651,0.00654,0.0065,0.00651,7304053.0
2023-07-25 16:00:00,0.00651,0.00653,0.0065,0.00653,913954.0
2023-07-25 16:15:00,0.00653,0.00654,0.0065,0.0065,296135.0
2023-07-25 16:30:00,0.0065,0.00651,0.0065,0.00651,383801.0
2023-07-25 16:45:00,0.00651,0.00651,0.00649,0.00649,849714.0
2023-07-25 17:00:00,0.00649,0.00649,0.00646,0.00647,240031.0
2023-07-25 17:15:00,0.00648,0.00652,0.00647,0.00652,703386.0
2023-07-25 17:30:00,0.00652,0.00654,0.00652,0.00653,751411.0
2023-07-25 17:45:00,0.00652,0.00655,0.00652,0.00655,285717.0
2023-07-25 18:00:00,0.00655,0.00656,0.00654,0.00655,714896.0
2023-07-25 18:15:00,0.00655,0.00657,0.00655,0.00657,551322.0
2023-07-25 18:30:00,0.00658,0.00661,0.00658,0.0066,2016081.0
2023-07-25 18:45:00,0.0066,0.0066,0.00659,0.00659,200546.0
2023-07-25 19:00:00,0.00659,0.00663,0.00659,0.00662,914430.0
2023-07-25 19:15:00,0.00662,0.00663,0.00662,0.00662,1331887.0
2023-07-25 19:30:00,0.00661,0.00664,0.0066,0.00662,1202497.0
2023-07-25 19:45:00,0.00662,0.00663,0.0066,0.00661,2120484.0
2023-07-25 20:00:00,0.0066,0.0066,0.00654,0.00654,485265.0
2023-07-25 20:15:00,0.00655,0.00656,0.00652,0.00653,2148599.0
2023-07-25 20:30:00,0.00653,0.00653,0.00652,0.00653,387663.0
2023-07-25 20:45:00,0.00654,0.00657,0.00654,0.00657,58669.0
2023-07-25 21:00:00,0.00657,0.00662,0.00657,0.00661,1059696.0
2023-07-25 21:15:00,0.00661,0.00662,0.0066,0.00662,158356.0
2023-07-25 21:30:00,0.00661,0.00663,0.0066,0.0066,699343.0
2023-07-25 21:45:00,0.0066,0.0066,0.00657,0.00657,497804.0
2023-07-25 22:00:00,0.00658,0.00664,0.00658,0.00663,645972.0
2023-07-25 22:15:00,0.00662,0.00662,0.0066,0.0066,306076.0
2023-07-25 22:30:00,0.0066,0.00661,0.00659,0.0066,399561.0
2023-07-25 22:45:00,0.00661,0.00662,0.00661,0.00661,295192.0
2023-07-25 23:00:00,0.00661,0.00661,0.00658,0.00658,90657.0
2023-07-25 23:15:00,0.00657,0.00659,0.00657,0.00658,751678.0
2023-07-25 23:30:00,0.00658,0.00658,0.00657,0.00657,151892.0
2023-07-25 23:45:00,0.00657,0.00659,0.00657,0.00659,133900.0
2023-07-26 00:00:00,0.00658,0.00658,0.00655,0.00656,427897.0
2023-07-26 00:15:00,0.00656,0.00657,0.00651,0.00651,1235763.0
2023-07-26 00:30:00,0.0065,0.00654,0.0065,0.00654,397811.0
2023-07-26 00:45:00,0.00652,0.00654,0.00651,0.00651,488419.0
2023-07-26 01:00:00,0.0065,0.00651,0.00648,0.0065,348935.0
2023-07-26 01:15:00,0.0065,0.0065,0.00648,0.00648,191067.0
2023-07-26 01:30:00,0.00649,0.00649,0.00645,0.00649,737969.0
2023-07-26 01:45:00,0.0065,0.00651,0.0065,0.00651,320835.0
2023-07-26 02:00:00,0.00651,0.00651,0.00648,0.00648,152734.0
2023-07-26 02:15:00,0.00647,0.00651,0.00646,0.00651,406409.0
2023-07-26 02:30:00,0.00651,0.00652,0.0065,0.0065,265859.0
2023-07-26 02:45:00,0.0065,0.00656,0.0065,0.00656,589130.0
2023-07-26 03:00:00,0.00657,0.00659,0.00654,0.00657,251250.0
2023-07-26 03:15:00,0.00658,0.00659,0.00657,0.00657,343305.0
2023-07-26 03:30:00,0.00654,0.00656,0.00654,0.00656,44833.0
2023-07-26 03:45:00,0.00655,0.00655,0.00655,0.00655,37126.0
2023-07-26 04:00:00,0.00655,0.00656,0.00654,0.00656,629539.0
2023-07-26 04:15:00,0.00656,0.00658,0.00656,0.00658,138858.0
2023-07-26 04:30:00,0.00657,0.00657,0.00655,0.00655,384525.0
2023-07-26 04:45:00,0.00655,0.00655,0.00655,0.00655,90933.0
2023-07-26 05:00:00,0.00656,0.00656,0.00655,0.00655,71226.0
2023-07-26 05:15:00,0.00655,0.00655,0.00655,0.00655,562791.0
2023-07-26 05:30:00,0.00655,0.00658,0.00655,0.00658,284930.0
2023-07-26 05:45:00,0.00658,0.00663,0.00658,0.00661,1154828.0
2023-07-26 06:00:00,0.00661,0.00661,0.00656,0.00657,2180799.0
2023-07-26 06:15:00,0.00657,0.00657,0.00654,0.00654,1365123.0
2023-07-26 06:30:00,0.00654,0.00657,0.00654,0.00654,1145474.0
2023-07-26 06:45:00,0.00653,0.00653,0.00651,0.00653,739141.0
2023-07-26 07:00:00,0.00653,0.00655,0.00653,0.00655,292218.0
2023-07-26 07:15:00,0.00655,0.00656,0.00651,0.00653,1150702.0
2023-07-26 07:30:00,0.00652,0.00653,0.00652,0.00653,20073.0
2023-07-26 07:45:00,0.00652,0.00653,0.00652,0.00653,263490.0
2023-07-26 08:00:00,0.00652,0.00654,0.00652,0.00654,472379.0
2023-07-26 08:15:00,0.00654,0.00654,0.00653,0.00654,402301.0
2023-07-26 08:30:00,0.00654,0.00655,0.00654,0.00655,182948.0
2023-07-26 08:45:00,0.00654,0.00654,0.00653,0.00653,81170.0
2023-07-26 09:00:00,0.00652,0.00653,0.00652,0.00653,31359.0
2023-07-26 09:15:00,0.00653,0.00653,0.0065,0.0065,1074350.0
2023-07-26 09:30:00,0.0065,0.0065,0.00647,0.00648,159073.0
2023-07-26 09:45:00,0.00647,0.00649,0.00647,0.00649,129816.0
2023-07-26 10:00:00,0.0065,0.0065,0.00646,0.00648,5555035.0
2023-07-26 10:15:00,0.00648,0.0065,0.00647,0.00649,617931.0
2023-07-26 10:30:00,0.0065,0.0065,0.00648,0.0065,222145.0
2023-07-26 10:45:00,0.00649,0.00651,0.00648,0.00649,971411.0
2023-07-26 11:00:00,0.0065,0.00652,0.0065,0.00652,274927.0
2023-07-26 11:15:00,0.00651,0.00652,0.0065,0.00651,254236.0
2023-07-26 11:30:00,0.00651,0.00651,0.00651,0.00651,374161.0
2023-07-26 11:45:00,0.0065,0.0065,0.00648,0.00649,499712.0
2023-07-26 12:00:00,0.00648,0.0065,0.00648,0.00649,310184.0
2023-07-26 12:15:00,0.0065,0.00654,0.0065,0.00653,734951.0
2023-07-26 12:30:00,0.00653,0.00654,0.00653,0.00653,490139.0
2023-07-26 12:45:00,0.00653,0.00655,0.00652,0.00653,961258.0
2023-07-26 13:00:00,0.00653,0.00655,0.00652,0.00654,1128540.0
2023-07-26 13:15:00,0.00655,0.00655,0.00653,0.00653,283712.0
2023-07-26 13:30:00,0.00653,0.00655,0.00651,0.00654,712681.0
2023-07-26 13:45:00,0.00654,0.00654,0.00651,0.00653,690754.0
2023-07-26 14:00:00,0.00654,0.00657,0.00652,0.00652,1111362.0
2023-07-26 14:15:00,0.00653,0.00658,0.00653,0.00657,536219.0
2023-07-26 14:30:00,0.00657,0.00659,0.00656,0.00659,821627.0
2023-07-26 14:45:00,0.00658,0.0066,0.00658,0.0066,2911655.0
2023-07-26 15:00:00,0.0066,0.00661,0.00658,0.00658,306804.0
2023-07-26 15:15:00,0.00659,0.00659,0.00657,0.00658,103182.0
2023-07-26 15:30:00,0.00657,0.0066,0.00657,0.00659,555021.0
2023-07-26 15:45:00,0.00659,0.00662,0.00658,0.00662,500637.0
2023-07-26 16:00:00,0.00661,0.00662,0.00661,0.00661,679455.0
2023-07-26 16:15:00,0.00661,0.00661,0.00656,0.00657,1052547.0
2023-07-26 16:30:00,0.00657,0.00658,0.00656,0.00658,513763.0
2023-07-26 16:45:00,0.00657,0.00658,0.00656,0.00656,299952.0
2023-07-26 17:00:00,0.00657,0.00657,0.00653,0.00654,890540.0
2023-07-26 17:15:00,0.00655,0.00655,0.00655,0.00655,82702.0
2023-07-26 17:30:00,0.00653,0.00655,0.00652,0.00655,625967.0
2023-07-26 17:45:00,0.00656,0.00656,0.00652,0.00652,209974.0
2023-07-26 18:00:00,0.00656,0.00665,0.00656,0.00663,1810612.0
2023-07-26 18:15:00,0.00663,0.00663,0.0066,0.0066,379230.0
2023-07-26 18:30:00,0.00661,0.00669,0.0066,0.00667,1113125.0
2023-07-26 18:45:00,0.00668,0.00668,0.00666,0.00667,562521.0
2023-07-26 19:00:00,0.00668,0.00668,0.0066,0.00664,1459904.0
2023-07-26 19:15:00,0.00664,0.00668,0.00662,0.00668,677205.0
2023-07-26 19:30:00,0.00668,0.00668,0.00664,0.00665,5448756.0
2023-07-26 19:45:00,0.00666,0.00667,0.00663,0.00665,406471.0
2023-07-26 20:00:00,0.00665,0.00669,0.00665,0.00669,1187324.0
2023-07-26 20:15:00,0.00669,0.00671,0.00666,0.00667,4433023.0
2023-07-26 20:30:00,0.00666,0.00673,0.00666,0.0067,1995961.0
2023-07-26 20:45:00,0.00671,0.00675,0.0067,0.00671,8069085.0
2023-07-26 21:00:00,0.00671,0.00674,0.0067,0.00672,441135.0
2023-07-26 21:15:00,0.00673,0.00674,0.0067,0.0067,1191959.0
2023-07-26 21:30:00,0.0067,0.00672,0.0067,0.0067,274537.0
2023-07-26 21:45:00,0.0067,0.0067,0.00667,0.00668,542981.0
2023-07-26 22:00:00,0.00667,0.00669,0.00666,0.00667,565813.0
2023-07-26 22:15:00,0.00667,0.00667,0.00667,0.00667,26746.0
2023-07-26 22:30:00,0.00667,0.00668,0.00666,0.00667,395646.0
2023-07-26 22:45:00,0.00667,0.00667,0.00666,0.00667,173744.0
2023-07-26 23:00:00,0.00667,0.00672,0.00667,0.0067,815088.0
2023-07-26 23:15:00,0.00669,0.00669,0.00668,0.00668,33636.0
2023-07-26 23:30:00,0.00667,0.00667,0.00663,0.00665,650147.0
2023-07-26 23:45:00,0.00664,0.00666,0.00664,0.00666,296859.0
2023-07-27 00:00:00,0.00664,0.00664,0.0066,0.00661,1035427.0
2023-07-27 00:15:00,0.00661,0.00663,0.00661,0.00663,218347.0
2023-07-27 00:30:00,0.00662,0.00662,0.00658,0.00658,657324.0
2023-07-27 00:45:00,0.00659,0.0066,0.00657,0.00659,1127381.0
2023-07-27 01:00:00,0.00659,0.0066,0.00659,0.0066,414394.0
2023-07-27 01:15:00,0.0066,0.00662,0.0066,0.00662,262398.0
2023-07-27 01:30:00,0.00662,0.00662,0.00662,0.00662,74516.0
2023-07-27 01:45:00,0.00662,0.00663,0.00661,0.00663,331036.0
2023-07-27 02:00:00,0.00663,0.00663,0.00661,0.00661,73787.0
2023-07-27 02:15:00,0.00662,0.00662,0.00657,0.00657,1137399.0
2023-07-27 02:30:00,0.00659,0.00659,0.00658,0.00659,62246.0
2023-07-27 02:45:00,0.00661,0.00664,0.00661,0.00664,553224.0
2023-07-27 03:00:00,0.00664,0.00664,0.00663,0.00664,251989.0
2023-07-27 03:15:00,0.00663,0.00664,0.00663,0.00664,179522.0
2023-07-27 03:30:00,0.00664,0.00667,0.00664,0.00666,498270.0
2023-07-27 03:45:00,0.00664,0.00665,0.00661,0.00661,495923.0
2023-07-27 04:00:00,0.00663,0.00664,0.00662,0.00663,299483.0
2023-07-27 04:15:00,0.00663,0.00664,0.00663,0.00663,197782.0
2023-07-27 04:30:00,0.00665,0.00666,0.00663,0.00663,526686.0
2023-07-27 04:45:00,0.00665,0.00665,0.00663,0.00664,169798.0
2023-07-27 05:00:00,0.00664,0.00666,0.00664,0.00665,1120276.0
2023-07-27 05:15:00,0.00666,0.00666,0.00665,0.00665,16733.0
2023-07-27 05:30:00,0.00664,0.00664,0.00664,0.00664,149196.0
2023-07-27 05:45:00,0.00664,0.00667,0.00664,0.00665,376017.0
2023-07-27 06:00:00,0.00665,0.00667,0.00665,0.00666,390987.0
2023-07-27 06:15:00,0.00666,0.00666,0.00664,0.00664,484563.0
2023-07-27 06:30:00,0.00665,0.00665,0.00663,0.00663,1713431.0
2023-07-27 06:45:00,0.00662,0.00662,0.00659,0.00661,758602.0
2023-07-27 07:00:00,0.00661,0.00663,0.00661,0.00661,684713.0
2023-07-27 07:15:00,0.00662,0.00665,0.00662,0.00664,2888267.0
2023-07-27 07:30:00,0.00664,0.00666,0.00663,0.00664,2007554.0
2023-07-27 07:45:00,0.00665,0.00666,0.00664,0.00665,1154095.0
2023-07-27 08:00:00,0.00665,0.00667,0.00663,0.00667,3047342.0
2023-07-27 08:15:00,0.00667,0.00669,0.00666,0.00668,2402194.0
2023-07-27 08:30:00,0.00668,0.00671,0.00668,0.00669,1754238.0
2023-07-27 08:45:00,0.00669,0.00674,0.00669,0.00674,1120226.0
2023-07-27 09:00:00,0.00674,0.00675,0.00671,0.00673,3058891.0
2023-07-27 09:15:00,0.00674,0.00675,0.00673,0.00675,503378.0
2023-07-27 09:30:00,0.00675,0.00678,0.00675,0.00677,1204812.0
2023-07-27 09:45:00,0.00678,0.00683,0.00678,0.0068,5006031.0
2023-07-27 10:00:00,0.00679,0.0068,0.00677,0.00678,498498.0
2023-07-27 10:15:00,0.00678,0.00678,0.00674,0.00675,1271367.0
2023-07-27 10:30:00,0.00675,0.00677,0.00674,0.00676,1975783.0
2023-07-27 10:45:00,0.00677,0.00677,0.00672,0.00674,323506.0
2023-07-27 11:00:00,0.00673,0.00676,0.00672,0.00676,274137.0
2023-07-27 11:15:00,0.00676,0.00676,0.00675,0.00675,579004.0
2023-07-27 11:30:00,0.00675,0.00678,0.00675,0.00676,998458.0
2023-07-27 11:45:00,0.00676,0.00677,0.00675,0.00676,355788.0
2023-07-27 12:00:00,0.00675,0.00676,0.00674,0.00674,733496.0
2023-07-27 12:15:00,0.00675,0.00675,0.00673,0.00673,481536.0
2023-07-27 12:30:00,0.00674,0.00674,0.00671,0.00671,664673.0
2023-07-27 12:45:00,0.00671,0.00672,0.0067,0.00672,2179866.0
2023-07-27 13:00:00,0.00673,0.00673,0.00669,0.00669,1632379.0
2023-07-27 13:15:00,0.00669,0.00669,0.00669,0.00669,28721.0
2023-07-27 13:30:00,0.00669,0.00672,0.00669,0.00671,983212.0
2023-07-27 13:45:00,0.0067,0.00671,0.00669,0.0067,373425.0
2023-07-27 14:00:00,0.0067,0.0067,0.00667,0.0067,241864.0
2023-07-27 14:15:00,0.00669,0.00671,0.00668,0.00669,687786.0
2023-07-27 14:30:00,0.00669,0.0067,0.00666,0.00666,282020.0
2023-07-27 14:45:00,0.00667,0.00668,0.00667,0.00668,308147.0
2023-07-27 15:00:00,0.00668,0.00669,0.00665,0.00665,578071.0
2023-07-27 15:15:00,0.00667,0.0067,0.00667,0.0067,436495.0
2023-07-27 15:30:00,0.0067,0.0067,0.0067,0.0067,191798.0
2023-07-27 15:45:00,0.00671,0.00673,0.00669,0.0067,307809.0
2023-07-27 16:00:00,0.0067,0.0067,0.00668,0.00669,608879.0
2023-07-27 16:15:00,0.00668,0.0067,0.00667,0.00667,202063.0
2023-07-27 16:30:00,0.00668,0.00672,0.00668,0.00671,212872.0
2023-07-27 16:45:00,0.0067,0.0067,0.00669,0.00669,167677.0
2023-07-27 17:00:00,0.00669,0.00669,0.00668,0.00668,123485.0
2023-07-27 17:15:00,0.00668,0.00671,0.00668,0.00671,572846.0
2023-07-27 17:30:00,0.0067,0.0067,0.00669,0.0067,112182.0
2023-07-27 17:45:00,0.0067,0.0067,0.0067,0.0067,188155.0
2023-07-27 18:00:00,0.00667,0.00668,0.00665,0.00667,1030984.0
2023-07-27 18:15:00,0.00666,0.00666,0.00665,0.00666,135416.0
2023-07-27 18:30:00,0.00666,0.00666,0.00659,0.00663,1258778.0
2023-07-27 18:45:00,0.00663,0.00666,0.00663,0.00664,337469.0
2023-07-27 19:00:00,0.00663,0.00664,0.00662,0.00664,127628.0
2023-07-27 19:15:00,0.00665,0.00667,0.00664,0.00665,1514989.0
2023-07-27 19:30:00,0.00665,0.00665,0.00662,0.00662,219761.0
2023-07-27 19:45:00,0.00664,0.00667,0.00663,0.00667,337593.0
2023-07-27 20:00:00,0.00668,0.00668,0.00667,0.00667,422245.0
2023-07-27 20:15:00,0.00666,0.00667,0.00665,0.00667,115596.0
2023-07-27 20:30:00,0.00667,0.00667,0.00666,0.00666,316321.0
2023-07-27 20:45:00,0.00666,0.00667,0.00666,0.00667,98825.0
2023-07-27 21:00:00,0.00668,0.00668,0.00667,0.00668,567514.0
2023-07-27 21:15:00,0.00668,0.00669,0.00668,0.00669,115160.0
2023-07-27 21:30:00,0.0067,0.00673,0.0067,0.00671,1337984.0
2023-07-27 21:45:00,0.00672,0.00675,0.00672,0.00673,657362.0
2023-07-27 22:00:00,0.00674,0.00676,0.00673,0.00673,303840.0
2023-07-27 22:15:00,0.00674,0.00675,0.00672,0.00673,577795.0
2023-07-27 22:30:00,0.00673,0.00674,0.00673,0.00674,131608.0
2023-07-27 22:45:00,0.00674,0.00674,0.00672,0.00673,624842.0
2023-07-27 23:00:00,0.00672,0.00672,0.00672,0.00672,40025.0
2023-07-27 23:15:00,0.00673,0.00674,0.00673,0.00674,112869.0
2023-07-27 23:30:00,0.00675,0.00675,0.00673,0.00675,632551.0
2023-07-27 23:45:00,0.00676,0.00676,0.00675,0.00675,127851.0
2023-07-28 00:00:00,0.00673,0.00673,0.0067,0.00673,561251.0
2023-07-28 00:15:00,0.00673,0.00673,0.00672,0.00673,190267.0
2023-07-28 00:30:00,0.00674,0.00677,0.00674,0.00677,259683.0
2023-07-28 00:45:00,0.00677,0.00678,0.00676,0.00678,526733.0
2023-07-28 01:00:00,0.00677,0.00677,0.00672,0.00673,1080360.0
2023-07-28 01:15:00,0.00672,0.00672,0.00672,0.00672,4596.0
2023-07-28 01:30:00,0.00672,0.00672,0.00671,0.00671,303446.0
2023-07-28 01:45:00,0.00671,0.00671,0.0067,0.00671,268669.0
2023-07-28 02:00:00,0.0067,0.0067,0.0067,0.0067,182381.0
2023-07-28 02:15:00,0.00669,0.00669,0.00668,0.00669,409522.0
2023-07-28 02:30:00,0.00669,0.0067,0.00667,0.00667,340884.0
2023-07-28 02:45:00,0.00667,0.00672,0.00667,0.00672,287185.0
2023-07-28 03:00:00,0.00673,0.00673,0.00673,0.00673,121930.0
2023-07-28 03:15:00,0.00673,0.00673,0.00671,0.00672,244672.0
2023-07-28 03:30:00,0.00673,0.00674,0.00673,0.00673,277320.0
2023-07-28 03:45:00,0.00673,0.00673,0.00672,0.00672,1309676.0
2023-07-28 04:00:00,0.00673,0.00674,0.00671,0.00671,1419480.0
2023-07-28 04:15:00,0.00671,0.00674,0.0067,0.00671,2654148.0
2023-07-28 04:30:00,0.00672,0.00672,0.00671,0.00671,135403.0
2023-07-28 04:45:00,0.00671,0.00672,0.00671,0.00672,298081.0
2023-07-28 05:00:00,0.00671,0.00672,0.00669,0.00669,461470.0
2023-07-28 05:15:00,0.0067,0.0067,0.00668,0.00668,22283.0
2023-07-28 05:30:00,0.00669,0.00669,0.00663,0.00665,1851881.0
2023-07-28 05:45:00,0.00665,0.00666,0.00664,0.00665,440109.0
2023-07-28 06:00:00,0.00665,0.00667,0.00665,0.00667,294813.0
2023-07-28 06:15:00,0.00668,0.00669,0.00668,0.00668,266774.0
2023-07-28 06:30:00,0.00668,0.00669,0.00665,0.00666,2333247.0
2023-07-28 06:45:00,0.00667,0.00667,0.00665,0.00665,312275.0
2023-07-28 07:00:00,0.00664,0.00667,0.00664,0.00665,656359.0
2023-07-28 07:15:00,0.00665,0.00667,0.00664,0.00667,171540.0
2023-07-28 07:30:00,0.00667,0.00667,0.00665,0.00665,371357.0
2023-07-28 07:45:00,0.00666,0.00666,0.00662,0.00664,975722.0
2023-07-28 08:00:00,0.00662,0.00663,0.00661,0.00663,636670.0
2023-07-28 08:15:00,0.00662,0.00666,0.00662,0.00665,892430.0
2023-07-28 08:30:00,0.00666,0.00666,0.00665,0.00665,205044.0
2023-07-28 08:45:00,0.00666,0.00668,0.00663,0.00666,3182861.0
2023-07-28 09:00:00,0.00667,0.00667,0.00664,0.00666,558891.0
2023-07-28 09:15:00,0.00666,0.00666,0.00664,0.00665,324112.0
2023-07-28 09:30:00,0.00666,0.00666,0.00665,0.00666,294377.0
2023-07-28 09:45:00,0.00666,0.0067,0.00665,0.0067,3920744.0
2023-07-28 10:00:00,0.0067,0.0067,0.00669,0.00669,337463.0
2023-07-28 10:15:00,0.00671,0.00671,0.00671,0.00671,264623.0
2023-07-28 10:30:00,0.00671,0.00673,0.00671,0.00672,325823.0
2023-07-28 10:45:00,0.00671,0.00672,0.00669,0.00669,229132.0
2023-07-28 11:00:00,0.0067,0.0067,0.0067,0.0067,46857.0
2023-07-28 11:15:00,0.00671,0.00672,0.00671,0.00671,303809.0
2023-07-28 11:30:00,0.00671,0.00672,0.00671,0.00672,59228.0
2023-07-28 11:45:00,0.00673,0.00673,0.00669,0.00669,411915.0
2023-07-28 12:00:00,0.0067,0.00675,0.0067,0.00675,634719.0
2023-07-28 12:15:00,0.00674,0.00675,0.00674,0.00674,467255.0
2023-07-28 12:30:00,0.00675,0.00676,0.00674,0.00676,832954.0
2023-07-28 12:45:00,0.00676,0.0068,0.00676,0.00678,659938.0
2023-07-28 13:00:00,0.00679,0.00679,0.00676,0.00677,757668.0
2023-07-28 13:15:00,0.00677,0.00677,0.00675,0.00675,334843.0
2023-07-28 13:30:00,0.00676,0.00678,0.00675,0.00677,587997.0
2023-07-28 13:45:00,0.00677,0.0068,0.00677,0.00679,802680.0
2023-07-28 14:00:00,0.00679,0.00682,0.00678,0.00681,550385.0
2023-07-28 14:15:00,0.00681,0.00683,0.0068,0.00683,710604.0
2023-07-28 14:30:00,0.00684,0.00686,0.00682,0.00685,1612931.0
2023-07-28 14:45:00,0.00685,0.00686,0.00684,0.00686,479352.0
2023-07-28 15:00:00,0.00686,0.00689,0.00686,0.00688,669069.0
2023-07-28 15:15:00,0.00689,0.0069,0.00686,0.00686,1945195.0
2023-07-28 15:30:00,0.00686,0.00691,0.00686,0.0069,1714896.0
2023-07-28 15:45:00,0.0069,0.0069,0.00687,0.00687,214402.0
2023-07-28 16:00:00,0.00686,0.0069,0.00686,0.0069,829133.0
2023-07-28 16:15:00,0.0069,0.00692,0.00688,0.00689,463121.0
2023-07-28 16:30:00,0.00689,0.00693,0.00687,0.00693,686084.0
2023-07-28 16:45:00,0.00693,0.00693,0.00692,0.00692,290751.0
2023-07-28 17:00:00,0.00692,0.00693,0.0069,0.00692,762562.0
2023-07-28 17:15:00,0.00693,0.00696,0.00691,0.00693,2540357.0
2023-07-28 17:30:00,0.00693,0.00698,0.00691,0.00691,1886073.0
2023-07-28 17:45:00,0.0069,0.00696,0.0069,0.00695,1471116.0
2023-07-28 18:00:00,0.00694,0.00696,0.00693,0.00696,986738.0
2023-07-28 18:15:00,0.00696,0.007,0.00696,0.00698,2320187.0
2023-07-28 18:30:00,0.00696,0.00702,0.00696,0.007,2379320.0
2023-07-28 18:45:00,0.00701,0.00705,0.00701,0.00702,4496743.0
2023-07-28 19:00:00,0.00703,0.00705,0.007,0.00704,3119840.0
2023-07-28 19:15:00,0.00704,0.00705,0.00701,0.00702,1261818.0
2023-07-28 19:30:00,0.00702,0.00702,0.00701,0.00702,623641.0
2023-07-28 19:45:00,0.00702,0.00703,0.00699,0.00699,993350.0
2023-07-28 20:00:00,0.00699,0.00701,0.00696,0.00696,4175990.0
2023-07-28 20:15:00,0.00698,0.007,0.00693,0.00693,1389416.0
2023-07-28 20:30:00,0.00694,0.00696,0.00694,0.00694,327444.0
2023-07-28 20:45:00,0.00693,0.00695,0.00693,0.00695,356618.0
2023-07-28 21:00:00,0.00694,0.00694,0.0069,0.00692,1128638.0
2023-07-28 21:15:00,0.00691,0.00691,0.00688,0.00689,832752.0
2023-07-28 21:30:00,0.00689,0.00689,0.00687,0.00687,442310.0
2023-07-28 21:45:00,0.00687,0.00689,0.00687,0.00688,234769.0
2023-07-28 22:00:00,0.00689,0.0069,0.00689,0.0069,321267.0
2023-07-28 22:15:00,0.00689,0.00689,0.00686,0.00686,189056.0
2023-07-28 22:30:00,0.00686,0.00687,0.00686,0.00687,340104.0
2023-07-28 22:45:00,0.00685,0.00686,0.00685,0.00685,760529.0
2023-07-28 23:00:00,0.00686,0.00687,0.00686,0.00686,25541.0
2023-07-28 23:15:00,0.00686,0.00686,0.00684,0.00684,1225130.0
2023-07-28 23:30:00,0.00683,0.00683,0.00683,0.00683,29377.0
2023-07-28 23:45:00,0.00683,0.00683,0.00681,0.00682,1173630.0
2023-07-29 00:00:00,0.00682,0.00683,0.0068,0.00683,957882.0
2023-07-29 00:15:00,0.00683,0.00683,0.00682,0.00682,797774.0
2023-07-29 00:30:00,0.00682,0.00682,0.00681,0.00682,38200.0
2023-07-29 00:45:00,0.00682,0.00683,0.00681,0.00682,1648656.0
2023-07-29 01:00:00,0.00682,0.00682,0.00676,0.00679,1756756.0
2023-07-29 01:15:00,0.00679,0.0068,0.00677,0.0068,462415.0
2023-07-29 01:30:00,0.0068,0.00682,0.0068,0.00682,449953.0
2023-07-29 01:45:00,0.00682,0.00684,0.00682,0.00683,1046222.0
2023-07-29 02:00:00,0.00684,0.00684,0.0068,0.00681,829251.0
2023-07-29 02:15:00,0.0068,0.00681,0.0068,0.0068,399440.0
2023-07-29 02:30:00,0.00679,0.00679,0.00677,0.00678,1309392.0
2023-07-29 02:45:00,0.00679,0.0068,0.00679,0.00679,524588.0
2023-07-29 03:00:00,0.0068,0.00683,0.0068,0.00681,1611099.0
2023-07-29 03:15:00,0.00681,0.00681,0.00679,0.00679,667093.0
2023-07-29 03:30:00,0.00679,0.00679,0.00676,0.00677,1142985.0
2023-07-29 03:45:00,0.00677,0.00677,0.00676,0.00677,191002.0
2023-07-29 04:00:00,0.00676,0.00678,0.00676,0.00678,496609.0
2023-07-29 04:15:00,0.00678,0.00679,0.00678,0.00679,195584.0
2023-07-29 04:30:00,0.00679,0.00679,0.00678,0.00678,281732.0
2023-07-29 04:45:00,0.00678,0.00678,0.00678,0.00678,58151.0
2023-07-29 05:00:00,0.00677,0.00677,0.00677,0.00677,460114.0
2023-07-29 05:15:00,0.00677,0.00678,0.00677,0.00677,232043.0
2023-07-29 05:30:00,0.00677,0.00679,0.00677,0.00678,1821765.0
2023-07-29 05:45:00,0.00678,0.00679,0.00677,0.00679,193567.0
2023-07-29 06:00:00,0.00678,0.00678,0.00678,0.00678,752035.0
2023-07-29 06:15:00,0.00678,0.00678,0.00677,0.00677,309260.0
2023-07-29 06:30:00,0.00677,0.00678,0.00677,0.00677,114275.0
2023-07-29 06:45:00,0.00677,0.00677,0.00676,0.00676,191238.0
2023-07-29 07:00:00,0.00677,0.0068,0.00677,0.0068,834400.0
2023-07-29 07:15:00,0.00681,0.00681,0.0068,0.00681,409580.0
2023-07-29 07:30:00,0.00681,0.00684,0.00681,0.00683,578336.0
2023-07-29 07:45:00,0.00684,0.00685,0.00684,0.00684,301213.0
2023-07-29 08:00:00,0.00684,0.00689,0.00682,0.00686,4161890.0
2023-07-29 08:15:00,0.00687,0.00691,0.00686,0.0069,877917.0
2023-07-29 08:30:00,0.0069,0.0069,0.00684,0.00685,2581162.0
2023-07-29 08:45:00,0.00684,0.00684,0.0068,0.00681,1978853.0
2023-07-29 09:00:00,0.00681,0.00686,0.00681,0.00683,306947.0
2023-07-29 09:15:00,0.00683,0.00685,0.00682,0.00682,310494.0
2023-07-29 09:30:00,0.00682,0.00682,0.00678,0.00679,1097728.0
2023-07-29 09:45:00,0.00679,0.00679,0.00677,0.00679,1017742.0
2023-07-29 10:00:00,0.00678,0.00679,0.00674,0.00675,2241392.0
2023-07-29 10:15:00,0.00676,0.00678,0.00675,0.00678,549358.0
2023-07-29 10:30:00,0.00678,0.00678,0.00675,0.00675,423358.0
2023-07-29 10:45:00,0.00675,0.00675,0.00673,0.00673,568947.0
2023-07-29 11:00:00,0.00673,0.00674,0.00673,0.00674,397571.0
2023-07-29 11:15:00,0.00674,0.00677,0.00674,0.00677,1111955.0
2023-07-29 11:30:00,0.00676,0.00676,0.00673,0.00673,728726.0
2023-07-29 11:45:00,0.00673,0.00673,0.00669,0.0067,3381561.0
2023-07-29 12:00:00,0.00669,0.0067,0.00667,0.00669,1046492.0
2023-07-29 12:15:00,0.00669,0.00672,0.00669,0.00672,1213438.0
2023-07-29 12:30:00,0.00671,0.00672,0.00669,0.0067,247801.0
2023-07-29 12:45:00,0.0067,0.0067,0.00668,0.00668,622364.0
2023-07-29 13:00:00,0.00669,0.00673,0.00669,0.00673,678451.0
2023-07-29 13:15:00,0.00673,0.00673,0.00672,0.00673,374913.0
2023-07-29 13:30:00,0.00672,0.00675,0.00672,0.00674,324078.0
2023-07-29 13:45:00,0.00674,0.00686,0.00674,0.00678,21350549.0
2023-07-29 14:00:00,0.00678,0.0068,0.00676,0.00679,2345143.0
2023-07-29 14:15:00,0.00678,0.00678,0.00678,0.00678,61538.0
2023-07-29 14:30:00,0.00678,0.00681,0.00678,0.0068,504652.0
2023-07-29 14:45:00,0.0068,0.0068,0.00675,0.00676,3317907.0
2023-07-29 15:00:00,0.00677,0.00679,0.00677,0.00679,232420.0
2023-07-29 15:15:00,0.0068,0.00684,0.0068,0.00684,1722797.0
2023-07-29 15:30:00,0.00684,0.00684,0.00684,0.00684,146012.0
2023-07-29 15:45:00,0.00684,0.00687,0.00683,0.00687,3052203.0
2023-07-29 16:00:00,0.00686,0.00686,0.00682,0.00682,837429.0
2023-07-29 16:15:00,0.00683,0.00685,0.00683,0.00685,91698.0
2023-07-29 16:30:00,0.00686,0.00691,0.00686,0.0069,939404.0
2023-07-29 16:45:00,0.0069,0.00691,0.0069,0.00691,474229.0
2023-07-29 17:00:00,0.00691,0.00691,0.00688,0.00688,459418.0
2023-07-29 17:15:00,0.00687,0.00692,0.00687,0.00692,239403.0
2023-07-29 17:30:00,0.00691,0.00691,0.00687,0.00691,3252169.0
2023-07-29 17:45:00,0.00692,0.00692,0.00688,0.00689,305363.0
2023-07-29 18:00:00,0.00689,0.00689,0.00684,0.00684,479018.0
2023-07-29 18:15:00,0.00684,0.00687,0.00684,0.00685,47639.0
2023-07-29 18:30:00,0.00684,0.00685,0.00683,0.00683,234054.0
2023-07-29 18:45:00,0.00683,0.00683,0.00681,0.00683,412328.0
2023-07-29 19:00:00,0.00684,0.00687,0.00684,0.00686,833350.0
2023-07-29 19:15:00,0.00687,0.00687,0.00686,0.00686,142088.0
2023-07-29 19:30:00,0.00686,0.00686,0.00685,0.00686,215111.0
2023-07-29 19:45:00,0.00684,0.00686,0.00684,0.00686,241546.0
2023-07-29 20:00:00,0.00686,0.00687,0.00685,0.00685,2193972.0
2023-07-29 20:15:00,0.00685,0.00686,0.00684,0.00684,542299.0
2023-07-29 20:30:00,0.00685,0.00685,0.00684,0.00684,198608.0
2023-07-29 20:45:00,0.00683,0.00683,0.00683,0.00683,800804.0
2023-07-29 21:00:00,0.00683,0.00686,0.00683,0.00686,691330.0
2023-07-29 21:15:00,0.00686,0.00686,0.00684,0.00684,514751.0
2023-07-29 21:30:00,0.00685,0.00688,0.00685,0.00688,1169929.0
2023-07-29 21:45:00,0.00685,0.00685,0.00684,0.00684,36647.0
2023-07-29 22:00:00,0.00684,0.00687,0.00684,0.00687,418385.0
2023-07-29 22:15:00,0.00687,0.00687,0.00685,0.00685,483705.0
2023-07-29 22:30:00,0.00686,0.00688,0.00685,0.00687,109978.0
2023-07-29 22:45:00,0.00687,0.00688,0.00686,0.00687,895587.0
2023-07-29 23:00:00,0.00688,0.00688,0.00687,0.00688,262984.0
2023-07-29 23:15:00,0.00688,0.0069,0.00688,0.0069,326151.0
2023-07-29 23:30:00,0.00689,0.00689,0.00689,0.00689,1450.0
2023-07-29 23:45:00,0.0069,0.0069,0.00689,0.00689,164025.0
2023-07-30 00:00:00,0.00689,0.0069,0.00687,0.00687,406697.0
2023-07-30 00:15:00,0.00687,0.00687,0.00687,0.00687,13810.0
2023-07-30 00:30:00,0.00686,0.00688,0.00686,0.00688,164931.0
2023-07-30 00:45:00,0.00688,0.0069,0.00688,0.0069,284350.0
2023-07-30 01:00:00,0.0069,0.00691,0.0069,0.00691,637222.0
2023-07-30 01:15:00,0.00691,0.00692,0.00689,0.0069,324928.0
2023-07-30 01:30:00,0.0069,0.0069,0.00688,0.00688,94733.0
2023-07-30 01:45:00,0.00688,0.00688,0.00688,0.00688,7727.0
2023-07-30 02:00:00,0.0069,0.00694,0.0069,0.00692,648646.0
2023-07-30 02:15:00,0.00692,0.00692,0.0069,0.0069,1099762.0
2023-07-30 02:30:00,0.0069,0.0069,0.00689,0.00689,517244.0
2023-07-30 02:45:00,0.00689,0.0069,0.00689,0.0069,207337.0
2023-07-30 03:00:00,0.0069,0.00692,0.00689,0.00689,400069.0
2023-07-30 03:15:00,0.0069,0.0069,0.0069,0.0069,165904.0
2023-07-30 03:30:00,0.0069,0.0069,0.00686,0.00688,1520214.0
2023-07-30 03:45:00,0.00689,0.00691,0.00689,0.00691,128798.0
2023-07-30 04:00:00,0.00689,0.00689,0.00689,0.00689,242653.0
2023-07-30 04:15:00,0.0069,0.00691,0.00689,0.00691,105488.0
2023-07-30 04:30:00,0.00691,0.00692,0.0069,0.0069,78953.0
2023-07-30 04:45:00,0.0069,0.0069,0.0069,0.0069,109003.0
2023-07-30 05:00:00,0.00689,0.00689,0.00686,0.00686,299273.0
2023-07-30 05:15:00,0.00686,0.00687,0.00686,0.00687,503788.0
2023-07-30 05:30:00,0.00686,0.00686,0.00685,0.00685,152550.0
2023-07-30 05:45:00,0.00685,0.00685,0.00685,0.00685,0.0
2023-07-30 06:00:00,0.00685,0.00687,0.00685,0.00685,81591.0
2023-07-30 06:15:00,0.00685,0.00685,0.00683,0.00683,555682.0
2023-07-30 06:30:00,0.00684,0.00684,0.00682,0.00682,323018.0
2023-07-30 06:45:00,0.00682,0.00683,0.00682,0.00683,8953.0
2023-07-30 07:00:00,0.00682,0.00687,0.00681,0.00687,4487257.0
2023-07-30 07:15:00,0.00687,0.00688,0.00683,0.00683,3542379.0
2023-07-30 07:30:00,0.00683,0.00683,0.0068,0.0068,2644778.0
2023-07-30 07:45:00,0.00681,0.00682,0.0068,0.00681,846383.0
2023-07-30 08:00:00,0.00681,0.00682,0.00681,0.00682,234292.0
2023-07-30 08:15:00,0.00682,0.00682,0.00681,0.00682,586562.0
2023-07-30 08:30:00,0.00682,0.00683,0.00682,0.00682,136734.0
2023-07-30 08:45:00,0.00683,0.00683,0.00682,0.00682,218567.0
2023-07-30 09:00:00,0.00681,0.00682,0.0068,0.00682,1341211.0
2023-07-30 09:15:00,0.00681,0.00682,0.00681,0.00682,204577.0
2023-07-30 09:30:00,0.00681,0.00682,0.00681,0.00682,293588.0
2023-07-30 09:45:00,0.00681,0.00681,0.0068,0.0068,15966.0
2023-07-30 10:00:00,0.00682,0.00685,0.00682,0.00684,972107.0
2023-07-30 10:15:00,0.00685,0.00685,0.00681,0.00681,279955.0
2023-07-30 10:30:00,0.00681,0.00681,0.0068,0.0068,596885.0
2023-07-30 10:45:00,0.0068,0.0068,0.00676,0.00676,3727602.0
2023-07-30 11:00:00,0.00677,0.00682,0.00677,0.00681,896821.0
2023-07-30 11:15:00,0.00682,0.00682,0.00678,0.00678,748301.0
2023-07-30 11:30:00,0.00678,0.00679,0.00677,0.00679,721098.0
2023-07-30 11:45:00,0.00679,0.00681,0.00679,0.00681,106282.0
2023-07-30 12:00:00,0.00681,0.00681,0.00679,0.0068,201682.0
2023-07-30 12:15:00,0.0068,0.00681,0.0068,0.00681,109943.0
2023-07-30 12:30:00,0.0068,0.0068,0.00679,0.0068,202278.0
2023-07-30 12:45:00,0.0068,0.00682,0.00679,0.00682,492275.0
2023-07-30 13:00:00,0.00681,0.00682,0.00679,0.00679,606799.0
2023-07-30 13:15:00,0.00679,0.00679,0.00675,0.00676,1080157.0
2023-07-30 13:30:00,0.00677,0.00677,0.00675,0.00675,260602.0
2023-07-30 13:45:00,0.00676,0.00676,0.00673,0.00674,1016335.0
2023-07-30 14:00:00,0.00675,0.00678,0.00675,0.00677,642724.0
2023-07-30 14:15:00,0.00677,0.00679,0.00677,0.00678,449517.0
2023-07-30 14:30:00,0.00678,0.00678,0.00674,0.00678,1321480.0
2023-07-30 14:45:00,0.00679,0.00681,0.00679,0.0068,1573569.0
2023-07-30 15:00:00,0.0068,0.00682,0.00677,0.00677,833521.0
2023-07-30 15:15:00,0.00678,0.00681,0.00678,0.00681,120681.0
2023-07-30 15:30:00,0.0068,0.0068,0.00676,0.00677,2371984.0
2023-07-30 15:45:00,0.00678,0.00678,0.00673,0.00675,1099458.0
2023-07-30 16:00:00,0.00675,0.00675,0.00674,0.00675,647013.0
2023-07-30 16:15:00,0.00675,0.00675,0.00674,0.00674,171796.0
2023-07-30 16:30:00,0.00673,0.00674,0.00671,0.00673,557484.0
2023-07-30 16:45:00,0.00673,0.00674,0.00673,0.00673,1016184.0
2023-07-30 17:00:00,0.00673,0.00673,0.00672,0.00672,157496.0
2023-07-30 17:15:00,0.00673,0.00675,0.00672,0.00675,269946.0
2023-07-30 17:30:00,0.00674,0.00675,0.00673,0.00674,66279.0
2023-07-30 17:45:00,0.00673,0.00673,0.00673,0.00673,14749.0
2023-07-30 18:00:00,0.00675,0.00675,0.00674,0.00674,136948.0
2023-07-30 18:15:00,0.00673,0.00675,0.00672,0.00672,1754215.0
2023-07-30 18:30:00,0.00673,0.00673,0.00673,0.00673,72964.0
2023-07-30 18:45:00,0.00672,0.00672,0.00671,0.00672,355015.0
2023-07-30 19:00:00,0.00672,0.00673,0.00672,0.00673,47473.0
2023-07-30 19:15:00,0.0067,0.0067,0.00668,0.00669,916967.0
2023-07-30 19:30:00,0.00669,0.00669,0.00667,0.00668,602758.0
2023-07-30 19:45:00,0.00668,0.00668,0.00659,0.00664,6636781.0
2023-07-30 20:00:00,0.00663,0.00663,0.00652,0.00658,8139107.0
2023-07-30 20:15:00,0.00656,0.0066,0.00655,0.00659,587847.0
2023-07-30 20:30:00,0.00658,0.00663,0.00658,0.00663,652687.0
2023-07-30 20:45:00,0.00663,0.00665,0.00662,0.00665,1570502.0
2023-07-30 21:00:00,0.00665,0.00667,0.00664,0.00665,981032.0
2023-07-30 21:15:00,0.00665,0.00665,0.00665,0.00665,4842.0
2023-07-30 21:30:00,0.00666,0.00667,0.00664,0.00664,453376.0
2023-07-30 21:45:00,0.00665,0.00667,0.00665,0.00667,340972.0
2023-07-30 22:00:00,0.00666,0.00666,0.00664,0.00664,114522.0
2023-07-30 22:15:00,0.00664,0.00664,0.00663,0.00663,77837.0
2023-07-30 22:30:00,0.00663,0.00663,0.00662,0.00662,325240.0
2023-07-30 22:45:00,0.00661,0.00662,0.0066,0.00661,748937.0
2023-07-30 23:00:00,0.00662,0.00663,0.00662,0.00663,169641.0
2023-07-30 23:15:00,0.00664,0.00666,0.00664,0.00666,419142.0
2023-07-30 23:30:00,0.00667,0.00668,0.00667,0.00668,187756.0
2023-07-30 23:45:00,0.00667,0.00667,0.00666,0.00666,616745.0
2023-07-31 00:00:00,0.00666,0.00666,0.00664,0.00664,253867.0
2023-07-31 00:15:00,0.00664,0.00666,0.00664,0.00666,410316.0
2023-07-31 00:30:00,0.00666,0.0067,0.00666,0.0067,1085633.0
2023-07-31 00:45:00,0.00671,0.00671,0.00669,0.00669,602650.0
2023-07-31 01:00:00,0.00669,0.00669,0.00664,0.00664,952814.0
2023-07-31 01:15:00,0.00664,0.00664,0.00663,0.00663,177577.0
2023-07-31 01:30:00,0.00665,0.00665,0.00664,0.00664,5238.0
2023-07-31 01:45:00,0.00664,0.00664,0.00664,0.00664,249614.0
2023-07-31 02:00:00,0.00665,0.00665,0.00661,0.00661,860978.0
2023-07-31 02:15:00,0.00661,0.00663,0.00661,0.00663,233177.0
2023-07-31 02:30:00,0.00664,0.00664,0.00663,0.00663,301041.0
2023-07-31 02:45:00,0.00664,0.00665,0.00664,0.00664,124578.0
2023-07-31 03:00:00,0.00662,0.00664,0.00662,0.00663,671642.0
2023-07-31 03:15:00,0.00663,0.00663,0.00662,0.00663,274591.0
2023-07-31 03:30:00,0.00661,0.00661,0.0066,0.00661,127075.0
2023-07-31 03:45:00,0.0066,0.00662,0.00659,0.00662,1003102.0
2023-07-31 04:00:00,0.00662,0.00662,0.00661,0.00661,52321.0
2023-07-31 04:15:00,0.00659,0.00659,0.00659,0.00659,111924.0
2023-07-31 04:30:00,0.00657,0.00659,0.00656,0.00658,1233218.0
2023-07-31 04:45:00,0.00659,0.00659,0.00659,0.00659,245808.0
2023-07-31 05:00:00,0.00658,0.00659,0.00657,0.00657,85597.0
2023-07-31 05:15:00,0.00658,0.00659,0.00658,0.00659,102627.0
2023-07-31 05:30:00,0.00659,0.0066,0.00659,0.0066,121227.0
2023-07-31 05:45:00,0.00658,0.00658,0.00657,0.00657,31684.0
2023-07-31 06:00:00,0.00656,0.00658,0.00656,0.00658,18568.0
2023-07-31 06:15:00,0.00658,0.00659,0.00658,0.00659,4841.0
2023-07-31 06:30:00,0.00659,0.00659,0.00659,0.00659,365190.0
2023-07-31 06:45:00,0.00659,0.00661,0.00659,0.00661,192111.0
2023-07-31 07:00:00,0.0066,0.00661,0.00659,0.00659,283336.0
2023-07-31 07:15:00,0.0066,0.0066,0.0066,0.0066,11002.0
2023-07-31 07:30:00,0.0066,0.00661,0.00659,0.00659,225967.0
2023-07-31 07:45:00,0.0066,0.0066,0.00658,0.00658,255343.0
2023-07-31 08:00:00,0.00658,0.00658,0.00657,0.00657,203909.0
2023-07-31 08:15:00,0.00657,0.00659,0.00656,0.00657,200808.0
2023-07-31 08:30:00,0.00657,0.00658,0.00657,0.00658,218370.0
2023-07-31 08:45:00,0.00659,0.0066,0.00659,0.0066,1410189.0
2023-07-31 09:00:00,0.0066,0.0066,0.00657,0.00657,4465834.0
2023-07-31 09:15:00,0.00657,0.00657,0.00655,0.00656,385406.0
2023-07-31 09:30:00,0.00655,0.00656,0.00655,0.00656,337709.0
2023-07-31 09:45:00,0.00656,0.00657,0.00655,0.00656,926574.0
2023-07-31 10:00:00,0.00655,0.00656,0.00655,0.00656,43219.0
2023-07-31 10:15:00,0.00656,0.00659,0.00656,0.00657,5430531.0
2023-07-31 10:30:00,0.00658,0.00658,0.00658,0.00658,71251.0
2023-07-31 10:45:00,0.00658,0.00658,0.00656,0.00657,332524.0
2023-07-31 11:00:00,0.00657,0.00657,0.00656,0.00657,56356.0
2023-07-31 11:15:00,0.00658,0.00658,0.00655,0.00656,38931.0
2023-07-31 11:30:00,0.00656,0.00657,0.00655,0.00656,104827.0
2023-07-31 11:45:00,0.00656,0.00659,0.00656,0.00658,756644.0
2023-07-31 12:00:00,0.00658,0.00658,0.00657,0.00658,117429.0
2023-07-31 12:15:00,0.00657,0.00657,0.00655,0.00656,2561566.0
2023-07-31 12:30:00,0.00656,0.00659,0.00656,0.00659,267012.0
2023-07-31 12:45:00,0.00658,0.00659,0.00657,0.00658,540727.0
2023-07-31 13:00:00,0.00658,0.00658,0.00654,0.00655,1640090.0
2023-07-31 13:15:00,0.00656,0.00656,0.00652,0.00652,717024.0
2023-07-31 13:30:00,0.00652,0.00654,0.00651,0.00653,875821.0
2023-07-31 13:45:00,0.00653,0.00653,0.00648,0.0065,988716.0
2023-07-31 14:00:00,0.0065,0.00654,0.0065,0.00654,688378.0
2023-07-31 14:15:00,0.00655,0.00655,0.00655,0.00655,244418.0
2023-07-31 14:30:00,0.00655,0.00655,0.00654,0.00655,505025.0
2023-07-31 14:45:00,0.00655,0.00656,0.00653,0.00653,1882858.0
2023-07-31 15:00:00,0.00654,0.00654,0.00652,0.00652,673270.0
2023-07-31 15:15:00,0.00652,0.00652,0.00651,0.00651,311757.0
2023-07-31 15:30:00,0.00651,0.00651,0.00649,0.00649,535382.0
2023-07-31 15:45:00,0.00648,0.0065,0.00648,0.0065,226535.0
2023-07-31 16:00:00,0.00649,0.00652,0.00648,0.00652,1246929.0
2023-07-31 16:15:00,0.00651,0.00654,0.00651,0.00654,610450.0
2023-07-31 16:30:00,0.00654,0.00655,0.00654,0.00655,210348.0
2023-07-31 16:45:00,0.00655,0.00656,0.00655,0.00655,758778.0
2023-07-31 17:00:00,0.00655,0.00656,0.00654,0.00655,488290.0
2023-07-31 17:15:00,0.00656,0.00656,0.00655,0.00655,23518.0
2023-07-31 17:30:00,0.00655,0.00657,0.00655,0.00657,513949.0
2023-07-31 17:45:00,0.00658,0.0066,0.00658,0.00659,406957.0
2023-07-31 18:00:00,0.0066,0.0066,0.0066,0.0066,55971.0
2023-07-31 18:15:00,0.0066,0.0066,0.0065,0.00659,6694389.0
2023-07-31 18:30:00,0.00659,0.00659,0.00657,0.00657,388287.0
2023-07-31 18:45:00,0.00657,0.00658,0.00657,0.00657,679143.0
2023-07-31 19:00:00,0.00657,0.00658,0.00655,0.00656,3474607.0
2023-07-31 19:15:00,0.00656,0.00657,0.00655,0.00656,236121.0
2023-07-31 19:30:00,0.00655,0.00657,0.00655,0.00656,385868.0
2023-07-31 19:45:00,0.00657,0.00657,0.0065,0.0065,1031921.0
2023-07-31 20:00:00,0.00652,0.00652,0.00648,0.0065,1740370.0
2023-07-31 20:15:00,0.0065,0.00655,0.00649,0.00653,1923191.0
2023-07-31 20:30:00,0.00654,0.00657,0.00652,0.00652,1503693.0
2023-07-31 20:45:00,0.00651,0.00652,0.0065,0.00652,542828.0
2023-07-31 21:00:00,0.0065,0.00654,0.0065,0.00653,134753.0
2023-07-31 21:15:00,0.00653,0.00656,0.00653,0.00655,1003003.0
2023-07-31 21:30:00,0.00653,0.00654,0.00651,0.00651,329980.0
2023-07-31 21:45:00,0.00653,0.00654,0.00653,0.00653,111633.0
2023-07-31 22:00:00,0.00652,0.00653,0.00652,0.00653,286432.0
2023-07-31 22:15:00,0.00652,0.00653,0.00652,0.00653,204659.0
2023-07-31 22:30:00,0.00653,0.00653,0.00651,0.00652,335306.0
2023-07-31 22:45:00,0.00652,0.00652,0.00652,0.00652,7151.0
2023-07-31 23:00:00,0.00652,0.00654,0.00652,0.00652,284540.0
2023-07-31 23:15:00,0.00652,0.00654,0.00652,0.00652,197647.0
2023-07-31 23:30:00,0.00652,0.00652,0.00651,0.00652,678747.0
2023-07-31 23:45:00,0.00652,0.00653,0.0065,0.00651,324844.0
2023-08-01 00:00:00,0.0065,0.00651,0.00647,0.00649,988469.0
2023-08-01 00:15:00,0.00649,0.00651,0.00649,0.0065,937356.0
2023-08-01 00:30:00,0.00651,0.00652,0.00651,0.00652,647153.0
2023-08-01 00:45:00,0.00652,0.00653,0.00652,0.00653,256793.0
2023-08-01 01:00:00,0.00653,0.00654,0.00653,0.00653,623364.0
2023-08-01 01:15:00,0.00653,0.00653,0.00648,0.00648,597917.0
2023-08-01 01:30:00,0.00648,0.00649,0.00645,0.00648,1698539.0
2023-08-01 01:45:00,0.00648,0.00648,0.00644,0.00646,201623.0
2023-08-01 02:00:00,0.00646,0.00646,0.00621,0.00637,8809170.0
2023-08-01 02:15:00,0.00636,0.00639,0.00635,0.00639,1284346.0
2023-08-01 02:30:00,0.00638,0.0064,0.00638,0.0064,914790.0
2023-08-01 02:45:00,0.00641,0.00641,0.00639,0.0064,666028.0
2023-08-01 03:00:00,0.0064,0.00641,0.00638,0.00641,557036.0
2023-08-01 03:15:00,0.00641,0.00641,0.00638,0.00638,584997.0
2023-08-01 03:30:00,0.00638,0.00638,0.00632,0.00633,1546922.0
2023-08-01 03:45:00,0.00633,0.00634,0.00632,0.00633,825160.0
2023-08-01 04:00:00,0.00632,0.00632,0.0063,0.0063,707898.0
2023-08-01 04:15:00,0.0063,0.00631,0.00627,0.00629,1335278.0
2023-08-01 04:30:00,0.00629,0.00631,0.00629,0.00631,939604.0
2023-08-01 04:45:00,0.00631,0.00631,0.00628,0.00629,1434781.0
2023-08-01 05:00:00,0.00628,0.00629,0.00628,0.00628,236287.0
2023-08-01 05:15:00,0.00629,0.00632,0.00629,0.00632,1772049.0
2023-08-01 05:30:00,0.00632,0.00634,0.00631,0.00634,759751.0
2023-08-01 05:45:00,0.00634,0.00637,0.00634,0.00636,421165.0
2023-08-01 06:00:00,0.00636,0.0064,0.00635,0.0064,821610.0
2023-08-01 06:15:00,0.0064,0.0064,0.00637,0.00639,186999.0
2023-08-01 06:30:00,0.0064,0.00643,0.0064,0.0064,470753.0
2023-08-01 06:45:00,0.00641,0.00641,0.0064,0.00641,52197.0
2023-08-01 07:00:00,0.0064,0.0064,0.00639,0.00639,967370.0
2023-08-01 07:15:00,0.00639,0.00639,0.00637,0.00639,829790.0
2023-08-01 07:30:00,0.00638,0.0064,0.00638,0.0064,463875.0
2023-08-01 07:45:00,0.0064,0.0064,0.00639,0.00639,1102061.0
2023-08-01 08:00:00,0.00638,0.00641,0.00638,0.00638,770574.0
2023-08-01 08:15:00,0.00639,0.00642,0.00639,0.00642,651114.0
2023-08-01 08:30:00,0.00641,0.00643,0.00641,0.00642,353966.0
2023-08-01 08:45:00,0.00642,0.00643,0.00641,0.00643,798408.0
2023-08-01 09:00:00,0.00643,0.00645,0.00641,0.00642,956743.0
2023-08-01 09:15:00,0.00641,0.00642,0.00641,0.00642,161553.0
2023-08-01 09:30:00,0.00641,0.00642,0.0064,0.0064,426407.0
2023-08-01 09:45:00,0.00641,0.00641,0.0064,0.0064,109582.0
2023-08-01 10:00:00,0.0064,0.00641,0.00638,0.00641,404346.0
2023-08-01 10:15:00,0.00641,0.00641,0.00639,0.00641,240059.0
2023-08-01 10:30:00,0.0064,0.00641,0.00639,0.00641,1019630.0
2023-08-01 10:45:00,0.0064,0.00641,0.0064,0.00641,134760.0
2023-08-01 11:00:00,0.00641,0.00643,0.00641,0.00643,840543.0
2023-08-01 11:15:00,0.00642,0.00643,0.0064,0.00642,505642.0
2023-08-01 11:30:00,0.0064,0.0064,0.00638,0.00639,142347.0
2023-08-01 11:45:00,0.0064,0.00641,0.0064,0.0064,119595.0
2023-08-01 12:00:00,0.0064,0.00641,0.00639,0.0064,454037.0
2023-08-01 12:15:00,0.0064,0.0064,0.0064,0.0064,230900.0
2023-08-01 12:30:00,0.00639,0.00647,0.00639,0.00645,1481098.0
2023-08-01 12:45:00,0.00645,0.00645,0.00642,0.00644,495228.0
2023-08-01 13:00:00,0.00644,0.00646,0.00643,0.00646,615624.0
2023-08-01 13:15:00,0.00646,0.00646,0.00643,0.00643,337504.0
2023-08-01 13:30:00,0.00644,0.00645,0.00644,0.00645,111849.0
2023-08-01 13:45:00,0.00646,0.00647,0.00643,0.00643,562597.0
2023-08-01 14:00:00,0.00643,0.00647,0.00642,0.00642,789773.0
2023-08-01 14:15:00,0.00643,0.00647,0.00643,0.00645,443725.0
2023-08-01 14:30:00,0.00644,0.00646,0.00643,0.00644,199969.0
2023-08-01 14:45:00,0.00644,0.00645,0.00642,0.00644,779128.0
2023-08-01 15:00:00,0.00644,0.00647,0.00642,0.00644,918597.0
2023-08-01 15:15:00,0.00644,0.00646,0.00643,0.00644,526260.0
2023-08-01 15:30:00,0.00644,0.0065,0.00641,0.0065,1025528.0
2023-08-01 15:45:00,0.00651,0.00653,0.00649,0.00652,378814.0
2023-08-01 16:00:00,0.00652,0.00657,0.00651,0.00657,985185.0
2023-08-01 16:15:00,0.00657,0.00658,0.00655,0.00657,951661.0
2023-08-01 16:30:00,0.00657,0.00661,0.00655,0.00655,1737150.0
2023-08-01 16:45:00,0.00656,0.00656,0.00653,0.00656,1667514.0
2023-08-01 17:00:00,0.00655,0.00656,0.00654,0.00654,1811463.0
2023-08-01 17:15:00,0.00654,0.00655,0.00653,0.00654,434830.0
2023-08-01 17:30:00,0.00654,0.00654,0.00651,0.00652,110089.0
2023-08-01 17:45:00,0.00652,0.00652,0.00651,0.00651,419054.0
2023-08-01 18:00:00,0.00653,0.00653,0.00649,0.00649,247949.0
2023-08-01 18:15:00,0.0065,0.00654,0.0065,0.00653,639747.0
2023-08-01 18:30:00,0.00653,0.00654,0.00653,0.00653,101712.0
2023-08-01 18:45:00,0.00653,0.00653,0.00652,0.00653,202741.0
2023-08-01 19:00:00,0.00655,0.00655,0.00653,0.00654,316456.0
2023-08-01 19:15:00,0.00655,0.00655,0.00653,0.00655,49075.0
2023-08-01 19:30:00,0.00655,0.00655,0.00654,0.00654,177406.0
2023-08-01 19:45:00,0.00655,0.00655,0.00654,0.00654,48765.0
2023-08-01 20:00:00,0.00656,0.00656,0.00653,0.00653,139584.0
2023-08-01 20:15:00,0.00653,0.00655,0.00652,0.00652,822379.0
2023-08-01 20:30:00,0.00653,0.00654,0.00653,0.00653,225153.0
2023-08-01 20:45:00,0.00653,0.00655,0.00653,0.00655,172164.0
2023-08-01 21:00:00,0.00655,0.00656,0.00655,0.00656,142132.0
2023-08-01 21:15:00,0.00655,0.00658,0.00655,0.00658,380217.0
2023-08-01 21:30:00,0.00658,0.00658,0.00654,0.00654,132158.0
2023-08-01 21:45:00,0.00654,0.00657,0.00653,0.00657,73772.0
2023-08-01 22:00:00,0.00655,0.00655,0.00655,0.00655,32719.0
2023-08-01 22:15:00,0.00657,0.00658,0.00657,0.00658,43099.0
2023-08-01 22:30:00,0.00656,0.00656,0.00656,0.00656,11398.0
2023-08-01 22:45:00,0.00657,0.00658,0.00657,0.00658,66031.0
2023-08-01 23:00:00,0.00658,0.0066,0.00658,0.0066,93158.0
2023-08-01 23:15:00,0.00662,0.00663,0.00662,0.00663,631953.0
2023-08-01 23:30:00,0.00664,0.00666,0.00663,0.00664,551094.0
2023-08-01 23:45:00,0.00664,0.00669,0.00663,0.00667,532909.0
2023-08-02 00:00:00,0.00667,0.00671,0.00666,0.00668,358667.0
2023-08-02 00:15:00,0.00666,0.00667,0.00665,0.00666,213827.0
2023-08-02 00:30:00,0.00666,0.00667,0.00665,0.00665,304283.0
2023-08-02 00:45:00,0.00665,0.00665,0.00663,0.00664,433874.0
2023-08-02 01:00:00,0.00664,0.00668,0.00664,0.00667,2013361.0
2023-08-02 01:15:00,0.00667,0.00669,0.00667,0.00669,18965.0
2023-08-02 01:30:00,0.00668,0.00669,0.00665,0.00665,365093.0
2023-08-02 01:45:00,0.00666,0.00666,0.00664,0.00664,94999.0
2023-08-02 02:00:00,0.00664,0.00664,0.00662,0.00662,146467.0
2023-08-02 02:15:00,0.00664,0.00664,0.00662,0.00664,316374.0
2023-08-02 02:30:00,0.00664,0.00664,0.00664,0.00664,0.0
2023-08-02 02:45:00,0.00663,0.00664,0.00662,0.00662,112476.0
2023-08-02 03:00:00,0.00661,0.00661,0.00659,0.0066,624195.0
2023-08-02 03:15:00,0.0066,0.00661,0.0066,0.00661,3327.0
2023-08-02 03:30:00,0.00661,0.00663,0.00661,0.00662,571779.0
2023-08-02 03:45:00,0.00661,0.00661,0.00659,0.0066,259888.0
2023-08-02 04:00:00,0.0066,0.0066,0.00659,0.0066,523311.0
2023-08-02 04:15:00,0.0066,0.00662,0.0066,0.00662,209920.0
2023-08-02 04:30:00,0.00662,0.00662,0.0066,0.00661,338682.0
2023-08-02 04:45:00,0.0066,0.00661,0.00659,0.00661,314790.0
2023-08-02 05:00:00,0.00661,0.00661,0.00659,0.00659,26382.0
2023-08-02 05:15:00,0.0066,0.00662,0.00659,0.00659,214096.0
2023-08-02 05:30:00,0.0066,0.0066,0.00659,0.00659,177421.0
2023-08-02 05:45:00,0.0066,0.0066,0.0066,0.0066,1790.0
2023-08-02 06:00:00,0.0066,0.00661,0.0066,0.00661,710210.0
2023-08-02 06:15:00,0.00662,0.00662,0.0066,0.0066,250337.0
2023-08-02 06:30:00,0.0066,0.00661,0.0066,0.0066,111583.0
2023-08-02 06:45:00,0.00659,0.0066,0.00658,0.00658,100001.0
2023-08-02 07:00:00,0.00659,0.00662,0.00659,0.00662,486228.0
2023-08-02 07:15:00,0.00663,0.00663,0.00662,0.00662,167450.0
2023-08-02 07:30:00,0.00661,0.00661,0.00659,0.00661,627235.0
2023-08-02 07:45:00,0.00661,0.00661,0.00657,0.00658,195054.0
2023-08-02 08:00:00,0.00657,0.00658,0.00656,0.00657,734250.0
2023-08-02 08:15:00,0.00655,0.00658,0.00655,0.00657,128257.0
2023-08-02 08:30:00,0.00656,0.00659,0.00656,0.00659,302191.0
2023-08-02 08:45:00,0.00657,0.00657,0.00655,0.00656,753680.0
2023-08-02 09:00:00,0.00657,0.00657,0.00657,0.00657,35333.0
2023-08-02 09:15:00,0.00657,0.00657,0.00657,0.00657,433116.0
2023-08-02 09:30:00,0.00657,0.00657,0.00655,0.00656,582592.0
2023-08-02 09:45:00,0.00655,0.00655,0.00655,0.00655,97390.0
2023-08-02 10:00:00,0.00655,0.00658,0.00655,0.00658,153214.0
2023-08-02 10:15:00,0.00657,0.00657,0.00656,0.00656,17118.0
2023-08-02 10:30:00,0.00657,0.00658,0.00657,0.00658,48194.0
2023-08-02 10:45:00,0.00658,0.00659,0.00658,0.00659,76095.0
2023-08-02 11:00:00,0.00659,0.00659,0.00657,0.00657,51436.0
2023-08-02 11:15:00,0.00658,0.00659,0.00657,0.00658,551535.0
2023-08-02 11:30:00,0.00658,0.00658,0.00657,0.00657,274206.0
2023-08-02 11:45:00,0.00657,0.00657,0.00657,0.00657,33558.0
2023-08-02 12:00:00,0.00659,0.00659,0.00657,0.00657,47302.0
2023-08-02 12:15:00,0.00657,0.00657,0.00656,0.00656,387569.0
2023-08-02 12:30:00,0.00655,0.00655,0.00654,0.00654,197616.0
2023-08-02 12:45:00,0.00654,0.00654,0.00654,0.00654,178189.0
2023-08-02 13:00:00,0.00654,0.00655,0.00652,0.00652,2135034.0
2023-08-02 13:15:00,0.00653,0.00654,0.00653,0.00653,362519.0
2023-08-02 13:30:00,0.00653,0.00653,0.00651,0.00653,1185216.0
2023-08-02 13:45:00,0.00653,0.00653,0.00651,0.00652,276679.0
2023-08-02 14:00:00,0.00651,0.00652,0.0065,0.00652,819370.0
2023-08-02 14:15:00,0.00651,0.00652,0.0065,0.0065,331524.0
2023-08-02 14:30:00,0.00649,0.00649,0.00648,0.00648,437324.0
2023-08-02 14:45:00,0.00648,0.00648,0.00648,0.00648,12084.0
2023-08-02 15:00:00,0.00647,0.00647,0.00641,0.00643,3340505.0
2023-08-02 15:15:00,0.00642,0.00644,0.0064,0.00643,777537.0
2023-08-02 15:30:00,0.00644,0.00646,0.00644,0.00645,664647.0
2023-08-02 15:45:00,0.00645,0.00646,0.00644,0.00645,261324.0
2023-08-02 16:00:00,0.00646,0.00646,0.00645,0.00645,142295.0
2023-08-02 16:15:00,0.00645,0.00645,0.00643,0.00643,827129.0
2023-08-02 16:30:00,0.00642,0.00645,0.00642,0.00645,932659.0
2023-08-02 16:45:00,0.00645,0.00645,0.00635,0.00641,6274373.0
2023-08-02 17:00:00,0.00641,0.00645,0.0064,0.00643,299132.0
2023-08-02 17:15:00,0.00643,0.00645,0.00643,0.00645,665456.0
2023-08-02 17:30:00,0.00645,0.00647,0.00644,0.00644,503138.0
2023-08-02 17:45:00,0.00644,0.00646,0.00644,0.00646,62573.0
2023-08-02 18:00:00,0.00646,0.00646,0.00646,0.00646,239041.0
2023-08-02 18:15:00,0.00647,0.00648,0.00645,0.00646,348843.0
2023-08-02 18:30:00,0.00646,0.00646,0.00644,0.00645,85104.0
2023-08-02 18:45:00,0.00645,0.00645,0.00644,0.00644,267114.0
2023-08-02 19:00:00,0.00645,0.00645,0.00644,0.00645,455777.0
2023-08-02 19:15:00,0.00644,0.00644,0.00643,0.00643,434192.0
2023-08-02 19:30:00,0.00643,0.00644,0.00641,0.00643,861330.0
2023-08-02 19:45:00,0.00643,0.00644,0.00641,0.00641,2016906.0
2023-08-02 20:00:00,0.00641,0.00642,0.00641,0.00641,478264.0
2023-08-02 20:15:00,0.00641,0.00642,0.00641,0.00641,626222.0
2023-08-02 20:30:00,0.00641,0.00642,0.00641,0.00641,482530.0
2023-08-02 20:45:00,0.00641,0.00641,0.0064,0.0064,225930.0
2023-08-02 21:00:00,0.0064,0.0064,0.00639,0.00639,322951.0
2023-08-02 21:15:00,0.00638,0.0064,0.00637,0.0064,849572.0
2023-08-02 21:30:00,0.0064,0.00642,0.0064,0.00641,415717.0
2023-08-02 21:45:00,0.00642,0.00643,0.00642,0.00643,66585.0
2023-08-02 22:00:00,0.00642,0.00645,0.00642,0.00645,561499.0
2023-08-02 22:15:00,0.00645,0.00645,0.00645,0.00645,9762.0
2023-08-02 22:30:00,0.00644,0.00644,0.00644,0.00644,319044.0
2023-08-02 22:45:00,0.00644,0.00644,0.00643,0.00643,271325.0
2023-08-02 23:00:00,0.00642,0.00642,0.00642,0.00642,87729.0
2023-08-02 23:15:00,0.00641,0.00641,0.00641,0.00641,182136.0
2023-08-02 23:30:00,0.00642,0.00642,0.00641,0.00642,573235.0
2023-08-02 23:45:00,0.00642,0.00642,0.00641,0.00641,230398.0
2023-08-03 00:00:00,0.00642,0.00642,0.0064,0.00641,1007383.0
2023-08-03 00:15:00,0.00641,0.00645,0.00641,0.00645,830753.0
2023-08-03 00:30:00,0.00645,0.00647,0.00645,0.00646,661756.0
2023-08-03 00:45:00,0.00646,0.00647,0.00644,0.00644,573320.0
2023-08-03 01:00:00,0.00644,0.00644,0.00643,0.00643,597634.0
2023-08-03 01:15:00,0.00644,0.00644,0.00642,0.00644,417322.0
2023-08-03 01:30:00,0.00645,0.00646,0.00645,0.00646,177131.0
2023-08-03 01:45:00,0.00647,0.00649,0.00647,0.00648,175135.0
2023-08-03 02:00:00,0.00648,0.00649,0.00647,0.00647,1144770.0
2023-08-03 02:15:00,0.00645,0.00645,0.00644,0.00644,60455.0
2023-08-03 02:30:00,0.00642,0.00642,0.00642,0.00642,22326.0
2023-08-03 02:45:00,0.00644,0.00644,0.00644,0.00644,70200.0
2023-08-03 03:00:00,0.00643,0.00643,0.00643,0.00643,52917.0
2023-08-03 03:15:00,0.00643,0.00643,0.00642,0.00643,700069.0
2023-08-03 03:30:00,0.00643,0.00643,0.00643,0.00643,3730.0
2023-08-03 03:45:00,0.00642,0.00642,0.00641,0.00641,19756.0
2023-08-03 04:00:00,0.00643,0.00643,0.00642,0.00642,284342.0
2023-08-03 04:15:00,0.00642,0.00642,0.00641,0.00641,169784.0
2023-08-03 04:30:00,0.00642,0.00642,0.0064,0.00641,290540.0
2023-08-03 04:45:00,0.00641,0.00641,0.0064,0.0064,35773.0
2023-08-03 05:00:00,0.0064,0.0064,0.00639,0.0064,492914.0
2023-08-03 05:15:00,0.00639,0.00639,0.00638,0.00638,149356.0
2023-08-03 05:30:00,0.00638,0.00639,0.00638,0.00639,156028.0
2023-08-03 05:45:00,0.00639,0.00639,0.00639,0.00639,197198.0
2023-08-03 06:00:00,0.00639,0.00639,0.00638,0.00639,851817.0
2023-08-03 06:15:00,0.0064,0.0064,0.00639,0.00639,123426.0
2023-08-03 06:30:00,0.00639,0.00639,0.00637,0.00638,302485.0
2023-08-03 06:45:00,0.00638,0.00639,0.00634,0.00638,477429.0
2023-08-03 07:00:00,0.00637,0.00638,0.00636,0.00638,273072.0
2023-08-03 07:15:00,0.00637,0.00637,0.00631,0.00634,6967030.0
2023-08-03 07:30:00,0.00634,0.00634,0.00634,0.00634,590786.0
2023-08-03 07:45:00,0.00633,0.00633,0.00632,0.00632,157492.0
2023-08-03 08:00:00,0.00632,0.00634,0.00632,0.00634,167123.0
2023-08-03 08:15:00,0.00632,0.00633,0.00629,0.00632,786249.0
2023-08-03 08:30:00,0.00632,0.00633,0.00631,0.00631,612800.0
2023-08-03 08:45:00,0.0063,0.00631,0.00628,0.0063,768131.0
2023-08-03 09:00:00,0.0063,0.0063,0.00629,0.0063,316551.0
2023-08-03 09:15:00,0.0063,0.00632,0.0063,0.00632,104541.0
2023-08-03 09:30:00,0.00632,0.00632,0.00631,0.00632,697696.0
2023-08-03 09:45:00,0.00632,0.00633,0.0063,0.00633,302047.0
2023-08-03 10:00:00,0.00633,0.00634,0.00633,0.00634,89718.0
2023-08-03 10:15:00,0.00634,0.00634,0.00633,0.00633,206232.0
2023-08-03 10:30:00,0.00633,0.00634,0.00633,0.00634,80546.0
2023-08-03 10:45:00,0.00634,0.00635,0.00634,0.00635,819547.0
2023-08-03 11:00:00,0.00636,0.00636,0.00633,0.00635,504563.0
2023-08-03 11:15:00,0.00635,0.00635,0.00631,0.00632,456220.0
2023-08-03 11:30:00,0.00633,0.00633,0.00633,0.00633,146472.0
2023-08-03 11:45:00,0.00634,0.00635,0.00634,0.00634,173014.0
2023-08-03 12:00:00,0.00635,0.00636,0.00634,0.00634,336982.0
2023-08-03 12:15:00,0.00633,0.00633,0.00631,0.00632,135606.0
2023-08-03 12:30:00,0.00631,0.00631,0.0063,0.00631,169800.0
2023-08-03 12:45:00,0.0063,0.0063,0.00627,0.00629,857116.0
2023-08-03 13:00:00,0.0063,0.00632,0.0063,0.00632,1132239.0
2023-08-03 13:15:00,0.00632,0.00632,0.0063,0.0063,104333.0
2023-08-03 13:30:00,0.00629,0.00632,0.00629,0.0063,1531650.0
2023-08-03 13:45:00,0.00631,0.00633,0.0063,0.00633,173160.0
2023-08-03 14:00:00,0.00633,0.00633,0.00631,0.00632,134026.0
2023-08-03 14:15:00,0.00633,0.00634,0.00633,0.00634,109753.0
2023-08-03 14:30:00,0.00634,0.00636,0.00633,0.00636,500062.0
2023-08-03 14:45:00,0.00636,0.0064,0.00636,0.00639,4125214.0
2023-08-03 15:00:00,0.00639,0.0064,0.00638,0.00638,1089009.0
2023-08-03 15:15:00,0.00638,0.00638,0.00637,0.00638,197314.0
2023-08-03 15:30:00,0.00638,0.00639,0.00638,0.00639,48302.0
2023-08-03 15:45:00,0.00638,0.00638,0.00638,0.00638,50390.0
2023-08-03 16:00:00,0.00638,0.00639,0.00637,0.00637,698982.0
2023-08-03 16:15:00,0.00638,0.0064,0.00636,0.0064,552936.0
2023-08-03 16:30:00,0.0064,0.0064,0.00639,0.00639,28746.0
2023-08-03 16:45:00,0.0064,0.00641,0.0064,0.0064,131253.0
2023-08-03 17:00:00,0.00641,0.00643,0.0064,0.00643,452123.0
2023-08-03 17:15:00,0.00643,0.00643,0.00641,0.00641,67094.0
2023-08-03 17:30:00,0.00641,0.00641,0.00639,0.00639,133184.0
2023-08-03 17:45:00,0.00639,0.00639,0.00638,0.00638,117800.0
2023-08-03 18:00:00,0.00637,0.00637,0.00637,0.00637,199875.0
2023-08-03 18:15:00,0.00638,0.00638,0.00637,0.00637,28246.0
2023-08-03 18:30:00,0.00637,0.00638,0.00637,0.00638,156684.0
2023-08-03 18:45:00,0.00638,0.00638,0.00638,0.00638,3208.0
2023-08-03 19:00:00,0.00638,0.00638,0.00636,0.00636,61786.0
2023-08-03 19:15:00,0.00636,0.00637,0.00636,0.00637,89585.0
2023-08-03 19:30:00,0.00638,0.00638,0.00638,0.00638,3262.0
2023-08-03 19:45:00,0.00638,0.00639,0.00638,0.00639,159419.0
2023-08-03 20:00:00,0.00639,0.0064,0.00639,0.0064,59426.0
2023-08-03 20:15:00,0.0064,0.00642,0.0064,0.00642,146929.0
2023-08-03 20:30:00,0.00642,0.00642,0.00642,0.00642,71741.0
2023-08-03 20:45:00,0.00641,0.00641,0.0064,0.0064,116395.0
2023-08-03 21:00:00,0.00639,0.0064,0.00639,0.00639,517780.0
2023-08-03 21:15:00,0.00639,0.00639,0.00639,0.00639,0.0
2023-08-03 21:30:00,0.0064,0.00641,0.00639,0.00641,107386.0
2023-08-03 21:45:00,0.00641,0.00641,0.00638,0.00638,247292.0
2023-08-03 22:00:00,0.00638,0.00638,0.00632,0.00635,965682.0
2023-08-03 22:15:00,0.00635,0.00635,0.00635,0.00635,15748.0
2023-08-03 22:30:00,0.00633,0.00636,0.00633,0.00636,180035.0
2023-08-03 22:45:00,0.00635,0.00636,0.00635,0.00635,389279.0
2023-08-03 23:00:00,0.00635,0.00636,0.00635,0.00636,48319.0
2023-08-03 23:15:00,0.00636,0.00636,0.00636,0.00636,19945.0
2023-08-03 23:30:00,0.00636,0.00636,0.00636,0.00636,177615.0
2023-08-03 23:45:00,0.00637,0.00637,0.00635,0.00635,133196.0
2023-08-04 00:00:00,0.00635,0.00636,0.00634,0.00636,404599.0
2023-08-04 00:15:00,0.00637,0.00639,0.00637,0.00637,463052.0
2023-08-04 00:30:00,0.00637,0.00637,0.00637,0.00637,109722.0
2023-08-04 00:45:00,0.00637,0.00639,0.00637,0.00639,28898.0
2023-08-04 01:00:00,0.00638,0.00638,0.00638,0.00638,135247.0
2023-08-04 01:15:00,0.00638,0.00638,0.00637,0.00637,86180.0
2023-08-04 01:30:00,0.00638,0.00641,0.00638,0.0064,204717.0
2023-08-04 01:45:00,0.00639,0.00639,0.00638,0.00638,56976.0
2023-08-04 02:00:00,0.00638,0.00638,0.00638,0.00638,0.0
2023-08-04 02:15:00,0.00638,0.00638,0.00637,0.00638,189580.0
2023-08-04 02:30:00,0.00639,0.00642,0.00639,0.00642,193336.0
2023-08-04 02:45:00,0.00641,0.00641,0.0064,0.0064,68742.0
2023-08-04 03:00:00,0.0064,0.0064,0.0064,0.0064,3324.0
2023-08-04 03:15:00,0.0064,0.0064,0.00639,0.00639,117861.0
2023-08-04 03:30:00,0.00639,0.00639,0.00637,0.00638,2111118.0
2023-08-04 03:45:00,0.00638,0.00639,0.00638,0.00639,258682.0
2023-08-04 04:00:00,0.00638,0.00638,0.00636,0.00637,325518.0
2023-08-04 04:15:00,0.00635,0.00635,0.00633,0.00633,440626.0
2023-08-04 04:30:00,0.00633,0.00635,0.00632,0.00634,1573777.0
2023-08-04 04:45:00,0.00634,0.00635,0.00634,0.00635,83194.0
2023-08-04 05:00:00,0.00635,0.00636,0.00633,0.00634,495930.0
2023-08-04 05:15:00,0.00633,0.00635,0.00633,0.00633,707297.0
2023-08-04 05:30:00,0.00633,0.00634,0.00633,0.00634,230787.0
2023-08-04 05:45:00,0.00632,0.00634,0.00631,0.00631,1105651.0
2023-08-04 06:00:00,0.00632,0.00633,0.00632,0.00632,344778.0
2023-08-04 06:15:00,0.00631,0.00633,0.00631,0.00631,847221.0
2023-08-04 06:30:00,0.0063,0.00631,0.00628,0.00628,1086820.0
2023-08-04 06:45:00,0.00627,0.00627,0.00626,0.00626,385930.0
2023-08-04 07:00:00,0.00626,0.00627,0.00625,0.00627,794458.0
2023-08-04 07:15:00,0.00626,0.00628,0.00626,0.00626,712780.0
2023-08-04 07:30:00,0.00625,0.00626,0.00624,0.00626,646096.0
2023-08-04 07:45:00,0.00625,0.00626,0.00625,0.00626,921671.0
2023-08-04 08:00:00,0.00625,0.00627,0.00625,0.00627,524445.0
2023-08-04 08:15:00,0.00628,0.00628,0.00624,0.00624,243014.0
2023-08-04 08:30:00,0.00625,0.00625,0.00624,0.00624,76695.0
2023-08-04 08:45:00,0.00624,0.00624,0.00622,0.00622,697635.0
2023-08-04 09:00:00,0.00623,0.00624,0.00623,0.00623,564716.0
2023-08-04 09:15:00,0.00624,0.00624,0.00623,0.00624,153881.0
2023-08-04 09:30:00,0.00624,0.00625,0.00624,0.00625,680302.0
2023-08-04 09:45:00,0.00624,0.00625,0.00624,0.00624,164325.0
2023-08-04 10:00:00,0.00625,0.00625,0.00625,0.00625,65656.0
2023-08-04 10:15:00,0.00625,0.00625,0.00624,0.00624,8796.0
2023-08-04 10:30:00,0.00624,0.00625,0.00623,0.00625,175259.0
2023-08-04 10:45:00,0.00624,0.00624,0.00622,0.00622,288979.0
2023-08-04 11:00:00,0.00623,0.00623,0.00622,0.00623,166771.0
2023-08-04 11:15:00,0.00624,0.00625,0.00624,0.00625,703320.0
2023-08-04 11:30:00,0.00624,0.00624,0.00623,0.00624,179503.0
2023-08-04 11:45:00,0.00625,0.00625,0.00621,0.00624,2180709.0
2023-08-04 12:00:00,0.00623,0.00626,0.00623,0.00625,1158839.0
2023-08-04 12:15:00,0.00625,0.00627,0.00625,0.00627,411438.0
2023-08-04 12:30:00,0.00627,0.0063,0.00625,0.0063,3493616.0
2023-08-04 12:45:00,0.00629,0.00631,0.00628,0.0063,1135829.0
2023-08-04 13:00:00,0.00631,0.00636,0.00631,0.00636,1084596.0
2023-08-04 13:15:00,0.00634,0.00634,0.00633,0.00634,522910.0
2023-08-04 13:30:00,0.00634,0.00636,0.00633,0.00633,415427.0
2023-08-04 13:45:00,0.00635,0.00636,0.00633,0.00633,243752.0
2023-08-04 14:00:00,0.00633,0.00633,0.00629,0.00631,1663187.0
2023-08-04 14:15:00,0.00632,0.00633,0.00632,0.00632,456011.0
2023-08-04 14:30:00,0.00633,0.00633,0.00632,0.00632,116980.0
2023-08-04 14:45:00,0.00632,0.00633,0.00631,0.00633,473841.0
2023-08-04 15:00:00,0.00632,0.00632,0.00632,0.00632,115442.0
2023-08-04 15:15:00,0.00631,0.00631,0.00631,0.00631,256885.0
2023-08-04 15:30:00,0.00631,0.00631,0.00631,0.00631,21239.0
2023-08-04 15:45:00,0.00633,0.00633,0.00631,0.00631,211973.0
2023-08-04 16:00:00,0.00632,0.00632,0.0063,0.00631,552326.0
2023-08-04 16:15:00,0.00631,0.00631,0.00631,0.00631,0.0
2023-08-04 16:30:00,0.00631,0.00631,0.0063,0.00631,387735.0
2023-08-04 16:45:00,0.0063,0.00632,0.0063,0.00632,302823.0
2023-08-04 17:00:00,0.00632,0.00632,0.0063,0.00632,1344460.0
2023-08-04 17:15:00,0.0063,0.00631,0.0063,0.0063,22940.0
2023-08-04 17:30:00,0.00631,0.00631,0.00629,0.00629,191557.0
2023-08-04 17:45:00,0.00629,0.00629,0.00628,0.00628,527266.0
2023-08-04 18:00:00,0.00628,0.00629,0.00627,0.00629,1022409.0
2023-08-04 18:15:00,0.00627,0.00628,0.00626,0.00626,246184.0
2023-08-04 18:30:00,0.00626,0.00626,0.00625,0.00625,231911.0
2023-08-04 18:45:00,0.00624,0.00625,0.00622,0.00623,1048421.0
2023-08-04 19:00:00,0.00624,0.00625,0.00623,0.00623,161090.0
2023-08-04 19:15:00,0.00623,0.00623,0.00623,0.00623,0.0
2023-08-04 19:30:00,0.00624,0.00625,0.00624,0.00624,142720.0
2023-08-04 19:45:00,0.00625,0.00625,0.00623,0.00624,412873.0
2023-08-04 20:00:00,0.00624,0.00626,0.00624,0.00625,140594.0
2023-08-04 20:15:00,0.00626,0.00627,0.00625,0.00626,95979.0
2023-08-04 20:30:00,0.00627,0.00627,0.00621,0.00623,345967.0
2023-08-04 20:45:00,0.00621,0.00621,0.00617,0.00621,2003681.0
2023-08-04 21:00:00,0.00621,0.00627,0.00621,0.00626,1084717.0
2023-08-04 21:15:00,0.00626,0.00626,0.00624,0.00625,609921.0
2023-08-04 21:30:00,0.00625,0.00625,0.00623,0.00625,362835.0
2023-08-04 21:45:00,0.00625,0.00625,0.00625,0.00625,42242.0
2023-08-04 22:00:00,0.00625,0.00627,0.00625,0.00626,234527.0
2023-08-04 22:15:00,0.00626,0.00628,0.00626,0.00626,232859.0
2023-08-04 22:30:00,0.00626,0.00627,0.00625,0.00625,503521.0
2023-08-04 22:45:00,0.00625,0.00625,0.00625,0.00625,59782.0
2023-08-04 23:00:00,0.00625,0.00626,0.00625,0.00626,24005.0
2023-08-04 23:15:00,0.00624,0.00625,0.00624,0.00625,317561.0
2023-08-04 23:30:00,0.00625,0.00628,0.00625,0.00628,304883.0
2023-08-04 23:45:00,0.00627,0.00627,0.00627,0.00627,4220.0
2023-08-05 00:00:00,0.00626,0.00627,0.00626,0.00627,409429.0
2023-08-05 00:15:00,0.00625,0.00625,0.00623,0.00624,2883628.0
2023-08-05 00:30:00,0.00625,0.00626,0.00625,0.00625,129861.0
2023-08-05 00:45:00,0.00625,0.00625,0.00624,0.00624,231201.0
2023-08-05 01:00:00,0.00624,0.00625,0.00624,0.00624,155114.0
2023-08-05 01:15:00,0.00623,0.00623,0.0062,0.00622,1302047.0
2023-08-05 01:30:00,0.00622,0.00622,0.0062,0.0062,244384.0
2023-08-05 01:45:00,0.0062,0.00621,0.00618,0.00618,1839696.0
2023-08-05 02:00:00,0.00619,0.00622,0.00619,0.00622,787966.0
2023-08-05 02:15:00,0.00622,0.00622,0.00622,0.00622,181926.0
2023-08-05 02:30:00,0.00623,0.00623,0.00623,0.00623,139536.0
2023-08-05 02:45:00,0.00623,0.00623,0.00623,0.00623,29255.0
2023-08-05 03:00:00,0.00623,0.00623,0.00623,0.00623,49360.0
2023-08-05 03:15:00,0.00624,0.00624,0.00623,0.00623,235741.0
2023-08-05 03:30:00,0.00624,0.00624,0.00623,0.00623,81212.0
2023-08-05 03:45:00,0.00622,0.00622,0.00622,0.00622,37154.0
2023-08-05 04:00:00,0.00622,0.00623,0.00622,0.00622,7520.0
2023-08-05 04:15:00,0.00621,0.00621,0.00621,0.00621,54097.0
2023-08-05 04:30:00,0.00621,0.00621,0.00619,0.00619,205366.0
2023-08-05 04:45:00,0.00619,0.0062,0.00618,0.0062,417286.0
2023-08-05 05:00:00,0.0062,0.0062,0.00617,0.00618,623117.0
2023-08-05 05:15:00,0.00619,0.00621,0.00619,0.00621,343358.0
2023-08-05 05:30:00,0.0062,0.0062,0.0062,0.0062,47763.0
2023-08-05 05:45:00,0.00619,0.0062,0.00619,0.00619,149919.0
2023-08-05 06:00:00,0.0062,0.0062,0.00618,0.00619,117839.0
2023-08-05 06:15:00,0.00619,0.0062,0.00619,0.00619,53080.0
2023-08-05 06:30:00,0.00619,0.00619,0.00619,0.00619,298727.0
2023-08-05 06:45:00,0.0062,0.0062,0.00619,0.00619,21962.0
2023-08-05 07:00:00,0.00619,0.0062,0.00619,0.0062,794866.0
2023-08-05 07:15:00,0.00619,0.00621,0.00619,0.00619,2645996.0
2023-08-05 07:30:00,0.00619,0.00619,0.00617,0.00618,1271171.0
2023-08-05 07:45:00,0.00618,0.00618,0.00617,0.00618,244420.0
2023-08-05 08:00:00,0.00617,0.00617,0.00616,0.00616,81915.0
2023-08-05 08:15:00,0.00616,0.00616,0.00615,0.00616,475839.0
2023-08-05 08:30:00,0.00617,0.00618,0.00616,0.00617,662176.0
2023-08-05 08:45:00,0.00618,0.00619,0.00618,0.00618,184636.0
2023-08-05 09:00:00,0.00618,0.00619,0.00616,0.00616,356400.0
2023-08-05 09:15:00,0.00617,0.00617,0.00615,0.00617,109763.0
2023-08-05 09:30:00,0.00617,0.00618,0.00617,0.00617,147712.0
2023-08-05 09:45:00,0.00617,0.00617,0.00616,0.00617,40224.0
2023-08-05 10:00:00,0.00617,0.00617,0.00616,0.00617,830029.0
2023-08-05 10:15:00,0.00616,0.00617,0.00616,0.00617,18064.0
2023-08-05 10:30:00,0.00616,0.00617,0.00616,0.00616,32659.0
2023-08-05 10:45:00,0.00615,0.00616,0.00614,0.00615,231187.0
2023-08-05 11:00:00,0.00617,0.00621,0.00617,0.00619,1772539.0
2023-08-05 11:15:00,0.00619,0.0062,0.00619,0.00619,156080.0
2023-08-05 11:30:00,0.00619,0.00619,0.00618,0.00619,760158.0
2023-08-05 11:45:00,0.00619,0.00619,0.00617,0.00617,41088.0
2023-08-05 12:00:00,0.00618,0.00618,0.00616,0.00616,315547.0
2023-08-05 12:15:00,0.00616,0.00617,0.00616,0.00617,28180.0
2023-08-05 12:30:00,0.00617,0.00617,0.00616,0.00616,506379.0
2023-08-05 12:45:00,0.00616,0.00617,0.00615,0.00617,1561523.0
2023-08-05 13:00:00,0.00616,0.00618,0.00616,0.00618,262101.0
2023-08-05 13:15:00,0.00618,0.00618,0.00617,0.00617,368699.0
2023-08-05 13:30:00,0.00618,0.00618,0.00616,0.00616,383949.0
2023-08-05 13:45:00,0.00616,0.00618,0.00616,0.00617,390237.0
2023-08-05 14:00:00,0.00618,0.00621,0.00618,0.00621,323954.0
2023-08-05 14:15:00,0.00621,0.00621,0.00619,0.00621,753789.0
2023-08-05 14:30:00,0.00621,0.00622,0.00618,0.00618,615497.0
2023-08-05 14:45:00,0.0062,0.00623,0.0062,0.00622,922367.0
2023-08-05 15:00:00,0.00622,0.00623,0.00619,0.00619,475778.0
2023-08-05 15:15:00,0.00619,0.00621,0.00618,0.00618,387650.0
2023-08-05 15:30:00,0.00618,0.00622,0.00617,0.00621,1202076.0
2023-08-05 15:45:00,0.00621,0.00622,0.00621,0.00622,317212.0
2023-08-05 16:00:00,0.0062,0.00624,0.0062,0.00623,785055.0
2023-08-05 16:15:00,0.00623,0.00623,0.0062,0.0062,415140.0
2023-08-05 16:30:00,0.0062,0.0062,0.00619,0.00619,487235.0
2023-08-05 16:45:00,0.0062,0.0062,0.00619,0.00619,97132.0
2023-08-05 17:00:00,0.00619,0.00619,0.00618,0.00619,248456.0
2023-08-05 17:15:00,0.0062,0.00621,0.00619,0.00619,593530.0
2023-08-05 17:30:00,0.00619,0.00619,0.00618,0.00618,157794.0
2023-08-05 17:45:00,0.00619,0.00619,0.00619,0.00619,108910.0
2023-08-05 18:00:00,0.00619,0.0062,0.00618,0.0062,353325.0
2023-08-05 18:15:00,0.0062,0.0062,0.0062,0.0062,2725.0
2023-08-05 18:30:00,0.0062,0.0062,0.0062,0.0062,92874.0
2023-08-05 18:45:00,0.00621,0.00622,0.0062,0.00622,201572.0
2023-08-05 19:00:00,0.00621,0.00622,0.00621,0.00621,197216.0
2023-08-05 19:15:00,0.00621,0.00621,0.00621,0.00621,253997.0
2023-08-05 19:30:00,0.00621,0.00621,0.00619,0.00619,802454.0
2023-08-05 19:45:00,0.00619,0.0062,0.00618,0.00619,454034.0
2023-08-05 20:00:00,0.00619,0.0062,0.00618,0.00619,209195.0
2023-08-05 20:15:00,0.0062,0.0062,0.00619,0.00619,196275.0
2023-08-05 20:30:00,0.0062,0.00621,0.00619,0.0062,494970.0
2023-08-05 20:45:00,0.0062,0.0062,0.00619,0.00619,31459.0
2023-08-05 21:00:00,0.00619,0.0062,0.00618,0.00619,436990.0
2023-08-05 21:15:00,0.0062,0.00622,0.0062,0.00621,162874.0
2023-08-05 21:30:00,0.00621,0.00622,0.0062,0.00621,260639.0
2023-08-05 21:45:00,0.0062,0.0062,0.00619,0.00619,257508.0
2023-08-05 22:00:00,0.00621,0.00622,0.00621,0.00622,1247300.0
2023-08-05 22:15:00,0.00622,0.00622,0.00621,0.00621,210403.0
2023-08-05 22:30:00,0.00622,0.00623,0.00622,0.00623,613904.0
2023-08-05 22:45:00,0.00623,0.00625,0.00623,0.00624,266280.0
2023-08-05 23:00:00,0.00625,0.00626,0.00621,0.00623,1121251.0
2023-08-05 23:15:00,0.00622,0.00624,0.00621,0.00623,298508.0
2023-08-05 23:30:00,0.00624,0.00625,0.00623,0.00623,178924.0
2023-08-05 23:45:00,0.00624,0.00624,0.00624,0.00624,2988.0
2023-08-06 00:00:00,0.00622,0.00623,0.00621,0.00623,1358666.0
2023-08-06 00:15:00,0.00623,0.00624,0.00623,0.00623,870486.0
2023-08-06 00:30:00,0.00623,0.00623,0.00621,0.00623,416766.0
2023-08-06 00:45:00,0.00623,0.00623,0.00623,0.00623,70686.0
2023-08-06 01:00:00,0.00623,0.00623,0.00622,0.00622,118486.0
2023-08-06 01:15:00,0.00621,0.00622,0.00621,0.00621,350518.0
2023-08-06 01:30:00,0.00621,0.00621,0.00621,0.00621,0.0
2023-08-06 01:45:00,0.0062,0.0062,0.00618,0.00618,563088.0
2023-08-06 02:00:00,0.00618,0.0063,0.00618,0.0063,15012036.0
2023-08-06 02:15:00,0.0063,0.0063,0.00629,0.0063,171040.0
2023-08-06 02:30:00,0.0063,0.00631,0.0063,0.0063,322468.0
2023-08-06 02:45:00,0.0063,0.00632,0.0063,0.00632,597839.0
2023-08-06 03:00:00,0.00631,0.00631,0.00629,0.00629,138446.0
2023-08-06 03:15:00,0.0063,0.0063,0.0063,0.0063,44684.0
2023-08-06 03:30:00,0.00631,0.00631,0.00631,0.00631,31021.0
2023-08-06 03:45:00,0.00631,0.00633,0.00631,0.00632,383207.0
2023-08-06 04:00:00,0.00631,0.00634,0.00631,0.00633,180173.0
2023-08-06 04:15:00,0.00633,0.00634,0.00633,0.00634,3174934.0
2023-08-06 04:30:00,0.00635,0.00637,0.00634,0.00634,3030064.0
2023-08-06 04:45:00,0.00635,0.00635,0.00635,0.00635,3296.0
2023-08-06 05:00:00,0.00634,0.00634,0.00633,0.00633,70585.0
2023-08-06 05:15:00,0.00634,0.00635,0.00634,0.00634,159328.0
2023-08-06 05:30:00,0.00634,0.00634,0.00632,0.00633,125069.0
2023-08-06 05:45:00,0.00633,0.00636,0.00633,0.00636,185890.0
2023-08-06 06:00:00,0.00636,0.00638,0.00635,0.00635,784698.0
2023-08-06 06:15:00,0.00635,0.00635,0.00632,0.00633,397535.0
2023-08-06 06:30:00,0.00632,0.00632,0.0063,0.00631,2094982.0
2023-08-06 06:45:00,0.00632,0.00632,0.00629,0.00631,1405747.0
2023-08-06 07:00:00,0.0063,0.00631,0.00628,0.00629,536574.0
2023-08-06 07:15:00,0.00629,0.00631,0.00629,0.00631,150008.0
2023-08-06 07:30:00,0.00632,0.00633,0.00632,0.00633,963994.0
2023-08-06 07:45:00,0.00632,0.00633,0.00632,0.00632,247205.0
2023-08-06 08:00:00,0.00632,0.00632,0.00632,0.00632,205594.0
2023-08-06 08:15:00,0.00633,0.00635,0.00633,0.00635,2424521.0
2023-08-06 08:30:00,0.00633,0.00634,0.00631,0.00634,3008404.0
2023-08-06 08:45:00,0.00635,0.00636,0.00634,0.00636,1422756.0
2023-08-06 09:00:00,0.00636,0.00636,0.00633,0.00633,910205.0
2023-08-06 09:15:00,0.00633,0.00633,0.00633,0.00633,9492.0
2023-08-06 09:30:00,0.00633,0.00633,0.00632,0.00633,234902.0
2023-08-06 09:45:00,0.00633,0.00633,0.00631,0.00632,2962323.0
2023-08-06 10:00:00,0.00633,0.00634,0.00632,0.00632,328353.0
2023-08-06 10:15:00,0.00632,0.00634,0.00632,0.00632,370685.0
2023-08-06 10:30:00,0.00632,0.00632,0.00629,0.0063,1163444.0
2023-08-06 10:45:00,0.0063,0.00632,0.00629,0.00632,1463378.0
2023-08-06 11:00:00,0.00632,0.00632,0.0063,0.00631,489084.0
2023-08-06 11:15:00,0.00631,0.00633,0.00631,0.00633,177867.0
2023-08-06 11:30:00,0.00632,0.00632,0.00631,0.00631,319406.0
2023-08-06 11:45:00,0.00632,0.00634,0.00632,0.00633,241732.0
2023-08-06 12:00:00,0.00634,0.00639,0.00634,0.00638,968563.0
2023-08-06 12:15:00,0.00638,0.0064,0.00636,0.00636,1463362.0
2023-08-06 12:30:00,0.00636,0.00636,0.00634,0.00635,437880.0
2023-08-06 12:45:00,0.00635,0.00636,0.00634,0.00634,322165.0
2023-08-06 13:00:00,0.00634,0.00637,0.00633,0.00635,747532.0
2023-08-06 13:15:00,0.00636,0.00636,0.00632,0.00632,258084.0
2023-08-06 13:30:00,0.00633,0.00637,0.00632,0.00633,1406918.0
2023-08-06 13:45:00,0.00634,0.00637,0.00633,0.00633,378058.0
2023-08-06 14:00:00,0.00634,0.00637,0.00633,0.00633,529941.0
2023-08-06 14:15:00,0.00633,0.00639,0.00633,0.00639,315918.0
2023-08-06 14:30:00,0.00638,0.00638,0.00635,0.00635,123300.0
2023-08-06 14:45:00,0.00636,0.00638,0.00636,0.00638,232141.0
2023-08-06 15:00:00,0.00637,0.00639,0.00637,0.00638,219197.0
2023-08-06 15:15:00,0.00638,0.00638,0.00636,0.00637,702959.0
2023-08-06 15:30:00,0.00637,0.00641,0.00637,0.00639,531291.0
2023-08-06 15:45:00,0.00639,0.00639,0.00637,0.00638,680576.0
2023-08-06 16:00:00,0.00638,0.00642,0.00637,0.00639,7515914.0
2023-08-06 16:15:00,0.0064,0.00641,0.00639,0.00641,629697.0
2023-08-06 16:30:00,0.0064,0.00643,0.0064,0.00641,232746.0
2023-08-06 16:45:00,0.00641,0.00646,0.0064,0.00645,5193262.0
2023-08-06 17:00:00,0.00645,0.00646,0.00643,0.00643,1270014.0
2023-08-06 17:15:00,0.00644,0.00645,0.00643,0.00645,3144254.0
2023-08-06 17:30:00,0.00645,0.00646,0.00645,0.00645,329850.0
2023-08-06 17:45:00,0.00647,0.00647,0.00646,0.00646,130280.0
2023-08-06 18:00:00,0.00647,0.00647,0.00646,0.00646,178493.0
2023-08-06 18:15:00,0.00646,0.00646,0.00645,0.00645,447262.0
2023-08-06 18:30:00,0.00646,0.00647,0.00644,0.00645,1247456.0
2023-08-06 18:45:00,0.00645,0.00646,0.00643,0.00644,164520.0
2023-08-06 19:00:00,0.00644,0.00644,0.00644,0.00644,469178.0
2023-08-06 19:15:00,0.00644,0.00644,0.00643,0.00643,397781.0
2023-08-06 19:30:00,0.00643,0.00643,0.00643,0.00643,0.0
2023-08-06 19:45:00,0.00644,0.00644,0.00643,0.00643,59816.0
2023-08-06 20:00:00,0.00644,0.00646,0.00643,0.00644,1288256.0
2023-08-06 20:15:00,0.00644,0.00644,0.00643,0.00644,108902.0
2023-08-06 20:30:00,0.00644,0.00644,0.00643,0.00643,2170812.0
2023-08-06 20:45:00,0.00644,0.00646,0.0064,0.00642,8593068.0
2023-08-06 21:00:00,0.00642,0.00647,0.00642,0.00646,1006146.0
2023-08-06 21:15:00,0.00646,0.00646,0.00645,0.00645,184178.0
2023-08-06 21:30:00,0.00646,0.00646,0.00643,0.00643,344851.0
2023-08-06 21:45:00,0.00645,0.00646,0.00642,0.00642,1391948.0
2023-08-06 22:00:00,0.00642,0.00644,0.00641,0.00644,125251.0
2023-08-06 22:15:00,0.00646,0.00647,0.00646,0.00647,6997.0
2023-08-06 22:30:00,0.00646,0.00647,0.00645,0.00647,55564.0
2023-08-06 22:45:00,0.00645,0.00648,0.00643,0.00647,1989103.0
2023-08-06 23:00:00,0.00646,0.00646,0.00643,0.00644,695819.0
2023-08-06 23:15:00,0.00643,0.00645,0.00643,0.00645,201617.0
2023-08-06 23:30:00,0.00644,0.00645,0.00644,0.00644,92431.0
2023-08-06 23:45:00,0.00644,0.00645,0.00644,0.00645,202321.0
2023-08-07 00:00:00,0.00646,0.00651,0.00646,0.00651,318931.0
2023-08-07 00:15:00,0.00652,0.00652,0.00649,0.0065,264000.0
2023-08-07 00:30:00,0.0065,0.0065,0.00645,0.00647,1943117.0
2023-08-07 00:45:00,0.00647,0.00647,0.00644,0.00646,1437232.0
2023-08-07 01:00:00,0.00646,0.00648,0.00646,0.00648,900523.0
2023-08-07 01:15:00,0.00649,0.00655,0.00649,0.00654,300553.0
2023-08-07 01:30:00,0.00655,0.00657,0.00653,0.00655,698654.0
2023-08-07 01:45:00,0.00654,0.00655,0.00654,0.00654,96562.0
2023-08-07 02:00:00,0.00654,0.00655,0.0065,0.0065,459236.0
2023-08-07 02:15:00,0.0065,0.00652,0.0065,0.00651,140920.0
2023-08-07 02:30:00,0.00651,0.00652,0.00651,0.00652,114941.0
2023-08-07 02:45:00,0.00651,0.00652,0.00651,0.00651,367772.0
2023-08-07 03:00:00,0.00651,0.00651,0.0065,0.00651,112613.0
2023-08-07 03:15:00,0.00651,0.00651,0.00651,0.00651,233288.0
2023-08-07 03:30:00,0.00651,0.00652,0.00651,0.00651,366607.0
2023-08-07 03:45:00,0.0065,0.0065,0.00649,0.00649,986896.0
2023-08-07 04:00:00,0.00648,0.00648,0.00645,0.00647,2341006.0
2023-08-07 04:15:00,0.00648,0.00648,0.00647,0.00648,232723.0
2023-08-07 04:30:00,0.00648,0.00648,0.00647,0.00647,311313.0
2023-08-07 04:45:00,0.00648,0.0065,0.00648,0.00649,249083.0
2023-08-07 05:00:00,0.00649,0.00649,0.00648,0.00648,85061.0
2023-08-07 05:15:00,0.00648,0.0065,0.00648,0.00648,85754.0
2023-08-07 05:30:00,0.00648,0.00649,0.00648,0.00648,241767.0
2023-08-07 05:45:00,0.00648,0.00649,0.00648,0.00648,86090.0
2023-08-07 06:00:00,0.00648,0.00648,0.00645,0.00646,44462.0
2023-08-07 06:15:00,0.00646,0.00646,0.00644,0.00644,414873.0
2023-08-07 06:30:00,0.00644,0.00645,0.00642,0.00642,1382972.0
2023-08-07 06:45:00,0.00642,0.00643,0.0064,0.00641,585712.0
2023-08-07 07:00:00,0.0064,0.00644,0.0064,0.00644,636464.0
2023-08-07 07:15:00,0.00644,0.00646,0.00644,0.00644,996952.0
2023-08-07 07:30:00,0.00645,0.00649,0.00645,0.00649,1925181.0
2023-08-07 07:45:00,0.00649,0.00651,0.00647,0.00651,1625407.0
2023-08-07 08:00:00,0.0065,0.00651,0.00647,0.00649,588039.0
2023-08-07 08:15:00,0.00648,0.00648,0.00646,0.00646,929479.0
2023-08-07 08:30:00,0.00647,0.00649,0.00646,0.00648,1408386.0
2023-08-07 08:45:00,0.00648,0.00648,0.00646,0.00646,361955.0
2023-08-07 09:00:00,0.00645,0.00648,0.00644,0.00647,1486221.0
2023-08-07 09:15:00,0.00647,0.0065,0.00647,0.0065,452530.0
2023-08-07 09:30:00,0.0065,0.00652,0.0065,0.00651,552348.0
2023-08-07 09:45:00,0.00651,0.00651,0.00648,0.00649,1717061.0
2023-08-07 10:00:00,0.00648,0.00652,0.00648,0.00651,1529488.0
2023-08-07 10:15:00,0.00651,0.00655,0.00651,0.00654,1675238.0
2023-08-07 10:30:00,0.00654,0.00657,0.00653,0.00656,1054933.0
2023-08-07 10:45:00,0.00656,0.00658,0.00653,0.00656,1669600.0
2023-08-07 11:00:00,0.00656,0.00656,0.00655,0.00656,199196.0
2023-08-07 11:15:00,0.00655,0.0066,0.00654,0.00657,4630578.0
2023-08-07 11:30:00,0.00657,0.00664,0.00657,0.00658,4107990.0
2023-08-07 11:45:00,0.00657,0.0066,0.00655,0.00656,1995629.0
2023-08-07 12:00:00,0.00655,0.00655,0.00652,0.00653,1170923.0
2023-08-07 12:15:00,0.00653,0.00653,0.00651,0.00652,883413.0
2023-08-07 12:30:00,0.00653,0.00657,0.00652,0.00655,930061.0
2023-08-07 12:45:00,0.00655,0.00656,0.00655,0.00656,965723.0
2023-08-07 13:00:00,0.00654,0.00655,0.00653,0.00654,155610.0
2023-08-07 13:15:00,0.00654,0.00655,0.00652,0.00655,414430.0
2023-08-07 13:30:00,0.00655,0.00655,0.00651,0.00651,1238050.0
2023-08-07 13:45:00,0.00653,0.00653,0.00651,0.00651,793823.0
2023-08-07 14:00:00,0.0065,0.0065,0.00648,0.00649,1352269.0
2023-08-07 14:15:00,0.00648,0.00648,0.0064,0.00641,4299558.0
2023-08-07 14:30:00,0.00641,0.00647,0.0064,0.00643,4866009.0
2023-08-07 14:45:00,0.00644,0.00644,0.00642,0.00643,715400.0
2023-08-07 15:00:00,0.00643,0.00644,0.00641,0.00642,734685.0
2023-08-07 15:15:00,0.00641,0.00641,0.00635,0.00637,4255870.0
2023-08-07 15:30:00,0.00637,0.00638,0.00635,0.00637,1975954.0
2023-08-07 15:45:00,0.00637,0.00637,0.00633,0.00634,1393292.0
2023-08-07 16:00:00,0.00631,0.00638,0.0063,0.00632,2533033.0
2023-08-07 16:15:00,0.00631,0.00636,0.00624,0.00636,3113773.0
2023-08-07 16:30:00,0.00634,0.00635,0.00632,0.00633,607744.0
2023-08-07 16:45:00,0.00631,0.00635,0.00631,0.00634,158803.0
2023-08-07 17:00:00,0.00634,0.00638,0.00634,0.00638,889975.0
2023-08-07 17:15:00,0.00637,0.00639,0.00637,0.00637,2393996.0
2023-08-07 17:30:00,0.00636,0.00637,0.00633,0.00637,1068156.0
2023-08-07 17:45:00,0.00638,0.00639,0.00635,0.00639,410877.0
2023-08-07 18:00:00,0.0064,0.00645,0.00639,0.00644,802615.0
2023-08-07 18:15:00,0.00645,0.00646,0.00644,0.00644,611315.0
2023-08-07 18:30:00,0.00645,0.00647,0.00644,0.00645,503116.0
2023-08-07 18:45:00,0.00644,0.00644,0.00641,0.00641,46628.0
2023-08-07 19:00:00,0.00642,0.00644,0.00642,0.00644,17006.0
2023-08-07 19:15:00,0.00643,0.00644,0.00642,0.00642,249196.0
2023-08-07 19:30:00,0.00643,0.00646,0.00642,0.00645,1319743.0
2023-08-07 19:45:00,0.00644,0.00646,0.00644,0.00646,135857.0
2023-08-07 20:00:00,0.00647,0.00648,0.00647,0.00647,231352.0
2023-08-07 20:15:00,0.00645,0.00649,0.00645,0.00649,1295570.0
2023-08-07 20:30:00,0.00648,0.00649,0.00648,0.00648,1459946.0
2023-08-07 20:45:00,0.00649,0.00649,0.00649,0.00649,124203.0
2023-08-07 21:00:00,0.00649,0.00649,0.00649,0.00649,242482.0
2023-08-07 21:15:00,0.00649,0.00653,0.00648,0.00653,474940.0
2023-08-07 21:30:00,0.00654,0.00654,0.0065,0.00652,873326.0
2023-08-07 21:45:00,0.00652,0.00652,0.0065,0.00652,232103.0
2023-08-07 22:00:00,0.00651,0.00653,0.00651,0.00653,198758.0
2023-08-07 22:15:00,0.00653,0.00654,0.00652,0.00653,944845.0
2023-08-07 22:30:00,0.00654,0.00655,0.00654,0.00655,328205.0
2023-08-07 22:45:00,0.00654,0.00656,0.00654,0.00655,139869.0
2023-08-07 23:00:00,0.00656,0.00656,0.00653,0.00654,648963.0
2023-08-07 23:15:00,0.00655,0.00655,0.00655,0.00655,56455.0
2023-08-07 23:30:00,0.00654,0.00658,0.00654,0.00658,2080367.0
2023-08-07 23:45:00,0.00658,0.00659,0.00657,0.00658,1471053.0
2023-08-08 00:00:00,0.00658,0.00658,0.00655,0.00657,2715940.0
2023-08-08 00:15:00,0.00656,0.00656,0.00654,0.00655,862790.0
2023-08-08 00:30:00,0.00654,0.00654,0.00653,0.00653,341403.0
2023-08-08 00:45:00,0.00653,0.00655,0.00653,0.00655,204401.0
2023-08-08 01:00:00,0.00656,0.00657,0.00654,0.00654,622906.0
2023-08-08 01:15:00,0.00653,0.00653,0.00652,0.00652,607482.0
2023-08-08 01:30:00,0.00652,0.00652,0.0065,0.0065,366179.0
2023-08-08 01:45:00,0.0065,0.0065,0.00647,0.00648,552122.0
2023-08-08 02:00:00,0.00648,0.00649,0.00646,0.00648,608373.0
2023-08-08 02:15:00,0.00648,0.00648,0.00648,0.00648,71494.0
2023-08-08 02:30:00,0.00649,0.00652,0.00649,0.00652,198906.0
2023-08-08 02:45:00,0.00652,0.00652,0.0065,0.0065,250379.0
2023-08-08 03:00:00,0.00651,0.00651,0.0065,0.0065,36440.0
2023-08-08 03:15:00,0.0065,0.0065,0.00648,0.00648,233509.0
2023-08-08 03:30:00,0.0065,0.0065,0.0065,0.0065,47827.0
2023-08-08 03:45:00,0.00651,0.00651,0.0065,0.00651,896875.0
2023-08-08 04:00:00,0.00651,0.00651,0.00649,0.00649,57866.0
2023-08-08 04:15:00,0.0065,0.00652,0.0065,0.00652,381531.0
2023-08-08 04:30:00,0.00653,0.00655,0.00653,0.00653,666174.0
2023-08-08 04:45:00,0.00653,0.00655,0.00653,0.00655,355451.0
2023-08-08 05:00:00,0.00654,0.00654,0.00653,0.00653,218421.0
2023-08-08 05:15:00,0.00654,0.00654,0.00652,0.00653,252088.0
2023-08-08 05:30:00,0.00652,0.00655,0.00651,0.00654,650616.0
2023-08-08 05:45:00,0.00654,0.00655,0.00652,0.00652,1422625.0
2023-08-08 06:00:00,0.00652,0.00653,0.00651,0.00651,1003442.0
2023-08-08 06:15:00,0.00652,0.00652,0.00652,0.00652,403958.0
2023-08-08 06:30:00,0.00653,0.00654,0.00653,0.00654,326236.0
2023-08-08 06:45:00,0.00653,0.00653,0.00651,0.00651,667132.0
2023-08-08 07:00:00,0.00651,0.00651,0.0065,0.0065,338652.0
2023-08-08 07:15:00,0.00651,0.00651,0.0065,0.0065,245249.0
2023-08-08 07:30:00,0.00651,0.00653,0.00651,0.00652,890536.0
2023-08-08 07:45:00,0.00651,0.00651,0.00651,0.00651,2625.0
2023-08-08 08:00:00,0.00651,0.00651,0.0065,0.00651,260948.0
2023-08-08 08:15:00,0.0065,0.00652,0.0065,0.00651,327253.0
2023-08-08 08:30:00,0.00651,0.00654,0.0065,0.00654,837514.0
2023-08-08 08:45:00,0.00654,0.00655,0.00654,0.00654,743308.0
2023-08-08 09:00:00,0.00655,0.00657,0.00655,0.00656,266163.0
2023-08-08 09:15:00,0.00656,0.00656,0.00655,0.00656,901408.0
2023-08-08 09:30:00,0.00656,0.00656,0.00655,0.00655,67499.0
2023-08-08 09:45:00,0.00655,0.00656,0.00654,0.00654,305243.0
2023-08-08 10:00:00,0.00655,0.00656,0.00654,0.00655,128345.0
2023-08-08 10:15:00,0.00655,0.00657,0.00655,0.00657,387856.0
2023-08-08 10:30:00,0.00658,0.00659,0.00658,0.00659,390167.0
2023-08-08 10:45:00,0.0066,0.00663,0.0066,0.00662,599929.0
2023-08-08 11:00:00,0.00663,0.00663,0.00657,0.00657,591041.0
2023-08-08 11:15:00,0.00657,0.00658,0.00657,0.00658,263559.0
2023-08-08 11:30:00,0.00658,0.00659,0.00658,0.00659,107988.0
2023-08-08 11:45:00,0.00659,0.00662,0.00659,0.00662,433074.0
2023-08-08 12:00:00,0.00661,0.00661,0.00659,0.00659,9911.0
2023-08-08 12:15:00,0.0066,0.0066,0.00659,0.00659,25861.0
2023-08-08 12:30:00,0.00659,0.0066,0.00657,0.0066,984424.0
2023-08-08 12:45:00,0.0066,0.00665,0.0066,0.00663,1667592.0
2023-08-08 13:00:00,0.00662,0.00663,0.00661,0.00663,391815.0
2023-08-08 13:15:00,0.00663,0.00663,0.00659,0.0066,1110609.0
2023-08-08 13:30:00,0.00659,0.00659,0.00655,0.00656,1471786.0
2023-08-08 13:45:00,0.00656,0.00659,0.00656,0.00657,185510.0
2023-08-08 14:00:00,0.00657,0.00658,0.00656,0.00657,310645.0
2023-08-08 14:15:00,0.00657,0.00659,0.00657,0.00659,186567.0
2023-08-08 14:30:00,0.00659,0.0066,0.00659,0.0066,682854.0
2023-08-08 14:45:00,0.0066,0.0066,0.00658,0.00658,526194.0
2023-08-08 15:00:00,0.00658,0.00658,0.00656,0.00656,277127.0
2023-08-08 15:15:00,0.00657,0.00658,0.00655,0.00658,2097322.0
2023-08-08 15:30:00,0.00659,0.00662,0.00659,0.00662,968660.0
2023-08-08 15:45:00,0.00662,0.00664,0.00661,0.00661,492793.0
2023-08-08 16:00:00,0.00662,0.00666,0.00662,0.00666,1317391.0
2023-08-08 16:15:00,0.00665,0.00666,0.00662,0.00662,664625.0
2023-08-08 16:30:00,0.00664,0.00668,0.00664,0.00668,810783.0
2023-08-08 16:45:00,0.00668,0.0067,0.00667,0.00669,1929368.0
2023-08-08 17:00:00,0.00668,0.00669,0.00665,0.00667,1012516.0
2023-08-08 17:15:00,0.00667,0.00668,0.00666,0.00667,1857556.0
2023-08-08 17:30:00,0.00666,0.00667,0.00665,0.00667,1187227.0
2023-08-08 17:45:00,0.00667,0.00667,0.00664,0.00666,2480118.0
2023-08-08 18:00:00,0.00668,0.00669,0.00667,0.00669,762018.0
2023-08-08 18:15:00,0.00669,0.0067,0.00668,0.00669,836299.0
2023-08-08 18:30:00,0.00669,0.0067,0.00666,0.00666,695525.0
2023-08-08 18:45:00,0.00665,0.00665,0.00664,0.00664,845421.0
2023-08-08 19:00:00,0.00664,0.00666,0.00664,0.00666,1277102.0
2023-08-08 19:15:00,0.00667,0.00667,0.00663,0.00663,496600.0
2023-08-08 19:30:00,0.00663,0.00663,0.00661,0.00662,560652.0
2023-08-08 19:45:00,0.00663,0.00664,0.00662,0.00662,654071.0
2023-08-08 20:00:00,0.00661,0.00661,0.00661,0.00661,12834.0
2023-08-08 20:15:00,0.00662,0.00665,0.00662,0.00665,588739.0
2023-08-08 20:30:00,0.00664,0.00666,0.00664,0.00664,439892.0
2023-08-08 20:45:00,0.00665,0.00665,0.00664,0.00665,326424.0
2023-08-08 21:00:00,0.00665,0.00667,0.00665,0.00667,813311.0
2023-08-08 21:15:00,0.00667,0.0067,0.00667,0.00667,652517.0
2023-08-08 21:30:00,0.00665,0.00665,0.00663,0.00663,1600673.0
2023-08-08 21:45:00,0.00666,0.00666,0.00665,0.00666,6895.0
2023-08-08 22:00:00,0.00665,0.00665,0.00662,0.00663,1306303.0
2023-08-08 22:15:00,0.00663,0.00664,0.00662,0.00662,495438.0
2023-08-08 22:30:00,0.00663,0.00663,0.00661,0.00661,449957.0
2023-08-08 22:45:00,0.00662,0.00662,0.0066,0.0066,562968.0
2023-08-08 23:00:00,0.00661,0.00662,0.00661,0.00661,158664.0
2023-08-08 23:15:00,0.00661,0.00662,0.0066,0.00662,251118.0
2023-08-08 23:30:00,0.0066,0.00661,0.0066,0.0066,590136.0
2023-08-08 23:45:00,0.00661,0.00662,0.0066,0.00661,361306.0
2023-08-09 00:00:00,0.0066,0.00661,0.0066,0.00661,212919.0
2023-08-09 00:15:00,0.0066,0.0066,0.00658,0.00659,1877726.0
2023-08-09 00:30:00,0.00659,0.0066,0.00657,0.00657,684945.0
2023-08-09 00:45:00,0.00658,0.00659,0.00657,0.00657,3629582.0
2023-08-09 01:00:00,0.00657,0.00658,0.00656,0.00658,948090.0
2023-08-09 01:15:00,0.00659,0.00661,0.00659,0.00661,1543639.0
2023-08-09 01:30:00,0.0066,0.0066,0.00658,0.00658,305776.0
2023-08-09 01:45:00,0.00658,0.00658,0.00657,0.00657,265495.0
2023-08-09 02:00:00,0.00658,0.00662,0.00658,0.00661,3279051.0
2023-08-09 02:15:00,0.00661,0.00661,0.00658,0.00658,609902.0
2023-08-09 02:30:00,0.00657,0.00658,0.00655,0.00656,1273941.0
2023-08-09 02:45:00,0.00657,0.00657,0.00657,0.00657,112520.0
2023-08-09 03:00:00,0.00657,0.00658,0.00657,0.00658,240867.0
2023-08-09 03:15:00,0.00659,0.00663,0.00659,0.0066,2551962.0
2023-08-09 03:30:00,0.0066,0.0066,0.00659,0.00659,32020.0
2023-08-09 03:45:00,0.00661,0.00662,0.00661,0.00662,301507.0
2023-08-09 04:00:00,0.00662,0.00663,0.00661,0.00662,653789.0
2023-08-09 04:15:00,0.00663,0.00663,0.00662,0.00663,225206.0
2023-08-09 04:30:00,0.00664,0.00667,0.00663,0.00667,1128864.0
2023-08-09 04:45:00,0.00667,0.00668,0.00667,0.00667,323967.0
2023-08-09 05:00:00,0.00667,0.00667,0.00667,0.00667,0.0
2023-08-09 05:15:00,0.00666,0.00666,0.00665,0.00666,34078.0
2023-08-09 05:30:00,0.00665,0.00665,0.00661,0.00661,522841.0
2023-08-09 05:45:00,0.00661,0.00662,0.00661,0.00661,269949.0
2023-08-09 06:00:00,0.00662,0.00663,0.00661,0.00661,889662.0
2023-08-09 06:15:00,0.00661,0.00661,0.0066,0.0066,60985.0
2023-08-09 06:30:00,0.00659,0.0066,0.00659,0.0066,662805.0
2023-08-09 06:45:00,0.00661,0.00663,0.00661,0.00661,279271.0
2023-08-09 07:00:00,0.00662,0.00664,0.00662,0.00663,559667.0
2023-08-09 07:15:00,0.00664,0.00664,0.00663,0.00663,179209.0
2023-08-09 07:30:00,0.00663,0.00663,0.00662,0.00663,1167721.0
2023-08-09 07:45:00,0.00662,0.00662,0.00661,0.00661,286190.0
2023-08-09 08:00:00,0.00661,0.00661,0.0066,0.0066,626593.0
2023-08-09 08:15:00,0.00659,0.0066,0.00659,0.0066,99580.0
2023-08-09 08:30:00,0.00659,0.0066,0.00659,0.0066,225462.0
2023-08-09 08:45:00,0.0066,0.00663,0.0066,0.00662,484691.0
2023-08-09 09:00:00,0.00661,0.00662,0.0066,0.0066,300770.0
2023-08-09 09:15:00,0.0066,0.00663,0.0066,0.00662,2044760.0
2023-08-09 09:30:00,0.00663,0.00663,0.00656,0.00658,11891181.0
2023-08-09 09:45:00,0.00659,0.00659,0.00657,0.00657,1810763.0
2023-08-09 10:00:00,0.00656,0.00658,0.00656,0.00657,256017.0
2023-08-09 10:15:00,0.00658,0.00658,0.00656,0.00656,159063.0
2023-08-09 10:30:00,0.00657,0.00659,0.00656,0.00658,2484324.0
2023-08-09 10:45:00,0.00658,0.0066,0.00658,0.0066,484152.0
2023-08-09 11:00:00,0.0066,0.00661,0.00659,0.0066,761978.0
2023-08-09 11:15:00,0.0066,0.0066,0.00658,0.00658,275948.0
2023-08-09 11:30:00,0.00658,0.00658,0.00656,0.00657,1090571.0
2023-08-09 11:45:00,0.00657,0.0066,0.00657,0.0066,547572.0
2023-08-09 12:00:00,0.00659,0.0066,0.00659,0.0066,87263.0
2023-08-09 12:15:00,0.00659,0.00659,0.00657,0.00657,250713.0
2023-08-09 12:30:00,0.00658,0.00661,0.00658,0.00661,1605716.0
2023-08-09 12:45:00,0.00661,0.00664,0.0066,0.00662,4053877.0
2023-08-09 13:00:00,0.00662,0.00662,0.0066,0.00661,1150417.0
2023-08-09 13:15:00,0.00661,0.00662,0.0066,0.00661,365080.0
2023-08-09 13:30:00,0.0066,0.0066,0.00658,0.00659,546544.0
2023-08-09 13:45:00,0.00659,0.00659,0.00658,0.00658,315226.0
2023-08-09 14:00:00,0.00658,0.00658,0.00655,0.00656,900296.0
2023-08-09 14:15:00,0.00656,0.00658,0.00656,0.00658,232593.0
2023-08-09 14:30:00,0.00658,0.0066,0.00658,0.0066,1879110.0
2023-08-09 14:45:00,0.00659,0.0066,0.00655,0.00655,2330181.0
2023-08-09 15:00:00,0.00655,0.00656,0.00653,0.00654,2172021.0
2023-08-09 15:15:00,0.00655,0.00655,0.00655,0.00655,30581.0
2023-08-09 15:30:00,0.00654,0.00657,0.00653,0.00656,417138.0
2023-08-09 15:45:00,0.00655,0.00655,0.00655,0.00655,77275.0
2023-08-09 16:00:00,0.00655,0.00656,0.00654,0.00656,1764294.0
2023-08-09 16:15:00,0.00656,0.00656,0.00655,0.00656,116968.0
2023-08-09 16:30:00,0.00655,0.00655,0.00653,0.00653,1176292.0
2023-08-09 16:45:00,0.00653,0.00655,0.00653,0.00654,361206.0
2023-08-09 17:00:00,0.00653,0.00657,0.00652,0.00655,589523.0
2023-08-09 17:15:00,0.00656,0.00656,0.00653,0.00653,1024673.0
2023-08-09 17:30:00,0.00653,0.00654,0.00652,0.00652,1339635.0
2023-08-09 17:45:00,0.00652,0.00653,0.00652,0.00653,82231.0
2023-08-09 18:00:00,0.00652,0.00652,0.00652,0.00652,40251.0
2023-08-09 18:15:00,0.00653,0.00656,0.00653,0.00656,92120.0
2023-08-09 18:30:00,0.00656,0.00656,0.00655,0.00655,10638.0
2023-08-09 18:45:00,0.00655,0.00656,0.00655,0.00655,358073.0
2023-08-09 19:00:00,0.00655,0.00655,0.00655,0.00655,64206.0
2023-08-09 19:15:00,0.00654,0.00657,0.00654,0.00656,690770.0
2023-08-09 19:30:00,0.00656,0.00656,0.00655,0.00655,183069.0
2023-08-09 19:45:00,0.00654,0.00654,0.00653,0.00653,46947.0
2023-08-09 20:00:00,0.00654,0.00655,0.00654,0.00655,209723.0
2023-08-09 20:15:00,0.00655,0.00656,0.00655,0.00656,137272.0
2023-08-09 20:30:00,0.00656,0.00656,0.00656,0.00656,102354.0
2023-08-09 20:45:00,0.00657,0.00658,0.00657,0.00657,77544.0
2023-08-09 21:00:00,0.00658,0.00659,0.00652,0.00652,1244776.0
2023-08-09 21:15:00,0.00653,0.00654,0.00653,0.00654,490903.0
2023-08-09 21:30:00,0.00653,0.00657,0.00652,0.00652,1664754.0
2023-08-09 21:45:00,0.00653,0.00654,0.00652,0.00654,1676366.0
2023-08-09 22:00:00,0.00654,0.00655,0.00654,0.00654,334709.0
2023-08-09 22:15:00,0.00656,0.00657,0.00654,0.00654,347711.0
2023-08-09 22:30:00,0.00654,0.00655,0.00654,0.00654,10253.0
2023-08-09 22:45:00,0.00655,0.00658,0.00655,0.00658,129434.0
2023-08-09 23:00:00,0.00657,0.00658,0.00657,0.00658,17620.0
2023-08-09 23:15:00,0.00659,0.00659,0.00659,0.00659,92197.0
2023-08-09 23:30:00,0.00659,0.00659,0.00658,0.00659,918621.0
2023-08-09 23:45:00,0.00659,0.00659,0.00659,0.00659,492341.0
2023-08-10 00:00:00,0.0066,0.0066,0.00659,0.00659,111581.0
2023-08-10 00:15:00,0.00659,0.00659,0.00659,0.00659,0.0
2023-08-10 00:30:00,0.00658,0.00658,0.00658,0.00658,23276.0
2023-08-10 00:45:00,0.00657,0.00657,0.00655,0.00657,321015.0
2023-08-10 01:00:00,0.00658,0.00658,0.00656,0.00656,1501184.0
2023-08-10 01:15:00,0.00656,0.00657,0.00654,0.00657,2166053.0
2023-08-10 01:30:00,0.00657,0.00658,0.00656,0.00658,320056.0
2023-08-10 01:45:00,0.00658,0.00658,0.00657,0.00657,302180.0
2023-08-10 02:00:00,0.00657,0.00659,0.00657,0.00659,285508.0
2023-08-10 02:15:00,0.00658,0.00658,0.00657,0.00657,62232.0
2023-08-10 02:30:00,0.00657,0.00657,0.00657,0.00657,0.0
2023-08-10 02:45:00,0.00658,0.00658,0.00654,0.00654,697852.0
2023-08-10 03:00:00,0.00654,0.00654,0.00654,0.00654,180885.0
2023-08-10 03:15:00,0.00655,0.00655,0.00655,0.00655,60844.0
2023-08-10 03:30:00,0.00655,0.00655,0.00655,0.00655,0.0
2023-08-10 03:45:00,0.00654,0.00654,0.00654,0.00654,26686.0
2023-08-10 04:00:00,0.00654,0.00654,0.00654,0.00654,0.0
2023-08-10 04:15:00,0.00652,0.00654,0.00652,0.00653,524154.0
2023-08-10 04:30:00,0.00653,0.00654,0.00653,0.00654,211882.0
2023-08-10 04:45:00,0.00654,0.00654,0.00654,0.00654,300151.0
2023-08-10 05:00:00,0.00653,0.00653,0.00653,0.00653,111347.0
2023-08-10 05:15:00,0.00652,0.00652,0.00652,0.00652,161894.0
2023-08-10 05:30:00,0.00652,0.00652,0.00652,0.00652,756166.0
2023-08-10 05:45:00,0.00651,0.00654,0.00651,0.00654,321267.0
2023-08-10 06:00:00,0.00654,0.00655,0.00653,0.00653,1641461.0
2023-08-10 06:15:00,0.00653,0.00653,0.00652,0.00653,277917.0
2023-08-10 06:30:00,0.00652,0.00652,0.00651,0.00651,651384.0
2023-08-10 06:45:00,0.0065,0.0065,0.0065,0.0065,5955.0
2023-08-10 07:00:00,0.00651,0.00652,0.00651,0.00651,314376.0
2023-08-10 07:15:00,0.00651,0.00651,0.00651,0.00651,68692.0
2023-08-10 07:30:00,0.00652,0.00652,0.00651,0.00652,435979.0
2023-08-10 07:45:00,0.00651,0.00651,0.00651,0.00651,321093.0
2023-08-10 08:00:00,0.00652,0.00658,0.00652,0.00654,2515090.0
2023-08-10 08:15:00,0.00654,0.00654,0.00652,0.00654,96576.0
2023-08-10 08:30:00,0.00652,0.00652,0.00652,0.00652,128891.0
2023-08-10 08:45:00,0.00651,0.00653,0.00651,0.00653,189044.0
2023-08-10 09:00:00,0.00652,0.00653,0.0065,0.00652,547287.0
2023-08-10 09:15:00,0.00652,0.00652,0.0065,0.0065,242000.0
2023-08-10 09:30:00,0.0065,0.00651,0.00649,0.00651,2400222.0
2023-08-10 09:45:00,0.00652,0.00653,0.00652,0.00653,41388.0
2023-08-10 10:00:00,0.00653,0.00653,0.00651,0.00652,259514.0
2023-08-10 10:15:00,0.00651,0.00651,0.00651,0.00651,41260.0
2023-08-10 10:30:00,0.00651,0.00653,0.00651,0.00653,83242.0
2023-08-10 10:45:00,0.00653,0.00653,0.00653,0.00653,23901.0
2023-08-10 11:00:00,0.00653,0.00655,0.00652,0.00653,811392.0
2023-08-10 11:15:00,0.00652,0.00653,0.00652,0.00653,697082.0
2023-08-10 11:30:00,0.00652,0.00652,0.00649,0.00649,1011638.0
2023-08-10 11:45:00,0.0065,0.00651,0.00647,0.00648,2755569.0
2023-08-10 12:00:00,0.00648,0.00649,0.00647,0.00648,1567959.0
2023-08-10 12:15:00,0.00648,0.0065,0.00648,0.0065,391595.0
2023-08-10 12:30:00,0.0065,0.00653,0.00649,0.00651,1443474.0
2023-08-10 12:45:00,0.00653,0.00654,0.00653,0.00653,225585.0
2023-08-10 13:00:00,0.00653,0.00653,0.00651,0.00651,441232.0
2023-08-10 13:15:00,0.00651,0.00651,0.00651,0.00651,585461.0
2023-08-10 13:30:00,0.00651,0.00653,0.00651,0.00653,594206.0
2023-08-10 13:45:00,0.00653,0.00655,0.00653,0.00654,548284.0
2023-08-10 14:00:00,0.00654,0.00655,0.00651,0.00652,324827.0
2023-08-10 14:15:00,0.00651,0.00651,0.00648,0.00649,1142612.0
2023-08-10 14:30:00,0.0065,0.0065,0.00648,0.00648,519511.0
2023-08-10 14:45:00,0.00648,0.00653,0.00647,0.0065,4680388.0
2023-08-10 15:00:00,0.0065,0.00651,0.00649,0.0065,161570.0
2023-08-10 15:15:00,0.0065,0.0065,0.00649,0.00649,138613.0
2023-08-10 15:30:00,0.0065,0.0065,0.00647,0.00647,3128121.0
2023-08-10 15:45:00,0.00648,0.00648,0.00647,0.00648,393101.0
2023-08-10 16:00:00,0.00648,0.00648,0.00646,0.00647,1274291.0
2023-08-10 16:15:00,0.00646,0.00646,0.00644,0.00645,703182.0
2023-08-10 16:30:00,0.00645,0.00646,0.00645,0.00646,246487.0
2023-08-10 16:45:00,0.00647,0.00647,0.00645,0.00645,574508.0
2023-08-10 17:00:00,0.00645,0.00645,0.00643,0.00643,114520.0
2023-08-10 17:15:00,0.00643,0.00643,0.00642,0.00642,418965.0
2023-08-10 17:30:00,0.00641,0.00643,0.00641,0.00642,891308.0
2023-08-10 17:45:00,0.00642,0.00643,0.00642,0.00642,257495.0
2023-08-10 18:00:00,0.00642,0.00642,0.00642,0.00642,104233.0
2023-08-10 18:15:00,0.00642,0.00642,0.00642,0.00642,0.0
2023-08-10 18:30:00,0.00641,0.00642,0.00641,0.00641,64440.0
2023-08-10 18:45:00,0.00642,0.00642,0.00642,0.00642,6001.0
2023-08-10 19:00:00,0.00642,0.00643,0.00642,0.00643,67245.0
2023-08-10 19:15:00,0.00642,0.00642,0.00642,0.00642,186361.0
2023-08-10 19:30:00,0.00641,0.00641,0.00641,0.00641,1202653.0
2023-08-10 19:45:00,0.00642,0.00642,0.00642,0.00642,276828.0
2023-08-10 20:00:00,0.00643,0.00643,0.00643,0.00643,217397.0
2023-08-10 20:15:00,0.00643,0.00645,0.00643,0.00645,194025.0
2023-08-10 20:30:00,0.00644,0.00644,0.00644,0.00644,35006.0
2023-08-10 20:45:00,0.00642,0.00642,0.00642,0.00642,68294.0
2023-08-10 21:00:00,0.00642,0.00642,0.00642,0.00642,149550.0
2023-08-10 21:15:00,0.00643,0.00643,0.00642,0.00642,566190.0
2023-08-10 21:30:00,0.00643,0.00643,0.00643,0.00643,252557.0
2023-08-10 21:45:00,0.00644,0.00645,0.00643,0.00643,477059.0
2023-08-10 22:00:00,0.00643,0.00644,0.00643,0.00643,130632.0
2023-08-10 22:15:00,0.00644,0.00645,0.00644,0.00645,229121.0
2023-08-10 22:30:00,0.00643,0.00643,0.00643,0.00643,4312.0
2023-08-10 22:45:00,0.00642,0.00642,0.00642,0.00642,360084.0
2023-08-10 23:00:00,0.00643,0.00648,0.00643,0.00644,15652592.0
2023-08-10 23:15:00,0.00646,0.00646,0.00644,0.00645,383494.0
2023-08-10 23:30:00,0.00644,0.00644,0.00644,0.00644,13482.0
2023-08-10 23:45:00,0.00645,0.00646,0.00644,0.00645,293800.0
2023-08-11 00:00:00,0.00645,0.00646,0.00645,0.00645,125783.0
2023-08-11 00:15:00,0.00645,0.00646,0.00645,0.00646,32438.0
2023-08-11 00:30:00,0.00646,0.00646,0.00645,0.00646,592824.0
2023-08-11 00:45:00,0.00647,0.00649,0.00647,0.00648,981486.0
2023-08-11 01:00:00,0.00648,0.00648,0.00646,0.00646,255165.0
2023-08-11 01:15:00,0.00647,0.00647,0.00647,0.00647,152727.0
2023-08-11 01:30:00,0.00647,0.00647,0.00647,0.00647,5566.0
2023-08-11 01:45:00,0.00646,0.00647,0.00646,0.00647,85604.0
2023-08-11 02:00:00,0.00647,0.0065,0.00647,0.00647,412051.0
2023-08-11 02:15:00,0.00648,0.00648,0.00647,0.00648,80912.0
2023-08-11 02:30:00,0.00648,0.00648,0.00648,0.00648,57517.0
2023-08-11 02:45:00,0.00647,0.00647,0.00644,0.00645,297152.0
2023-08-11 03:00:00,0.00645,0.00646,0.00645,0.00646,126563.0
2023-08-11 03:15:00,0.00646,0.00647,0.00646,0.00647,54118.0
2023-08-11 03:30:00,0.00648,0.00649,0.00648,0.00648,593335.0
2023-08-11 03:45:00,0.00648,0.00648,0.00648,0.00648,0.0
2023-08-11 04:00:00,0.00649,0.00651,0.00649,0.0065,1000849.0
2023-08-11 04:15:00,0.00651,0.00652,0.0065,0.00651,290490.0
2023-08-11 04:30:00,0.00652,0.00654,0.00652,0.00652,560601.0
2023-08-11 04:45:00,0.00652,0.00652,0.00652,0.00652,86619.0
2023-08-11 05:00:00,0.00651,0.00651,0.00649,0.00649,417508.0
2023-08-11 05:15:00,0.00651,0.00653,0.0065,0.0065,1318277.0
2023-08-11 05:30:00,0.00652,0.00652,0.00652,0.00652,2702.0
2023-08-11 05:45:00,0.00651,0.00651,0.00651,0.00651,32041.0
2023-08-11 06:00:00,0.00653,0.00654,0.00653,0.00654,776968.0
2023-08-11 06:15:00,0.00653,0.00654,0.00653,0.00654,267005.0
2023-08-11 06:30:00,0.00654,0.00654,0.00654,0.00654,268547.0
2023-08-11 06:45:00,0.00654,0.00654,0.00653,0.00654,232639.0
2023-08-11 07:00:00,0.00654,0.00654,0.00652,0.00652,364227.0
2023-08-11 07:15:00,0.00652,0.00654,0.00652,0.00652,306515.0
2023-08-11 07:30:00,0.00653,0.00658,0.00653,0.00657,4026951.0
2023-08-11 07:45:00,0.00656,0.00669,0.00656,0.00669,13603071.0
2023-08-11 08:00:00,0.0067,0.00673,0.00661,0.0067,21660833.0
2023-08-11 08:15:00,0.0067,0.00675,0.00667,0.00673,12767045.0
2023-08-11 08:30:00,0.00672,0.00674,0.0067,0.00672,5205669.0
2023-08-11 08:45:00,0.00672,0.00675,0.0067,0.00671,3565037.0
2023-08-11 09:00:00,0.00669,0.00676,0.00668,0.00675,4077900.0
2023-08-11 09:15:00,0.00674,0.00676,0.00673,0.00675,2656782.0
2023-08-11 09:30:00,0.00674,0.00681,0.00674,0.00674,10801842.0
2023-08-11 09:45:00,0.00674,0.00675,0.00671,0.00673,2273224.0
2023-08-11 10:00:00,0.00672,0.00677,0.00672,0.00676,2048450.0
2023-08-11 10:15:00,0.00677,0.00683,0.00677,0.0068,6244211.0
2023-08-11 10:30:00,0.0068,0.00682,0.00678,0.00679,2400368.0
2023-08-11 10:45:00,0.00678,0.00678,0.00674,0.00676,1874440.0
2023-08-11 11:00:00,0.00677,0.00678,0.00675,0.00675,1268808.0
2023-08-11 11:15:00,0.00675,0.00678,0.00675,0.00678,817329.0
2023-08-11 11:30:00,0.00678,0.00679,0.00667,0.00673,19286564.0
2023-08-11 11:45:00,0.00672,0.00674,0.0067,0.00671,3691733.0
2023-08-11 12:00:00,0.00672,0.00672,0.0067,0.00671,531076.0
2023-08-11 12:15:00,0.00672,0.00672,0.0067,0.0067,880185.0
2023-08-11 12:30:00,0.0067,0.0067,0.00666,0.00668,4875905.0
2023-08-11 12:45:00,0.00668,0.00668,0.00666,0.00666,1613401.0
2023-08-11 13:00:00,0.00666,0.00666,0.00663,0.00666,5362663.0
2023-08-11 13:15:00,0.00666,0.00666,0.00665,0.00665,465889.0
2023-08-11 13:30:00,0.00665,0.00667,0.00665,0.00667,533437.0
2023-08-11 13:45:00,0.00667,0.00669,0.00667,0.00669,493517.0
2023-08-11 14:00:00,0.0067,0.00672,0.0067,0.00671,1680774.0
2023-08-11 14:15:00,0.00671,0.00677,0.0067,0.00674,4327584.0
2023-08-11 14:30:00,0.00674,0.0068,0.00674,0.00678,7382277.0
2023-08-11 14:45:00,0.00678,0.00679,0.00676,0.00676,820851.0
2023-08-11 15:00:00,0.00677,0.00678,0.00672,0.00674,3630121.0
2023-08-11 15:15:00,0.00672,0.00672,0.00671,0.00672,1175662.0
2023-08-11 15:30:00,0.00673,0.00674,0.00671,0.00673,652337.0
2023-08-11 15:45:00,0.00672,0.00672,0.00669,0.0067,1436868.0
2023-08-11 16:00:00,0.0067,0.00672,0.00669,0.00672,624870.0
2023-08-11 16:15:00,0.00671,0.00672,0.0067,0.0067,430536.0
2023-08-11 16:30:00,0.00671,0.00671,0.00667,0.00669,1906270.0
2023-08-11 16:45:00,0.0067,0.0067,0.00669,0.0067,349798.0
2023-08-11 17:00:00,0.0067,0.00671,0.00669,0.00671,843074.0
2023-08-11 17:15:00,0.00671,0.00674,0.00671,0.00674,445159.0
2023-08-11 17:30:00,0.00674,0.00675,0.00672,0.00673,1382935.0
2023-08-11 17:45:00,0.00673,0.00673,0.00671,0.00673,1553735.0
2023-08-11 18:00:00,0.00671,0.00675,0.00671,0.00673,1629409.0
2023-08-11 18:15:00,0.00673,0.00673,0.00671,0.00672,282752.0
2023-08-11 18:30:00,0.00671,0.00671,0.0067,0.00671,170226.0
2023-08-11 18:45:00,0.00671,0.00671,0.0067,0.0067,522161.0
2023-08-11 19:00:00,0.0067,0.0067,0.0067,0.0067,592794.0
2023-08-11 19:15:00,0.0067,0.00671,0.0067,0.00671,123727.0
2023-08-11 19:30:00,0.00671,0.00672,0.0067,0.00671,280224.0
2023-08-11 19:45:00,0.00671,0.00671,0.0067,0.00671,361999.0
2023-08-11 20:00:00,0.00672,0.00674,0.00672,0.00674,281530.0
2023-08-11 20:15:00,0.00674,0.00675,0.00673,0.00674,514532.0
2023-08-11 20:30:00,0.00674,0.00674,0.00674,0.00674,1148903.0
2023-08-11 20:45:00,0.00675,0.00677,0.00675,0.00675,1564290.0
2023-08-11 21:00:00,0.00676,0.00676,0.00674,0.00676,1290222.0
2023-08-11 21:15:00,0.00676,0.00678,0.00675,0.00678,1055813.0
2023-08-11 21:30:00,0.00678,0.0068,0.00676,0.0068,2643868.0
2023-08-11 21:45:00,0.0068,0.0068,0.00678,0.00679,297857.0
2023-08-11 22:00:00,0.00679,0.00681,0.00678,0.0068,1811086.0
2023-08-11 22:15:00,0.00679,0.00682,0.00677,0.00682,4681608.0
2023-08-11 22:30:00,0.00682,0.00682,0.00678,0.00678,1794793.0
2023-08-11 22:45:00,0.00678,0.0068,0.00677,0.00679,680748.0
2023-08-11 23:00:00,0.00679,0.00681,0.00678,0.00679,1070446.0
2023-08-11 23:15:00,0.0068,0.0068,0.00679,0.0068,300588.0
2023-08-11 23:30:00,0.0068,0.0068,0.00679,0.0068,644244.0
2023-08-11 23:45:00,0.0068,0.00682,0.0068,0.0068,1158607.0
2023-08-12 00:00:00,0.0068,0.00681,0.00677,0.00678,995659.0
2023-08-12 00:15:00,0.00678,0.00679,0.00677,0.00679,969501.0
2023-08-12 00:30:00,0.0068,0.00681,0.00679,0.00681,859208.0
2023-08-12 00:45:00,0.00681,0.00682,0.00679,0.00681,1340811.0
2023-08-12 01:00:00,0.0068,0.0068,0.00677,0.00677,782506.0
2023-08-12 01:15:00,0.00678,0.00679,0.00675,0.00675,3187252.0
2023-08-12 01:30:00,0.00675,0.00676,0.00675,0.00676,864243.0
2023-08-12 01:45:00,0.00676,0.00676,0.00675,0.00675,906209.0
2023-08-12 02:00:00,0.00676,0.00676,0.00674,0.00676,306955.0
2023-08-12 02:15:00,0.00676,0.00677,0.00676,0.00677,268690.0
2023-08-12 02:30:00,0.00676,0.00676,0.00675,0.00675,464246.0
2023-08-12 02:45:00,0.00675,0.00675,0.00674,0.00675,173461.0
2023-08-12 03:00:00,0.00675,0.00675,0.00674,0.00674,95329.0
2023-08-12 03:15:00,0.00674,0.00675,0.00674,0.00674,2438821.0
2023-08-12 03:30:00,0.00674,0.00674,0.00671,0.00671,1579098.0
2023-08-12 03:45:00,0.00672,0.00673,0.00672,0.00673,209494.0
2023-08-12 04:00:00,0.00673,0.00673,0.0067,0.0067,6014329.0
2023-08-12 04:15:00,0.0067,0.0067,0.0067,0.0067,67698.0
2023-08-12 04:30:00,0.0067,0.0067,0.00669,0.00669,989632.0
2023-08-12 04:45:00,0.0067,0.00671,0.0067,0.0067,89375.0
2023-08-12 05:00:00,0.00671,0.00672,0.00671,0.00671,382532.0
2023-08-12 05:15:00,0.0067,0.00671,0.0067,0.00671,171483.0
2023-08-12 05:30:00,0.00671,0.00671,0.0067,0.00671,260500.0
2023-08-12 05:45:00,0.00671,0.00671,0.00671,0.00671,89914.0
2023-08-12 06:00:00,0.00671,0.00671,0.00669,0.0067,962907.0
2023-08-12 06:15:00,0.0067,0.00671,0.00668,0.00669,1496431.0
2023-08-12 06:30:00,0.00669,0.00669,0.00667,0.00667,929126.0
2023-08-12 06:45:00,0.00667,0.0067,0.00667,0.0067,740361.0
2023-08-12 07:00:00,0.00669,0.0067,0.00668,0.00669,359387.0
2023-08-12 07:15:00,0.00669,0.00669,0.00668,0.00669,400713.0
2023-08-12 07:30:00,0.00668,0.0067,0.00668,0.0067,847226.0
2023-08-12 07:45:00,0.0067,0.00671,0.00669,0.00669,769517.0
2023-08-12 08:00:00,0.00669,0.00671,0.00669,0.00671,374883.0
2023-08-12 08:15:00,0.00669,0.00672,0.00669,0.00672,3282129.0
2023-08-12 08:30:00,0.00671,0.00671,0.0067,0.0067,1249811.0
2023-08-12 08:45:00,0.0067,0.0067,0.00669,0.0067,537457.0
2023-08-12 09:00:00,0.0067,0.00673,0.0067,0.00673,1563682.0
2023-08-12 09:15:00,0.00674,0.00675,0.00674,0.00675,1615260.0
2023-08-12 09:30:00,0.00675,0.00676,0.00674,0.00674,1231819.0
2023-08-12 09:45:00,0.00674,0.00675,0.00674,0.00675,454765.0
2023-08-12 10:00:00,0.00675,0.00676,0.00674,0.00674,1413567.0
2023-08-12 10:15:00,0.00674,0.00675,0.00673,0.00675,877355.0
2023-08-12 10:30:00,0.00675,0.00675,0.00674,0.00674,55315.0
2023-08-12 10:45:00,0.00674,0.00674,0.00673,0.00673,1437564.0
2023-08-12 11:00:00,0.00674,0.00675,0.00674,0.00675,55443.0
2023-08-12 11:15:00,0.00674,0.00674,0.00674,0.00674,514918.0
2023-08-12 11:30:00,0.00673,0.00674,0.00673,0.00674,94738.0
2023-08-12 11:45:00,0.00675,0.00676,0.00675,0.00675,357447.0
2023-08-12 12:00:00,0.00676,0.00677,0.00675,0.00676,652343.0
2023-08-12 12:15:00,0.00675,0.00675,0.00675,0.00675,101658.0
2023-08-12 12:30:00,0.00676,0.00676,0.00675,0.00675,16239.0
2023-08-12 12:45:00,0.00675,0.00677,0.00673,0.00675,7244961.0
2023-08-12 13:00:00,0.00675,0.00675,0.00674,0.00674,894286.0
2023-08-12 13:15:00,0.00674,0.00674,0.00674,0.00674,8139.0
2023-08-12 13:30:00,0.00673,0.00673,0.00672,0.00672,1383587.0
2023-08-12 13:45:00,0.00671,0.00672,0.00669,0.00671,2869344.0
2023-08-12 14:00:00,0.00671,0.00671,0.0067,0.00671,2038778.0
2023-08-12 14:15:00,0.0067,0.00673,0.0067,0.00672,1104098.0
2023-08-12 14:30:00,0.00672,0.00672,0.00672,0.00672,35264.0
2023-08-12 14:45:00,0.00673,0.00673,0.00673,0.00673,155037.0
2023-08-12 15:00:00,0.00674,0.00674,0.00673,0.00674,522714.0
2023-08-12 15:15:00,0.00674,0.00674,0.00672,0.00672,17644.0
2023-08-12 15:30:00,0.00673,0.00673,0.00672,0.00672,39630.0
2023-08-12 15:45:00,0.00673,0.00673,0.00671,0.00671,78416.0
2023-08-12 16:00:00,0.00672,0.00675,0.00672,0.00675,717871.0
2023-08-12 16:15:00,0.00674,0.00674,0.00673,0.00674,1198130.0
2023-08-12 16:30:00,0.00672,0.00673,0.00672,0.00673,696011.0
2023-08-12 16:45:00,0.00674,0.00674,0.00673,0.00674,45377.0
2023-08-12 17:00:00,0.00674,0.00674,0.00674,0.00674,0.0
2023-08-12 17:15:00,0.00673,0.00674,0.00672,0.00673,295214.0
2023-08-12 17:30:00,0.00672,0.00672,0.00671,0.00672,310421.0
2023-08-12 17:45:00,0.00672,0.00672,0.00672,0.00672,0.0
2023-08-12 18:00:00,0.00672,0.00672,0.00671,0.00671,385887.0
2023-08-12 18:15:00,0.00672,0.00672,0.00671,0.00671,62155.0
2023-08-12 18:30:00,0.00671,0.00672,0.00671,0.00672,46772.0
2023-08-12 18:45:00,0.00672,0.00672,0.00672,0.00672,76303.0
2023-08-12 19:00:00,0.00672,0.00672,0.00672,0.00672,22673.0
2023-08-12 19:15:00,0.00671,0.00671,0.0067,0.00671,168528.0
2023-08-12 19:30:00,0.0067,0.0067,0.0067,0.0067,152755.0
2023-08-12 19:45:00,0.00669,0.00669,0.00669,0.00669,279098.0
2023-08-12 20:00:00,0.0067,0.00671,0.0067,0.0067,88101.0
2023-08-12 20:15:00,0.00671,0.00671,0.00668,0.00669,1874190.0
2023-08-12 20:30:00,0.00669,0.00669,0.00668,0.00668,195048.0
2023-08-12 20:45:00,0.00668,0.00668,0.00668,0.00668,447823.0
2023-08-12 21:00:00,0.00668,0.00671,0.00668,0.0067,1378404.0
2023-08-12 21:15:00,0.0067,0.0067,0.00669,0.00669,14636.0
2023-08-12 21:30:00,0.00669,0.00672,0.00669,0.00671,767701.0
2023-08-12 21:45:00,0.00671,0.00671,0.00671,0.00671,13034.0
2023-08-12 22:00:00,0.00671,0.00675,0.00671,0.00674,508729.0
2023-08-12 22:15:00,0.00674,0.00674,0.00674,0.00674,32781.0
2023-08-12 22:30:00,0.00675,0.00675,0.00673,0.00673,114699.0
2023-08-12 22:45:00,0.00673,0.00674,0.00672,0.00672,654116.0
2023-08-12 23:00:00,0.00672,0.00672,0.00672,0.00672,0.0
2023-08-12 23:15:00,0.00673,0.00676,0.00673,0.00674,293753.0
2023-08-12 23:30:00,0.00672,0.00672,0.00672,0.00672,62242.0
2023-08-12 23:45:00,0.00671,0.00673,0.00671,0.00673,773141.0
2023-08-13 00:00:00,0.00673,0.00673,0.00671,0.00671,99152.0
2023-08-13 00:15:00,0.00671,0.00671,0.0067,0.0067,430860.0
2023-08-13 00:30:00,0.0067,0.00672,0.0067,0.00672,164024.0
2023-08-13 00:45:00,0.00673,0.00675,0.00672,0.00675,642959.0
2023-08-13 01:00:00,0.00674,0.00675,0.00674,0.00675,12386.0
2023-08-13 01:15:00,0.00675,0.00675,0.0067,0.00671,1353150.0
2023-08-13 01:30:00,0.00671,0.00674,0.00671,0.00674,495025.0
2023-08-13 01:45:00,0.00675,0.00677,0.00675,0.00677,774519.0
2023-08-13 02:00:00,0.00677,0.00679,0.00677,0.00679,1676160.0
2023-08-13 02:15:00,0.00679,0.00683,0.00678,0.00682,2822222.0
2023-08-13 02:30:00,0.00682,0.00685,0.00681,0.00682,3595680.0
2023-08-13 02:45:00,0.00682,0.00682,0.0068,0.00682,1461923.0
2023-08-13 03:00:00,0.00682,0.00683,0.00681,0.00681,1376490.0
2023-08-13 03:15:00,0.00681,0.00681,0.00681,0.00681,101392.0
2023-08-13 03:30:00,0.00681,0.00681,0.0068,0.0068,538267.0
2023-08-13 03:45:00,0.00681,0.00682,0.0068,0.0068,294034.0
2023-08-13 04:00:00,0.0068,0.0068,0.00679,0.00679,726582.0
2023-08-13 04:15:00,0.00679,0.00679,0.00679,0.00679,139006.0
2023-08-13 04:30:00,0.0068,0.00683,0.0068,0.00683,403204.0
2023-08-13 04:45:00,0.00682,0.00686,0.00682,0.00685,1275266.0
2023-08-13 05:00:00,0.00685,0.0069,0.00685,0.00687,5855264.0
2023-08-13 05:15:00,0.00686,0.00686,0.00684,0.00684,523949.0
2023-08-13 05:30:00,0.00685,0.00685,0.00683,0.00684,800258.0
2023-08-13 05:45:00,0.00684,0.00684,0.00683,0.00683,80765.0
2023-08-13 06:00:00,0.00684,0.00685,0.00682,0.00682,2272862.0
2023-08-13 06:15:00,0.00682,0.00683,0.00682,0.00682,569331.0
2023-08-13 06:30:00,0.00684,0.00684,0.00683,0.00683,124838.0
2023-08-13 06:45:00,0.00685,0.00685,0.00684,0.00685,334747.0
2023-08-13 07:00:00,0.00686,0.00686,0.00683,0.00684,5794357.0
2023-08-13 07:15:00,0.00684,0.00684,0.00683,0.00684,1864386.0
2023-08-13 07:30:00,0.00683,0.00685,0.00683,0.00685,1602739.0
2023-08-13 07:45:00,0.00686,0.00686,0.00684,0.00685,155723.0
2023-08-13 08:00:00,0.00684,0.00686,0.00684,0.00685,272208.0
2023-08-13 08:15:00,0.00684,0.00685,0.00683,0.00685,122348.0
2023-08-13 08:30:00,0.00685,0.00692,0.00685,0.00692,1809259.0
2023-08-13 08:45:00,0.00691,0.00694,0.00689,0.0069,2671593.0
2023-08-13 09:00:00,0.00689,0.00689,0.00688,0.00689,620351.0
2023-08-13 09:15:00,0.00688,0.00688,0.00686,0.00686,544887.0
2023-08-13 09:30:00,0.00686,0.00688,0.00686,0.00687,132661.0
2023-08-13 09:45:00,0.00688,0.00689,0.00687,0.00687,238757.0
2023-08-13 10:00:00,0.00688,0.00689,0.00688,0.00688,689818.0
2023-08-13 10:15:00,0.00688,0.00689,0.00688,0.00689,503707.0
2023-08-13 10:30:00,0.0069,0.0069,0.00689,0.00689,125048.0
2023-08-13 10:45:00,0.00688,0.00689,0.00687,0.00689,226905.0
2023-08-13 11:00:00,0.00688,0.0069,0.00688,0.0069,364806.0
2023-08-13 11:15:00,0.00689,0.00689,0.00688,0.00688,78268.0
2023-08-13 11:30:00,0.00688,0.00688,0.00684,0.00684,5639672.0
2023-08-13 11:45:00,0.00683,0.00684,0.00682,0.00682,1733350.0
2023-08-13 12:00:00,0.00683,0.00685,0.00683,0.00685,876914.0
2023-08-13 12:15:00,0.00685,0.00686,0.00685,0.00685,169908.0
2023-08-13 12:30:00,0.00685,0.00688,0.00684,0.00688,211494.0
2023-08-13 12:45:00,0.00688,0.00688,0.00687,0.00688,260093.0
2023-08-13 13:00:00,0.00688,0.00698,0.00688,0.00698,11898035.0
2023-08-13 13:15:00,0.00697,0.007,0.00696,0.007,9571938.0
2023-08-13 13:30:00,0.00699,0.00701,0.00697,0.00701,6133729.0
2023-08-13 13:45:00,0.00701,0.00705,0.00698,0.00703,10733475.0
2023-08-13 14:00:00,0.00703,0.00704,0.007,0.00703,3719733.0
2023-08-13 14:15:00,0.00704,0.00705,0.00701,0.00703,2115011.0
2023-08-13 14:30:00,0.00704,0.00704,0.00697,0.00697,3615838.0
2023-08-13 14:45:00,0.00697,0.00701,0.00697,0.007,4658886.0
2023-08-13 15:00:00,0.007,0.007,0.00696,0.00696,1999126.0
2023-08-13 15:15:00,0.00695,0.00695,0.00692,0.00692,1436663.0
2023-08-13 15:30:00,0.00692,0.00699,0.00692,0.00699,1933648.0
2023-08-13 15:45:00,0.00699,0.00699,0.00697,0.00698,932989.0
2023-08-13 16:00:00,0.00699,0.00707,0.00697,0.00703,12344182.0
2023-08-13 16:15:00,0.00702,0.00707,0.00699,0.00701,9513549.0
2023-08-13 16:30:00,0.00701,0.00709,0.007,0.00705,14287426.0
2023-08-13 16:45:00,0.00705,0.00705,0.00699,0.007,2469387.0
2023-08-13 17:00:00,0.007,0.007,0.00697,0.00699,4209343.0
2023-08-13 17:15:00,0.00699,0.00711,0.00699,0.00711,7643522.0
2023-08-13 17:30:00,0.00711,0.00715,0.00708,0.00713,8653974.0
2023-08-13 17:45:00,0.00713,0.00715,0.00709,0.00709,4022458.0
2023-08-13 18:00:00,0.0071,0.00712,0.00709,0.00709,2826094.0
2023-08-13 18:15:00,0.00711,0.00723,0.00711,0.00718,8039410.0
2023-08-13 18:30:00,0.00719,0.00723,0.00717,0.00723,3973939.0
2023-08-13 18:45:00,0.00723,0.00723,0.00716,0.00717,3375384.0
2023-08-13 19:00:00,0.00717,0.00719,0.00715,0.00717,2365932.0
2023-08-13 19:15:00,0.00717,0.00726,0.00717,0.00723,5335622.0
2023-08-13 19:30:00,0.00723,0.00724,0.00721,0.00721,510043.0
2023-08-13 19:45:00,0.00722,0.00723,0.00718,0.00718,360156.0
2023-08-13 20:00:00,0.00718,0.00723,0.00714,0.00714,6422281.0
2023-08-13 20:15:00,0.00715,0.00717,0.00713,0.00716,2863300.0
2023-08-13 20:30:00,0.00716,0.00719,0.00716,0.00718,733293.0
2023-08-13 20:45:00,0.00718,0.00721,0.00715,0.00715,3660822.0
2023-08-13 21:00:00,0.00715,0.0072,0.00713,0.00717,2421752.0
2023-08-13 21:15:00,0.00716,0.00717,0.00712,0.00715,2788806.0
2023-08-13 21:30:00,0.00715,0.00715,0.0071,0.00711,4209330.0
2023-08-13 21:45:00,0.00712,0.00713,0.00709,0.00713,1740594.0
2023-08-13 22:00:00,0.00713,0.00715,0.00711,0.00711,1036780.0
2023-08-13 22:15:00,0.00711,0.00712,0.00709,0.00711,2567580.0
2023-08-13 22:30:00,0.00711,0.00711,0.00705,0.00708,2616279.0
2023-08-13 22:45:00,0.00708,0.00709,0.00705,0.00705,1763982.0
2023-08-13 23:00:00,0.00707,0.00711,0.00707,0.0071,391164.0
2023-08-13 23:15:00,0.0071,0.00713,0.00709,0.00713,1588629.0
2023-08-13 23:30:00,0.00714,0.00716,0.00714,0.00716,3370232.0
2023-08-13 23:45:00,0.00716,0.00718,0.00715,0.00716,2364005.0
2023-08-14 00:00:00,0.00715,0.00716,0.0071,0.00713,5010787.0
2023-08-14 00:15:00,0.00712,0.00717,0.00709,0.00717,1872779.0
2023-08-14 00:30:00,0.00717,0.00722,0.0071,0.00716,15439717.0
2023-08-14 00:45:00,0.00716,0.0072,0.00714,0.00719,3059735.0
2023-08-14 01:00:00,0.00721,0.00729,0.00717,0.00729,6520364.0
2023-08-14 01:15:00,0.0073,0.0075,0.00729,0.00745,26996920.0
2023-08-14 01:30:00,0.00745,0.00747,0.00731,0.00742,17250707.0
2023-08-14 01:45:00,0.00742,0.00742,0.00726,0.00728,9461934.0
2023-08-14 02:00:00,0.00728,0.00739,0.00726,0.00728,8055859.0
2023-08-14 02:15:00,0.0073,0.00739,0.00728,0.00739,4842095.0
2023-08-14 02:30:00,0.00738,0.00738,0.0073,0.0073,4580371.0
2023-08-14 02:45:00,0.00732,0.00736,0.00731,0.00735,3693433.0
2023-08-14 03:00:00,0.00734,0.00738,0.00734,0.00737,960367.0
2023-08-14 03:15:00,0.00737,0.00759,0.00737,0.00746,30994318.0
2023-08-14 03:30:00,0.00747,0.00749,0.00739,0.00739,9033515.0
2023-08-14 03:45:00,0.00739,0.00739,0.00728,0.00729,10251325.0
2023-08-14 04:00:00,0.00728,0.00732,0.00725,0.00726,7159475.0
2023-08-14 04:15:00,0.00726,0.00727,0.0072,0.00722,7240573.0
2023-08-14 04:30:00,0.00721,0.00725,0.00721,0.00723,1297541.0
2023-08-14 04:45:00,0.00724,0.00724,0.00719,0.00719,1934404.0
2023-08-14 05:00:00,0.0072,0.00721,0.00717,0.00717,3852782.0
2023-08-14 05:15:00,0.00718,0.00719,0.00717,0.00718,1514942.0
2023-08-14 05:30:00,0.00719,0.00722,0.00719,0.00722,1009410.0
2023-08-14 05:45:00,0.00722,0.00725,0.00721,0.00725,926346.0
2023-08-14 06:00:00,0.00725,0.00725,0.00721,0.00722,1918241.0
2023-08-14 06:15:00,0.00724,0.00731,0.00724,0.00727,3023634.0
2023-08-14 06:30:00,0.00728,0.00733,0.00728,0.00733,2540631.0
2023-08-14 06:45:00,0.00734,0.00735,0.00724,0.00727,13593107.0
2023-08-14 07:00:00,0.00727,0.00731,0.00726,0.00727,2062278.0
2023-08-14 07:15:00,0.00728,0.00732,0.00726,0.00731,4782770.0
2023-08-14 07:30:00,0.00732,0.00739,0.00732,0.00737,2257646.0
2023-08-14 07:45:00,0.00738,0.00739,0.00727,0.00728,3897437.0
2023-08-14 08:00:00,0.00729,0.00731,0.00725,0.00725,2508313.0
2023-08-14 08:15:00,0.00726,0.00731,0.00723,0.00728,4919762.0
2023-08-14 08:30:00,0.00729,0.00729,0.00718,0.0072,6795203.0
2023-08-14 08:45:00,0.00721,0.00722,0.00718,0.0072,2803502.0
2023-08-14 09:00:00,0.00721,0.00724,0.00721,0.00722,1736824.0
2023-08-14 09:15:00,0.00721,0.00721,0.00718,0.00718,2471281.0
2023-08-14 09:30:00,0.00718,0.00719,0.00716,0.00718,793280.0
2023-08-14 09:45:00,0.00717,0.00723,0.00717,0.00722,2068962.0
2023-08-14 10:00:00,0.00722,0.00724,0.00722,0.00723,1304087.0
2023-08-14 10:15:00,0.00723,0.00726,0.00722,0.00725,2032158.0
2023-08-14 10:30:00,0.00725,0.00741,0.00725,0.00738,8874512.0
2023-08-14 10:45:00,0.00737,0.00744,0.0073,0.00738,19497255.0
2023-08-14 11:00:00,0.00738,0.00738,0.00728,0.0073,4354181.0
2023-08-14 11:15:00,0.00731,0.00731,0.00726,0.00726,3001554.0
2023-08-14 11:30:00,0.00726,0.0073,0.00726,0.00728,1674965.0
2023-08-14 11:45:00,0.00728,0.00728,0.00726,0.00726,1232350.0
2023-08-14 12:00:00,0.00726,0.00726,0.00718,0.00718,1959100.0
2023-08-14 12:15:00,0.00719,0.0072,0.00717,0.00717,2153152.0
2023-08-14 12:30:00,0.00717,0.00717,0.0071,0.00713,8114623.0
2023-08-14 12:45:00,0.00713,0.00719,0.00713,0.00715,6607534.0
2023-08-14 13:00:00,0.00715,0.00717,0.00713,0.00713,3441792.0
2023-08-14 13:15:00,0.00713,0.00715,0.00709,0.00709,10832437.0
2023-08-14 13:30:00,0.0071,0.00713,0.00707,0.00708,2642396.0
2023-08-14 13:45:00,0.00707,0.0071,0.00707,0.0071,1198879.0
2023-08-14 14:00:00,0.00709,0.00714,0.00709,0.00714,1967237.0
2023-08-14 14:15:00,0.00714,0.00716,0.00713,0.00715,1382626.0
2023-08-14 14:30:00,0.00714,0.0072,0.00714,0.00718,2283649.0
2023-08-14 14:45:00,0.00719,0.00723,0.00719,0.0072,4382473.0
2023-08-14 15:00:00,0.00721,0.00724,0.00719,0.00724,1704137.0
2023-08-14 15:15:00,0.00724,0.00729,0.00723,0.00728,1718647.0
2023-08-14 15:30:00,0.00729,0.00731,0.00724,0.0073,11104466.0
2023-08-14 15:45:00,0.0073,0.00731,0.00724,0.00724,2727307.0
2023-08-14 16:00:00,0.00723,0.00725,0.00722,0.00723,799939.0
2023-08-14 16:15:00,0.00722,0.00727,0.00722,0.00727,2889338.0
2023-08-14 16:30:00,0.00727,0.00728,0.00726,0.00726,1361873.0
2023-08-14 16:45:00,0.00725,0.00728,0.00724,0.00725,976355.0
2023-08-14 17:00:00,0.00727,0.00731,0.00727,0.00727,1236437.0
2023-08-14 17:15:00,0.00726,0.00726,0.00722,0.00722,1219624.0
2023-08-14 17:30:00,0.00722,0.00725,0.00722,0.00723,837526.0
2023-08-14 17:45:00,0.00723,0.0073,0.00721,0.00726,4308952.0
2023-08-14 18:00:00,0.00725,0.00725,0.00718,0.00722,1499179.0
2023-08-14 18:15:00,0.00721,0.00723,0.00719,0.0072,293757.0
2023-08-14 18:30:00,0.00721,0.00721,0.00717,0.00718,455711.0
2023-08-14 18:45:00,0.00718,0.00718,0.00715,0.00715,650422.0
2023-08-14 19:00:00,0.00715,0.00716,0.00713,0.00715,715733.0
2023-08-14 19:15:00,0.00714,0.00718,0.00714,0.00718,937757.0
2023-08-14 19:30:00,0.00719,0.00719,0.00715,0.00716,3234614.0
2023-08-14 19:45:00,0.00717,0.00718,0.00715,0.00715,1469009.0
2023-08-14 20:00:00,0.00716,0.00718,0.00715,0.00717,523971.0
2023-08-14 20:15:00,0.00717,0.00719,0.00717,0.00718,292796.0
2023-08-14 20:30:00,0.00719,0.00732,0.00719,0.00724,8758998.0
2023-08-14 20:45:00,0.00724,0.00725,0.00721,0.00725,3452020.0
2023-08-14 21:00:00,0.00725,0.00725,0.00721,0.00722,807934.0
2023-08-14 21:15:00,0.00722,0.00722,0.00719,0.00719,1055815.0
2023-08-14 21:30:00,0.0072,0.00724,0.0072,0.00722,1450646.0
2023-08-14 21:45:00,0.00723,0.00726,0.00723,0.00726,301666.0
2023-08-14 22:00:00,0.00726,0.00728,0.00726,0.00727,198307.0
2023-08-14 22:15:00,0.00727,0.00727,0.00723,0.00726,1726192.0
2023-08-14 22:30:00,0.00725,0.00727,0.00725,0.00727,178249.0
2023-08-14 22:45:00,0.00727,0.00729,0.00725,0.00725,468604.0
2023-08-14 23:00:00,0.00725,0.00725,0.00724,0.00724,276313.0
2023-08-14 23:15:00,0.00725,0.00728,0.00725,0.00728,841219.0
2023-08-14 23:30:00,0.00727,0.00727,0.00725,0.00725,702833.0
2023-08-14 23:45:00,0.00725,0.00725,0.00721,0.00722,4713978.0
2023-08-15 00:00:00,0.00722,0.00723,0.0072,0.0072,1988077.0
2023-08-15 00:15:00,0.0072,0.0072,0.00712,0.00714,8928602.0
2023-08-15 00:30:00,0.00714,0.0072,0.00714,0.00719,2498570.0
2023-08-15 00:45:00,0.00719,0.00719,0.00719,0.00719,249924.0
2023-08-15 01:00:00,0.00719,0.0072,0.00719,0.0072,327292.0
2023-08-15 01:15:00,0.0072,0.0072,0.00717,0.00718,340488.0
2023-08-15 01:30:00,0.00718,0.00718,0.00715,0.00715,676928.0
2023-08-15 01:45:00,0.00716,0.00719,0.00716,0.00719,497989.0
2023-08-15 02:00:00,0.00718,0.00726,0.00718,0.00726,3842342.0
2023-08-15 02:15:00,0.00726,0.00731,0.00726,0.00728,1717588.0
2023-08-15 02:30:00,0.00728,0.0073,0.00726,0.00726,2023891.0
2023-08-15 02:45:00,0.00725,0.00741,0.00723,0.00732,40260603.0
2023-08-15 03:00:00,0.0073,0.00734,0.0073,0.00731,2920954.0
2023-08-15 03:15:00,0.00731,0.00732,0.0073,0.0073,762554.0
2023-08-15 03:30:00,0.0073,0.00734,0.00729,0.00734,585312.0
2023-08-15 03:45:00,0.00735,0.00735,0.00731,0.00733,2900096.0
2023-08-15 04:00:00,0.00734,0.00753,0.00732,0.00752,10203843.0
2023-08-15 04:15:00,0.00752,0.00753,0.00743,0.00743,5328653.0
2023-08-15 04:30:00,0.00744,0.00768,0.00743,0.00757,14645401.0
2023-08-15 04:45:00,0.00757,0.00762,0.00751,0.00758,4813599.0
2023-08-15 05:00:00,0.00757,0.00762,0.00746,0.00747,9803318.0
2023-08-15 05:15:00,0.00748,0.00751,0.00743,0.00743,5363941.0
2023-08-15 05:30:00,0.00742,0.00744,0.0074,0.0074,7612061.0
2023-08-15 05:45:00,0.00741,0.00741,0.00734,0.00734,6855937.0
2023-08-15 06:00:00,0.00734,0.00744,0.00732,0.00743,3573035.0
2023-08-15 06:15:00,0.00744,0.00745,0.00737,0.00737,2742174.0
2023-08-15 06:30:00,0.00738,0.00744,0.00738,0.00741,1920356.0
2023-08-15 06:45:00,0.00742,0.00746,0.00737,0.00737,3780602.0
2023-08-15 07:00:00,0.00738,0.00739,0.00736,0.00737,2570256.0
2023-08-15 07:15:00,0.00737,0.00737,0.00727,0.00728,10134955.0
2023-08-15 07:30:00,0.00728,0.00731,0.00722,0.00724,5613978.0
2023-08-15 07:45:00,0.00725,0.00728,0.00725,0.00728,2605815.0
2023-08-15 08:00:00,0.00728,0.00728,0.00713,0.00714,37372171.0
2023-08-15 08:15:00,0.00714,0.00717,0.00712,0.00715,4835055.0
2023-08-15 08:30:00,0.00715,0.00715,0.0071,0.0071,5604768.0
2023-08-15 08:45:00,0.0071,0.0071,0.00707,0.00708,6502682.0
2023-08-15 09:00:00,0.00708,0.00711,0.00703,0.00704,7396376.0
2023-08-15 09:15:00,0.00703,0.00705,0.00703,0.00704,1193925.0
2023-08-15 09:30:00,0.00703,0.00704,0.007,0.00701,1281032.0
2023-08-15 09:45:00,0.00701,0.00701,0.00697,0.00699,5531833.0
2023-08-15 10:00:00,0.00698,0.00698,0.00692,0.00693,8910694.0
2023-08-15 10:15:00,0.00694,0.00694,0.00691,0.00692,3171240.0
2023-08-15 10:30:00,0.00692,0.00692,0.00689,0.0069,2143333.0
2023-08-15 10:45:00,0.0069,0.00691,0.00688,0.0069,1517194.0
2023-08-15 11:00:00,0.0069,0.0069,0.00686,0.00687,1967901.0
2023-08-15 11:15:00,0.00688,0.00691,0.00685,0.00687,8330804.0
2023-08-15 11:30:00,0.00687,0.00688,0.00684,0.00686,1518572.0
2023-08-15 11:45:00,0.00686,0.00687,0.00683,0.00683,1139982.0
2023-08-15 12:00:00,0.00683,0.00683,0.00678,0.0068,5892366.0
2023-08-15 12:15:00,0.0068,0.00683,0.00679,0.00682,1575770.0
2023-08-15 12:30:00,0.00681,0.00682,0.00676,0.00677,3056550.0
2023-08-15 12:45:00,0.00677,0.0068,0.00676,0.00678,2654657.0
2023-08-15 13:00:00,0.00677,0.0068,0.00677,0.0068,471352.0
2023-08-15 13:15:00,0.0068,0.00687,0.0068,0.00686,8486814.0
2023-08-15 13:30:00,0.00686,0.00687,0.00683,0.00683,1426517.0
2023-08-15 13:45:00,0.00683,0.00685,0.00682,0.00682,863321.0
2023-08-15 14:00:00,0.00682,0.00682,0.00676,0.00681,4187011.0
2023-08-15 14:15:00,0.00682,0.00683,0.0068,0.00682,2052314.0
2023-08-15 14:30:00,0.00682,0.00684,0.00681,0.00681,1062171.0
2023-08-15 14:45:00,0.00681,0.00682,0.00681,0.00682,386370.0
2023-08-15 15:00:00,0.00683,0.00686,0.00683,0.00685,5154475.0
2023-08-15 15:15:00,0.00685,0.00685,0.00681,0.00685,2994990.0
2023-08-15 15:30:00,0.00685,0.00688,0.00684,0.00684,1564298.0
2023-08-15 15:45:00,0.00685,0.00689,0.00685,0.00687,2928292.0
2023-08-15 16:00:00,0.00687,0.0069,0.00684,0.00685,2667105.0
2023-08-15 16:15:00,0.00685,0.00686,0.00684,0.00685,553862.0
2023-08-15 16:30:00,0.00684,0.00684,0.00682,0.00682,977135.0
2023-08-15 16:45:00,0.00682,0.00683,0.00681,0.00681,889414.0
2023-08-15 17:00:00,0.00682,0.00682,0.00675,0.00681,3756910.0
2023-08-15 17:15:00,0.0068,0.00684,0.0068,0.00684,1227779.0
2023-08-15 17:30:00,0.00684,0.00688,0.00684,0.00688,4712495.0
2023-08-15 17:45:00,0.00687,0.00688,0.00686,0.00686,164462.0
2023-08-15 18:00:00,0.00686,0.00686,0.00678,0.00678,3499757.0
2023-08-15 18:15:00,0.00678,0.00679,0.00677,0.00679,2719561.0
2023-08-15 18:30:00,0.00679,0.00679,0.00676,0.00677,1363716.0
2023-08-15 18:45:00,0.00678,0.00679,0.00677,0.00677,528672.0
2023-08-15 19:00:00,0.00678,0.00679,0.00629,0.00654,30023715.0
2023-08-15 19:15:00,0.00653,0.00661,0.00653,0.00653,6419412.0
2023-08-15 19:30:00,0.00654,0.00658,0.00654,0.00657,2424695.0
2023-08-15 19:45:00,0.00656,0.00665,0.00656,0.00664,2030566.0
2023-08-15 20:00:00,0.00663,0.00676,0.00661,0.00676,4409672.0
2023-08-15 20:15:00,0.00676,0.00676,0.00669,0.0067,2582121.0
2023-08-15 20:30:00,0.00669,0.00671,0.00666,0.00666,4474412.0
2023-08-15 20:45:00,0.00666,0.00673,0.00666,0.00673,2292907.0
2023-08-15 21:00:00,0.00673,0.00678,0.00673,0.00677,1515980.0
2023-08-15 21:15:00,0.00677,0.0068,0.00677,0.00679,745106.0
2023-08-15 21:30:00,0.0068,0.0068,0.00677,0.00679,1032550.0
2023-08-15 21:45:00,0.0068,0.00684,0.0068,0.00682,911934.0
2023-08-15 22:00:00,0.00682,0.00682,0.00678,0.0068,695395.0
2023-08-15 22:15:00,0.0068,0.00681,0.00678,0.00678,330761.0
2023-08-15 22:30:00,0.00678,0.00679,0.00677,0.00677,258982.0
2023-08-15 22:45:00,0.00677,0.00678,0.00676,0.00677,462259.0
2023-08-15 23:00:00,0.00676,0.00682,0.00676,0.00681,265525.0
2023-08-15 23:15:00,0.00681,0.00681,0.00677,0.00677,311616.0
2023-08-15 23:30:00,0.00678,0.0068,0.00677,0.00678,1612741.0
2023-08-15 23:45:00,0.00677,0.00677,0.00676,0.00677,262788.0
2023-08-16 00:00:00,0.00677,0.00678,0.00675,0.00677,659218.0
2023-08-16 00:15:00,0.00678,0.0068,0.00677,0.00678,1520560.0
2023-08-16 00:30:00,0.00677,0.00677,0.00671,0.00672,2935077.0
2023-08-16 00:45:00,0.00673,0.00675,0.00672,0.00672,1044318.0
2023-08-16 01:00:00,0.00672,0.00673,0.0067,0.00672,1269794.0
2023-08-16 01:15:00,0.00672,0.00672,0.00671,0.00672,178623.0
2023-08-16 01:30:00,0.00671,0.00671,0.00661,0.00667,6444029.0
2023-08-16 01:45:00,0.00667,0.0067,0.00667,0.00668,1419518.0
2023-08-16 02:00:00,0.00669,0.00673,0.00669,0.00672,1300681.0
2023-08-16 02:15:00,0.00674,0.00679,0.00673,0.00678,1649375.0
2023-08-16 02:30:00,0.00678,0.00678,0.00675,0.00676,1105222.0
2023-08-16 02:45:00,0.00676,0.00677,0.00675,0.00677,150525.0
2023-08-16 03:00:00,0.00679,0.00679,0.00678,0.00678,173226.0
2023-08-16 03:15:00,0.00679,0.0068,0.00675,0.00676,608395.0
2023-08-16 03:30:00,0.00676,0.00681,0.00676,0.0068,1085965.0
2023-08-16 03:45:00,0.00679,0.00681,0.00679,0.00679,398579.0
2023-08-16 04:00:00,0.00679,0.00679,0.00674,0.00676,1633264.0
2023-08-16 04:15:00,0.00675,0.00677,0.00674,0.00677,411298.0
2023-08-16 04:30:00,0.00676,0.00676,0.00673,0.00674,1168397.0
2023-08-16 04:45:00,0.00674,0.00674,0.00671,0.00671,4007393.0
2023-08-16 05:00:00,0.00672,0.00674,0.00669,0.00674,1707471.0
2023-08-16 05:15:00,0.00674,0.00675,0.00669,0.0067,790655.0
2023-08-16 05:30:00,0.00671,0.00675,0.00671,0.00673,2278298.0
2023-08-16 05:45:00,0.00673,0.00678,0.00673,0.00675,1475271.0
2023-08-16 06:00:00,0.00675,0.00678,0.00673,0.00678,713978.0
2023-08-16 06:15:00,0.00678,0.0068,0.00677,0.00678,1657020.0
2023-08-16 06:30:00,0.0068,0.0068,0.00678,0.00678,619523.0
2023-08-16 06:45:00,0.00677,0.0068,0.00677,0.00679,470342.0
2023-08-16 07:00:00,0.00679,0.00689,0.00679,0.00688,7184761.0
2023-08-16 07:15:00,0.00688,0.00688,0.00684,0.00684,1211866.0
2023-08-16 07:30:00,0.00684,0.00684,0.00677,0.00678,5053122.0
2023-08-16 07:45:00,0.00678,0.0068,0.00676,0.00676,2334772.0
2023-08-16 08:00:00,0.00678,0.00678,0.00669,0.00671,6550159.0
2023-08-16 08:15:00,0.0067,0.0067,0.00666,0.00668,1446377.0
2023-08-16 08:30:00,0.00667,0.00673,0.00666,0.00673,1062214.0
2023-08-16 08:45:00,0.00672,0.00672,0.00669,0.00672,1543256.0
2023-08-16 09:00:00,0.00672,0.00673,0.00669,0.00671,1230754.0
2023-08-16 09:15:00,0.00672,0.00674,0.0067,0.00674,898144.0
2023-08-16 09:30:00,0.00674,0.00674,0.00671,0.00672,600917.0
2023-08-16 09:45:00,0.00673,0.00673,0.00672,0.00672,97397.0
2023-08-16 10:00:00,0.00673,0.00674,0.00672,0.00673,576044.0
2023-08-16 10:15:00,0.00675,0.00678,0.00675,0.00677,724395.0
2023-08-16 10:30:00,0.00677,0.00678,0.00676,0.00676,459373.0
2023-08-16 10:45:00,0.00676,0.00677,0.00674,0.00676,1356385.0
2023-08-16 11:00:00,0.00676,0.00676,0.00673,0.00673,1762465.0
2023-08-16 11:15:00,0.00674,0.00679,0.00674,0.00679,478880.0
2023-08-16 11:30:00,0.00678,0.00678,0.00674,0.00675,1742071.0
2023-08-16 11:45:00,0.00676,0.00676,0.00672,0.00676,1079213.0
2023-08-16 12:00:00,0.00675,0.00682,0.00674,0.00675,3121574.0
2023-08-16 12:15:00,0.00676,0.00677,0.00668,0.0067,3350982.0
2023-08-16 12:30:00,0.0067,0.00685,0.00669,0.00681,14129133.0
2023-08-16 12:45:00,0.00682,0.00684,0.00677,0.00678,3244641.0
2023-08-16 13:00:00,0.00677,0.00695,0.00677,0.00691,23554119.0
2023-08-16 13:15:00,0.00691,0.00692,0.00682,0.00686,15201019.0
2023-08-16 13:30:00,0.00686,0.00686,0.00671,0.00678,21074586.0
2023-08-16 13:45:00,0.00678,0.00678,0.00668,0.00669,8027944.0
2023-08-16 14:00:00,0.00671,0.00672,0.0066,0.00664,8278772.0
2023-08-16 14:15:00,0.00664,0.00664,0.00656,0.00657,6971645.0
2023-08-16 14:30:00,0.00657,0.00661,0.00657,0.00661,1858820.0
2023-08-16 14:45:00,0.00662,0.00663,0.00659,0.00663,1531438.0
2023-08-16 15:00:00,0.00664,0.00665,0.00662,0.00662,2079465.0
2023-08-16 15:15:00,0.00661,0.00661,0.00658,0.00659,2532911.0
2023-08-16 15:30:00,0.00658,0.0066,0.00654,0.00654,2210208.0
2023-08-16 15:45:00,0.00654,0.00657,0.00652,0.00656,3496496.0
2023-08-16 16:00:00,0.00655,0.00655,0.00651,0.00651,728369.0
2023-08-16 16:15:00,0.00652,0.00658,0.00652,0.00654,2350320.0
2023-08-16 16:30:00,0.00655,0.00658,0.00653,0.00658,986397.0
2023-08-16 16:45:00,0.00658,0.00662,0.00658,0.0066,1173062.0
2023-08-16 17:00:00,0.00661,0.00663,0.00661,0.00662,1300432.0
2023-08-16 17:15:00,0.00662,0.00668,0.00661,0.00668,502832.0
2023-08-16 17:30:00,0.00669,0.00671,0.00669,0.0067,342305.0
2023-08-16 17:45:00,0.00668,0.0067,0.00667,0.00669,1409856.0
2023-08-16 18:00:00,0.00669,0.0067,0.00665,0.00668,399327.0
2023-08-16 18:15:00,0.00668,0.0068,0.00668,0.00677,3711010.0
2023-08-16 18:30:00,0.00678,0.00678,0.00675,0.00675,394218.0
2023-08-16 18:45:00,0.00676,0.00676,0.00673,0.00673,688335.0
2023-08-16 19:00:00,0.00674,0.00675,0.00673,0.00674,337151.0
2023-08-16 19:15:00,0.00674,0.00676,0.00673,0.00675,808634.0
2023-08-16 19:30:00,0.00676,0.00676,0.00673,0.00673,298686.0
2023-08-16 19:45:00,0.00673,0.00674,0.00673,0.00673,149330.0
2023-08-16 20:00:00,0.00673,0.00679,0.00673,0.00678,1162875.0
2023-08-16 20:15:00,0.00677,0.00677,0.00653,0.00653,5102997.0
2023-08-16 20:30:00,0.00656,0.00665,0.0065,0.00658,20285290.0
2023-08-16 20:45:00,0.00659,0.00663,0.00658,0.00659,2378718.0
2023-08-16 21:00:00,0.00659,0.00659,0.00633,0.00642,10489347.0
2023-08-16 21:15:00,0.00642,0.00654,0.00642,0.00654,3889098.0
2023-08-16 21:30:00,0.00655,0.00657,0.00649,0.00649,1084710.0
2023-08-16 21:45:00,0.00649,0.00649,0.00646,0.00647,254171.0
2023-08-16 22:00:00,0.00647,0.00652,0.00647,0.00652,674910.0
2023-08-16 22:15:00,0.00653,0.00655,0.0065,0.00655,1110134.0
2023-08-16 22:30:00,0.00654,0.00654,0.00653,0.00654,1220806.0
2023-08-16 22:45:00,0.00653,0.00656,0.00653,0.00655,380213.0
2023-08-16 23:00:00,0.00655,0.00657,0.0065,0.00656,3007925.0
2023-08-16 23:15:00,0.00655,0.00656,0.00655,0.00655,237009.0
2023-08-16 23:30:00,0.00655,0.00656,0.00652,0.00654,3821126.0
2023-08-16 23:45:00,0.00655,0.00657,0.00654,0.00656,1647357.0
2023-08-17 00:00:00,0.00656,0.00656,0.00651,0.00655,1058045.0
2023-08-17 00:15:00,0.00655,0.00655,0.00648,0.0065,679564.0
2023-08-17 00:30:00,0.00649,0.00651,0.00642,0.00642,6480003.0
2023-08-17 00:45:00,0.00641,0.00652,0.00636,0.00651,4520028.0
2023-08-17 01:00:00,0.00652,0.00662,0.00652,0.00661,1858827.0
2023-08-17 01:15:00,0.00662,0.00665,0.00659,0.00665,1257272.0
2023-08-17 01:30:00,0.00666,0.00666,0.0066,0.0066,3366152.0
2023-08-17 01:45:00,0.0066,0.00664,0.00658,0.00663,2384133.0
2023-08-17 02:00:00,0.00663,0.00666,0.00661,0.00662,6812929.0
2023-08-17 02:15:00,0.00661,0.00666,0.00661,0.00666,1063086.0
2023-08-17 02:30:00,0.00667,0.00667,0.00662,0.00662,1386632.0
2023-08-17 02:45:00,0.00662,0.00665,0.00662,0.00663,473408.0
2023-08-17 03:00:00,0.00665,0.00671,0.00664,0.0067,3986127.0
2023-08-17 03:15:00,0.0067,0.00678,0.0067,0.00677,2824849.0
2023-08-17 03:30:00,0.00678,0.00682,0.00678,0.00679,5714499.0
2023-08-17 03:45:00,0.00679,0.00686,0.00678,0.00684,11080333.0
2023-08-17 04:00:00,0.00683,0.00684,0.00681,0.00681,3330447.0
2023-08-17 04:15:00,0.00681,0.00688,0.00681,0.00683,9268223.0
2023-08-17 04:30:00,0.00683,0.00683,0.00679,0.00681,2477297.0
2023-08-17 04:45:00,0.0068,0.00682,0.00678,0.0068,1204258.0
2023-08-17 05:00:00,0.00679,0.00681,0.00679,0.00681,856504.0
2023-08-17 05:15:00,0.00682,0.00686,0.00682,0.00685,1808792.0
2023-08-17 05:30:00,0.00686,0.00689,0.00684,0.00688,7549235.0
2023-08-17 05:45:00,0.00689,0.00695,0.00687,0.00692,12866661.0
2023-08-17 06:00:00,0.0069,0.00692,0.00682,0.00685,7584412.0
2023-08-17 06:15:00,0.00684,0.00695,0.00683,0.00691,21699019.0
2023-08-17 06:30:00,0.00691,0.00729,0.00691,0.0071,99336008.0
2023-08-17 06:45:00,0.0071,0.00711,0.00699,0.00702,27191214.0
2023-08-17 07:00:00,0.00702,0.0071,0.007,0.00704,7375743.0
2023-08-17 07:15:00,0.00704,0.00742,0.00704,0.00712,57334016.0
2023-08-17 07:30:00,0.00712,0.00712,0.00699,0.00704,10279561.0
2023-08-17 07:45:00,0.00704,0.00712,0.00703,0.00711,6920472.0
2023-08-17 08:00:00,0.0071,0.00723,0.00706,0.00721,21155062.0
2023-08-17 08:15:00,0.00721,0.00729,0.00713,0.00715,18349186.0
2023-08-17 08:30:00,0.00715,0.00718,0.00709,0.00712,13067969.0
2023-08-17 08:45:00,0.00712,0.00716,0.0071,0.00714,7743180.0
2023-08-17 09:00:00,0.00714,0.00715,0.00705,0.00711,10469489.0
2023-08-17 09:15:00,0.00712,0.00727,0.00712,0.00722,15971630.0
2023-08-17 09:30:00,0.00722,0.00725,0.00717,0.00719,5874174.0
2023-08-17 09:45:00,0.00718,0.00722,0.00713,0.00718,6656205.0
2023-08-17 10:00:00,0.0072,0.00725,0.00714,0.00723,7527339.0
2023-08-17 10:15:00,0.00724,0.00729,0.00717,0.00721,18300333.0
2023-08-17 10:30:00,0.00722,0.00722,0.00707,0.00709,13751339.0
2023-08-17 10:45:00,0.00709,0.00713,0.00706,0.00711,8325173.0
2023-08-17 11:00:00,0.00713,0.00716,0.00701,0.00704,11551010.0
2023-08-17 11:15:00,0.00703,0.00709,0.00701,0.00705,6000659.0
2023-08-17 11:30:00,0.00705,0.00713,0.00705,0.00711,3833329.0
2023-08-17 11:45:00,0.00711,0.00712,0.00704,0.00705,5344916.0
2023-08-17 12:00:00,0.00707,0.00708,0.00695,0.00698,19515998.0
2023-08-17 12:15:00,0.00698,0.00702,0.00696,0.00702,3877063.0
2023-08-17 12:30:00,0.00701,0.00708,0.00701,0.00708,4534589.0
2023-08-17 12:45:00,0.00708,0.0071,0.00697,0.00698,27904809.0
2023-08-17 13:00:00,0.00697,0.00698,0.00692,0.00694,6322059.0
2023-08-17 13:15:00,0.00693,0.00693,0.00689,0.0069,5930199.0
2023-08-17 13:30:00,0.00689,0.00689,0.00682,0.00683,5360607.0
2023-08-17 13:45:00,0.00684,0.00684,0.00676,0.00677,9653000.0
2023-08-17 14:00:00,0.00677,0.00677,0.00662,0.00664,14645148.0
2023-08-17 14:15:00,0.00663,0.00666,0.00652,0.00653,19002600.0
2023-08-17 14:30:00,0.00652,0.00653,0.00635,0.00638,24824275.0
2023-08-17 14:45:00,0.00638,0.00638,0.00627,0.00628,28703947.0
2023-08-17 15:00:00,0.00628,0.00631,0.00616,0.00617,15663291.0
2023-08-17 15:15:00,0.00617,0.00617,0.00611,0.00615,6663898.0
2023-08-17 15:30:00,0.00615,0.00617,0.00598,0.00602,41183891.0
2023-08-17 15:45:00,0.00603,0.00604,0.00585,0.0059,34828754.0
2023-08-17 16:00:00,0.00589,0.00591,0.00577,0.00582,57182904.0
2023-08-17 16:15:00,0.00583,0.00587,0.00577,0.00582,13125715.0
2023-08-17 16:30:00,0.00582,0.00586,0.0058,0.00582,8025165.0
2023-08-17 16:45:00,0.00582,0.00582,0.00574,0.00575,11609038.0
2023-08-17 17:00:00,0.00575,0.00583,0.00574,0.00578,5950927.0
2023-08-17 17:15:00,0.00578,0.00591,0.00578,0.00591,9586279.0
2023-08-17 17:30:00,0.00591,0.00596,0.0059,0.00592,12884977.0
2023-08-17 17:45:00,0.00593,0.00593,0.00586,0.0059,11124350.0
2023-08-17 18:00:00,0.0059,0.00591,0.00587,0.00587,6879556.0
2023-08-17 18:15:00,0.00587,0.00589,0.00584,0.00584,2466266.0
2023-08-17 18:30:00,0.00584,0.00584,0.0058,0.00581,2208007.0
2023-08-17 18:45:00,0.0058,0.00581,0.00579,0.0058,3796479.0
2023-08-17 19:00:00,0.00581,0.00584,0.00578,0.00581,2356674.0
2023-08-17 19:15:00,0.00582,0.00586,0.00582,0.00584,2231912.0
2023-08-17 19:30:00,0.00585,0.0059,0.00585,0.00589,5671923.0
2023-08-17 19:45:00,0.0059,0.00594,0.00589,0.00592,3853042.0
2023-08-17 20:00:00,0.00593,0.00595,0.00588,0.00588,5433562.0
2023-08-17 20:15:00,0.00587,0.00589,0.00584,0.00585,2624865.0
2023-08-17 20:30:00,0.00585,0.00587,0.00581,0.00582,3167726.0
2023-08-17 20:45:00,0.00582,0.00584,0.00578,0.00584,5303384.0
2023-08-17 21:00:00,0.00584,0.00585,0.00579,0.0058,2556950.0
2023-08-17 21:15:00,0.00579,0.00584,0.00578,0.00581,6307359.0
2023-08-17 21:30:00,0.0058,0.00582,0.00478,0.00478,54463232.0
2023-08-17 21:45:00,0.00478,0.00532,0.00478,0.00527,32590888.0
2023-08-17 22:00:00,0.00527,0.00529,0.00516,0.00521,18554325.0
2023-08-17 22:15:00,0.00521,0.00532,0.00521,0.0053,11165020.0
2023-08-17 22:30:00,0.0053,0.00535,0.00527,0.0053,8583882.0
2023-08-17 22:45:00,0.0053,0.00547,0.00525,0.00547,17422590.0
2023-08-17 23:00:00,0.00546,0.00555,0.0054,0.00552,9108312.0
2023-08-17 23:15:00,0.00551,0.00552,0.00545,0.00548,12627164.0
2023-08-17 23:30:00,0.00546,0.00547,0.0054,0.00545,3036360.0
2023-08-17 23:45:00,0.00545,0.00546,0.0054,0.00541,2081869.0
2023-08-18 00:00:00,0.00542,0.00549,0.00538,0.00548,4812883.0
2023-08-18 00:15:00,0.00548,0.00551,0.00543,0.00544,6971425.0
2023-08-18 00:30:00,0.00545,0.00545,0.00539,0.00542,4728487.0
2023-08-18 00:45:00,0.00541,0.00545,0.0054,0.00545,2490001.0
2023-08-18 01:00:00,0.00545,0.00546,0.00537,0.00537,3361492.0
2023-08-18 01:15:00,0.00538,0.00543,0.00537,0.00541,2105504.0
2023-08-18 01:30:00,0.0054,0.00544,0.00539,0.00544,1313390.0
2023-08-18 01:45:00,0.00543,0.00543,0.00538,0.00541,3215178.0
2023-08-18 02:00:00,0.00541,0.00547,0.00531,0.00546,21013153.0
2023-08-18 02:15:00,0.00544,0.00544,0.00535,0.00536,4532353.0
2023-08-18 02:30:00,0.00537,0.00542,0.00536,0.00537,9708938.0
2023-08-18 02:45:00,0.00537,0.0054,0.00534,0.00534,1808638.0
2023-08-18 03:00:00,0.00535,0.00537,0.00528,0.00532,10625011.0
2023-08-18 03:15:00,0.00533,0.00537,0.00533,0.00537,3033240.0
2023-08-18 03:30:00,0.00537,0.00539,0.00535,0.00535,3435911.0
2023-08-18 03:45:00,0.00536,0.00538,0.00536,0.00538,1574362.0
2023-08-18 04:00:00,0.00539,0.00539,0.00536,0.00537,1974547.0
2023-08-18 04:15:00,0.00537,0.00537,0.00534,0.00534,5385671.0
2023-08-18 04:30:00,0.00535,0.00536,0.00532,0.00536,3514782.0
2023-08-18 04:45:00,0.00535,0.00539,0.00534,0.00539,4057316.0
2023-08-18 05:00:00,0.00539,0.00541,0.00537,0.00539,1478870.0
2023-08-18 05:15:00,0.00539,0.00542,0.00537,0.00542,2647156.0
2023-08-18 05:30:00,0.00542,0.00547,0.00541,0.00544,5029589.0
2023-08-18 05:45:00,0.00545,0.00553,0.00545,0.00549,15630609.0
2023-08-18 06:00:00,0.00549,0.00554,0.00548,0.00554,5084104.0
2023-08-18 06:15:00,0.00554,0.00558,0.00551,0.00557,12053410.0
2023-08-18 06:30:00,0.00556,0.00562,0.00556,0.00561,4036892.0
2023-08-18 06:45:00,0.00561,0.00561,0.00554,0.00558,10720631.0
2023-08-18 07:00:00,0.00558,0.00559,0.00552,0.00552,6494501.0
2023-08-18 07:15:00,0.00552,0.00555,0.00551,0.00553,2411211.0
2023-08-18 07:30:00,0.00553,0.00556,0.00552,0.00555,1612544.0
2023-08-18 07:45:00,0.00555,0.00563,0.00555,0.00559,4855878.0
2023-08-18 08:00:00,0.00559,0.00564,0.00559,0.00562,5564131.0
2023-08-18 08:15:00,0.00562,0.00564,0.00556,0.00563,10666983.0
2023-08-18 08:30:00,0.00563,0.00567,0.0056,0.00567,8359592.0
2023-08-18 08:45:00,0.00566,0.00568,0.00562,0.00568,7580391.0
2023-08-18 09:00:00,0.00567,0.00567,0.00561,0.00562,6459017.0
2023-08-18 09:15:00,0.00563,0.00564,0.00557,0.00558,7914701.0
2023-08-18 09:30:00,0.00558,0.00561,0.00557,0.00559,2570531.0
2023-08-18 09:45:00,0.00559,0.00562,0.00558,0.00559,3927661.0
2023-08-18 10:00:00,0.00559,0.00562,0.00558,0.00561,2160332.0
2023-08-18 10:15:00,0.00561,0.00566,0.0056,0.00563,2659898.0
2023-08-18 10:30:00,0.00562,0.00565,0.00556,0.00558,6391516.0
2023-08-18 10:45:00,0.00559,0.0056,0.00557,0.00558,2253499.0
2023-08-18 11:00:00,0.00557,0.00558,0.00554,0.00555,3333219.0
2023-08-18 11:15:00,0.00556,0.00557,0.00551,0.00552,5512521.0
2023-08-18 11:30:00,0.00552,0.00557,0.00551,0.00555,4361984.0
2023-08-18 11:45:00,0.00556,0.00558,0.00554,0.00555,5589823.0
2023-08-18 12:00:00,0.00556,0.00556,0.00549,0.00551,5338760.0
2023-08-18 12:15:00,0.00551,0.00551,0.00547,0.00547,4885948.0
2023-08-18 12:30:00,0.00548,0.00553,0.00547,0.00553,4588117.0
2023-08-18 12:45:00,0.00553,0.00553,0.00551,0.00551,1160575.0
2023-08-18 13:00:00,0.00551,0.00553,0.00548,0.00549,3009405.0
2023-08-18 13:15:00,0.00549,0.00551,0.00548,0.0055,2278868.0
2023-08-18 13:30:00,0.00551,0.00556,0.00549,0.00556,3802227.0
2023-08-18 13:45:00,0.00556,0.00559,0.00554,0.00555,3529236.0
2023-08-18 14:00:00,0.00555,0.00556,0.00551,0.00552,4421109.0
2023-08-18 14:15:00,0.00552,0.00552,0.00549,0.00549,4050501.0
2023-08-18 14:30:00,0.00551,0.00554,0.00551,0.00552,2556317.0
2023-08-18 14:45:00,0.00553,0.00553,0.00545,0.00545,7930659.0
2023-08-18 15:00:00,0.00546,0.00554,0.00545,0.00553,5390878.0
2023-08-18 15:15:00,0.00552,0.00556,0.0055,0.0055,2106582.0
2023-08-18 15:30:00,0.00551,0.00552,0.00548,0.0055,2778310.0
2023-08-18 15:45:00,0.0055,0.0055,0.00548,0.00549,781265.0
2023-08-18 16:00:00,0.0055,0.00556,0.00549,0.00554,7728610.0
2023-08-18 16:15:00,0.00553,0.00553,0.00549,0.0055,4852007.0
2023-08-18 16:30:00,0.0055,0.00552,0.00549,0.00552,1462481.0
2023-08-18 16:45:00,0.00552,0.00553,0.00548,0.00551,3617423.0
2023-08-18 17:00:00,0.0055,0.0055,0.00545,0.00549,3419603.0
2023-08-18 17:15:00,0.00547,0.00551,0.00547,0.00551,3058252.0
2023-08-18 17:30:00,0.00552,0.00557,0.00551,0.00556,1797240.0
2023-08-18 17:45:00,0.00557,0.00559,0.00555,0.00555,2354079.0
2023-08-18 18:00:00,0.00555,0.00556,0.00551,0.00552,2105440.0
2023-08-18 18:15:00,0.00553,0.00555,0.00553,0.00554,1539114.0
2023-08-18 18:30:00,0.00554,0.00558,0.00554,0.00558,454221.0
2023-08-18 18:45:00,0.00557,0.00561,0.00557,0.00559,3052549.0
2023-08-18 19:00:00,0.00559,0.00559,0.00554,0.00554,1122479.0
2023-08-18 19:15:00,0.00554,0.00556,0.00554,0.00556,651254.0
2023-08-18 19:30:00,0.00557,0.00558,0.00556,0.00556,1367887.0
2023-08-18 19:45:00,0.00558,0.00559,0.00555,0.00556,2016837.0
2023-08-18 20:00:00,0.00556,0.00559,0.00556,0.00559,456149.0
2023-08-18 20:15:00,0.00559,0.0056,0.00558,0.00558,2677380.0
2023-08-18 20:30:00,0.00559,0.0056,0.00558,0.00558,342109.0
2023-08-18 20:45:00,0.00558,0.00558,0.00555,0.00555,1361480.0
2023-08-18 21:00:00,0.00557,0.00559,0.00556,0.00558,747513.0
2023-08-18 21:15:00,0.00558,0.0056,0.00558,0.00559,1217557.0
2023-08-18 21:30:00,0.00559,0.00559,0.00557,0.00559,1635021.0
2023-08-18 21:45:00,0.00559,0.00559,0.00558,0.00559,765246.0
2023-08-18 22:00:00,0.00559,0.00565,0.00559,0.00564,3142235.0
2023-08-18 22:15:00,0.00565,0.00567,0.00564,0.00565,2060435.0
2023-08-18 22:30:00,0.00565,0.00567,0.00565,0.00567,653821.0
2023-08-18 22:45:00,0.00567,0.00567,0.00565,0.00565,1616194.0
2023-08-18 23:00:00,0.00564,0.00568,0.00563,0.00567,807138.0
2023-08-18 23:15:00,0.00567,0.00567,0.00565,0.00565,303216.0
2023-08-18 23:30:00,0.00564,0.00567,0.00563,0.00565,4601951.0
2023-08-18 23:45:00,0.00565,0.00566,0.00565,0.00565,188896.0
2023-08-19 00:00:00,0.00563,0.0057,0.00563,0.00567,3650369.0
2023-08-19 00:15:00,0.00568,0.00568,0.00564,0.00564,2380113.0
2023-08-19 00:30:00,0.00564,0.00572,0.00564,0.00572,2178448.0
2023-08-19 00:45:00,0.0057,0.00572,0.00568,0.00568,2679958.0
2023-08-19 01:00:00,0.00568,0.00569,0.00564,0.00564,1558439.0
2023-08-19 01:15:00,0.00565,0.00565,0.00561,0.00564,727474.0
2023-08-19 01:30:00,0.00563,0.00563,0.0056,0.00561,313479.0
2023-08-19 01:45:00,0.00561,0.00562,0.00561,0.00561,328290.0
2023-08-19 02:00:00,0.0056,0.00581,0.0056,0.0057,41189032.0
2023-08-19 02:15:00,0.0057,0.0057,0.00568,0.00569,1986731.0
2023-08-19 02:30:00,0.00569,0.0057,0.00565,0.00566,772661.0
2023-08-19 02:45:00,0.00566,0.00568,0.00566,0.00567,576074.0
2023-08-19 03:00:00,0.00567,0.00569,0.00566,0.00567,1990269.0
2023-08-19 03:15:00,0.00566,0.00568,0.00565,0.00568,1244258.0
2023-08-19 03:30:00,0.00569,0.0057,0.00568,0.0057,1055728.0
2023-08-19 03:45:00,0.0057,0.00572,0.00569,0.00572,1896578.0
2023-08-19 04:00:00,0.00573,0.00576,0.00572,0.00575,2014168.0
2023-08-19 04:15:00,0.00575,0.00578,0.00573,0.00573,3352347.0
2023-08-19 04:30:00,0.00573,0.00578,0.00573,0.00578,2579579.0
2023-08-19 04:45:00,0.00577,0.00579,0.00575,0.00575,1976034.0
2023-08-19 05:00:00,0.00576,0.00578,0.00572,0.00573,7544599.0
2023-08-19 05:15:00,0.00574,0.00575,0.00572,0.00573,2266395.0
2023-08-19 05:30:00,0.00573,0.00574,0.0057,0.00572,2524374.0
2023-08-19 05:45:00,0.00572,0.00573,0.0057,0.00573,713294.0
2023-08-19 06:00:00,0.00573,0.00574,0.00571,0.00574,2463729.0
2023-08-19 06:15:00,0.00573,0.00576,0.00571,0.00576,4626693.0
2023-08-19 06:30:00,0.00575,0.00578,0.00575,0.00576,1554793.0
2023-08-19 06:45:00,0.00576,0.00578,0.00575,0.00576,2060837.0
2023-08-19 07:00:00,0.00576,0.00578,0.00575,0.00575,1402276.0
2023-08-19 07:15:00,0.00575,0.00576,0.00573,0.00575,1814990.0
2023-08-19 07:30:00,0.00574,0.00581,0.00574,0.00581,4487280.0
2023-08-19 07:45:00,0.00581,0.00584,0.00578,0.00579,768077.0
2023-08-19 08:00:00,0.00578,0.00584,0.00576,0.00582,4939740.0
2023-08-19 08:15:00,0.00582,0.00598,0.00582,0.0059,27756102.0
2023-08-19 08:30:00,0.00589,0.00593,0.00586,0.00591,14494431.0
2023-08-19 08:45:00,0.0059,0.0059,0.00587,0.0059,6299194.0
2023-08-19 09:00:00,0.0059,0.00592,0.00589,0.00592,5058553.0
2023-08-19 09:15:00,0.00591,0.00596,0.00591,0.00595,5537297.0
2023-08-19 09:30:00,0.00596,0.00599,0.00593,0.00599,5625320.0
2023-08-19 09:45:00,0.00599,0.00604,0.00594,0.00596,14028937.0
2023-08-19 10:00:00,0.00596,0.00604,0.00596,0.00601,8004488.0
2023-08-19 10:15:00,0.00602,0.00605,0.006,0.00605,4589774.0
2023-08-19 10:30:00,0.00605,0.00606,0.006,0.006,4877732.0
2023-08-19 10:45:00,0.00601,0.00602,0.00593,0.00594,8143650.0
2023-08-19 11:00:00,0.00593,0.00598,0.00588,0.0059,7896115.0
2023-08-19 11:15:00,0.0059,0.00592,0.00588,0.00591,2524949.0
2023-08-19 11:30:00,0.00592,0.00635,0.00592,0.00605,115156817.0
2023-08-19 11:45:00,0.00605,0.00618,0.00596,0.00601,28560296.0
2023-08-19 12:00:00,0.00602,0.00608,0.00594,0.00594,5435040.0
2023-08-19 12:15:00,0.00595,0.00602,0.00595,0.00596,5239809.0
2023-08-19 12:30:00,0.00597,0.00603,0.00595,0.00602,12902040.0
2023-08-19 12:45:00,0.00601,0.00606,0.00596,0.00604,4745160.0
2023-08-19 13:00:00,0.00604,0.00605,0.006,0.00603,2613374.0
2023-08-19 13:15:00,0.00603,0.00609,0.006,0.00608,2448471.0
2023-08-19 13:30:00,0.00607,0.00612,0.00604,0.0061,4023953.0
2023-08-19 13:45:00,0.0061,0.00612,0.00604,0.00607,2028097.0
2023-08-19 14:00:00,0.00607,0.00619,0.00607,0.00618,4595144.0
2023-08-19 14:15:00,0.00617,0.00627,0.00615,0.00622,21179525.0
2023-08-19 14:30:00,0.00622,0.00623,0.00611,0.00611,16459957.0
2023-08-19 14:45:00,0.00611,0.00611,0.00605,0.00608,9998946.0
2023-08-19 15:00:00,0.00609,0.00617,0.00609,0.00614,6696077.0
2023-08-19 15:15:00,0.00615,0.00615,0.00609,0.00612,6478429.0
2023-08-19 15:30:00,0.00612,0.00612,0.00608,0.00611,2678323.0
2023-08-19 15:45:00,0.00611,0.00617,0.0061,0.00617,2028061.0
2023-08-19 16:00:00,0.00616,0.00631,0.00616,0.00627,8621081.0
2023-08-19 16:15:00,0.00626,0.00652,0.00625,0.00652,32727566.0
2023-08-19 16:30:00,0.00652,0.0066,0.00633,0.00647,44375620.0
2023-08-19 16:45:00,0.00647,0.00666,0.00637,0.00641,44652171.0
2023-08-19 17:00:00,0.0064,0.00647,0.00638,0.00643,13824826.0
2023-08-19 17:15:00,0.00644,0.00651,0.00636,0.00639,24331323.0
2023-08-19 17:30:00,0.00637,0.00639,0.00632,0.00638,11774149.0
2023-08-19 17:45:00,0.00637,0.00641,0.00634,0.00638,8149353.0
2023-08-19 18:00:00,0.00637,0.0064,0.00632,0.00634,6691942.0
2023-08-19 18:15:00,0.00636,0.00638,0.00632,0.00633,2757428.0
2023-08-19 18:30:00,0.00633,0.0065,0.00633,0.00642,12032916.0
2023-08-19 18:45:00,0.00642,0.00655,0.00636,0.00641,28215483.0
2023-08-19 19:00:00,0.0064,0.00647,0.00637,0.0064,10212380.0
2023-08-19 19:15:00,0.0064,0.00644,0.00636,0.00638,5507082.0
2023-08-19 19:30:00,0.00638,0.00641,0.00635,0.00639,5034369.0
2023-08-19 19:45:00,0.0064,0.00645,0.00639,0.0064,6619444.0
2023-08-19 20:00:00,0.0064,0.00643,0.0064,0.00641,3836055.0
2023-08-19 20:15:00,0.00642,0.00643,0.00635,0.00638,18949109.0
2023-08-19 20:30:00,0.00637,0.00638,0.00627,0.00628,10460074.0
2023-08-19 20:45:00,0.00627,0.00638,0.00626,0.00634,16031205.0
2023-08-19 21:00:00,0.00634,0.00634,0.00629,0.00633,2026221.0
2023-08-19 21:15:00,0.00632,0.00635,0.00631,0.00635,2726713.0
2023-08-19 21:30:00,0.00635,0.0064,0.00632,0.00632,6698247.0
2023-08-19 21:45:00,0.00634,0.00637,0.00633,0.00633,3182697.0
2023-08-19 22:00:00,0.00633,0.00639,0.00633,0.00638,7454605.0
2023-08-19 22:15:00,0.00636,0.00646,0.00636,0.00642,14168874.0
2023-08-19 22:30:00,0.00641,0.00643,0.00634,0.00636,5439661.0
2023-08-19 22:45:00,0.00636,0.00648,0.00634,0.00637,13476331.0
2023-08-19 23:00:00,0.00638,0.00643,0.00637,0.00642,1982269.0
2023-08-19 23:15:00,0.00642,0.00652,0.00642,0.00651,7184210.0
2023-08-19 23:30:00,0.00649,0.0065,0.00645,0.00646,5521555.0
2023-08-19 23:45:00,0.00646,0.00646,0.0064,0.0064,4016623.0
2023-08-20 00:00:00,0.00642,0.0065,0.0064,0.00649,2428439.0
2023-08-20 00:15:00,0.0065,0.00657,0.00645,0.00645,15428496.0
2023-08-20 00:30:00,0.00645,0.00645,0.00638,0.00642,3131357.0
2023-08-20 00:45:00,0.00642,0.0065,0.00641,0.0065,1868920.0
2023-08-20 01:00:00,0.00649,0.00651,0.00644,0.00647,4626496.0
2023-08-20 01:15:00,0.00646,0.00651,0.00644,0.0065,4538096.0
2023-08-20 01:30:00,0.0065,0.0066,0.00649,0.00655,7687334.0
2023-08-20 01:45:00,0.00655,0.00656,0.0065,0.0065,4568224.0
2023-08-20 02:00:00,0.00651,0.00651,0.00643,0.00645,3804500.0
2023-08-20 02:15:00,0.00644,0.0065,0.00644,0.00649,4495878.0
2023-08-20 02:30:00,0.00651,0.00652,0.00645,0.00649,3442251.0
2023-08-20 02:45:00,0.00649,0.00653,0.00649,0.00653,1234014.0
2023-08-20 03:00:00,0.00653,0.00653,0.00649,0.00649,1932505.0
2023-08-20 03:15:00,0.00648,0.00651,0.00646,0.00648,9021551.0
2023-08-20 03:30:00,0.00649,0.00649,0.00643,0.00645,6180492.0
2023-08-20 03:45:00,0.00645,0.00646,0.00642,0.00643,4972459.0
2023-08-20 04:00:00,0.00643,0.00645,0.0064,0.00641,2752902.0
2023-08-20 04:15:00,0.00642,0.00642,0.00634,0.00635,5380613.0
2023-08-20 04:30:00,0.00635,0.00635,0.00628,0.00628,7874884.0
2023-08-20 04:45:00,0.00629,0.00631,0.00628,0.00628,1720174.0
2023-08-20 05:00:00,0.00628,0.00633,0.00627,0.00632,6563372.0
2023-08-20 05:15:00,0.00632,0.00632,0.00624,0.00627,8625887.0
2023-08-20 05:30:00,0.00628,0.00629,0.00623,0.00623,4199759.0
2023-08-20 05:45:00,0.00624,0.00624,0.00618,0.0062,9769343.0
2023-08-20 06:00:00,0.0062,0.00621,0.00615,0.00616,3966614.0
2023-08-20 06:15:00,0.00617,0.00618,0.00615,0.00617,1909782.0
2023-08-20 06:30:00,0.00616,0.00618,0.00615,0.00617,3715049.0
2023-08-20 06:45:00,0.00616,0.00618,0.00615,0.00618,1010509.0
2023-08-20 07:00:00,0.00617,0.00619,0.00615,0.00617,2434324.0
2023-08-20 07:15:00,0.00617,0.00618,0.00616,0.00617,693271.0
2023-08-20 07:30:00,0.00617,0.00623,0.00616,0.00621,5389076.0
2023-08-20 07:45:00,0.00622,0.00622,0.00616,0.00617,5255169.0
2023-08-20 08:00:00,0.00617,0.00617,0.00609,0.0061,6550547.0
2023-08-20 08:15:00,0.00611,0.00612,0.00606,0.00608,3670002.0
2023-08-20 08:30:00,0.00607,0.00609,0.00606,0.00607,3923982.0
2023-08-20 08:45:00,0.00607,0.00609,0.00606,0.00607,1915939.0
2023-08-20 09:00:00,0.00606,0.0061,0.00605,0.00609,5895218.0
2023-08-20 09:15:00,0.00609,0.0061,0.00608,0.00609,660046.0
2023-08-20 09:30:00,0.00609,0.00609,0.00607,0.00607,1254853.0
2023-08-20 09:45:00,0.00608,0.0061,0.00607,0.00609,1824380.0
2023-08-20 10:00:00,0.00609,0.00612,0.00607,0.00611,1484616.0
2023-08-20 10:15:00,0.0061,0.0061,0.00607,0.00609,862802.0
2023-08-20 10:30:00,0.00609,0.00614,0.00609,0.00614,2005272.0
2023-08-20 10:45:00,0.00614,0.00617,0.00614,0.00617,4471213.0
2023-08-20 11:00:00,0.00617,0.0062,0.00616,0.00618,4029898.0
2023-08-20 11:15:00,0.00619,0.00623,0.00616,0.00616,5311104.0
2023-08-20 11:30:00,0.00617,0.00622,0.00617,0.00621,3537804.0
2023-08-20 11:45:00,0.00621,0.00623,0.00621,0.00622,520013.0
2023-08-20 12:00:00,0.00622,0.00627,0.00622,0.00625,1228562.0
2023-08-20 12:15:00,0.00625,0.00625,0.00623,0.00623,1184168.0
2023-08-20 12:30:00,0.00623,0.00624,0.0062,0.00622,822534.0
2023-08-20 12:45:00,0.00623,0.00623,0.00619,0.00619,3427815.0
2023-08-20 13:00:00,0.0062,0.00621,0.00618,0.00619,2820029.0
2023-08-20 13:15:00,0.00619,0.00619,0.00617,0.00619,2070034.0
2023-08-20 13:30:00,0.00619,0.00621,0.00617,0.00617,2419231.0
2023-08-20 13:45:00,0.00618,0.00619,0.00616,0.00616,1614234.0
2023-08-20 14:00:00,0.00615,0.00616,0.00613,0.00614,625140.0
2023-08-20 14:15:00,0.00614,0.00615,0.00612,0.00612,1903477.0
2023-08-20 14:30:00,0.00613,0.00614,0.00611,0.00612,1553285.0
2023-08-20 14:45:00,0.00612,0.00614,0.00611,0.00612,1140232.0
2023-08-20 15:00:00,0.00612,0.00615,0.00609,0.00611,7652081.0
2023-08-20 15:15:00,0.00611,0.00614,0.0061,0.00611,627390.0
2023-08-20 15:30:00,0.00611,0.00612,0.0061,0.00611,223038.0
2023-08-20 15:45:00,0.00612,0.00612,0.0061,0.0061,3979254.0
2023-08-20 16:00:00,0.0061,0.00611,0.00608,0.0061,1033703.0
2023-08-20 16:15:00,0.00609,0.0061,0.00607,0.0061,1220244.0
2023-08-20 16:30:00,0.00609,0.00612,0.00608,0.00612,1131392.0
2023-08-20 16:45:00,0.00612,0.00612,0.0061,0.00612,2089380.0
2023-08-20 17:00:00,0.00613,0.00615,0.00613,0.00615,1587562.0
2023-08-20 17:15:00,0.00615,0.00615,0.00612,0.00612,1483995.0
2023-08-20 17:30:00,0.00612,0.00614,0.00612,0.00614,239194.0
2023-08-20 17:45:00,0.00613,0.00615,0.00611,0.00612,1991025.0
2023-08-20 18:00:00,0.00613,0.00613,0.00612,0.00612,138433.0
2023-08-20 18:15:00,0.00613,0.00616,0.00613,0.00616,2948408.0
2023-08-20 18:30:00,0.00615,0.00617,0.00615,0.00616,2124080.0
2023-08-20 18:45:00,0.00616,0.00616,0.00615,0.00615,147490.0
2023-08-20 19:00:00,0.00615,0.00616,0.00615,0.00616,51897.0
2023-08-20 19:15:00,0.00615,0.00617,0.00615,0.00617,947394.0
2023-08-20 19:30:00,0.00617,0.00617,0.00616,0.00617,497960.0
2023-08-20 19:45:00,0.00616,0.00618,0.00615,0.00617,481830.0
2023-08-20 20:00:00,0.00617,0.00618,0.00615,0.00618,546048.0
2023-08-20 20:15:00,0.00618,0.0062,0.00618,0.00619,630808.0
2023-08-20 20:30:00,0.00619,0.00622,0.00619,0.00622,235085.0
2023-08-20 20:45:00,0.0062,0.0062,0.00619,0.0062,211036.0
2023-08-20 21:00:00,0.00621,0.00623,0.0062,0.0062,808725.0
2023-08-20 21:15:00,0.00619,0.00619,0.00617,0.00618,389302.0
2023-08-20 21:30:00,0.00617,0.00617,0.00615,0.00616,754617.0
2023-08-20 21:45:00,0.00615,0.00617,0.00615,0.00617,595698.0
2023-08-20 22:00:00,0.00617,0.00617,0.00617,0.00617,443435.0
2023-08-20 22:15:00,0.00617,0.00618,0.00617,0.00618,21838.0
2023-08-20 22:30:00,0.00618,0.00619,0.00617,0.00617,307117.0
2023-08-20 22:45:00,0.00617,0.00619,0.00617,0.00618,129110.0
2023-08-20 23:00:00,0.00619,0.00619,0.00616,0.00616,717701.0
2023-08-20 23:15:00,0.00615,0.00617,0.00615,0.00617,265087.0
2023-08-20 23:30:00,0.00618,0.00619,0.00618,0.00619,221218.0
2023-08-20 23:45:00,0.00619,0.00619,0.00616,0.00616,1246215.0
2023-08-21 00:00:00,0.00617,0.00618,0.00617,0.00617,1371488.0
2023-08-21 00:15:00,0.00616,0.00617,0.00616,0.00617,327987.0
2023-08-21 00:30:00,0.00616,0.00619,0.00616,0.00618,1652033.0
2023-08-21 00:45:00,0.00618,0.0062,0.00618,0.0062,560911.0
2023-08-21 01:00:00,0.0062,0.00623,0.00619,0.00621,811813.0
2023-08-21 01:15:00,0.00621,0.00623,0.00621,0.00622,411445.0
2023-08-21 01:30:00,0.00621,0.00621,0.0062,0.0062,1026584.0
2023-08-21 01:45:00,0.0062,0.0062,0.00618,0.00618,562017.0
2023-08-21 02:00:00,0.00619,0.00622,0.00618,0.00619,1997971.0
2023-08-21 02:15:00,0.00619,0.00619,0.00617,0.00617,498648.0
2023-08-21 02:30:00,0.00616,0.00617,0.00616,0.00616,67141.0
2023-08-21 02:45:00,0.00615,0.00615,0.00614,0.00615,1048259.0
2023-08-21 03:00:00,0.00615,0.00615,0.00613,0.00613,356431.0
2023-08-21 03:15:00,0.00613,0.00613,0.00611,0.00612,1039367.0
2023-08-21 03:30:00,0.00613,0.00613,0.00613,0.00613,295292.0
2023-08-21 03:45:00,0.00613,0.00614,0.00613,0.00614,532814.0
2023-08-21 04:00:00,0.00613,0.00613,0.00612,0.00613,307772.0
2023-08-21 04:15:00,0.00613,0.00614,0.00613,0.00613,433570.0
2023-08-21 04:30:00,0.00613,0.00613,0.00611,0.00612,349966.0
2023-08-21 04:45:00,0.00612,0.00613,0.0061,0.0061,512625.0
2023-08-21 05:00:00,0.0061,0.00613,0.0061,0.00611,1016951.0
2023-08-21 05:15:00,0.0061,0.00614,0.0061,0.00614,2098982.0
2023-08-21 05:30:00,0.00615,0.00617,0.00615,0.00616,840893.0
2023-08-21 05:45:00,0.00616,0.0062,0.00616,0.00619,2476058.0
2023-08-21 06:00:00,0.00617,0.00617,0.00616,0.00616,222736.0
2023-08-21 06:15:00,0.00617,0.00618,0.00616,0.00617,330330.0
2023-08-21 06:30:00,0.00616,0.00616,0.00612,0.00612,1503101.0
2023-08-21 06:45:00,0.0061,0.0061,0.00608,0.00609,2000709.0
2023-08-21 07:00:00,0.00608,0.00608,0.00606,0.00606,1002474.0
2023-08-21 07:15:00,0.00607,0.00608,0.00603,0.00603,2651507.0
2023-08-21 07:30:00,0.00603,0.00605,0.00603,0.00604,1945016.0
2023-08-21 07:45:00,0.00604,0.00608,0.00604,0.00607,3286221.0
2023-08-21 08:00:00,0.00606,0.00606,0.00604,0.00604,914181.0
2023-08-21 08:15:00,0.00604,0.00607,0.00602,0.00607,1290922.0
2023-08-21 08:30:00,0.00607,0.00609,0.00605,0.00605,269076.0
2023-08-21 08:45:00,0.00605,0.00606,0.00605,0.00605,866977.0
2023-08-21 09:00:00,0.00606,0.00607,0.00604,0.00607,666757.0
2023-08-21 09:15:00,0.00607,0.00607,0.00606,0.00606,287161.0
2023-08-21 09:30:00,0.00607,0.00607,0.00604,0.00604,415167.0
2023-08-21 09:45:00,0.00603,0.00603,0.006,0.00601,3660011.0
2023-08-21 10:00:00,0.006,0.006,0.00596,0.00599,4931386.0
2023-08-21 10:15:00,0.00598,0.006,0.00597,0.00597,2851652.0
2023-08-21 10:30:00,0.00598,0.00598,0.00595,0.00598,1797792.0
2023-08-21 10:45:00,0.00597,0.00597,0.00593,0.00596,3068433.0
2023-08-21 11:00:00,0.00596,0.00597,0.00596,0.00596,714085.0
2023-08-21 11:15:00,0.00596,0.00599,0.00596,0.00599,403170.0
2023-08-21 11:30:00,0.00599,0.00603,0.00599,0.00603,1838145.0
2023-08-21 11:45:00,0.00603,0.00609,0.00601,0.00609,1563341.0
2023-08-21 12:00:00,0.00608,0.00613,0.00608,0.00611,2304566.0
2023-08-21 12:15:00,0.0061,0.00616,0.0061,0.00611,2935215.0
2023-08-21 12:30:00,0.00611,0.00612,0.00611,0.00612,313956.0
2023-08-21 12:45:00,0.00612,0.00613,0.0061,0.00612,2421765.0
2023-08-21 13:00:00,0.00613,0.00617,0.00612,0.00614,1775227.0
2023-08-21 13:15:00,0.00613,0.00613,0.00606,0.00609,1009972.0
2023-08-21 13:30:00,0.0061,0.00611,0.0061,0.0061,431124.0
2023-08-21 13:45:00,0.00609,0.00613,0.00606,0.00613,3014158.0
2023-08-21 14:00:00,0.00614,0.00616,0.00612,0.00615,1233587.0
2023-08-21 14:15:00,0.00615,0.00615,0.00613,0.00613,1016288.0
2023-08-21 14:30:00,0.00613,0.00613,0.00612,0.00612,25538.0
2023-08-21 14:45:00,0.00613,0.00616,0.00612,0.00614,735909.0
2023-08-21 15:00:00,0.00614,0.00615,0.00611,0.00612,997531.0
2023-08-21 15:15:00,0.00612,0.00613,0.00597,0.00601,2725197.0
2023-08-21 15:30:00,0.00601,0.00612,0.00601,0.00609,1597038.0
2023-08-21 15:45:00,0.00609,0.00611,0.00607,0.00607,1358740.0
2023-08-21 16:00:00,0.00608,0.00609,0.00606,0.00606,387909.0
2023-08-21 16:15:00,0.00607,0.00611,0.00606,0.00608,1284360.0
2023-08-21 16:30:00,0.00607,0.00607,0.00605,0.00606,844193.0
2023-08-21 16:45:00,0.00604,0.00605,0.00603,0.00603,425230.0
2023-08-21 17:00:00,0.00603,0.00604,0.00602,0.00602,450306.0
2023-08-21 17:15:00,0.00601,0.00604,0.00601,0.00604,89642.0
2023-08-21 17:30:00,0.00604,0.00604,0.00602,0.00604,854629.0
2023-08-21 17:45:00,0.00604,0.00604,0.00603,0.00604,101350.0
2023-08-21 18:00:00,0.00604,0.00604,0.00603,0.00603,48816.0
2023-08-21 18:15:00,0.00605,0.00606,0.00605,0.00606,149007.0
2023-08-21 18:30:00,0.00604,0.00606,0.00603,0.00605,388783.0
2023-08-21 18:45:00,0.00607,0.00607,0.00605,0.00605,306661.0
2023-08-21 19:00:00,0.00606,0.00609,0.00605,0.00608,1399391.0
2023-08-21 19:15:00,0.00608,0.00609,0.00608,0.00609,93605.0
2023-08-21 19:30:00,0.00609,0.00612,0.00608,0.00611,764564.0
2023-08-21 19:45:00,0.00611,0.00611,0.00611,0.00611,69551.0
2023-08-21 20:00:00,0.00611,0.00614,0.00611,0.00611,861110.0
2023-08-21 20:15:00,0.00611,0.00611,0.00609,0.0061,593306.0
2023-08-21 20:30:00,0.00611,0.00612,0.0061,0.00611,2792460.0
2023-08-21 20:45:00,0.00611,0.00611,0.00611,0.00611,16216.0
2023-08-21 21:00:00,0.00611,0.00611,0.0061,0.00611,34007.0
2023-08-21 21:15:00,0.0061,0.00611,0.00609,0.0061,520366.0
2023-08-21 21:30:00,0.0061,0.00612,0.0061,0.00611,185749.0
2023-08-21 21:45:00,0.00614,0.00617,0.00612,0.00615,3964083.0
2023-08-21 22:00:00,0.00615,0.00616,0.00614,0.00616,442343.0
2023-08-21 22:15:00,0.00617,0.00619,0.00616,0.00618,3351438.0
2023-08-21 22:30:00,0.00617,0.00617,0.00614,0.00615,2014633.0
2023-08-21 22:45:00,0.00615,0.00616,0.00614,0.00614,564120.0
2023-08-21 23:00:00,0.00613,0.00615,0.00613,0.00615,634267.0
2023-08-21 23:15:00,0.00616,0.00617,0.00616,0.00617,489866.0
2023-08-21 23:30:00,0.00616,0.00617,0.00615,0.00615,326871.0
2023-08-21 23:45:00,0.00614,0.00614,0.00612,0.00612,168231.0
2023-08-22 00:00:00,0.00613,0.00615,0.00613,0.00614,551171.0
2023-08-22 00:15:00,0.00613,0.00613,0.00611,0.00612,733364.0
2023-08-22 00:30:00,0.00612,0.00614,0.00612,0.00613,499686.0
2023-08-22 00:45:00,0.00614,0.00614,0.00613,0.00613,1186201.0
2023-08-22 01:00:00,0.00612,0.00612,0.0061,0.0061,518143.0
2023-08-22 01:15:00,0.00611,0.00612,0.00611,0.00611,128568.0
2023-08-22 01:30:00,0.00612,0.00612,0.0061,0.0061,1504684.0
2023-08-22 01:45:00,0.00612,0.00612,0.00611,0.00611,422338.0
2023-08-22 02:00:00,0.00611,0.00616,0.00611,0.00614,1394509.0
2023-08-22 02:15:00,0.00614,0.00616,0.00614,0.00616,439180.0
2023-08-22 02:30:00,0.00615,0.00618,0.00615,0.00617,1343075.0
2023-08-22 02:45:00,0.00618,0.00626,0.00618,0.00623,7901634.0
2023-08-22 03:00:00,0.00623,0.00632,0.00622,0.00632,15021279.0
2023-08-22 03:15:00,0.00632,0.00633,0.00626,0.00626,12387150.0
2023-08-22 03:30:00,0.00626,0.00632,0.00626,0.00631,6722090.0
2023-08-22 03:45:00,0.00631,0.00631,0.00626,0.00628,4714502.0
2023-08-22 04:00:00,0.00629,0.00637,0.00629,0.00632,8123834.0
2023-08-22 04:15:00,0.00633,0.00635,0.00626,0.00628,4361245.0
2023-08-22 04:30:00,0.00628,0.00629,0.00625,0.00625,4390770.0
2023-08-22 04:45:00,0.00625,0.00627,0.00624,0.00626,2378367.0
2023-08-22 05:00:00,0.00625,0.00634,0.00625,0.00633,2156762.0
2023-08-22 05:15:00,0.00633,0.00635,0.0063,0.00631,2532857.0
2023-08-22 05:30:00,0.00631,0.00635,0.00629,0.00635,1479152.0
2023-08-22 05:45:00,0.00634,0.00635,0.0063,0.00631,1782369.0
2023-08-22 06:00:00,0.00631,0.00634,0.00629,0.00632,2323626.0
2023-08-22 06:15:00,0.00632,0.0064,0.00632,0.00639,7845665.0
2023-08-22 06:30:00,0.0064,0.0064,0.00637,0.00638,5762418.0
2023-08-22 06:45:00,0.00638,0.0064,0.00636,0.0064,5337235.0
2023-08-22 07:00:00,0.00639,0.00642,0.00638,0.00641,3505547.0
2023-08-22 07:15:00,0.00641,0.00647,0.00638,0.00642,9814824.0
2023-08-22 07:30:00,0.00641,0.00642,0.00636,0.00637,1579102.0
2023-08-22 07:45:00,0.00638,0.00639,0.00632,0.00638,7689723.0
2023-08-22 08:00:00,0.00638,0.00638,0.00633,0.00634,1408608.0
2023-08-22 08:15:00,0.00633,0.00639,0.00632,0.00637,6165432.0
2023-08-22 08:30:00,0.00639,0.00648,0.00639,0.00647,7411856.0
2023-08-22 08:45:00,0.00647,0.00652,0.00645,0.00648,7519181.0
2023-08-22 09:00:00,0.00648,0.00665,0.00642,0.00658,33523102.0
2023-08-22 09:15:00,0.00658,0.00675,0.0065,0.00658,41599861.0
2023-08-22 09:30:00,0.00658,0.00658,0.00645,0.00647,16372809.0
2023-08-22 09:45:00,0.00647,0.00656,0.00639,0.00647,34381823.0
2023-08-22 10:00:00,0.00648,0.00663,0.00644,0.00648,12863626.0
2023-08-22 10:15:00,0.00648,0.00658,0.00642,0.00645,29146388.0
2023-08-22 10:30:00,0.00644,0.00646,0.00643,0.00645,1726130.0
2023-08-22 10:45:00,0.00645,0.00646,0.00638,0.00642,1968268.0
2023-08-22 11:00:00,0.00642,0.00642,0.00636,0.00637,3163932.0
2023-08-22 11:15:00,0.00637,0.00642,0.00635,0.00636,8761271.0
2023-08-22 11:30:00,0.00636,0.00637,0.00631,0.00631,5771551.0
2023-08-22 11:45:00,0.00632,0.00634,0.00628,0.00632,11912995.0
2023-08-22 12:00:00,0.00631,0.00631,0.00625,0.00629,7139924.0
2023-08-22 12:15:00,0.00629,0.00631,0.00628,0.0063,2354062.0
2023-08-22 12:30:00,0.00631,0.00643,0.00631,0.00639,10852777.0
2023-08-22 12:45:00,0.00638,0.00638,0.00634,0.00634,2494601.0
2023-08-22 13:00:00,0.00635,0.00636,0.00633,0.00633,903355.0
2023-08-22 13:15:00,0.00632,0.00634,0.0063,0.00631,1345633.0
2023-08-22 13:30:00,0.0063,0.0063,0.00624,0.00629,12320286.0
2023-08-22 13:45:00,0.00629,0.00629,0.00625,0.00626,3186523.0
2023-08-22 14:00:00,0.00627,0.00631,0.00625,0.00631,2711972.0
2023-08-22 14:15:00,0.00632,0.00632,0.0063,0.00632,578032.0
2023-08-22 14:30:00,0.00632,0.00633,0.00629,0.00631,2402178.0
2023-08-22 14:45:00,0.00631,0.00632,0.00629,0.00631,772407.0
2023-08-22 15:00:00,0.0063,0.00631,0.00629,0.0063,788962.0
2023-08-22 15:15:00,0.00629,0.00632,0.00628,0.0063,907363.0
2023-08-22 15:30:00,0.0063,0.0063,0.00629,0.00629,166462.0
2023-08-22 15:45:00,0.00628,0.00629,0.00625,0.00626,2926217.0
2023-08-22 16:00:00,0.00626,0.00627,0.00624,0.00625,1579540.0
2023-08-22 16:15:00,0.00626,0.00627,0.00621,0.00622,3017510.0
2023-08-22 16:30:00,0.00622,0.00633,0.0062,0.0063,4553031.0
2023-08-22 16:45:00,0.0063,0.00632,0.00628,0.0063,2284031.0
2023-08-22 17:00:00,0.00632,0.00636,0.00631,0.00632,4326465.0
2023-08-22 17:15:00,0.00631,0.00631,0.00627,0.00627,5134888.0
2023-08-22 17:30:00,0.00627,0.00627,0.00616,0.00618,9420043.0
2023-08-22 17:45:00,0.00619,0.0062,0.00612,0.00613,6685175.0
2023-08-22 18:00:00,0.00612,0.00615,0.00608,0.0061,2501219.0
2023-08-22 18:15:00,0.0061,0.00615,0.0061,0.00614,2337065.0
2023-08-22 18:30:00,0.00614,0.00624,0.00614,0.00624,5106392.0
2023-08-22 18:45:00,0.00623,0.00625,0.00623,0.00624,538603.0
2023-08-22 19:00:00,0.00623,0.00627,0.00622,0.00625,1498380.0
2023-08-22 19:15:00,0.00624,0.00624,0.00622,0.00622,417317.0
2023-08-22 19:30:00,0.00622,0.00622,0.00618,0.0062,4980509.0
2023-08-22 19:45:00,0.0062,0.00621,0.00617,0.00618,972925.0
2023-08-22 20:00:00,0.00619,0.0062,0.00617,0.00618,902701.0
2023-08-22 20:15:00,0.00619,0.00621,0.00618,0.00621,450288.0
2023-08-22 20:30:00,0.00621,0.00622,0.00619,0.00621,476445.0
2023-08-22 20:45:00,0.00621,0.00623,0.00619,0.00622,330483.0
2023-08-22 21:00:00,0.00623,0.00623,0.00614,0.00616,13801893.0
2023-08-22 21:15:00,0.00616,0.00618,0.00597,0.00606,7747537.0
2023-08-22 21:30:00,0.00607,0.00615,0.00607,0.00615,4902996.0
2023-08-22 21:45:00,0.00615,0.00616,0.00614,0.00616,1372850.0
2023-08-22 22:00:00,0.00616,0.00618,0.00615,0.00615,1556329.0
2023-08-22 22:15:00,0.00616,0.00619,0.00614,0.00618,3719899.0
2023-08-22 22:30:00,0.00618,0.00621,0.00618,0.00619,1370007.0
2023-08-22 22:45:00,0.0062,0.00621,0.00619,0.00621,710815.0
2023-08-22 23:00:00,0.00621,0.00629,0.00621,0.00628,2632792.0
2023-08-22 23:15:00,0.00627,0.00631,0.00627,0.00628,4365404.0
2023-08-22 23:30:00,0.00628,0.00633,0.00628,0.00631,1840782.0
2023-08-22 23:45:00,0.00631,0.00634,0.0063,0.00634,1057333.0
2023-08-23 00:00:00,0.00633,0.00633,0.00629,0.0063,1675672.0
2023-08-23 00:15:00,0.00631,0.00634,0.00631,0.00631,2736390.0
2023-08-23 00:30:00,0.00631,0.00634,0.00629,0.00634,1814983.0
2023-08-23 00:45:00,0.00634,0.00636,0.00632,0.00632,5124536.0
2023-08-23 01:00:00,0.00632,0.00634,0.00629,0.0063,2476221.0
2023-08-23 01:15:00,0.0063,0.00632,0.00628,0.00632,4751804.0
2023-08-23 01:30:00,0.00632,0.00636,0.00631,0.00636,2612387.0
2023-08-23 01:45:00,0.00636,0.00636,0.00631,0.00632,1515066.0
2023-08-23 02:00:00,0.00632,0.00637,0.00631,0.00631,4258841.0
2023-08-23 02:15:00,0.00631,0.00633,0.00631,0.00633,1789101.0
2023-08-23 02:30:00,0.00634,0.00635,0.00633,0.00635,1230050.0
2023-08-23 02:45:00,0.00636,0.00636,0.00632,0.00632,913108.0
2023-08-23 03:00:00,0.00633,0.00634,0.00629,0.00629,1766083.0
2023-08-23 03:15:00,0.00629,0.0063,0.00627,0.00627,1283772.0
2023-08-23 03:30:00,0.00627,0.00628,0.00625,0.00626,2269912.0
2023-08-23 03:45:00,0.00625,0.00627,0.00624,0.00625,979247.0
2023-08-23 04:00:00,0.00625,0.00625,0.00621,0.00622,1996574.0
2023-08-23 04:15:00,0.00623,0.00625,0.00622,0.00624,2369235.0
2023-08-23 04:30:00,0.00624,0.00624,0.00623,0.00624,738581.0
2023-08-23 04:45:00,0.00623,0.00625,0.00622,0.00625,1527512.0
2023-08-23 05:00:00,0.00624,0.00624,0.0062,0.00621,1013116.0
2023-08-23 05:15:00,0.0062,0.0062,0.00617,0.00618,949893.0
2023-08-23 05:30:00,0.00617,0.00619,0.00616,0.00619,1156306.0
2023-08-23 05:45:00,0.00618,0.00621,0.00618,0.00621,2253454.0
2023-08-23 06:00:00,0.0062,0.00621,0.00619,0.00621,1243202.0
2023-08-23 06:15:00,0.0062,0.00621,0.0062,0.0062,447416.0
2023-08-23 06:30:00,0.00619,0.00625,0.00617,0.00625,5079909.0
2023-08-23 06:45:00,0.00626,0.00629,0.00623,0.00623,9719714.0
2023-08-23 07:00:00,0.00623,0.00635,0.00622,0.00626,17763146.0
2023-08-23 07:15:00,0.00626,0.00642,0.00626,0.00641,15268215.0
2023-08-23 07:30:00,0.00641,0.00644,0.00638,0.00639,9357633.0
2023-08-23 07:45:00,0.0064,0.00643,0.00638,0.00639,4304710.0
2023-08-23 08:00:00,0.00639,0.00641,0.00635,0.00641,3642586.0
2023-08-23 08:15:00,0.0064,0.00641,0.00637,0.00637,432800.0
2023-08-23 08:30:00,0.00638,0.00638,0.00636,0.00636,1410303.0
2023-08-23 08:45:00,0.00635,0.00637,0.00634,0.00636,1219742.0
2023-08-23 09:00:00,0.00636,0.00637,0.00632,0.00635,1202082.0
2023-08-23 09:15:00,0.00635,0.00635,0.0063,0.00633,1459555.0
2023-08-23 09:30:00,0.00633,0.00634,0.00631,0.00634,2835434.0
2023-08-23 09:45:00,0.00634,0.00637,0.00632,0.00632,2022659.0
2023-08-23 10:00:00,0.00632,0.0064,0.00629,0.00631,11873250.0
2023-08-23 10:15:00,0.00631,0.00638,0.00624,0.00625,15522826.0
2023-08-23 10:30:00,0.00625,0.00627,0.00622,0.00625,2306497.0
2023-08-23 10:45:00,0.00625,0.00626,0.00621,0.00622,4427404.0
2023-08-23 11:00:00,0.00622,0.00623,0.00617,0.00618,3189864.0
2023-08-23 11:15:00,0.00619,0.0062,0.00618,0.00619,795385.0
2023-08-23 11:30:00,0.00618,0.00625,0.00618,0.00623,5480193.0
2023-08-23 11:45:00,0.00624,0.00627,0.00623,0.00626,5151548.0
2023-08-23 12:00:00,0.00626,0.00626,0.00624,0.00626,2409981.0
2023-08-23 12:15:00,0.00626,0.00627,0.00624,0.00626,5541240.0
2023-08-23 12:30:00,0.00626,0.00626,0.00624,0.00624,2513464.0
2023-08-23 12:45:00,0.00624,0.00625,0.00623,0.00623,2928050.0
2023-08-23 13:00:00,0.00623,0.00625,0.00621,0.00622,3278625.0
2023-08-23 13:15:00,0.00622,0.00624,0.00622,0.00623,966853.0
2023-08-23 13:30:00,0.00623,0.00625,0.00622,0.00625,1450445.0
2023-08-23 13:45:00,0.00625,0.00629,0.00624,0.00628,6526943.0
2023-08-23 14:00:00,0.00628,0.00632,0.00627,0.00627,3423720.0
2023-08-23 14:15:00,0.00627,0.00631,0.00626,0.00631,1629792.0
2023-08-23 14:30:00,0.00631,0.00633,0.0063,0.00633,1504333.0
2023-08-23 14:45:00,0.00633,0.00634,0.00631,0.00633,1430103.0
2023-08-23 15:00:00,0.00633,0.00638,0.00633,0.00637,1094542.0
2023-08-23 15:15:00,0.00637,0.00639,0.00636,0.00637,1840817.0
2023-08-23 15:30:00,0.00637,0.00639,0.00635,0.00638,2700692.0
2023-08-23 15:45:00,0.00638,0.00642,0.00638,0.0064,1036067.0
2023-08-23 16:00:00,0.0064,0.00643,0.00638,0.0064,1117358.0
2023-08-23 16:15:00,0.0064,0.00652,0.0064,0.00648,5113745.0
2023-08-23 16:30:00,0.00648,0.00657,0.00648,0.00654,8004507.0
2023-08-23 16:45:00,0.00653,0.00659,0.00652,0.00652,6154279.0
2023-08-23 17:00:00,0.00654,0.00658,0.00651,0.00655,5013189.0
2023-08-23 17:15:00,0.00656,0.0066,0.00653,0.00657,2497381.0
2023-08-23 17:30:00,0.00658,0.00659,0.00656,0.00657,1190572.0
2023-08-23 17:45:00,0.00656,0.00657,0.00655,0.00655,1396130.0
2023-08-23 18:00:00,0.00657,0.00658,0.00655,0.00656,717891.0
2023-08-23 18:15:00,0.00656,0.00657,0.00653,0.00653,1255616.0
2023-08-23 18:30:00,0.00654,0.00657,0.00654,0.00654,1997175.0
2023-08-23 18:45:00,0.00654,0.00654,0.00649,0.00652,2829921.0
2023-08-23 19:00:00,0.00652,0.00654,0.00651,0.00652,2080276.0
2023-08-23 19:15:00,0.00653,0.00653,0.00649,0.00651,2096290.0
2023-08-23 19:30:00,0.00651,0.00655,0.0065,0.00653,3908724.0
2023-08-23 19:45:00,0.00653,0.00657,0.00653,0.00654,1787459.0
2023-08-23 20:00:00,0.00654,0.00657,0.00651,0.00652,1615805.0
2023-08-23 20:15:00,0.00651,0.00657,0.00651,0.00655,1159332.0
2023-08-23 20:30:00,0.00656,0.00657,0.00654,0.00657,1368250.0
2023-08-23 20:45:00,0.00656,0.00656,0.00654,0.00654,634502.0
2023-08-23 21:00:00,0.00653,0.00654,0.00651,0.00653,754208.0
2023-08-23 21:15:00,0.00653,0.00661,0.00653,0.00654,18086648.0
2023-08-23 21:30:00,0.00654,0.00654,0.00649,0.0065,3974699.0
2023-08-23 21:45:00,0.0065,0.0065,0.00642,0.00644,8383564.0
2023-08-23 22:00:00,0.00644,0.00649,0.00643,0.00649,3409706.0
2023-08-23 22:15:00,0.00648,0.00649,0.00647,0.00647,511605.0
2023-08-23 22:30:00,0.00647,0.00647,0.00645,0.00645,1293424.0
2023-08-23 22:45:00,0.00645,0.00646,0.00645,0.00646,1725476.0
2023-08-23 23:00:00,0.00646,0.00647,0.00645,0.00645,299524.0
2023-08-23 23:15:00,0.00644,0.00647,0.00644,0.00644,674826.0
2023-08-23 23:30:00,0.00645,0.00645,0.00642,0.00643,1851297.0
2023-08-23 23:45:00,0.00642,0.00644,0.00641,0.00644,741667.0
2023-08-24 00:00:00,0.00645,0.00645,0.00642,0.00643,2517254.0
2023-08-24 00:15:00,0.00642,0.00642,0.00639,0.00641,1696429.0
2023-08-24 00:30:00,0.00641,0.00641,0.0064,0.00641,344586.0
2023-08-24 00:45:00,0.00642,0.00643,0.00641,0.00643,1014007.0
2023-08-24 01:00:00,0.00643,0.00644,0.00642,0.00642,671408.0
2023-08-24 01:15:00,0.00642,0.00642,0.00638,0.00641,1553324.0
2023-08-24 01:30:00,0.00641,0.00643,0.0064,0.00641,731761.0
2023-08-24 01:45:00,0.00641,0.00643,0.00641,0.00642,1737444.0
2023-08-24 02:00:00,0.00642,0.00644,0.00642,0.00643,829692.0
2023-08-24 02:15:00,0.00642,0.00644,0.00642,0.00643,1545829.0
2023-08-24 02:30:00,0.00642,0.00646,0.00642,0.00646,2757706.0
2023-08-24 02:45:00,0.00645,0.00654,0.00644,0.00649,10100776.0
2023-08-24 03:00:00,0.0065,0.00652,0.00645,0.00646,7708345.0
2023-08-24 03:15:00,0.00645,0.00652,0.00644,0.00649,7119849.0
2023-08-24 03:30:00,0.0065,0.00653,0.00647,0.00647,16120968.0
2023-08-24 03:45:00,0.00648,0.00648,0.00646,0.00646,647039.0
2023-08-24 04:00:00,0.00647,0.00648,0.00645,0.00646,437259.0
2023-08-24 04:15:00,0.00646,0.00646,0.00643,0.00644,497726.0
2023-08-24 04:30:00,0.00643,0.00658,0.00642,0.00647,17774787.0
2023-08-24 04:45:00,0.00647,0.0065,0.00647,0.0065,989917.0
2023-08-24 05:00:00,0.0065,0.00653,0.0065,0.00653,180817.0
2023-08-24 05:15:00,0.00653,0.00654,0.00652,0.00654,93065.0
2023-08-24 05:30:00,0.00652,0.00652,0.00651,0.00652,494142.0
2023-08-24 05:45:00,0.00652,0.00653,0.0065,0.00653,1011364.0
2023-08-24 06:00:00,0.00652,0.00652,0.0065,0.00651,254587.0
2023-08-24 06:15:00,0.00651,0.00655,0.0065,0.00655,764256.0
2023-08-24 06:30:00,0.00655,0.00658,0.00655,0.00657,1176524.0
2023-08-24 06:45:00,0.00657,0.00657,0.00655,0.00656,1767869.0
2023-08-24 07:00:00,0.00657,0.00659,0.00656,0.00656,1292433.0
2023-08-24 07:15:00,0.00656,0.00659,0.00656,0.00658,675931.0
2023-08-24 07:30:00,0.00658,0.00667,0.00657,0.00663,4499184.0
2023-08-24 07:45:00,0.00662,0.00663,0.00657,0.0066,1710450.0
2023-08-24 08:00:00,0.00659,0.00666,0.00656,0.00664,5442446.0
2023-08-24 08:15:00,0.00664,0.00665,0.0066,0.0066,2681752.0
2023-08-24 08:30:00,0.0066,0.00661,0.00658,0.00659,1368216.0
2023-08-24 08:45:00,0.0066,0.0066,0.00656,0.00658,1621700.0
2023-08-24 09:00:00,0.00659,0.00663,0.00659,0.00659,2069035.0
2023-08-24 09:15:00,0.00659,0.00661,0.00658,0.0066,1061073.0
2023-08-24 09:30:00,0.00659,0.00659,0.00656,0.00657,1367151.0
2023-08-24 09:45:00,0.00657,0.0066,0.00656,0.00659,1352440.0
2023-08-24 10:00:00,0.00659,0.00672,0.00659,0.00659,5555363.0
2023-08-24 10:15:00,0.00658,0.00662,0.00656,0.00659,3351011.0
2023-08-24 10:30:00,0.00659,0.00662,0.00657,0.00657,757712.0
2023-08-24 10:45:00,0.00656,0.0066,0.00655,0.00659,2055112.0
2023-08-24 11:00:00,0.00659,0.00661,0.00657,0.00659,1029797.0
2023-08-24 11:15:00,0.00658,0.00661,0.00658,0.0066,634515.0
2023-08-24 11:30:00,0.00659,0.00666,0.00659,0.00664,3790849.0
2023-08-24 11:45:00,0.00662,0.00663,0.00658,0.0066,9751157.0
2023-08-24 12:00:00,0.0066,0.0066,0.00655,0.00656,2855923.0
2023-08-24 12:15:00,0.00656,0.00658,0.00656,0.00658,1309104.0
2023-08-24 12:30:00,0.00657,0.00659,0.00656,0.00657,267083.0
2023-08-24 12:45:00,0.00657,0.0066,0.00656,0.00658,2073244.0
2023-08-24 13:00:00,0.00658,0.00664,0.00658,0.00664,7302678.0
2023-08-24 13:15:00,0.00664,0.00668,0.00661,0.00665,8406289.0
2023-08-24 13:30:00,0.00664,0.00668,0.00662,0.00665,5351569.0
2023-08-24 13:45:00,0.00664,0.00667,0.00661,0.00665,2026213.0
2023-08-24 14:00:00,0.00665,0.00665,0.00661,0.00662,1601907.0
2023-08-24 14:15:00,0.00663,0.00663,0.00659,0.00661,892907.0
2023-08-24 14:30:00,0.0066,0.00677,0.00652,0.00653,48622170.0
2023-08-24 14:45:00,0.00653,0.00667,0.00653,0.00654,24282038.0
2023-08-24 15:00:00,0.00655,0.00656,0.0065,0.00652,8094397.0
2023-08-24 15:15:00,0.00652,0.00655,0.0065,0.00653,3349441.0
2023-08-24 15:30:00,0.00652,0.00656,0.00652,0.00655,1888777.0
2023-08-24 15:45:00,0.00656,0.00656,0.00652,0.00652,1355353.0
2023-08-24 16:00:00,0.00654,0.00655,0.00653,0.00655,633434.0
2023-08-24 16:15:00,0.00655,0.00657,0.00655,0.00655,566784.0
2023-08-24 16:30:00,0.00656,0.00661,0.00655,0.0066,867101.0
2023-08-24 16:45:00,0.00661,0.00665,0.0066,0.00661,2706078.0
2023-08-24 17:00:00,0.00662,0.00663,0.0066,0.00661,925012.0
2023-08-24 17:15:00,0.00662,0.00669,0.00658,0.00659,21888352.0
2023-08-24 17:30:00,0.00658,0.00659,0.00655,0.00656,2964623.0
2023-08-24 17:45:00,0.00656,0.0066,0.00653,0.00656,2288332.0
2023-08-24 18:00:00,0.00656,0.00656,0.00646,0.00646,1975004.0
2023-08-24 18:15:00,0.00646,0.00651,0.00646,0.00651,2644765.0
2023-08-24 18:30:00,0.00651,0.00652,0.00649,0.0065,1320953.0
2023-08-24 18:45:00,0.0065,0.00654,0.0065,0.00652,2398364.0
2023-08-24 19:00:00,0.00651,0.00655,0.00651,0.00655,2327714.0
2023-08-24 19:15:00,0.00654,0.00657,0.00652,0.00657,2757566.0
2023-08-24 19:30:00,0.00657,0.00657,0.00653,0.00654,2173384.0
2023-08-24 19:45:00,0.00653,0.00653,0.0065,0.0065,2131926.0
2023-08-24 20:00:00,0.00651,0.00651,0.00645,0.00649,2942522.0
2023-08-24 20:15:00,0.00649,0.0065,0.00648,0.00649,503691.0
2023-08-24 20:30:00,0.00649,0.00649,0.00647,0.00648,1778637.0
2023-08-24 20:45:00,0.00647,0.00648,0.0064,0.00645,4440834.0
2023-08-24 21:00:00,0.00645,0.00647,0.00644,0.00647,929169.0
2023-08-24 21:15:00,0.00647,0.00651,0.00647,0.0065,2724810.0
2023-08-24 21:30:00,0.00651,0.00652,0.0065,0.00652,1004300.0
2023-08-24 21:45:00,0.00652,0.00654,0.00651,0.00652,1108336.0
2023-08-24 22:00:00,0.00652,0.00652,0.00646,0.00648,1242590.0
2023-08-24 22:15:00,0.00647,0.00648,0.00644,0.00648,2189979.0
2023-08-24 22:30:00,0.00647,0.00647,0.00646,0.00646,78895.0
2023-08-24 22:45:00,0.00646,0.00654,0.00646,0.0065,2430175.0
2023-08-24 23:00:00,0.00651,0.00678,0.00646,0.0065,51053265.0
2023-08-24 23:15:00,0.0065,0.00658,0.00649,0.00657,6602208.0
2023-08-24 23:30:00,0.00657,0.00664,0.00655,0.00664,5489079.0
2023-08-24 23:45:00,0.00662,0.0067,0.0066,0.00666,3798228.0
2023-08-25 00:00:00,0.00666,0.00677,0.00665,0.0067,7128235.0
2023-08-25 00:15:00,0.0067,0.00672,0.00667,0.00671,2859058.0
2023-08-25 00:30:00,0.00671,0.0068,0.00668,0.00676,10967079.0
2023-08-25 00:45:00,0.00676,0.00677,0.00669,0.0067,2128147.0
2023-08-25 01:00:00,0.00671,0.00674,0.00669,0.00673,929505.0
2023-08-25 01:15:00,0.00672,0.00675,0.00669,0.00674,845296.0
2023-08-25 01:30:00,0.00674,0.00675,0.00669,0.00669,1283521.0
2023-08-25 01:45:00,0.0067,0.0067,0.00663,0.00666,2015614.0
2023-08-25 02:00:00,0.00665,0.00665,0.0066,0.00661,566224.0
2023-08-25 02:15:00,0.0066,0.00665,0.0066,0.00665,1296163.0
2023-08-25 02:30:00,0.00665,0.00665,0.00659,0.00661,3259597.0
2023-08-25 02:45:00,0.00661,0.00661,0.00655,0.00655,3580502.0
2023-08-25 03:00:00,0.00655,0.00659,0.00654,0.00658,1596499.0
2023-08-25 03:15:00,0.00659,0.00659,0.00644,0.00649,7695110.0
2023-08-25 03:30:00,0.00649,0.0065,0.00647,0.0065,1599043.0
2023-08-25 03:45:00,0.00648,0.00648,0.00644,0.00646,1041436.0
2023-08-25 04:00:00,0.00645,0.00645,0.00632,0.00634,10388925.0
2023-08-25 04:15:00,0.00633,0.00633,0.00624,0.00625,10398120.0
2023-08-25 04:30:00,0.00625,0.00626,0.0062,0.0062,9482408.0
2023-08-25 04:45:00,0.00621,0.00626,0.00618,0.00626,4644950.0
2023-08-25 05:00:00,0.00626,0.00626,0.00624,0.00626,298533.0
2023-08-25 05:15:00,0.00626,0.00634,0.00626,0.00634,13588932.0
2023-08-25 05:30:00,0.00634,0.00635,0.00628,0.00629,20918895.0
2023-08-25 05:45:00,0.00629,0.00629,0.00627,0.00628,1211823.0
2023-08-25 06:00:00,0.00628,0.00629,0.00623,0.00625,4819043.0
2023-08-25 06:15:00,0.00624,0.00632,0.00618,0.00619,23928950.0
2023-08-25 06:30:00,0.00619,0.00619,0.00614,0.00615,4719716.0
2023-08-25 06:45:00,0.00616,0.00617,0.00614,0.00616,1517734.0
2023-08-25 07:00:00,0.00616,0.00623,0.00616,0.00621,6202689.0
2023-08-25 07:15:00,0.00623,0.00624,0.0062,0.00622,1873494.0
2023-08-25 07:30:00,0.00622,0.00622,0.00619,0.00619,1059131.0
2023-08-25 07:45:00,0.00619,0.0062,0.00618,0.00619,1662629.0
2023-08-25 08:00:00,0.00618,0.00627,0.00618,0.00626,6120626.0
2023-08-25 08:15:00,0.00627,0.0064,0.00627,0.00637,14420711.0
2023-08-25 08:30:00,0.00638,0.00643,0.00638,0.00639,12047973.0
2023-08-25 08:45:00,0.00639,0.00639,0.00633,0.00634,7484180.0
2023-08-25 09:00:00,0.00634,0.00635,0.00632,0.00635,3671649.0
2023-08-25 09:15:00,0.00635,0.00638,0.00635,0.00637,2397869.0
2023-08-25 09:30:00,0.00637,0.00637,0.00634,0.00634,2093657.0
2023-08-25 09:45:00,0.00635,0.00636,0.00634,0.00636,2173545.0
2023-08-25 10:00:00,0.00636,0.00636,0.00633,0.00633,740080.0
2023-08-25 10:15:00,0.00633,0.00639,0.00633,0.00635,2398902.0
2023-08-25 10:30:00,0.00634,0.00637,0.00634,0.00636,1100333.0
2023-08-25 10:45:00,0.00636,0.00637,0.00635,0.00635,522563.0
2023-08-25 11:00:00,0.00636,0.00639,0.00636,0.00636,5649839.0
2023-08-25 11:15:00,0.00636,0.00639,0.00636,0.00638,1911142.0
2023-08-25 11:30:00,0.00637,0.00638,0.00636,0.00636,1141190.0
2023-08-25 11:45:00,0.00635,0.00635,0.00634,0.00634,2172574.0
2023-08-25 12:00:00,0.00635,0.00636,0.00633,0.00635,643992.0
2023-08-25 12:15:00,0.00636,0.00636,0.00633,0.00633,1341320.0
2023-08-25 12:30:00,0.00633,0.00637,0.00633,0.00635,1639270.0
2023-08-25 12:45:00,0.00636,0.00636,0.00634,0.00634,1357696.0
2023-08-25 13:00:00,0.00635,0.0064,0.00635,0.00638,1972698.0
2023-08-25 13:15:00,0.00639,0.00639,0.00635,0.00635,2584864.0
2023-08-25 13:30:00,0.00636,0.00637,0.00634,0.00634,2128011.0
2023-08-25 13:45:00,0.00634,0.00636,0.00631,0.00633,2781228.0
2023-08-25 14:00:00,0.00631,0.00636,0.00629,0.00634,4628841.0
2023-08-25 14:15:00,0.00634,0.00642,0.00634,0.00639,8844174.0
2023-08-25 14:30:00,0.00638,0.00639,0.00633,0.00633,2251457.0
2023-08-25 14:45:00,0.00633,0.00636,0.00631,0.00631,4804625.0
2023-08-25 15:00:00,0.00632,0.0064,0.0063,0.00636,7790483.0
2023-08-25 15:15:00,0.00635,0.00644,0.00635,0.00644,3211483.0
2023-08-25 15:30:00,0.00643,0.00646,0.0064,0.00645,2204627.0
2023-08-25 15:45:00,0.00645,0.00649,0.00644,0.00645,2536449.0
2023-08-25 16:00:00,0.00644,0.00646,0.00636,0.00638,7721953.0
2023-08-25 16:15:00,0.00638,0.00639,0.00636,0.00637,3573277.0
2023-08-25 16:30:00,0.00637,0.00639,0.00633,0.00634,1889246.0
2023-08-25 16:45:00,0.00633,0.00633,0.00628,0.0063,6207272.0
2023-08-25 17:00:00,0.0063,0.00633,0.0063,0.0063,2600071.0
2023-08-25 17:15:00,0.0063,0.0063,0.00629,0.00629,246437.0
2023-08-25 17:30:00,0.0063,0.0063,0.00628,0.00629,433187.0
2023-08-25 17:45:00,0.00628,0.00629,0.00627,0.00628,680040.0
2023-08-25 18:00:00,0.00628,0.00631,0.00627,0.00631,6373829.0
2023-08-25 18:15:00,0.00632,0.00633,0.0063,0.00632,322045.0
2023-08-25 18:30:00,0.00633,0.00633,0.00632,0.00633,40635.0
2023-08-25 18:45:00,0.00632,0.00636,0.00632,0.00634,628455.0
2023-08-25 19:00:00,0.00634,0.00636,0.00634,0.00635,918778.0
2023-08-25 19:15:00,0.00635,0.00635,0.0063,0.0063,3985064.0
2023-08-25 19:30:00,0.00629,0.00629,0.00626,0.00628,1575340.0
2023-08-25 19:45:00,0.00629,0.00629,0.00627,0.00627,1217038.0
2023-08-25 20:00:00,0.00627,0.00629,0.00627,0.00628,705172.0
2023-08-25 20:15:00,0.00628,0.00629,0.00627,0.00627,569908.0
2023-08-25 20:30:00,0.00627,0.00628,0.00625,0.00626,1055321.0
2023-08-25 20:45:00,0.00627,0.00628,0.00627,0.00628,317927.0
2023-08-25 21:00:00,0.00628,0.00629,0.00626,0.00629,1044980.0
2023-08-25 21:15:00,0.00628,0.00628,0.00628,0.00628,162361.0
2023-08-25 21:30:00,0.00628,0.00629,0.00626,0.00629,602663.0
2023-08-25 21:45:00,0.0063,0.00631,0.0063,0.0063,604545.0
2023-08-25 22:00:00,0.0063,0.00632,0.0063,0.00631,368717.0
2023-08-25 22:15:00,0.00631,0.00631,0.00628,0.00629,912318.0
2023-08-25 22:30:00,0.00629,0.0063,0.00629,0.00629,257969.0
2023-08-25 22:45:00,0.00629,0.00629,0.00629,0.00629,0.0
2023-08-25 23:00:00,0.0063,0.0063,0.0063,0.0063,113288.0
2023-08-25 23:15:00,0.0063,0.0063,0.0063,0.0063,430207.0
2023-08-25 23:30:00,0.00631,0.00634,0.00631,0.00634,918626.0
2023-08-25 23:45:00,0.00634,0.00635,0.00634,0.00635,201882.0
2023-08-26 00:00:00,0.00634,0.00634,0.00632,0.00632,617335.0
2023-08-26 00:15:00,0.00632,0.00633,0.00631,0.00632,343265.0
2023-08-26 00:30:00,0.00633,0.00633,0.00631,0.00632,213187.0
2023-08-26 00:45:00,0.00633,0.00635,0.00633,0.00634,562408.0
2023-08-26 01:00:00,0.00635,0.00636,0.00635,0.00636,106369.0
2023-08-26 01:15:00,0.00637,0.00637,0.00636,0.00636,28997.0
2023-08-26 01:30:00,0.00636,0.00636,0.00635,0.00635,317706.0
2023-08-26 01:45:00,0.00635,0.00635,0.00635,0.00635,939861.0
2023-08-26 02:00:00,0.00635,0.00635,0.00634,0.00635,1824825.0
2023-08-26 02:15:00,0.00635,0.00636,0.00632,0.00633,759224.0
2023-08-26 02:30:00,0.00633,0.00634,0.00633,0.00634,372252.0
2023-08-26 02:45:00,0.00634,0.00635,0.00634,0.00635,89634.0
2023-08-26 03:00:00,0.00636,0.0064,0.00635,0.00638,2222241.0
2023-08-26 03:15:00,0.00638,0.00638,0.00635,0.00638,709656.0
2023-08-26 03:30:00,0.00638,0.00641,0.00638,0.00641,2087071.0
2023-08-26 03:45:00,0.00642,0.00653,0.00642,0.00649,10800867.0
2023-08-26 04:00:00,0.00649,0.00656,0.00649,0.00654,7267793.0
2023-08-26 04:15:00,0.00654,0.00656,0.00651,0.00653,1214742.0
2023-08-26 04:30:00,0.00653,0.00656,0.00653,0.00656,745450.0
2023-08-26 04:45:00,0.00656,0.00656,0.00654,0.00655,667601.0
2023-08-26 05:00:00,0.00654,0.00654,0.00653,0.00654,453051.0
2023-08-26 05:15:00,0.00655,0.00657,0.00655,0.00656,636683.0
2023-08-26 05:30:00,0.00656,0.00657,0.00653,0.00653,599350.0
2023-08-26 05:45:00,0.00653,0.00658,0.00653,0.00657,625587.0
2023-08-26 06:00:00,0.00656,0.00656,0.00653,0.00655,788540.0
2023-08-26 06:15:00,0.00655,0.00663,0.00655,0.00663,2966972.0
2023-08-26 06:30:00,0.00661,0.00664,0.00661,0.00662,2233524.0
2023-08-26 06:45:00,0.00662,0.00665,0.0066,0.00662,4610897.0
2023-08-26 07:00:00,0.00662,0.00664,0.00658,0.00661,3540362.0
2023-08-26 07:15:00,0.00661,0.00662,0.00658,0.00661,2251462.0
2023-08-26 07:30:00,0.0066,0.00664,0.0066,0.00664,1740080.0
2023-08-26 07:45:00,0.00663,0.00665,0.00661,0.00663,1156670.0
2023-08-26 08:00:00,0.00663,0.00664,0.0066,0.00662,2107828.0
2023-08-26 08:15:00,0.00662,0.00663,0.0066,0.00661,545346.0
2023-08-26 08:30:00,0.0066,0.0066,0.00654,0.00657,3606299.0
2023-08-26 08:45:00,0.00657,0.00657,0.00652,0.00654,915420.0
2023-08-26 09:00:00,0.00654,0.00656,0.00652,0.00654,669932.0
2023-08-26 09:15:00,0.00655,0.00656,0.00654,0.00655,340678.0
2023-08-26 09:30:00,0.00655,0.00655,0.00653,0.00653,256046.0
2023-08-26 09:45:00,0.00653,0.00653,0.00651,0.00651,266112.0
2023-08-26 10:00:00,0.00652,0.00654,0.00652,0.00653,2743255.0
2023-08-26 10:15:00,0.00652,0.00655,0.00651,0.00653,3564390.0
2023-08-26 10:30:00,0.00652,0.00653,0.0065,0.00652,2992657.0
2023-08-26 10:45:00,0.00653,0.00654,0.00652,0.00652,1466879.0
2023-08-26 11:00:00,0.00651,0.00654,0.00651,0.00654,301365.0
2023-08-26 11:15:00,0.00654,0.00655,0.00653,0.00654,240301.0
2023-08-26 11:30:00,0.00654,0.00654,0.00653,0.00653,163808.0
2023-08-26 11:45:00,0.00654,0.00659,0.00654,0.00659,4279333.0
2023-08-26 12:00:00,0.00658,0.00658,0.00654,0.00654,4471529.0
2023-08-26 12:15:00,0.00654,0.00657,0.00653,0.00655,937592.0
2023-08-26 12:30:00,0.00655,0.00657,0.00654,0.00654,564055.0
2023-08-26 12:45:00,0.00653,0.00654,0.00651,0.00651,1292511.0
2023-08-26 13:00:00,0.00652,0.00654,0.00652,0.00652,161035.0
2023-08-26 13:15:00,0.00652,0.00653,0.00652,0.00652,213791.0
2023-08-26 13:30:00,0.00652,0.00652,0.0065,0.0065,28303.0
2023-08-26 13:45:00,0.0065,0.00651,0.0065,0.00651,2108473.0
2023-08-26 14:00:00,0.00652,0.00652,0.00651,0.00651,157264.0
2023-08-26 14:15:00,0.00651,0.00651,0.00649,0.0065,893584.0
2023-08-26 14:30:00,0.0065,0.00654,0.0065,0.00653,813379.0
2023-08-26 14:45:00,0.00654,0.00655,0.00654,0.00654,162658.0
2023-08-26 15:00:00,0.00652,0.00652,0.0065,0.0065,323104.0
2023-08-26 15:15:00,0.00649,0.0065,0.00646,0.00646,1962870.0
2023-08-26 15:30:00,0.00646,0.00648,0.00646,0.00647,9650.0
2023-08-26 15:45:00,0.00647,0.00648,0.00646,0.00648,361440.0
2023-08-26 16:00:00,0.00648,0.00648,0.00644,0.00645,1055255.0
2023-08-26 16:15:00,0.00645,0.00645,0.00644,0.00644,99472.0
2023-08-26 16:30:00,0.00644,0.00645,0.00642,0.00643,4092389.0
2023-08-26 16:45:00,0.00643,0.00644,0.00643,0.00643,276478.0
2023-08-26 17:00:00,0.00643,0.00643,0.0064,0.00642,1789583.0
2023-08-26 17:15:00,0.00641,0.00642,0.00641,0.00642,615158.0
2023-08-26 17:30:00,0.00642,0.00642,0.0064,0.00642,2622084.0
2023-08-26 17:45:00,0.00642,0.00642,0.0064,0.00642,259681.0
2023-08-26 18:00:00,0.00641,0.00641,0.00637,0.0064,1194169.0
2023-08-26 18:15:00,0.00639,0.00639,0.00639,0.00639,180473.0
2023-08-26 18:30:00,0.00639,0.00639,0.00637,0.00637,369759.0
2023-08-26 18:45:00,0.00636,0.00638,0.00635,0.00638,1035093.0
2023-08-26 19:00:00,0.00639,0.00642,0.00638,0.0064,998120.0
2023-08-26 19:15:00,0.00641,0.00641,0.00641,0.00641,29406.0
2023-08-26 19:30:00,0.00641,0.00641,0.00641,0.00641,0.0
2023-08-26 19:45:00,0.00641,0.00642,0.0064,0.00641,1055797.0
2023-08-26 20:00:00,0.0064,0.00642,0.00637,0.00642,1358000.0
2023-08-26 20:15:00,0.00641,0.00642,0.00641,0.00641,1069178.0
2023-08-26 20:30:00,0.0064,0.0064,0.00638,0.00639,258415.0
2023-08-26 20:45:00,0.0064,0.0064,0.00638,0.00639,927180.0
2023-08-26 21:00:00,0.00639,0.0064,0.00638,0.0064,370013.0
2023-08-26 21:15:00,0.0064,0.0064,0.0064,0.0064,289364.0
2023-08-26 21:30:00,0.0064,0.00641,0.00639,0.00639,577349.0
2023-08-26 21:45:00,0.00639,0.0064,0.00638,0.00639,509720.0
2023-08-26 22:00:00,0.0064,0.0064,0.00639,0.00639,451571.0
2023-08-26 22:15:00,0.00639,0.00639,0.00637,0.00637,199470.0
2023-08-26 22:30:00,0.00637,0.00637,0.00637,0.00637,57010.0
2023-08-26 22:45:00,0.00638,0.00638,0.00638,0.00638,52325.0
2023-08-26 23:00:00,0.00638,0.00638,0.00635,0.00635,327296.0
2023-08-26 23:15:00,0.00635,0.00636,0.00634,0.00636,990780.0
2023-08-26 23:30:00,0.00637,0.00637,0.00636,0.00636,198178.0
2023-08-26 23:45:00,0.00636,0.00636,0.00636,0.00636,0.0
2023-08-27 00:00:00,0.00636,0.00638,0.00636,0.00638,157337.0
2023-08-27 00:15:00,0.00638,0.0064,0.00638,0.00639,682356.0
2023-08-27 00:30:00,0.00638,0.0064,0.00637,0.00639,584118.0
2023-08-27 00:45:00,0.00638,0.00642,0.00638,0.0064,2047799.0
2023-08-27 01:00:00,0.00639,0.00639,0.00636,0.00636,2191924.0
2023-08-27 01:15:00,0.00637,0.00639,0.00637,0.00637,347012.0
2023-08-27 01:30:00,0.00637,0.0065,0.00637,0.0065,8705426.0
2023-08-27 01:45:00,0.00649,0.00658,0.00649,0.00651,13431010.0
2023-08-27 02:00:00,0.00649,0.00651,0.00649,0.0065,1469441.0
2023-08-27 02:15:00,0.0065,0.00652,0.00649,0.00651,1668036.0
2023-08-27 02:30:00,0.0065,0.00651,0.00649,0.0065,766985.0
2023-08-27 02:45:00,0.0065,0.00651,0.00646,0.00647,7850535.0
2023-08-27 03:00:00,0.00647,0.00651,0.00646,0.00651,1302809.0
2023-08-27 03:15:00,0.00651,0.00651,0.00651,0.00651,446507.0
2023-08-27 03:30:00,0.0065,0.00652,0.0065,0.00652,824551.0
2023-08-27 03:45:00,0.00653,0.00653,0.0065,0.00651,2122301.0
2023-08-27 04:00:00,0.00651,0.00651,0.00646,0.00646,3634512.0
2023-08-27 04:15:00,0.00647,0.00648,0.00643,0.00644,894110.0
2023-08-27 04:30:00,0.00644,0.00646,0.00643,0.00646,268239.0
2023-08-27 04:45:00,0.00646,0.00649,0.00646,0.00649,341586.0
2023-08-27 05:00:00,0.00649,0.0065,0.00648,0.00648,593722.0
2023-08-27 05:15:00,0.00648,0.0065,0.00648,0.00649,88717.0
2023-08-27 05:30:00,0.00649,0.00652,0.00648,0.00649,527803.0
2023-08-27 05:45:00,0.0065,0.00652,0.00649,0.00652,18078.0
2023-08-27 06:00:00,0.00651,0.00651,0.0065,0.0065,245516.0
2023-08-27 06:15:00,0.0065,0.00653,0.0065,0.00652,198394.0
2023-08-27 06:30:00,0.00652,0.00653,0.00652,0.00653,322736.0
2023-08-27 06:45:00,0.00652,0.00656,0.00652,0.00656,440240.0
2023-08-27 07:00:00,0.00656,0.00656,0.00656,0.00656,328997.0
2023-08-27 07:15:00,0.00655,0.00657,0.00651,0.00652,3518425.0
2023-08-27 07:30:00,0.00651,0.00655,0.00651,0.00653,513327.0
2023-08-27 07:45:00,0.00653,0.00653,0.00649,0.0065,1259214.0
2023-08-27 08:00:00,0.00651,0.00651,0.00646,0.00646,327583.0
2023-08-27 08:15:00,0.00646,0.00646,0.00645,0.00645,242143.0
2023-08-27 08:30:00,0.00645,0.00647,0.00645,0.00646,1917393.0
2023-08-27 08:45:00,0.00646,0.00647,0.00646,0.00647,182939.0
2023-08-27 09:00:00,0.00647,0.00661,0.00647,0.00661,11060554.0
2023-08-27 09:15:00,0.00661,0.00674,0.00657,0.0067,18476517.0
2023-08-27 09:30:00,0.0067,0.0067,0.0066,0.00661,46530037.0
2023-08-27 09:45:00,0.00662,0.00665,0.00659,0.00661,12594549.0
2023-08-27 10:00:00,0.00661,0.00664,0.0066,0.0066,4554960.0
2023-08-27 10:15:00,0.00659,0.00662,0.00659,0.00659,785419.0
2023-08-27 10:30:00,0.00658,0.00659,0.00654,0.00656,1155641.0
2023-08-27 10:45:00,0.00656,0.00656,0.00651,0.00651,1179599.0
2023-08-27 11:00:00,0.00651,0.00653,0.00646,0.00647,10513415.0
2023-08-27 11:15:00,0.00648,0.0065,0.00647,0.00647,2305979.0
2023-08-27 11:30:00,0.00647,0.00648,0.00646,0.00646,1045940.0
2023-08-27 11:45:00,0.00647,0.00649,0.00647,0.00649,379191.0
2023-08-27 12:00:00,0.00649,0.00649,0.00646,0.00647,626967.0
2023-08-27 12:15:00,0.00648,0.00648,0.00648,0.00648,1644402.0
2023-08-27 12:30:00,0.00648,0.00649,0.00647,0.00649,124528.0
2023-08-27 12:45:00,0.00648,0.00661,0.00648,0.00652,11831180.0
2023-08-27 13:00:00,0.00652,0.00657,0.00651,0.00656,2678800.0
2023-08-27 13:15:00,0.00656,0.00658,0.00656,0.00658,700124.0
2023-08-27 13:30:00,0.00658,0.00658,0.00655,0.00655,637729.0
2023-08-27 13:45:00,0.00656,0.00658,0.00656,0.00658,620784.0
2023-08-27 14:00:00,0.00657,0.00657,0.00652,0.00654,6455579.0
2023-08-27 14:15:00,0.00653,0.00664,0.00653,0.00663,4652791.0
2023-08-27 14:30:00,0.00664,0.00665,0.0066,0.0066,4790861.0
2023-08-27 14:45:00,0.0066,0.00662,0.00658,0.0066,1783353.0
2023-08-27 15:00:00,0.00661,0.00663,0.00657,0.00658,774711.0
2023-08-27 15:15:00,0.00658,0.00661,0.00658,0.0066,368384.0
2023-08-27 15:30:00,0.0066,0.0066,0.00657,0.00659,525352.0
2023-08-27 15:45:00,0.00658,0.00659,0.00656,0.00657,590629.0
2023-08-27 16:00:00,0.00656,0.00656,0.00655,0.00656,2356899.0
2023-08-27 16:15:00,0.00656,0.00678,0.00655,0.00671,15822001.0
2023-08-27 16:30:00,0.0067,0.00687,0.0067,0.00675,38759472.0
2023-08-27 16:45:00,0.00675,0.007,0.00672,0.00685,19943906.0
2023-08-27 17:00:00,0.00686,0.00694,0.0068,0.00684,18001450.0
2023-08-27 17:15:00,0.00684,0.00714,0.00682,0.0069,27167215.0
2023-08-27 17:30:00,0.00691,0.00692,0.00682,0.00684,7516933.0
2023-08-27 17:45:00,0.00684,0.00688,0.00675,0.00678,8729464.0
2023-08-27 18:00:00,0.00678,0.00687,0.00675,0.00683,5689394.0
2023-08-27 18:15:00,0.00683,0.00687,0.00682,0.00684,2861928.0
2023-08-27 18:30:00,0.00683,0.00683,0.00678,0.00679,2729201.0
2023-08-27 18:45:00,0.00679,0.00679,0.00675,0.00675,1890149.0
2023-08-27 19:00:00,0.00676,0.00679,0.00675,0.00676,2099022.0
2023-08-27 19:15:00,0.00676,0.00677,0.00674,0.00675,1984970.0
2023-08-27 19:30:00,0.00675,0.00684,0.00675,0.00683,2431040.0
2023-08-27 19:45:00,0.00681,0.00682,0.00678,0.00681,1543562.0
2023-08-27 20:00:00,0.0068,0.00683,0.00679,0.00681,716797.0
2023-08-27 20:15:00,0.00682,0.00688,0.00681,0.00688,2738297.0
2023-08-27 20:30:00,0.00688,0.00698,0.00685,0.00688,12383474.0
2023-08-27 20:45:00,0.00688,0.00696,0.00686,0.00689,4573747.0
2023-08-27 21:00:00,0.00689,0.00705,0.00689,0.00697,9534145.0
2023-08-27 21:15:00,0.00696,0.0071,0.00695,0.00701,11686935.0
2023-08-27 21:30:00,0.007,0.00704,0.00693,0.00695,7637985.0
2023-08-27 21:45:00,0.00694,0.00704,0.00691,0.00703,9887260.0
2023-08-27 22:00:00,0.00703,0.0076,0.00696,0.00756,72481331.0
2023-08-27 22:15:00,0.00755,0.00789,0.00735,0.0074,117912662.0
2023-08-27 22:30:00,0.0074,0.00753,0.0073,0.00753,24798289.0
2023-08-27 22:45:00,0.00753,0.00764,0.00739,0.0075,35984958.0
2023-08-27 23:00:00,0.00747,0.0076,0.00744,0.0076,32410236.0
2023-08-27 23:15:00,0.00761,0.0082,0.00754,0.00815,126381526.0
2023-08-27 23:30:00,0.00816,0.00823,0.00786,0.0081,56412638.0
2023-08-27 23:45:00,0.0081,0.00885,0.00809,0.00859,96043734.0
2023-08-28 00:00:00,0.00857,0.00944,0.00833,0.00922,122717508.0
2023-08-28 00:15:00,0.00922,0.00976,0.00875,0.00919,131343557.0
2023-08-28 00:30:00,0.00919,0.01244,0.00907,0.01051,267844462.0
2023-08-28 00:45:00,0.01054,0.0112,0.0097,0.01064,186764275.0
2023-08-28 01:00:00,0.01063,0.01115,0.01014,0.01072,121211702.0
2023-08-28 01:15:00,0.01072,0.0109,0.01035,0.01058,68327460.0
2023-08-28 01:30:00,0.01058,0.01086,0.0103,0.01074,63643362.0
2023-08-28 01:45:00,0.01075,0.01146,0.01075,0.01138,81949414.0
2023-08-28 02:00:00,0.01138,0.01183,0.01025,0.01064,107768386.0
2023-08-28 02:15:00,0.01063,0.0109,0.0104,0.01086,52764719.0
2023-08-28 02:30:00,0.01087,0.0115,0.01075,0.01096,66688024.0
2023-08-28 02:45:00,0.01096,0.01112,0.0106,0.0109,41690587.0
2023-08-28 03:00:00,0.01091,0.01097,0.0107,0.01078,25745202.0
2023-08-28 03:15:00,0.01079,0.01095,0.01043,0.01069,53463753.0
2023-08-28 03:30:00,0.01069,0.0108,0.01043,0.01051,35986963.0
2023-08-28 03:45:00,0.01052,0.01092,0.01051,0.0107,47210289.0
2023-08-28 04:00:00,0.01069,0.01092,0.01051,0.01083,38616251.0
2023-08-28 04:15:00,0.01083,0.01092,0.0104,0.01044,32517685.0
2023-08-28 04:30:00,0.01044,0.01067,0.0104,0.01046,30417987.0
2023-08-28 04:45:00,0.01046,0.01065,0.01044,0.01057,19868522.0
2023-08-28 05:00:00,0.01056,0.01064,0.01041,0.01048,35971239.0
2023-08-28 05:15:00,0.01048,0.01066,0.0102,0.01026,59348312.0
2023-08-28 05:30:00,0.01027,0.01037,0.00951,0.00961,215632268.0
2023-08-28 05:45:00,0.00961,0.00987,0.00945,0.00968,119326230.0
2023-08-28 06:00:00,0.00968,0.00988,0.00957,0.00982,40424934.0
2023-08-28 06:15:00,0.00982,0.00992,0.00969,0.00973,37073301.0
2023-08-28 06:30:00,0.00973,0.01015,0.00973,0.0099,42719591.0
2023-08-28 06:45:00,0.0099,0.01005,0.0099,0.01004,22192853.0
2023-08-28 07:00:00,0.01004,0.0103,0.00985,0.00992,66356908.0
2023-08-28 07:15:00,0.00991,0.00999,0.00971,0.00994,38726125.0
2023-08-28 07:30:00,0.00994,0.01003,0.00983,0.00988,56386506.0
2023-08-28 07:45:00,0.00987,0.01002,0.00981,0.01,60936717.0
2023-08-28 08:00:00,0.00998,0.0104,0.00966,0.01035,97786946.0
2023-08-28 08:15:00,0.01033,0.01043,0.01,0.01008,56930139.0
2023-08-28 08:30:00,0.01009,0.01012,0.00948,0.00957,57031009.0
2023-08-28 08:45:00,0.00958,0.00974,0.00924,0.00939,62217250.0
2023-08-28 09:00:00,0.00939,0.0096,0.00902,0.00902,63265164.0
2023-08-28 09:15:00,0.00902,0.0091,0.00875,0.0088,94366190.0
2023-08-28 09:30:00,0.00879,0.00912,0.00873,0.0091,64830258.0
2023-08-28 09:45:00,0.00909,0.00917,0.00885,0.00896,43385362.0
2023-08-28 10:00:00,0.00896,0.00909,0.00888,0.00904,27820599.0
2023-08-28 10:15:00,0.00905,0.00908,0.00889,0.00889,20408829.0
2023-08-28 10:30:00,0.00889,0.00904,0.00871,0.00873,31522746.0
2023-08-28 10:45:00,0.00872,0.00894,0.0086,0.00885,42335106.0
2023-08-28 11:00:00,0.00884,0.00905,0.00878,0.00896,29417417.0
2023-08-28 11:15:00,0.00896,0.00907,0.0089,0.00899,26323628.0
2023-08-28 11:30:00,0.00899,0.009,0.00885,0.00894,19043817.0
2023-08-28 11:45:00,0.00895,0.009,0.00888,0.0089,8529374.0
2023-08-28 12:00:00,0.0089,0.00915,0.00881,0.00913,31193497.0
2023-08-28 12:15:00,0.00913,0.00933,0.009,0.00901,73751821.0
2023-08-28 12:30:00,0.00902,0.00922,0.00897,0.00911,43530146.0
2023-08-28 12:45:00,0.00911,0.0093,0.00906,0.00912,39715365.0
2023-08-28 13:00:00,0.00912,0.00919,0.00894,0.00894,24535870.0
2023-08-28 13:15:00,0.00893,0.00902,0.00884,0.0089,25710956.0
2023-08-28 13:30:00,0.0089,0.00899,0.00885,0.00898,23571438.0
2023-08-28 13:45:00,0.00898,0.00914,0.00892,0.00909,37175223.0
2023-08-28 14:00:00,0.00909,0.00911,0.00887,0.00888,22830326.0
2023-08-28 14:15:00,0.00887,0.00893,0.00878,0.0089,21542851.0
2023-08-28 14:30:00,0.0089,0.00903,0.0089,0.00893,34399967.0
2023-08-28 14:45:00,0.00893,0.00947,0.00893,0.00942,84052796.0
2023-08-28 15:00:00,0.00941,0.00966,0.0089,0.00904,130334936.0
2023-08-28 15:15:00,0.00904,0.00906,0.00878,0.00883,101477675.0
2023-08-28 15:30:00,0.00883,0.00896,0.00878,0.0089,39636366.0
2023-08-28 15:45:00,0.0089,0.00893,0.0088,0.00886,24044706.0
2023-08-28 16:00:00,0.00886,0.00886,0.00853,0.00868,45029154.0
2023-08-28 16:15:00,0.00868,0.00869,0.00831,0.00833,55222689.0
2023-08-28 16:30:00,0.00832,0.00841,0.00813,0.00836,69905446.0
2023-08-28 16:45:00,0.00836,0.00844,0.0082,0.00829,34800335.0
2023-08-28 17:00:00,0.0083,0.00839,0.0082,0.00828,29682805.0
2023-08-28 17:15:00,0.00827,0.0083,0.00809,0.00813,24907361.0
2023-08-28 17:30:00,0.00813,0.00841,0.00813,0.00826,31476161.0
2023-08-28 17:45:00,0.00826,0.00841,0.00821,0.00834,18212047.0
2023-08-28 18:00:00,0.00834,0.00839,0.00822,0.00827,13844475.0
2023-08-28 18:15:00,0.00827,0.00833,0.00816,0.00827,14008342.0
2023-08-28 18:30:00,0.00827,0.00836,0.00815,0.00818,13946864.0
2023-08-28 18:45:00,0.00818,0.00822,0.00807,0.00813,23085738.0
2023-08-28 19:00:00,0.00814,0.00814,0.00787,0.008,52940143.0
2023-08-28 19:15:00,0.008,0.00803,0.00768,0.00778,63522865.0
2023-08-28 19:30:00,0.00778,0.00784,0.00773,0.00781,34380651.0
2023-08-28 19:45:00,0.00781,0.00781,0.00765,0.00777,31517409.0
2023-08-28 20:00:00,0.00777,0.00777,0.00756,0.0076,26974792.0
2023-08-28 20:15:00,0.00759,0.00771,0.00751,0.00767,31158885.0
2023-08-28 20:30:00,0.00768,0.00769,0.00755,0.00768,17550760.0
2023-08-28 20:45:00,0.00768,0.00789,0.00766,0.00774,35431296.0
2023-08-28 21:00:00,0.00775,0.00779,0.00766,0.00769,17580749.0
2023-08-28 21:15:00,0.0077,0.00784,0.00769,0.00784,23399576.0
2023-08-28 21:30:00,0.00783,0.00786,0.00775,0.00775,11475468.0
2023-08-28 21:45:00,0.00776,0.00785,0.00772,0.00781,12023543.0
2023-08-28 22:00:00,0.0078,0.00787,0.00773,0.00774,14318326.0
2023-08-28 22:15:00,0.00773,0.00778,0.00767,0.00774,21616205.0
2023-08-28 22:30:00,0.00775,0.00781,0.00771,0.00779,10770077.0
2023-08-28 22:45:00,0.0078,0.00784,0.00773,0.00781,14848534.0
2023-08-28 23:00:00,0.00781,0.00781,0.00763,0.00768,41575907.0
2023-08-28 23:15:00,0.00768,0.00776,0.00766,0.00775,22861503.0
2023-08-28 23:30:00,0.00776,0.00777,0.00762,0.00764,46750296.0
2023-08-28 23:45:00,0.00764,0.00766,0.00754,0.0076,81822675.0
2023-08-29 00:00:00,0.0076,0.00779,0.00758,0.00773,36774192.0
2023-08-29 00:15:00,0.00774,0.00779,0.00766,0.0077,21799507.0
2023-08-29 00:30:00,0.00771,0.00773,0.0076,0.00767,18678473.0
2023-08-29 00:45:00,0.00768,0.00778,0.00767,0.0077,30727143.0
2023-08-29 01:00:00,0.0077,0.00781,0.00768,0.00779,22706710.0
2023-08-29 01:15:00,0.00779,0.0079,0.00777,0.00782,42938666.0
2023-08-29 01:30:00,0.00781,0.00787,0.00771,0.00778,30677510.0
2023-08-29 01:45:00,0.00778,0.0079,0.00778,0.00782,28988845.0
2023-08-29 02:00:00,0.00782,0.00784,0.00621,0.00695,313616292.0
2023-08-29 02:15:00,0.00696,0.00719,0.00693,0.00711,95030677.0
2023-08-29 02:30:00,0.0071,0.00744,0.0071,0.00737,61638392.0
2023-08-29 02:45:00,0.00737,0.00759,0.00737,0.00752,63752813.0
2023-08-29 03:00:00,0.00752,0.0076,0.00745,0.00755,26921905.0
2023-08-29 03:15:00,0.00754,0.00767,0.00754,0.00757,29664884.0
2023-08-29 03:30:00,0.00756,0.00756,0.00744,0.0075,21264991.0
2023-08-29 03:45:00,0.0075,0.00759,0.0075,0.00751,9185347.0
2023-08-29 04:00:00,0.00752,0.00761,0.00751,0.00753,16139697.0
2023-08-29 04:15:00,0.00753,0.00755,0.00749,0.00749,5587821.0
2023-08-29 04:30:00,0.0075,0.00753,0.00747,0.00749,11296561.0
2023-08-29 04:45:00,0.00749,0.00757,0.00747,0.00748,12726998.0
2023-08-29 05:00:00,0.00748,0.00751,0.00744,0.00748,8378288.0
2023-08-29 05:15:00,0.00749,0.0075,0.00745,0.0075,7272965.0
2023-08-29 05:30:00,0.0075,0.00753,0.00747,0.00748,12280997.0
2023-08-29 05:45:00,0.00748,0.0075,0.00737,0.00739,55487272.0
2023-08-29 06:00:00,0.00739,0.00743,0.00736,0.0074,22188803.0
2023-08-29 06:15:00,0.00739,0.00741,0.0073,0.00732,22909784.0
2023-08-29 06:30:00,0.00733,0.00736,0.00728,0.00731,26736689.0
2023-08-29 06:45:00,0.00731,0.00735,0.00727,0.00728,16807378.0
2023-08-29 07:00:00,0.00728,0.00731,0.00726,0.00729,13284335.0
2023-08-29 07:15:00,0.00729,0.00729,0.00722,0.00722,11757721.0
2023-08-29 07:30:00,0.00722,0.00731,0.00715,0.00725,43701258.0
2023-08-29 07:45:00,0.00725,0.00727,0.0072,0.00722,9027640.0
2023-08-29 08:00:00,0.00721,0.00724,0.00713,0.00723,24044240.0
2023-08-29 08:15:00,0.00723,0.00759,0.00723,0.00746,118421677.0
2023-08-29 08:30:00,0.00745,0.00745,0.00727,0.00728,28212647.0
2023-08-29 08:45:00,0.00728,0.00729,0.00701,0.00713,62496784.0
2023-08-29 09:00:00,0.00714,0.00726,0.00713,0.0072,24201911.0
2023-08-29 09:15:00,0.00719,0.00721,0.00707,0.00709,22885437.0
2023-08-29 09:30:00,0.00708,0.00717,0.00706,0.00711,17955501.0
2023-08-29 09:45:00,0.00711,0.00711,0.00703,0.00706,16553144.0
2023-08-29 10:00:00,0.00706,0.00714,0.00703,0.00706,19361342.0
2023-08-29 10:15:00,0.00707,0.00714,0.00695,0.007,35465405.0
2023-08-29 10:30:00,0.00701,0.00702,0.00694,0.007,23592475.0
2023-08-29 10:45:00,0.007,0.0071,0.00696,0.00709,23513610.0
2023-08-29 11:00:00,0.00708,0.00712,0.00702,0.00708,20201204.0
2023-08-29 11:15:00,0.00708,0.00709,0.00701,0.00706,9852461.0
2023-08-29 11:30:00,0.00705,0.00707,0.00698,0.00702,9421168.0
2023-08-29 11:45:00,0.00702,0.00703,0.00699,0.007,4533033.0
2023-08-29 12:00:00,0.007,0.00702,0.00696,0.00699,10642609.0
2023-08-29 12:15:00,0.007,0.00707,0.00695,0.00704,9869136.0
2023-08-29 12:30:00,0.00705,0.00705,0.00699,0.00705,11085995.0
2023-08-29 12:45:00,0.00705,0.00705,0.00695,0.00697,9072350.0
2023-08-29 13:00:00,0.00697,0.00706,0.00694,0.00698,19273027.0
2023-08-29 13:15:00,0.00698,0.00705,0.00697,0.00702,18224348.0
2023-08-29 13:30:00,0.00701,0.00707,0.00697,0.00706,22786743.0
2023-08-29 13:45:00,0.00706,0.00707,0.00701,0.00702,9304988.0
2023-08-29 14:00:00,0.00703,0.00708,0.00699,0.00706,22792511.0
2023-08-29 14:15:00,0.00707,0.00744,0.00706,0.00732,100186564.0
2023-08-29 14:30:00,0.00732,0.00742,0.00721,0.0074,80250366.0
2023-08-29 14:45:00,0.00739,0.00741,0.00718,0.00729,50757787.0
2023-08-29 15:00:00,0.00729,0.00731,0.00717,0.00721,50225380.0
2023-08-29 15:15:00,0.0072,0.00722,0.00707,0.00713,40768479.0
2023-08-29 15:30:00,0.00713,0.00726,0.00711,0.00722,24741930.0
2023-08-29 15:45:00,0.00722,0.00727,0.00717,0.00719,21005730.0
2023-08-29 16:00:00,0.00719,0.00724,0.00711,0.00713,26195047.0
2023-08-29 16:15:00,0.00714,0.00728,0.00712,0.00724,21814055.0
2023-08-29 16:30:00,0.00724,0.00725,0.00718,0.00722,13393223.0
2023-08-29 16:45:00,0.00721,0.00721,0.00711,0.00716,21981091.0
2023-08-29 17:00:00,0.00717,0.00719,0.00708,0.00716,17830893.0
2023-08-29 17:15:00,0.00717,0.00727,0.00713,0.00722,29640299.0
2023-08-29 17:30:00,0.00721,0.00723,0.00717,0.00718,13497321.0
2023-08-29 17:45:00,0.00718,0.00721,0.00715,0.00716,12574221.0
2023-08-29 18:00:00,0.00717,0.00722,0.00717,0.00721,8498848.0
2023-08-29 18:15:00,0.00721,0.00731,0.00721,0.0073,14027621.0
2023-08-29 18:30:00,0.0073,0.00731,0.00721,0.00721,18992449.0
2023-08-29 18:45:00,0.00721,0.00729,0.00721,0.00728,13604745.0
2023-08-29 19:00:00,0.00728,0.00739,0.00724,0.00736,21472605.0
2023-08-29 19:15:00,0.00736,0.00739,0.00728,0.00728,15874045.0
2023-08-29 19:30:00,0.00728,0.00734,0.00725,0.00733,8758831.0
2023-08-29 19:45:00,0.00733,0.00736,0.00728,0.00734,14459746.0
2023-08-29 20:00:00,0.00733,0.00738,0.00731,0.00733,8080970.0
2023-08-29 20:15:00,0.00733,0.00737,0.00728,0.00729,9520035.0
2023-08-29 20:30:00,0.0073,0.00734,0.00726,0.00727,9882198.0
2023-08-29 20:45:00,0.00727,0.00729,0.00719,0.0072,10133211.0
2023-08-29 21:00:00,0.00721,0.00722,0.00711,0.00712,15633003.0
2023-08-29 21:15:00,0.00713,0.00718,0.00711,0.00718,11243013.0
2023-08-29 21:30:00,0.00718,0.00722,0.00718,0.00718,12500589.0
2023-08-29 21:45:00,0.00718,0.0072,0.00712,0.00713,11277684.0
2023-08-29 22:00:00,0.00714,0.0072,0.00714,0.00717,11186923.0
2023-08-29 22:15:00,0.00718,0.0072,0.0071,0.0071,19922015.0
2023-08-29 22:30:00,0.0071,0.00713,0.00708,0.00713,8514811.0
2023-08-29 22:45:00,0.00714,0.00716,0.00711,0.00715,6498649.0
2023-08-29 23:00:00,0.00714,0.00715,0.00709,0.00709,9158765.0
2023-08-29 23:15:00,0.0071,0.00713,0.00707,0.00711,4160219.0
2023-08-29 23:30:00,0.00712,0.00712,0.00708,0.00709,7852136.0
2023-08-29 23:45:00,0.0071,0.00721,0.0071,0.00718,9799297.0
2023-08-30 00:00:00,0.00718,0.00737,0.00718,0.00727,30545236.0
2023-08-30 00:15:00,0.00726,0.00728,0.00721,0.00722,17671402.0
2023-08-30 00:30:00,0.00722,0.00737,0.00721,0.00735,30408703.0
2023-08-30 00:45:00,0.00736,0.0074,0.0073,0.00734,17255360.0
2023-08-30 01:00:00,0.00733,0.00736,0.00728,0.00731,13475047.0
2023-08-30 01:15:00,0.00732,0.00762,0.00731,0.00754,74077176.0
2023-08-30 01:30:00,0.00753,0.00771,0.00752,0.00765,73923108.0
2023-08-30 01:45:00,0.00764,0.00766,0.00739,0.00748,41832765.0
2023-08-30 02:00:00,0.00747,0.00747,0.00724,0.00736,41347044.0
2023-08-30 02:15:00,0.00735,0.00748,0.00733,0.00738,38743194.0
2023-08-30 02:30:00,0.00738,0.00745,0.00733,0.00738,26329893.0
2023-08-30 02:45:00,0.00737,0.00751,0.00735,0.00746,33793790.0
2023-08-30 03:00:00,0.00746,0.00747,0.00738,0.00742,14087718.0
2023-08-30 03:15:00,0.00743,0.00745,0.00735,0.00743,10035637.0
2023-08-30 03:30:00,0.00743,0.00744,0.00732,0.00735,14200381.0
2023-08-30 03:45:00,0.00734,0.00735,0.0073,0.00734,13826155.0
2023-08-30 04:00:00,0.00733,0.00747,0.00733,0.00747,20243058.0
2023-08-30 04:15:00,0.00747,0.00748,0.00742,0.00745,9185995.0
2023-08-30 04:30:00,0.00744,0.0075,0.00742,0.00746,9275784.0
2023-08-30 04:45:00,0.00747,0.00765,0.00747,0.00759,34515778.0
2023-08-30 05:00:00,0.00759,0.00764,0.00751,0.00754,18107252.0
2023-08-30 05:15:00,0.00753,0.00763,0.00749,0.00749,15222088.0
2023-08-30 05:30:00,0.0075,0.00758,0.00749,0.00753,13987643.0
2023-08-30 05:45:00,0.00752,0.00753,0.00743,0.00745,12478191.0
2023-08-30 06:00:00,0.00745,0.0075,0.00744,0.00748,12638299.0
2023-08-30 06:15:00,0.00747,0.00762,0.00746,0.00761,20044067.0
2023-08-30 06:30:00,0.00761,0.00769,0.00758,0.0076,30559376.0
2023-08-30 06:45:00,0.00759,0.00763,0.00752,0.00761,16022057.0
2023-08-30 07:00:00,0.00762,0.00773,0.00757,0.0077,29848291.0
2023-08-30 07:15:00,0.0077,0.00787,0.00766,0.00767,28444599.0
2023-08-30 07:30:00,0.00767,0.0077,0.00759,0.00762,27212178.0
2023-08-30 07:45:00,0.00761,0.00792,0.00761,0.0078,35264110.0
2023-08-30 08:00:00,0.00781,0.00789,0.0077,0.00771,40646334.0
2023-08-30 08:15:00,0.00771,0.00798,0.00765,0.00776,54720002.0
2023-08-30 08:30:00,0.00775,0.00779,0.00769,0.00769,15714004.0
2023-08-30 08:45:00,0.00769,0.0077,0.00759,0.00769,40256496.0
2023-08-30 09:00:00,0.00768,0.00769,0.0076,0.00764,14740206.0
2023-08-30 09:15:00,0.00763,0.00765,0.00757,0.0076,15981409.0
2023-08-30 09:30:00,0.00761,0.00761,0.0073,0.00743,62537956.0
2023-08-30 09:45:00,0.00742,0.00747,0.00731,0.00741,27386390.0
2023-08-30 10:00:00,0.0074,0.00752,0.00738,0.00745,25294355.0
2023-08-30 10:15:00,0.00746,0.00746,0.00737,0.00741,20884842.0
2023-08-30 10:30:00,0.00743,0.0075,0.00742,0.0075,12743766.0
2023-08-30 10:45:00,0.0075,0.00756,0.00748,0.00752,23407511.0
2023-08-30 11:00:00,0.00752,0.00753,0.00723,0.00735,47143343.0
2023-08-30 11:15:00,0.00735,0.00737,0.00729,0.00735,18595473.0
2023-08-30 11:30:00,0.00735,0.00741,0.00722,0.00729,23667252.0
2023-08-30 11:45:00,0.00729,0.00736,0.00728,0.00732,17378895.0
2023-08-30 12:00:00,0.00731,0.00738,0.00728,0.00734,15632383.0
2023-08-30 12:15:00,0.00734,0.00744,0.00723,0.00735,28096332.0
2023-08-30 12:30:00,0.00735,0.00747,0.00734,0.00743,15432190.0
2023-08-30 12:45:00,0.00743,0.00751,0.00743,0.00748,10789447.0
2023-08-30 13:00:00,0.00747,0.00762,0.00746,0.00753,18194604.0
2023-08-30 13:15:00,0.00752,0.00758,0.0075,0.00752,15453695.0
2023-08-30 13:30:00,0.00753,0.00753,0.00745,0.00752,19792370.0
2023-08-30 13:45:00,0.00752,0.00754,0.00746,0.00747,7835297.0
2023-08-30 14:00:00,0.00747,0.00748,0.00741,0.00746,10549438.0
2023-08-30 14:15:00,0.00745,0.00746,0.00741,0.00742,4742547.0
2023-08-30 14:30:00,0.00742,0.00746,0.00738,0.00742,9618171.0
2023-08-30 14:45:00,0.00742,0.00747,0.00739,0.00742,11137053.0
2023-08-30 15:00:00,0.00742,0.00745,0.00734,0.00739,11512575.0
2023-08-30 15:15:00,0.0074,0.00749,0.00739,0.00745,16571192.0
2023-08-30 15:30:00,0.00744,0.00746,0.00735,0.00736,21145076.0
2023-08-30 15:45:00,0.00736,0.00738,0.00727,0.00727,14720258.0
2023-08-30 16:00:00,0.00728,0.00736,0.00728,0.00732,7064267.0
2023-08-30 16:15:00,0.00733,0.00739,0.00733,0.00737,7511294.0
2023-08-30 16:30:00,0.00738,0.00742,0.00737,0.00739,12562154.0
2023-08-30 16:45:00,0.00739,0.00746,0.00736,0.00746,8329364.0
2023-08-30 17:00:00,0.00746,0.0076,0.00745,0.00759,27187227.0
2023-08-30 17:15:00,0.00759,0.00765,0.00755,0.00758,15090157.0
2023-08-30 17:30:00,0.00758,0.00759,0.00753,0.00754,9013898.0
2023-08-30 17:45:00,0.00754,0.00762,0.00754,0.00758,6365069.0
2023-08-30 18:00:00,0.00758,0.00763,0.00754,0.00756,7198753.0
2023-08-30 18:15:00,0.00756,0.00761,0.00755,0.0076,6690690.0
2023-08-30 18:30:00,0.0076,0.00765,0.0075,0.00756,15572186.0
2023-08-30 18:45:00,0.00756,0.0077,0.00755,0.00769,23196079.0
2023-08-30 19:00:00,0.00769,0.00769,0.00754,0.00759,17512031.0
2023-08-30 19:15:00,0.00758,0.0076,0.00755,0.00757,5793211.0
2023-08-30 19:30:00,0.00757,0.00763,0.00755,0.00762,4849511.0
2023-08-30 19:45:00,0.00763,0.00769,0.0076,0.00763,6341029.0
2023-08-30 20:00:00,0.00764,0.00765,0.00759,0.00762,2862265.0
2023-08-30 20:15:00,0.00762,0.00762,0.00757,0.00759,1622189.0
2023-08-30 20:30:00,0.00759,0.00764,0.00759,0.00759,3344974.0
2023-08-30 20:45:00,0.00758,0.00766,0.00755,0.00764,6266984.0
2023-08-30 21:00:00,0.00764,0.00764,0.00759,0.00761,3954185.0
2023-08-30 21:15:00,0.00762,0.00762,0.00758,0.00758,2935577.0
2023-08-30 21:30:00,0.00758,0.0076,0.00755,0.00759,3564003.0
2023-08-30 21:45:00,0.0076,0.00762,0.00758,0.0076,1305175.0
2023-08-30 22:00:00,0.00759,0.00766,0.00754,0.00765,10903471.0
2023-08-30 22:15:00,0.00765,0.00765,0.00756,0.00762,9011671.0
2023-08-30 22:30:00,0.00762,0.00764,0.00757,0.0076,4461013.0
2023-08-30 22:45:00,0.0076,0.00765,0.00756,0.00763,6844045.0
2023-08-30 23:00:00,0.00763,0.00797,0.00761,0.00797,95440871.0
2023-08-30 23:15:00,0.00796,0.00803,0.00768,0.00776,166795953.0
2023-08-30 23:30:00,0.00775,0.0078,0.00769,0.0077,15917143.0
2023-08-30 23:45:00,0.0077,0.00775,0.00769,0.00771,6724497.0
2023-08-31 00:00:00,0.00771,0.00776,0.00752,0.00765,55886888.0
2023-08-31 00:15:00,0.00765,0.00773,0.00753,0.00757,57013913.0
2023-08-31 00:30:00,0.00757,0.00766,0.00757,0.00764,9505602.0
2023-08-31 00:45:00,0.00765,0.00767,0.00759,0.00759,7192559.0
2023-08-31 01:00:00,0.00759,0.00762,0.00756,0.00761,7660732.0
2023-08-31 01:15:00,0.00761,0.00762,0.00755,0.00756,7781284.0
2023-08-31 01:30:00,0.00756,0.00762,0.00755,0.00761,5886935.0
2023-08-31 01:45:00,0.00762,0.00763,0.00751,0.00752,9716173.0
2023-08-31 02:00:00,0.00752,0.00758,0.00751,0.00757,5769481.0
2023-08-31 02:15:00,0.00757,0.00758,0.00749,0.00749,5948372.0
2023-08-31 02:30:00,0.0075,0.00751,0.00747,0.00749,5542489.0
2023-08-31 02:45:00,0.0075,0.00755,0.0075,0.00752,3191581.0
2023-08-31 03:00:00,0.00752,0.00756,0.00747,0.00748,5997082.0
2023-08-31 03:15:00,0.00749,0.00754,0.00746,0.00753,5290305.0
2023-08-31 03:30:00,0.00753,0.00755,0.0075,0.00754,2970341.0
2023-08-31 03:45:00,0.00754,0.00763,0.00753,0.00762,19309464.0
2023-08-31 04:00:00,0.00762,0.00766,0.0076,0.00764,8034767.0
2023-08-31 04:15:00,0.00764,0.00764,0.0076,0.00763,3131519.0
2023-08-31 04:30:00,0.00764,0.00766,0.00759,0.0076,10784212.0
2023-08-31 04:45:00,0.0076,0.0076,0.00755,0.00755,3186758.0
2023-08-31 05:00:00,0.00756,0.00757,0.00751,0.00753,5347439.0
2023-08-31 05:15:00,0.00753,0.00759,0.00753,0.00755,4208955.0
2023-08-31 05:30:00,0.00756,0.00764,0.00756,0.00761,6250636.0
2023-08-31 05:45:00,0.00761,0.00766,0.00761,0.00764,3918492.0
2023-08-31 06:00:00,0.00765,0.00766,0.00758,0.0076,2561148.0
2023-08-31 06:15:00,0.00759,0.0076,0.00755,0.00756,5049286.0
2023-08-31 06:30:00,0.00756,0.00757,0.00753,0.00755,7919468.0
2023-08-31 06:45:00,0.00754,0.00756,0.00752,0.00753,5068792.0
2023-08-31 07:00:00,0.00753,0.0076,0.00752,0.00752,16360837.0
2023-08-31 07:15:00,0.00752,0.00759,0.00751,0.00754,18656250.0
2023-08-31 07:30:00,0.00754,0.00756,0.00751,0.00751,3626666.0
2023-08-31 07:45:00,0.00751,0.00752,0.00745,0.00746,11197242.0
2023-08-31 08:00:00,0.00746,0.00747,0.00742,0.00744,9110819.0
2023-08-31 08:15:00,0.00744,0.0075,0.00743,0.00748,5696542.0
2023-08-31 08:30:00,0.00749,0.00751,0.00746,0.00748,4388032.0
2023-08-31 08:45:00,0.00749,0.00752,0.00748,0.00748,6213871.0
2023-08-31 09:00:00,0.00748,0.00749,0.00745,0.00745,5785134.0
2023-08-31 09:15:00,0.00745,0.00747,0.00741,0.00742,14411647.0
2023-08-31 09:30:00,0.00742,0.00753,0.00741,0.00744,32288809.0
2023-08-31 09:45:00,0.00745,0.00752,0.00744,0.00752,10623043.0
2023-08-31 10:00:00,0.00751,0.00769,0.00749,0.00767,104296834.0
2023-08-31 10:15:00,0.00766,0.00772,0.00761,0.00764,78460704.0
2023-08-31 10:30:00,0.00764,0.00774,0.00761,0.00764,29776230.0
2023-08-31 10:45:00,0.00765,0.00765,0.00745,0.00749,158705999.0
2023-08-31 11:00:00,0.00749,0.00755,0.00749,0.00752,17436928.0
2023-08-31 11:15:00,0.00751,0.00757,0.00751,0.00754,10512815.0
2023-08-31 11:30:00,0.00754,0.0076,0.00752,0.00758,8409129.0
2023-08-31 11:45:00,0.00758,0.00759,0.00753,0.00756,4980225.0
2023-08-31 12:00:00,0.00757,0.00757,0.00751,0.00753,5330642.0
2023-08-31 12:15:00,0.00754,0.00756,0.00747,0.00754,8006971.0
2023-08-31 12:30:00,0.00754,0.00755,0.00752,0.00754,8479560.0
2023-08-31 12:45:00,0.00754,0.00756,0.00752,0.00755,5688487.0
2023-08-31 13:00:00,0.00756,0.0077,0.00755,0.00763,24315146.0
2023-08-31 13:15:00,0.00763,0.00764,0.00759,0.00761,5506494.0
2023-08-31 13:30:00,0.00761,0.00762,0.00757,0.0076,5652789.0
2023-08-31 13:45:00,0.00759,0.00762,0.00758,0.00762,8583892.0
2023-08-31 14:00:00,0.00762,0.00769,0.00761,0.00761,13119992.0
2023-08-31 14:15:00,0.00762,0.00762,0.00755,0.00757,8829082.0
2023-08-31 14:30:00,0.00758,0.00766,0.00757,0.00766,5545203.0
2023-08-31 14:45:00,0.00766,0.00775,0.00765,0.00775,22937530.0
2023-08-31 15:00:00,0.00774,0.00775,0.00764,0.00764,8839913.0
2023-08-31 15:15:00,0.00764,0.00766,0.00762,0.00765,8729887.0
2023-08-31 15:30:00,0.00765,0.0077,0.00755,0.00765,18900764.0
2023-08-31 15:45:00,0.00765,0.00771,0.00759,0.00762,13174440.0
2023-08-31 16:00:00,0.00762,0.00762,0.0075,0.00755,25138944.0
2023-08-31 16:15:00,0.00755,0.0076,0.00752,0.00752,37784872.0
2023-08-31 16:30:00,0.00752,0.00755,0.00745,0.00747,27833259.0
2023-08-31 16:45:00,0.00747,0.00752,0.00743,0.00743,5663553.0
2023-08-31 17:00:00,0.00744,0.00757,0.00733,0.00753,82920452.0
2023-08-31 17:15:00,0.00754,0.00759,0.00746,0.00754,107634843.0
2023-08-31 17:30:00,0.00754,0.00766,0.00747,0.00764,66453226.0
2023-08-31 17:45:00,0.00763,0.00768,0.00758,0.00762,42373370.0
2023-08-31 18:00:00,0.00761,0.0077,0.00758,0.00767,50159211.0
2023-08-31 18:15:00,0.00767,0.0078,0.00765,0.00774,48059042.0
2023-08-31 18:30:00,0.00775,0.0078,0.00771,0.00772,32169594.0
2023-08-31 18:45:00,0.00772,0.00775,0.00744,0.00746,79352259.0
2023-08-31 19:00:00,0.00746,0.00746,0.00737,0.0074,32427912.0
2023-08-31 19:15:00,0.0074,0.00744,0.00732,0.00734,51049495.0
2023-08-31 19:30:00,0.00733,0.00735,0.00724,0.00726,88313302.0
2023-08-31 19:45:00,0.00727,0.00734,0.00724,0.00733,93763875.0
2023-08-31 20:00:00,0.00734,0.00735,0.0073,0.00732,5291510.0
2023-08-31 20:15:00,0.00733,0.00733,0.00726,0.00729,7430119.0
2023-08-31 20:30:00,0.00729,0.00732,0.00729,0.00732,2254149.0
2023-08-31 20:45:00,0.00732,0.00734,0.00731,0.00732,9138952.0
2023-08-31 21:00:00,0.00732,0.00732,0.00724,0.00731,8381260.0
2023-08-31 21:15:00,0.0073,0.0074,0.00729,0.00738,9749749.0
2023-08-31 21:30:00,0.00738,0.0074,0.00734,0.00736,5873648.0
2023-08-31 21:45:00,0.00736,0.00741,0.00736,0.00738,3367493.0
2023-08-31 22:00:00,0.00739,0.0074,0.00736,0.0074,11694677.0
2023-08-31 22:15:00,0.0074,0.00745,0.00739,0.00745,6986763.0
2023-08-31 22:30:00,0.00745,0.00749,0.00742,0.00743,9234203.0
2023-08-31 22:45:00,0.00743,0.00743,0.0074,0.00742,1663875.0
2023-08-31 23:00:00,0.00743,0.00744,0.00741,0.00741,3844665.0
2023-08-31 23:15:00,0.00742,0.00743,0.00734,0.00734,4482131.0
2023-08-31 23:30:00,0.00734,0.00738,0.00734,0.00738,3832364.0
2023-08-31 23:45:00,0.00739,0.00745,0.00739,0.00742,6792385.0
2023-09-01 00:00:00,0.00742,0.00749,0.0074,0.00749,7290843.0
2023-09-01 00:15:00,0.00749,0.00751,0.00741,0.00742,19995930.0
2023-09-01 00:30:00,0.00742,0.00747,0.00741,0.00744,6114767.0
2023-09-01 00:45:00,0.00745,0.00747,0.00743,0.00744,7198027.0
2023-09-01 01:00:00,0.00743,0.00747,0.00736,0.00738,7576051.0
2023-09-01 01:15:00,0.00737,0.0074,0.00736,0.00739,3897733.0
2023-09-01 01:30:00,0.00739,0.00739,0.00731,0.00733,15949674.0
2023-09-01 01:45:00,0.00732,0.00734,0.00727,0.00727,15654411.0
2023-09-01 02:00:00,0.00728,0.00739,0.00727,0.00739,18130128.0
2023-09-01 02:15:00,0.00738,0.00738,0.00734,0.00736,8214522.0
2023-09-01 02:30:00,0.00736,0.00739,0.00735,0.00738,3534128.0
2023-09-01 02:45:00,0.00738,0.00739,0.00732,0.00732,4574430.0
2023-09-01 03:00:00,0.00732,0.00737,0.0073,0.00733,11835589.0
2023-09-01 03:15:00,0.00733,0.00736,0.00733,0.00736,5415090.0
2023-09-01 03:30:00,0.00735,0.00736,0.00733,0.00735,7541597.0
2023-09-01 03:45:00,0.00735,0.00737,0.00732,0.00733,6039075.0
2023-09-01 04:00:00,0.00733,0.00737,0.00733,0.00735,8433046.0
2023-09-01 04:15:00,0.00735,0.00737,0.00734,0.00735,3868496.0
2023-09-01 04:30:00,0.00735,0.00735,0.00731,0.00732,6774317.0
2023-09-01 04:45:00,0.00731,0.00734,0.0073,0.00732,4181901.0
2023-09-01 05:00:00,0.00732,0.00734,0.00731,0.00733,4124767.0
2023-09-01 05:15:00,0.00733,0.00733,0.0073,0.00731,6006591.0
2023-09-01 05:30:00,0.00731,0.00732,0.00728,0.00731,2274033.0
2023-09-01 05:45:00,0.00731,0.00736,0.00731,0.00734,3352267.0
2023-09-01 06:00:00,0.00734,0.00737,0.00734,0.00735,2100307.0
2023-09-01 06:15:00,0.00736,0.00736,0.00731,0.00735,6377486.0
2023-09-01 06:30:00,0.00734,0.00738,0.00734,0.00735,2714540.0
2023-09-01 06:45:00,0.00734,0.00781,0.00732,0.00768,72548045.0
2023-09-01 07:00:00,0.00768,0.00776,0.00758,0.00764,16239892.0
2023-09-01 07:15:00,0.00765,0.00767,0.00757,0.00764,14458425.0
2023-09-01 07:30:00,0.00764,0.00764,0.00757,0.00761,12618798.0
2023-09-01 07:45:00,0.00761,0.00763,0.00759,0.00761,6504542.0
2023-09-01 08:00:00,0.00761,0.00766,0.0076,0.00763,3940164.0
2023-09-01 08:15:00,0.00763,0.0077,0.00763,0.00767,9186499.0
2023-09-01 08:30:00,0.00766,0.00766,0.00755,0.00757,17373351.0
2023-09-01 08:45:00,0.00757,0.0076,0.00755,0.00759,4941279.0
2023-09-01 09:00:00,0.00759,0.00763,0.00756,0.00756,6633509.0
2023-09-01 09:15:00,0.00756,0.00757,0.00751,0.00751,6977856.0
2023-09-01 09:30:00,0.00751,0.00753,0.00749,0.00749,4056606.0
2023-09-01 09:45:00,0.0075,0.00754,0.00749,0.00753,1974934.0
2023-09-01 10:00:00,0.00753,0.00756,0.00752,0.00756,2892659.0
2023-09-01 10:15:00,0.00755,0.00757,0.00753,0.00753,2365969.0
2023-09-01 10:30:00,0.00753,0.00755,0.00751,0.00753,2585345.0
2023-09-01 10:45:00,0.00753,0.00762,0.00751,0.00761,4828997.0
2023-09-01 11:00:00,0.00761,0.00772,0.00758,0.00769,16451629.0
2023-09-01 11:15:00,0.0077,0.00773,0.00766,0.00766,10252403.0
2023-09-01 11:30:00,0.00767,0.00768,0.00763,0.00768,2881159.0
2023-09-01 11:45:00,0.00769,0.00784,0.00762,0.00782,46159597.0
2023-09-01 12:00:00,0.00782,0.00785,0.00776,0.00778,25650058.0
2023-09-01 12:15:00,0.00779,0.00784,0.00776,0.0078,15798553.0
2023-09-01 12:30:00,0.00779,0.00784,0.00777,0.00779,13509677.0
2023-09-01 12:45:00,0.00778,0.00791,0.00778,0.00788,31618648.0
2023-09-01 13:00:00,0.00788,0.00788,0.00774,0.00777,18664065.0
2023-09-01 13:15:00,0.00776,0.00779,0.00774,0.00777,5333573.0
2023-09-01 13:30:00,0.00776,0.00778,0.00773,0.00776,6536355.0
2023-09-01 13:45:00,0.00775,0.00782,0.00766,0.00778,9741489.0
2023-09-01 14:00:00,0.00778,0.00778,0.00772,0.00775,2231176.0
2023-09-01 14:15:00,0.00774,0.00779,0.00773,0.00779,4395318.0
2023-09-01 14:30:00,0.00779,0.00779,0.00763,0.0077,14686905.0
2023-09-01 14:45:00,0.00771,0.00776,0.00767,0.00773,10410736.0
2023-09-01 15:00:00,0.00773,0.00779,0.00773,0.00778,9729413.0
2023-09-01 15:15:00,0.00778,0.0078,0.00775,0.00778,9459246.0
2023-09-01 15:30:00,0.0078,0.00793,0.0078,0.00786,33879069.0
2023-09-01 15:45:00,0.00786,0.00791,0.00779,0.00781,6996635.0
2023-09-01 16:00:00,0.0078,0.00781,0.00776,0.00778,5485011.0
2023-09-01 16:15:00,0.00777,0.00778,0.00773,0.00778,8291748.0
2023-09-01 16:30:00,0.00778,0.00785,0.00778,0.00781,6148158.0
2023-09-01 16:45:00,0.0078,0.00781,0.00771,0.00773,9005561.0
2023-09-01 17:00:00,0.00773,0.00779,0.0077,0.00772,10484500.0
2023-09-01 17:15:00,0.00772,0.00781,0.00771,0.00773,14720223.0
2023-09-01 17:30:00,0.00773,0.00785,0.00773,0.00775,8394719.0
2023-09-01 17:45:00,0.00774,0.00777,0.00767,0.00769,9681154.0
2023-09-01 18:00:00,0.0077,0.00776,0.00769,0.0077,4050641.0
2023-09-01 18:15:00,0.00769,0.0077,0.00761,0.00761,8626290.0
2023-09-01 18:30:00,0.00761,0.00769,0.00756,0.00767,14617806.0
2023-09-01 18:45:00,0.00767,0.00777,0.00766,0.00773,5962813.0
2023-09-01 19:00:00,0.00774,0.00774,0.00767,0.00774,2964828.0
2023-09-01 19:15:00,0.00775,0.00775,0.00768,0.0077,8422745.0
2023-09-01 19:30:00,0.0077,0.00776,0.00768,0.00776,2777958.0
2023-09-01 19:45:00,0.00775,0.00782,0.00774,0.00776,13590380.0
2023-09-01 20:00:00,0.00776,0.0078,0.00774,0.00776,5230178.0
2023-09-01 20:15:00,0.00776,0.00787,0.00775,0.00783,5012893.0
2023-09-01 20:30:00,0.00783,0.0079,0.00782,0.00782,3906304.0
2023-09-01 20:45:00,0.00783,0.00785,0.00775,0.00775,11585128.0
2023-09-01 21:00:00,0.00774,0.00785,0.00773,0.00783,16178613.0
2023-09-01 21:15:00,0.00783,0.00784,0.00778,0.00779,3414496.0
2023-09-01 21:30:00,0.00778,0.00795,0.00776,0.00791,14551066.0
2023-09-01 21:45:00,0.0079,0.00791,0.00781,0.00786,9529238.0
2023-09-01 22:00:00,0.00786,0.00792,0.00783,0.00785,7610734.0
2023-09-01 22:15:00,0.00784,0.00794,0.00783,0.00784,6787910.0
2023-09-01 22:30:00,0.00784,0.00795,0.00779,0.00788,8135236.0
2023-09-01 22:45:00,0.00787,0.0079,0.00783,0.00787,5983039.0
2023-09-01 23:00:00,0.00786,0.00788,0.00781,0.00781,4441925.0
2023-09-01 23:15:00,0.00782,0.00786,0.00781,0.00782,5465136.0
2023-09-01 23:30:00,0.00782,0.00795,0.00782,0.0079,6667442.0
2023-09-01 23:45:00,0.00791,0.00793,0.00787,0.00787,5787900.0
2023-09-02 00:00:00,0.00787,0.00787,0.00772,0.00774,14543356.0
2023-09-02 00:15:00,0.00775,0.00778,0.00774,0.00778,4801693.0
2023-09-02 00:30:00,0.00778,0.00787,0.00775,0.00787,7942049.0
2023-09-02 00:45:00,0.00786,0.00786,0.00776,0.00779,5698614.0
2023-09-02 01:00:00,0.00779,0.0079,0.00777,0.00789,6593140.0
2023-09-02 01:15:00,0.00788,0.00791,0.00785,0.00786,4595565.0
2023-09-02 01:30:00,0.00785,0.00787,0.00779,0.00783,2811512.0
2023-09-02 01:45:00,0.00783,0.00788,0.0078,0.00785,10746177.0
2023-09-02 02:00:00,0.00785,0.00785,0.00775,0.00776,8248204.0
2023-09-02 02:15:00,0.00775,0.00777,0.0077,0.00775,8067024.0
2023-09-02 02:30:00,0.00774,0.00775,0.00767,0.00769,5717306.0
2023-09-02 02:45:00,0.00768,0.0077,0.00765,0.00769,8971464.0
2023-09-02 03:00:00,0.00768,0.00776,0.00767,0.00771,10394375.0
2023-09-02 03:15:00,0.00771,0.00773,0.0077,0.0077,2519931.0
2023-09-02 03:30:00,0.0077,0.0077,0.00765,0.00766,7814322.0
2023-09-02 03:45:00,0.00767,0.00769,0.00765,0.00765,2424202.0
2023-09-02 04:00:00,0.00764,0.00768,0.00762,0.00768,7209656.0
2023-09-02 04:15:00,0.00769,0.00774,0.00768,0.00773,11844991.0
2023-09-02 04:30:00,0.00773,0.00793,0.00773,0.00788,41571961.0
2023-09-02 04:45:00,0.00787,0.00787,0.00776,0.00778,13463621.0
2023-09-02 05:00:00,0.00777,0.00784,0.00775,0.0078,8170653.0
2023-09-02 05:15:00,0.0078,0.0078,0.00775,0.00779,6516243.0
2023-09-02 05:30:00,0.00778,0.00781,0.00774,0.00774,4552434.0
2023-09-02 05:45:00,0.00774,0.00775,0.0077,0.00772,7942753.0
2023-09-02 06:00:00,0.00772,0.00774,0.00768,0.0077,6298275.0
2023-09-02 06:15:00,0.0077,0.0077,0.00765,0.00766,5385051.0
2023-09-02 06:30:00,0.00767,0.00817,0.00767,0.00812,58545887.0
2023-09-02 06:45:00,0.00812,0.00825,0.00786,0.00801,88141207.0
2023-09-02 07:00:00,0.00801,0.00803,0.0074,0.0075,77551906.0
2023-09-02 07:15:00,0.0075,0.00769,0.00748,0.00767,41797849.0
2023-09-02 07:30:00,0.00766,0.00771,0.00763,0.00764,18072920.0
2023-09-02 07:45:00,0.00765,0.00771,0.00761,0.00769,5934297.0
2023-09-02 08:00:00,0.00768,0.00772,0.00768,0.00769,14300542.0
2023-09-02 08:15:00,0.00769,0.00772,0.00768,0.00769,7196471.0
2023-09-02 08:30:00,0.00769,0.0077,0.00758,0.0076,18057955.0
2023-09-02 08:45:00,0.0076,0.00764,0.00752,0.00755,22559323.0
2023-09-02 09:00:00,0.00755,0.00762,0.00752,0.00756,12336604.0
2023-09-02 09:15:00,0.00756,0.00761,0.00755,0.0076,5372261.0
2023-09-02 09:30:00,0.0076,0.00764,0.00756,0.00756,9833795.0
2023-09-02 09:45:00,0.00756,0.00758,0.00754,0.00756,2070910.0
2023-09-02 10:00:00,0.00756,0.00757,0.00749,0.00752,14945863.0
2023-09-02 10:15:00,0.00752,0.00757,0.0075,0.00757,3557790.0
2023-09-02 10:30:00,0.00757,0.00762,0.00756,0.00762,2918519.0
2023-09-02 10:45:00,0.00762,0.00764,0.0076,0.00762,6990855.0
2023-09-02 11:00:00,0.00762,0.00762,0.00755,0.00756,7290936.0
2023-09-02 11:15:00,0.00757,0.00757,0.00754,0.00755,2346178.0
2023-09-02 11:30:00,0.00756,0.00756,0.00752,0.00753,3185454.0
2023-09-02 11:45:00,0.00754,0.00755,0.00751,0.00751,3775041.0
2023-09-02 12:00:00,0.00751,0.00751,0.00748,0.00749,4900874.0
2023-09-02 12:15:00,0.0075,0.00751,0.00747,0.00751,2419110.0
2023-09-02 12:30:00,0.00752,0.00758,0.0075,0.00758,5445609.0
2023-09-02 12:45:00,0.00758,0.00762,0.00754,0.00759,11507117.0
2023-09-02 13:00:00,0.0076,0.0078,0.00759,0.00777,26807938.0
2023-09-02 13:15:00,0.00778,0.00784,0.00774,0.00775,24907931.0
2023-09-02 13:30:00,0.00775,0.00777,0.0077,0.00772,8804480.0
2023-09-02 13:45:00,0.00773,0.00773,0.00766,0.00767,12659030.0
2023-09-02 14:00:00,0.00767,0.00771,0.00766,0.00769,4755933.0
2023-09-02 14:15:00,0.00769,0.00772,0.00763,0.00766,12252469.0
2023-09-02 14:30:00,0.00767,0.0077,0.00766,0.0077,2831946.0
2023-09-02 14:45:00,0.00769,0.00772,0.00768,0.00771,3151293.0
2023-09-02 15:00:00,0.00771,0.0078,0.0077,0.00779,5823833.0
2023-09-02 15:15:00,0.00779,0.00782,0.00776,0.00779,4905093.0
2023-09-02 15:30:00,0.00779,0.00782,0.00777,0.00777,5683308.0
2023-09-02 15:45:00,0.00778,0.00785,0.00775,0.00785,4639445.0
2023-09-02 16:00:00,0.00785,0.00786,0.00781,0.00783,4173440.0
2023-09-02 16:15:00,0.00783,0.00783,0.00773,0.00776,11171741.0
2023-09-02 16:30:00,0.00775,0.00778,0.00772,0.00774,2016910.0
2023-09-02 16:45:00,0.00775,0.00779,0.00774,0.00779,2453004.0
2023-09-02 17:00:00,0.00779,0.00779,0.00773,0.00776,1385038.0
2023-09-02 17:15:00,0.00776,0.00778,0.00776,0.00776,1511601.0
2023-09-02 17:30:00,0.00776,0.00782,0.00776,0.0078,807982.0
2023-09-02 17:45:00,0.00779,0.0078,0.00774,0.0078,3341067.0
2023-09-02 18:00:00,0.0078,0.00781,0.00775,0.00778,2231625.0
2023-09-02 18:15:00,0.00778,0.00778,0.00769,0.0077,3218798.0
2023-09-02 18:30:00,0.0077,0.00777,0.00768,0.00771,3144636.0
2023-09-02 18:45:00,0.0077,0.00776,0.00769,0.00775,1818910.0
2023-09-02 19:00:00,0.00775,0.00777,0.00774,0.00776,1510038.0
2023-09-02 19:15:00,0.00776,0.00782,0.00776,0.00778,2816279.0
2023-09-02 19:30:00,0.00779,0.0078,0.00774,0.00775,4627904.0
2023-09-02 19:45:00,0.00776,0.00777,0.00772,0.00772,900589.0
2023-09-02 20:00:00,0.00772,0.00777,0.00771,0.00772,1568532.0
2023-09-02 20:15:00,0.00771,0.00777,0.00769,0.00777,1532635.0
2023-09-02 20:30:00,0.00776,0.00778,0.00774,0.00774,1323224.0
2023-09-02 20:45:00,0.00774,0.00777,0.00773,0.00777,238113.0
2023-09-02 21:00:00,0.00776,0.00776,0.00771,0.00771,712633.0
2023-09-02 21:15:00,0.00771,0.00774,0.0077,0.00772,3642897.0
2023-09-02 21:30:00,0.00771,0.00771,0.00767,0.00769,1423655.0
2023-09-02 21:45:00,0.00768,0.00769,0.00767,0.00767,574574.0
2023-09-02 22:00:00,0.00768,0.0077,0.00766,0.00766,2177469.0
2023-09-02 22:15:00,0.00766,0.00768,0.00764,0.00766,992895.0
2023-09-02 22:30:00,0.00766,0.0077,0.00766,0.00769,946026.0
2023-09-02 22:45:00,0.00769,0.00771,0.00768,0.0077,1449876.0
2023-09-02 23:00:00,0.0077,0.00771,0.00765,0.00766,2640691.0
2023-09-02 23:15:00,0.00766,0.00769,0.00765,0.00768,3140503.0
2023-09-02 23:30:00,0.00767,0.00769,0.00766,0.00767,1052462.0
2023-09-02 23:45:00,0.00766,0.00768,0.00765,0.00767,2715477.0
2023-09-03 00:00:00,0.00768,0.0077,0.00765,0.00765,2544890.0
2023-09-03 00:15:00,0.00764,0.00764,0.00758,0.00758,7883526.0
2023-09-03 00:30:00,0.00759,0.00759,0.00752,0.00754,8703048.0
2023-09-03 00:45:00,0.00754,0.00764,0.00754,0.00764,4380342.0
2023-09-03 01:00:00,0.00763,0.00766,0.00756,0.00756,6348618.0
2023-09-03 01:15:00,0.00756,0.00758,0.00755,0.00757,1861395.0
2023-09-03 01:30:00,0.00756,0.00759,0.00754,0.00755,2360899.0
2023-09-03 01:45:00,0.00756,0.0076,0.00754,0.00758,2834937.0
2023-09-03 02:00:00,0.00757,0.00771,0.00757,0.00771,14555023.0
2023-09-03 02:15:00,0.00771,0.00772,0.00765,0.00767,4822354.0
2023-09-03 02:30:00,0.00767,0.00768,0.00763,0.00765,10232938.0
2023-09-03 02:45:00,0.00764,0.0077,0.00764,0.0077,2561093.0
2023-09-03 03:00:00,0.0077,0.00772,0.00766,0.00768,2940126.0
2023-09-03 03:15:00,0.00769,0.00771,0.00766,0.00768,3092513.0
2023-09-03 03:30:00,0.00768,0.00771,0.00766,0.00771,4618075.0
2023-09-03 03:45:00,0.00771,0.00771,0.00764,0.00764,1387846.0
2023-09-03 04:00:00,0.00765,0.00769,0.00765,0.00765,2235215.0
2023-09-03 04:15:00,0.00765,0.00767,0.00763,0.00766,2005031.0
2023-09-03 04:30:00,0.00766,0.0077,0.00765,0.00769,721833.0
2023-09-03 04:45:00,0.00769,0.00772,0.00766,0.00769,3801567.0
2023-09-03 05:00:00,0.0077,0.00775,0.0077,0.00772,3361353.0
2023-09-03 05:15:00,0.00771,0.00772,0.00769,0.00772,1503476.0
2023-09-03 05:30:00,0.00773,0.00774,0.00769,0.0077,3090787.0
2023-09-03 05:45:00,0.0077,0.00789,0.00768,0.00786,14299666.0
2023-09-03 06:00:00,0.00787,0.00794,0.00781,0.00786,18280331.0
2023-09-03 06:15:00,0.00786,0.00795,0.00783,0.00792,7978054.0
2023-09-03 06:30:00,0.00793,0.008,0.00786,0.00786,11272668.0
2023-09-03 06:45:00,0.00787,0.0079,0.00785,0.00788,3218448.0
2023-09-03 07:00:00,0.00788,0.00796,0.00786,0.00791,5104562.0
2023-09-03 07:15:00,0.0079,0.00794,0.00789,0.0079,2625765.0
2023-09-03 07:30:00,0.00791,0.00802,0.00787,0.00799,9897933.0
2023-09-03 07:45:00,0.00799,0.00805,0.00795,0.00799,11338579.0
2023-09-03 08:00:00,0.00799,0.00802,0.00784,0.00786,13096723.0
2023-09-03 08:15:00,0.00788,0.00793,0.00785,0.00791,2620335.0
2023-09-03 08:30:00,0.00791,0.00798,0.00791,0.00797,2712269.0
2023-09-03 08:45:00,0.00797,0.00799,0.00788,0.00788,5204300.0
2023-09-03 09:00:00,0.00789,0.00801,0.00789,0.00796,6098836.0
2023-09-03 09:15:00,0.00796,0.00796,0.0079,0.00791,4344901.0
2023-09-03 09:30:00,0.0079,0.00791,0.00788,0.00791,1958898.0
2023-09-03 09:45:00,0.00791,0.00798,0.00791,0.00793,6116656.0
2023-09-03 10:00:00,0.00794,0.00796,0.00787,0.00789,2258586.0
2023-09-03 10:15:00,0.00789,0.00791,0.00785,0.00788,4104297.0
2023-09-03 10:30:00,0.00788,0.0079,0.00785,0.00789,5212922.0
2023-09-03 10:45:00,0.0079,0.00795,0.0079,0.00791,3993972.0
2023-09-03 11:00:00,0.00791,0.00793,0.00788,0.00791,1543934.0
2023-09-03 11:15:00,0.00792,0.00793,0.00789,0.00792,1622948.0
2023-09-03 11:30:00,0.00792,0.00799,0.00792,0.00796,4197809.0
2023-09-03 11:45:00,0.00796,0.00797,0.00791,0.00794,3401485.0
2023-09-03 12:00:00,0.00795,0.00796,0.00787,0.00789,3181693.0
2023-09-03 12:15:00,0.00788,0.00789,0.00785,0.00787,2889397.0
2023-09-03 12:30:00,0.00787,0.00789,0.00785,0.00788,2631983.0
2023-09-03 12:45:00,0.00789,0.00792,0.00786,0.00787,2396338.0
2023-09-03 13:00:00,0.00787,0.00787,0.0078,0.00782,3480164.0
2023-09-03 13:15:00,0.00783,0.00784,0.00779,0.00781,6030191.0
2023-09-03 13:30:00,0.0078,0.00783,0.00779,0.00783,2177857.0
2023-09-03 13:45:00,0.00783,0.00784,0.00776,0.00777,5005491.0
2023-09-03 14:00:00,0.00778,0.00779,0.00773,0.00775,3957651.0
2023-09-03 14:15:00,0.00774,0.00777,0.0077,0.00771,3303989.0
2023-09-03 14:30:00,0.00771,0.00774,0.00771,0.00772,2988350.0
2023-09-03 14:45:00,0.00773,0.00773,0.00768,0.0077,3687878.0
2023-09-03 15:00:00,0.0077,0.00772,0.00767,0.00768,2066323.0
2023-09-03 15:15:00,0.00768,0.0077,0.00765,0.00769,3022473.0
2023-09-03 15:30:00,0.0077,0.00774,0.0077,0.00774,6320487.0
2023-09-03 15:45:00,0.00774,0.00778,0.00771,0.00776,3288712.0
2023-09-03 16:00:00,0.00776,0.00777,0.00767,0.00769,4129734.0
2023-09-03 16:15:00,0.00769,0.00772,0.00765,0.00765,2630802.0
2023-09-03 16:30:00,0.00766,0.00768,0.00757,0.0076,10643807.0
2023-09-03 16:45:00,0.0076,0.00762,0.00752,0.00755,7361240.0
2023-09-03 17:00:00,0.00755,0.00755,0.00751,0.00751,4065127.0
2023-09-03 17:15:00,0.00752,0.00757,0.00752,0.00757,2405406.0
2023-09-03 17:30:00,0.00756,0.0076,0.00756,0.00759,1302023.0
2023-09-03 17:45:00,0.00759,0.00762,0.00759,0.00762,1504230.0
2023-09-03 18:00:00,0.00762,0.00766,0.00761,0.00766,2559698.0
2023-09-03 18:15:00,0.00765,0.00772,0.00764,0.00768,4396675.0
2023-09-03 18:30:00,0.00768,0.0077,0.00764,0.00765,3087172.0
2023-09-03 18:45:00,0.00766,0.00767,0.00762,0.00765,2514466.0
2023-09-03 19:00:00,0.00765,0.00768,0.00764,0.00767,1248834.0
2023-09-03 19:15:00,0.00767,0.0077,0.00766,0.0077,1755814.0
2023-09-03 19:30:00,0.00769,0.00769,0.00766,0.00768,3522488.0
2023-09-03 19:45:00,0.00767,0.00768,0.00766,0.00768,488570.0
2023-09-03 20:00:00,0.00768,0.00769,0.00765,0.00765,381057.0
2023-09-03 20:15:00,0.00765,0.00765,0.00763,0.00764,636003.0
2023-09-03 20:30:00,0.00763,0.00764,0.00762,0.00764,730761.0
2023-09-03 20:45:00,0.00764,0.00768,0.00764,0.00765,1623027.0
2023-09-03 21:00:00,0.00765,0.00765,0.00763,0.00765,1293424.0
2023-09-03 21:15:00,0.00764,0.00764,0.0076,0.00763,3219715.0
2023-09-03 21:30:00,0.00762,0.00768,0.00762,0.00767,6064848.0
2023-09-03 21:45:00,0.00767,0.00768,0.00765,0.00765,4019667.0
2023-09-03 22:00:00,0.00765,0.00766,0.00764,0.00766,849567.0
2023-09-03 22:15:00,0.00766,0.00768,0.00766,0.00768,1584743.0
2023-09-03 22:30:00,0.00769,0.00774,0.00769,0.00772,2264900.0
2023-09-03 22:45:00,0.00772,0.00773,0.00769,0.00769,480870.0
2023-09-03 23:00:00,0.00769,0.0077,0.00767,0.00768,1481025.0
2023-09-03 23:15:00,0.00768,0.00772,0.00768,0.0077,2818056.0
2023-09-03 23:30:00,0.00771,0.00773,0.00769,0.00771,1997355.0
2023-09-03 23:45:00,0.00771,0.00774,0.00767,0.00768,1368920.0
2023-09-04 00:00:00,0.00768,0.00769,0.00764,0.00765,1384822.0
2023-09-04 00:15:00,0.00765,0.00768,0.00764,0.00765,1447994.0
2023-09-04 00:30:00,0.00765,0.0077,0.00765,0.00768,2624494.0
2023-09-04 00:45:00,0.00769,0.00774,0.00768,0.00773,4094951.0
2023-09-04 01:00:00,0.00773,0.00774,0.00771,0.00774,1160222.0
2023-09-04 01:15:00,0.00774,0.00776,0.00772,0.00772,2543563.0
2023-09-04 01:30:00,0.00773,0.00774,0.0077,0.00774,1697781.0
2023-09-04 01:45:00,0.00774,0.00783,0.00774,0.00781,6968363.0
2023-09-04 02:00:00,0.00782,0.00793,0.00782,0.00789,6081735.0
2023-09-04 02:15:00,0.00789,0.00794,0.00786,0.00786,9162981.0
2023-09-04 02:30:00,0.00786,0.00795,0.00785,0.00791,5348042.0
2023-09-04 02:45:00,0.00791,0.00802,0.0079,0.00796,16240895.0
2023-09-04 03:00:00,0.00796,0.00805,0.00796,0.008,6731739.0
2023-09-04 03:15:00,0.008,0.00802,0.00793,0.00793,3749763.0
2023-09-04 03:30:00,0.00794,0.00795,0.00782,0.00782,10450501.0
2023-09-04 03:45:00,0.00782,0.00784,0.00781,0.00782,4041607.0
2023-09-04 04:00:00,0.00782,0.00795,0.00782,0.00792,14693694.0
2023-09-04 04:15:00,0.00792,0.00798,0.00789,0.0079,10516972.0
2023-09-04 04:30:00,0.00791,0.00794,0.00788,0.00793,7480594.0
2023-09-04 04:45:00,0.00793,0.00797,0.00792,0.00796,2973381.0
2023-09-04 05:00:00,0.00796,0.00805,0.00795,0.00798,7657477.0
2023-09-04 05:15:00,0.00799,0.00803,0.00796,0.00799,3287488.0
2023-09-04 05:30:00,0.008,0.008,0.00787,0.00787,3292841.0
2023-09-04 05:45:00,0.00787,0.00796,0.00786,0.00792,8302986.0
2023-09-04 06:00:00,0.00792,0.00804,0.00792,0.008,7603969.0
2023-09-04 06:15:00,0.008,0.008,0.00792,0.00795,7444157.0
2023-09-04 06:30:00,0.00795,0.00795,0.00789,0.0079,3019017.0
2023-09-04 06:45:00,0.00792,0.00793,0.00781,0.00782,11011031.0
2023-09-04 07:00:00,0.00781,0.00792,0.00781,0.0079,3541829.0
2023-09-04 07:15:00,0.00791,0.00791,0.00787,0.0079,2491061.0
2023-09-04 07:30:00,0.00791,0.00795,0.00787,0.00789,11195977.0
2023-09-04 07:45:00,0.00789,0.00795,0.00786,0.00794,4124937.0
2023-09-04 08:00:00,0.00795,0.00799,0.00794,0.00796,5436281.0
2023-09-04 08:15:00,0.00797,0.00802,0.00791,0.00798,4799816.0
2023-09-04 08:30:00,0.00798,0.00801,0.00796,0.00796,3478978.0
2023-09-04 08:45:00,0.00797,0.0081,0.00797,0.00803,18676566.0
2023-09-04 09:00:00,0.00802,0.00808,0.00802,0.00806,4105500.0
2023-09-04 09:15:00,0.00806,0.00806,0.00797,0.00799,10962721.0
2023-09-04 09:30:00,0.00799,0.00801,0.00796,0.00796,5219139.0
2023-09-04 09:45:00,0.00797,0.00798,0.00792,0.00793,3982987.0
2023-09-04 10:00:00,0.00794,0.00796,0.00792,0.00793,2740303.0
2023-09-04 10:15:00,0.00793,0.00796,0.00792,0.00794,4422806.0
2023-09-04 10:30:00,0.00794,0.008,0.00793,0.00794,3195537.0
2023-09-04 10:45:00,0.00793,0.00795,0.0079,0.00795,4113691.0
2023-09-04 11:00:00,0.00795,0.00796,0.00788,0.00788,14821142.0
2023-09-04 11:15:00,0.00789,0.00789,0.00782,0.00785,6406354.0
2023-09-04 11:30:00,0.00784,0.00788,0.00783,0.00788,4160553.0
2023-09-04 11:45:00,0.00788,0.0079,0.00786,0.00787,1552734.0
2023-09-04 12:00:00,0.00786,0.00789,0.00785,0.00788,3072515.0
2023-09-04 12:15:00,0.00787,0.008,0.00784,0.00796,12240132.0
2023-09-04 12:30:00,0.00797,0.00798,0.00789,0.0079,3507616.0
2023-09-04 12:45:00,0.0079,0.0079,0.0078,0.00783,4997295.0
2023-09-04 13:00:00,0.00784,0.00787,0.0078,0.00787,6646715.0
2023-09-04 13:15:00,0.00786,0.00791,0.00786,0.00789,7562873.0
2023-09-04 13:30:00,0.0079,0.0079,0.00782,0.00787,5192724.0
2023-09-04 13:45:00,0.00787,0.00788,0.00784,0.00786,925408.0
2023-09-04 14:00:00,0.00787,0.00792,0.00783,0.00792,1911004.0
2023-09-04 14:15:00,0.00792,0.00796,0.0079,0.00792,3524894.0
2023-09-04 14:30:00,0.00793,0.00793,0.00787,0.00789,2393287.0
2023-09-04 14:45:00,0.00788,0.0079,0.00784,0.00786,3413989.0
2023-09-04 15:00:00,0.00787,0.00792,0.00778,0.00782,7515744.0
2023-09-04 15:15:00,0.00782,0.00788,0.00778,0.00785,10562137.0
2023-09-04 15:30:00,0.00785,0.00794,0.00785,0.00786,6385555.0
2023-09-04 15:45:00,0.00786,0.00788,0.00783,0.00785,2577427.0
2023-09-04 16:00:00,0.00785,0.00787,0.00783,0.00787,2632386.0
2023-09-04 16:15:00,0.00786,0.00791,0.00785,0.00791,3238610.0
2023-09-04 16:30:00,0.0079,0.00794,0.00787,0.00788,4330029.0
2023-09-04 16:45:00,0.00788,0.00788,0.00784,0.00787,1711399.0
2023-09-04 17:00:00,0.00788,0.00797,0.00786,0.00796,4879569.0
2023-09-04 17:15:00,0.00796,0.008,0.00794,0.00797,7076269.0
2023-09-04 17:30:00,0.00797,0.00797,0.00793,0.00795,1768141.0
2023-09-04 17:45:00,0.00795,0.00796,0.00789,0.00792,7314963.0
2023-09-04 18:00:00,0.00792,0.00797,0.00791,0.00795,5987375.0
2023-09-04 18:15:00,0.00795,0.00796,0.0079,0.00793,8295912.0
2023-09-04 18:30:00,0.00793,0.00801,0.00793,0.00798,11899140.0
2023-09-04 18:45:00,0.00798,0.00799,0.00792,0.00796,6816161.0
2023-09-04 19:00:00,0.00795,0.00799,0.00789,0.00792,8396068.0
2023-09-04 19:15:00,0.00792,0.00794,0.00791,0.00794,2823621.0
2023-09-04 19:30:00,0.00793,0.00795,0.00791,0.00792,3241383.0
2023-09-04 19:45:00,0.00793,0.00795,0.00793,0.00793,1384676.0
2023-09-04 20:00:00,0.00793,0.00794,0.0079,0.0079,1138385.0
2023-09-04 20:15:00,0.0079,0.00792,0.0079,0.00791,1795916.0
2023-09-04 20:30:00,0.0079,0.00792,0.00788,0.00792,542774.0
2023-09-04 20:45:00,0.00792,0.00795,0.0079,0.00792,1753765.0
2023-09-04 21:00:00,0.00793,0.00797,0.00792,0.00793,3220793.0
2023-09-04 21:15:00,0.00794,0.00795,0.00789,0.0079,1564837.0
2023-09-04 21:30:00,0.0079,0.00791,0.00786,0.00789,2872156.0
2023-09-04 21:45:00,0.00789,0.00793,0.00782,0.00784,5132868.0
2023-09-04 22:00:00,0.00783,0.00788,0.00781,0.00786,2615733.0
2023-09-04 22:15:00,0.00785,0.00789,0.00784,0.00786,2188342.0
2023-09-04 22:30:00,0.00787,0.00789,0.00784,0.00787,1500363.0
2023-09-04 22:45:00,0.00787,0.00791,0.00786,0.0079,1253552.0
2023-09-04 23:00:00,0.0079,0.00797,0.0079,0.00793,17845706.0
2023-09-04 23:15:00,0.00793,0.00794,0.0079,0.00793,757741.0
2023-09-04 23:30:00,0.00792,0.00794,0.00791,0.00793,588016.0
2023-09-04 23:45:00,0.00792,0.00793,0.0079,0.00792,2007117.0
2023-09-05 00:00:00,0.00792,0.00793,0.00786,0.00786,2146717.0
2023-09-05 00:15:00,0.00786,0.00788,0.00781,0.00782,4175367.0
2023-09-05 00:30:00,0.00782,0.00788,0.00782,0.00786,4741578.0
2023-09-05 00:45:00,0.00785,0.00787,0.00781,0.00784,3580355.0
2023-09-05 01:00:00,0.00784,0.00788,0.00784,0.00787,3470412.0
2023-09-05 01:15:00,0.00787,0.00791,0.00783,0.0079,4734307.0
2023-09-05 01:30:00,0.0079,0.00794,0.00788,0.00793,2770622.0
2023-09-05 01:45:00,0.00793,0.00799,0.00791,0.00795,6260594.0
2023-09-05 02:00:00,0.00794,0.0081,0.00788,0.00801,21323094.0
2023-09-05 02:15:00,0.00801,0.00807,0.00798,0.00802,9404884.0
2023-09-05 02:30:00,0.00801,0.00806,0.00798,0.00802,7621910.0
2023-09-05 02:45:00,0.00802,0.00804,0.00797,0.00797,6036755.0
2023-09-05 03:00:00,0.00797,0.00806,0.00795,0.008,7884721.0
2023-09-05 03:15:00,0.008,0.00804,0.00797,0.008,3534910.0
2023-09-05 03:30:00,0.008,0.00807,0.008,0.00805,7189287.0
2023-09-05 03:45:00,0.00805,0.00806,0.00803,0.00805,1557197.0
2023-09-05 04:00:00,0.00805,0.00815,0.00805,0.00814,11057742.0
2023-09-05 04:15:00,0.00814,0.00818,0.0081,0.0081,11751244.0
2023-09-05 04:30:00,0.00809,0.00815,0.00806,0.00806,6731014.0
2023-09-05 04:45:00,0.00806,0.00807,0.00799,0.00802,4703687.0
2023-09-05 05:00:00,0.00801,0.00804,0.00798,0.008,4554620.0
2023-09-05 05:15:00,0.00801,0.00807,0.00801,0.00804,3219074.0
2023-09-05 05:30:00,0.00805,0.00806,0.008,0.00806,3727384.0
2023-09-05 05:45:00,0.00805,0.00805,0.00798,0.00802,7284727.0
2023-09-05 06:00:00,0.00802,0.00805,0.00801,0.00805,1827861.0
2023-09-05 06:15:00,0.00806,0.00807,0.00799,0.008,3787467.0
2023-09-05 06:30:00,0.008,0.00801,0.00797,0.008,3465126.0
2023-09-05 06:45:00,0.00799,0.00799,0.00792,0.00793,4170225.0
2023-09-05 07:00:00,0.00794,0.00798,0.00792,0.00797,3584430.0
2023-09-05 07:15:00,0.00797,0.00809,0.00793,0.00806,11727517.0
2023-09-05 07:30:00,0.00806,0.00809,0.00804,0.00805,3403882.0
2023-09-05 07:45:00,0.00806,0.00807,0.00802,0.00803,5812523.0
2023-09-05 08:00:00,0.00803,0.00806,0.00801,0.00802,3278294.0
2023-09-05 08:15:00,0.00802,0.00805,0.00799,0.00803,4579740.0
2023-09-05 08:30:00,0.00803,0.00804,0.008,0.00803,1578484.0
2023-09-05 08:45:00,0.00803,0.00805,0.008,0.00801,2820697.0
2023-09-05 09:00:00,0.00801,0.00805,0.00798,0.00799,2734151.0
2023-09-05 09:15:00,0.00799,0.00802,0.00797,0.00798,3929367.0
2023-09-05 09:30:00,0.00798,0.00804,0.00798,0.00804,1617116.0
2023-09-05 09:45:00,0.00804,0.00805,0.00802,0.00802,3043122.0
2023-09-05 10:00:00,0.00802,0.00803,0.00801,0.00801,1244135.0
2023-09-05 10:15:00,0.00801,0.00802,0.00799,0.00802,2883005.0
2023-09-05 10:30:00,0.00802,0.00804,0.00801,0.00804,2552233.0
2023-09-05 10:45:00,0.00804,0.00809,0.00803,0.00805,4120913.0
2023-09-05 11:00:00,0.00806,0.00809,0.00805,0.00808,3137608.0
2023-09-05 11:15:00,0.00806,0.0081,0.00801,0.0081,8505933.0
2023-09-05 11:30:00,0.0081,0.00811,0.00806,0.00807,4169271.0
2023-09-05 11:45:00,0.00807,0.00816,0.00807,0.00814,4568845.0
2023-09-05 12:00:00,0.00814,0.00818,0.0081,0.00815,11095605.0
2023-09-05 12:15:00,0.00814,0.00814,0.00809,0.00811,2255897.0
2023-09-05 12:30:00,0.0081,0.00813,0.00807,0.0081,4055820.0
2023-09-05 12:45:00,0.0081,0.00821,0.00808,0.00818,7510529.0
2023-09-05 13:00:00,0.00818,0.00825,0.00817,0.00818,6449114.0
2023-09-05 13:15:00,0.00818,0.00818,0.00815,0.00818,1737798.0
2023-09-05 13:30:00,0.00817,0.00817,0.00808,0.0081,4661306.0
2023-09-05 13:45:00,0.00811,0.00812,0.00807,0.00809,3011630.0
2023-09-05 14:00:00,0.00809,0.0081,0.00802,0.00806,8992637.0
2023-09-05 14:15:00,0.00806,0.00809,0.00804,0.00806,4188771.0
2023-09-05 14:30:00,0.00807,0.0081,0.00805,0.00806,4682467.0
2023-09-05 14:45:00,0.00806,0.00807,0.00803,0.00804,2463058.0
2023-09-05 15:00:00,0.00805,0.00815,0.00805,0.00814,3837292.0
2023-09-05 15:15:00,0.00814,0.00817,0.00808,0.00809,5844539.0
2023-09-05 15:30:00,0.00811,0.00825,0.00809,0.00819,14474039.0
2023-09-05 15:45:00,0.0082,0.00822,0.00814,0.00815,3975959.0
2023-09-05 16:00:00,0.00816,0.00828,0.00811,0.00824,16603911.0
2023-09-05 16:15:00,0.00823,0.00827,0.00816,0.00817,10361255.0
2023-09-05 16:30:00,0.00817,0.00823,0.00817,0.00822,2840468.0
2023-09-05 16:45:00,0.00822,0.00822,0.00815,0.00819,2132426.0
2023-09-05 17:00:00,0.00819,0.00822,0.00815,0.00818,6261966.0
2023-09-05 17:15:00,0.00817,0.00821,0.00816,0.0082,1713102.0
2023-09-05 17:30:00,0.00821,0.00821,0.00818,0.0082,2277968.0
2023-09-05 17:45:00,0.0082,0.0082,0.00815,0.00818,1798115.0
2023-09-05 18:00:00,0.00818,0.00819,0.00814,0.00814,3640153.0
2023-09-05 18:15:00,0.00814,0.00816,0.00813,0.00814,992369.0
2023-09-05 18:30:00,0.00814,0.00817,0.00811,0.00813,2512120.0
2023-09-05 18:45:00,0.00813,0.00816,0.00812,0.00814,854876.0
2023-09-05 19:00:00,0.00815,0.00819,0.00815,0.00818,697373.0
2023-09-05 19:15:00,0.00817,0.00819,0.00811,0.00813,8094880.0
2023-09-05 19:30:00,0.00812,0.00813,0.00811,0.00813,948429.0
2023-09-05 19:45:00,0.00813,0.00813,0.00803,0.00805,9474051.0
2023-09-05 20:00:00,0.00806,0.00806,0.00801,0.00805,4363436.0
2023-09-05 20:15:00,0.00805,0.00809,0.00804,0.00809,2340802.0
2023-09-05 20:30:00,0.00809,0.0081,0.00807,0.00809,2114753.0
2023-09-05 20:45:00,0.00809,0.0081,0.00809,0.0081,921351.0
2023-09-05 21:00:00,0.0081,0.00812,0.00808,0.00811,2278433.0
2023-09-05 21:15:00,0.0081,0.00821,0.0081,0.0082,13880450.0
2023-09-05 21:30:00,0.00819,0.00821,0.00808,0.00813,15421874.0
2023-09-05 21:45:00,0.00813,0.00814,0.00812,0.00813,1488562.0
2023-09-05 22:00:00,0.00813,0.00816,0.00813,0.00814,1372813.0
2023-09-05 22:15:00,0.00815,0.00818,0.00814,0.00816,1730105.0
2023-09-05 22:30:00,0.00816,0.00816,0.00813,0.00814,522694.0
2023-09-05 22:45:00,0.00814,0.00819,0.00813,0.00818,2080114.0
2023-09-05 23:00:00,0.00818,0.00819,0.00814,0.00817,1394507.0
2023-09-05 23:15:00,0.00817,0.00821,0.00817,0.0082,1119548.0
2023-09-05 23:30:00,0.0082,0.00824,0.00819,0.00823,3541072.0
2023-09-05 23:45:00,0.00822,0.00825,0.0082,0.00823,3835079.0
2023-09-06 00:00:00,0.00823,0.00837,0.00821,0.00835,6519492.0
2023-09-06 00:15:00,0.00835,0.00855,0.00832,0.00839,22224485.0
2023-09-06 00:30:00,0.0084,0.00855,0.00829,0.00851,20439248.0
2023-09-06 00:45:00,0.0085,0.00853,0.0084,0.00842,10874211.0
2023-09-06 01:00:00,0.00842,0.00868,0.0084,0.00868,17344039.0
2023-09-06 01:15:00,0.00868,0.00868,0.00849,0.0085,18132889.0
2023-09-06 01:30:00,0.00851,0.00857,0.00845,0.00845,17823654.0
2023-09-06 01:45:00,0.00846,0.00847,0.00837,0.00837,9751433.0
2023-09-06 02:00:00,0.00837,0.00839,0.0083,0.00835,8487545.0
2023-09-06 02:15:00,0.00835,0.00843,0.00834,0.00838,3800547.0
2023-09-06 02:30:00,0.00838,0.00839,0.00833,0.00837,3289398.0
2023-09-06 02:45:00,0.00837,0.00837,0.00831,0.00836,2183351.0
2023-09-06 03:00:00,0.00836,0.00836,0.00829,0.00831,2605500.0
2023-09-06 03:15:00,0.00832,0.00833,0.00827,0.00827,4208555.0
2023-09-06 03:30:00,0.00827,0.00828,0.00818,0.00822,12544021.0
2023-09-06 03:45:00,0.00822,0.00822,0.00815,0.00817,7322597.0
2023-09-06 04:00:00,0.00817,0.00817,0.00809,0.00813,7940556.0
2023-09-06 04:15:00,0.00812,0.00812,0.00809,0.00811,2855396.0
2023-09-06 04:30:00,0.0081,0.00811,0.00807,0.00809,4663955.0
2023-09-06 04:45:00,0.00809,0.00813,0.00807,0.00811,8791732.0
2023-09-06 05:00:00,0.00811,0.00813,0.00807,0.00809,1422480.0
2023-09-06 05:15:00,0.00809,0.00812,0.00807,0.00811,2165380.0
2023-09-06 05:30:00,0.00811,0.00816,0.0081,0.00815,2850934.0
2023-09-06 05:45:00,0.00816,0.00816,0.0081,0.00811,1468288.0
2023-09-06 06:00:00,0.00811,0.00815,0.00811,0.00813,2545562.0
2023-09-06 06:15:00,0.00814,0.00817,0.00812,0.00812,1703577.0
2023-09-06 06:30:00,0.00812,0.00812,0.00808,0.00808,3406245.0
2023-09-06 06:45:00,0.00808,0.0081,0.00804,0.00808,4782586.0
2023-09-06 07:00:00,0.00807,0.00809,0.00806,0.00807,3184260.0
2023-09-06 07:15:00,0.00807,0.00809,0.00801,0.00802,5743656.0
2023-09-06 07:30:00,0.00803,0.00808,0.00801,0.00807,2038105.0
2023-09-06 07:45:00,0.00808,0.00809,0.00804,0.00805,1397841.0
2023-09-06 08:00:00,0.00805,0.00811,0.00802,0.00802,4363269.0
2023-09-06 08:15:00,0.00803,0.00804,0.00797,0.00797,6016827.0
2023-09-06 08:30:00,0.00798,0.00801,0.00797,0.00801,1240496.0
2023-09-06 08:45:00,0.00801,0.00802,0.008,0.00801,838090.0
2023-09-06 09:00:00,0.00801,0.00806,0.00801,0.00804,1028415.0
2023-09-06 09:15:00,0.00804,0.00805,0.00801,0.00805,852619.0
2023-09-06 09:30:00,0.00804,0.00809,0.00803,0.00807,4683153.0
2023-09-06 09:45:00,0.00808,0.00813,0.00808,0.0081,4891272.0
2023-09-06 10:00:00,0.0081,0.00816,0.00809,0.00816,2514367.0
2023-09-06 10:15:00,0.00816,0.00817,0.00813,0.00813,3729651.0
2023-09-06 10:30:00,0.00814,0.00815,0.00809,0.00809,2622790.0
2023-09-06 10:45:00,0.00809,0.00811,0.00807,0.00809,1070822.0
2023-09-06 11:00:00,0.00809,0.00812,0.00807,0.00809,2932710.0
2023-09-06 11:15:00,0.00809,0.0081,0.00805,0.00805,2121946.0
2023-09-06 11:30:00,0.00806,0.00813,0.00806,0.00813,2770580.0
2023-09-06 11:45:00,0.00813,0.00814,0.00811,0.00814,1616934.0
2023-09-06 12:00:00,0.00814,0.00815,0.00813,0.00815,813042.0
2023-09-06 12:15:00,0.00815,0.00815,0.0081,0.00814,2733255.0
2023-09-06 12:30:00,0.00813,0.00814,0.00809,0.0081,1144059.0
2023-09-06 12:45:00,0.00811,0.00812,0.00805,0.00807,3583061.0
2023-09-06 13:00:00,0.00807,0.00808,0.00804,0.00806,2343144.0
2023-09-06 13:15:00,0.00805,0.00809,0.00805,0.00807,3897197.0
2023-09-06 13:30:00,0.00806,0.00811,0.00803,0.0081,3054064.0
2023-09-06 13:45:00,0.00811,0.00812,0.00807,0.00808,1988644.0
2023-09-06 14:00:00,0.00808,0.00808,0.00802,0.00806,3850675.0
2023-09-06 14:15:00,0.00806,0.00807,0.00798,0.00798,4577440.0
2023-09-06 14:30:00,0.00799,0.00802,0.00798,0.008,1649486.0
2023-09-06 14:45:00,0.00799,0.00803,0.00798,0.008,1305700.0
2023-09-06 15:00:00,0.008,0.00802,0.00796,0.00796,3332370.0
2023-09-06 15:15:00,0.00796,0.00799,0.00791,0.00797,4055722.0
2023-09-06 15:30:00,0.00796,0.00802,0.00796,0.00802,981438.0
2023-09-06 15:45:00,0.00802,0.00802,0.00799,0.00799,651799.0
2023-09-06 16:00:00,0.00799,0.00799,0.00792,0.00792,4120868.0
2023-09-06 16:15:00,0.00793,0.00795,0.00792,0.00793,1926388.0
2023-09-06 16:30:00,0.00792,0.00796,0.00792,0.00793,5719669.0
2023-09-06 16:45:00,0.00793,0.00795,0.00791,0.00791,3661287.0
2023-09-06 17:00:00,0.00792,0.00792,0.00761,0.00783,22876641.0
2023-09-06 17:15:00,0.00782,0.00784,0.00778,0.00781,4074440.0
2023-09-06 17:30:00,0.00781,0.00783,0.00778,0.00782,2998948.0
2023-09-06 17:45:00,0.00783,0.008,0.00781,0.00795,12074600.0
2023-09-06 18:00:00,0.00796,0.00805,0.00795,0.00799,6393048.0
2023-09-06 18:15:00,0.00798,0.00799,0.00793,0.00797,1824759.0
2023-09-06 18:30:00,0.00797,0.00802,0.00794,0.00802,2114179.0
2023-09-06 18:45:00,0.00801,0.00803,0.00799,0.00799,1892483.0
2023-09-06 19:00:00,0.00799,0.00801,0.00797,0.00801,928318.0
2023-09-06 19:15:00,0.00801,0.00804,0.00801,0.00802,1368067.0
2023-09-06 19:30:00,0.00801,0.00803,0.00801,0.00803,167890.0
2023-09-06 19:45:00,0.00802,0.00802,0.008,0.00801,692206.0
2023-09-06 20:00:00,0.00803,0.00803,0.00799,0.00801,2668185.0
2023-09-06 20:15:00,0.008,0.008,0.00795,0.00796,2403396.0
2023-09-06 20:30:00,0.00796,0.00798,0.00795,0.00798,849075.0
2023-09-06 20:45:00,0.00797,0.00798,0.00793,0.00793,839383.0
2023-09-06 21:00:00,0.00793,0.00795,0.00792,0.00795,1518956.0
2023-09-06 21:15:00,0.00795,0.00797,0.00794,0.00797,520501.0
2023-09-06 21:30:00,0.00797,0.00798,0.00795,0.00796,861078.0
2023-09-06 21:45:00,0.00797,0.008,0.00797,0.00799,826866.0
2023-09-06 22:00:00,0.00799,0.00801,0.00798,0.00798,669334.0
2023-09-06 22:15:00,0.00798,0.00801,0.00797,0.00799,1251657.0
2023-09-06 22:30:00,0.00799,0.00801,0.00798,0.008,745830.0
2023-09-06 22:45:00,0.008,0.00801,0.00798,0.008,4440708.0
2023-09-06 23:00:00,0.00801,0.00803,0.00801,0.00802,730441.0
2023-09-06 23:15:00,0.00803,0.00804,0.00801,0.00802,1151863.0
2023-09-06 23:30:00,0.00802,0.00803,0.00801,0.00803,752863.0
2023-09-06 23:45:00,0.00803,0.00806,0.00802,0.00804,570124.0
2023-09-07 00:00:00,0.00803,0.00803,0.00798,0.00799,2802631.0
2023-09-07 00:15:00,0.00798,0.00798,0.00793,0.00794,4770236.0
2023-09-07 00:30:00,0.00795,0.00796,0.00793,0.00795,1742735.0
2023-09-07 00:45:00,0.00795,0.00795,0.00791,0.00794,2072051.0
2023-09-07 01:00:00,0.00793,0.00794,0.0079,0.00791,2665619.0
2023-09-07 01:15:00,0.00791,0.00792,0.00789,0.00789,3343791.0
2023-09-07 01:30:00,0.0079,0.0079,0.00786,0.00788,5017638.0
2023-09-07 01:45:00,0.00788,0.00792,0.00787,0.00787,1777532.0
2023-09-07 02:00:00,0.00787,0.0079,0.00786,0.00788,1622721.0
2023-09-07 02:15:00,0.00787,0.00791,0.00786,0.00789,5400025.0
2023-09-07 02:30:00,0.00789,0.00796,0.00788,0.00794,13007902.0
2023-09-07 02:45:00,0.00794,0.00796,0.00791,0.00794,6300540.0
2023-09-07 03:00:00,0.00794,0.00797,0.00794,0.00794,1368308.0
2023-09-07 03:15:00,0.00795,0.00797,0.00795,0.00797,908242.0
2023-09-07 03:30:00,0.00796,0.00798,0.00796,0.00798,1836882.0
2023-09-07 03:45:00,0.00799,0.00802,0.00799,0.00801,3672341.0
2023-09-07 04:00:00,0.00801,0.00803,0.00801,0.00801,963773.0
2023-09-07 04:15:00,0.00801,0.00802,0.00798,0.00799,2447540.0
2023-09-07 04:30:00,0.00799,0.00802,0.00798,0.00801,1419777.0
2023-09-07 04:45:00,0.00801,0.00802,0.00794,0.00795,10405089.0
2023-09-07 05:00:00,0.00796,0.00796,0.00792,0.00792,879296.0
2023-09-07 05:15:00,0.00793,0.00795,0.00793,0.00794,1427479.0
2023-09-07 05:30:00,0.00795,0.00797,0.00795,0.00795,1117924.0
2023-09-07 05:45:00,0.00796,0.00799,0.00795,0.00797,609604.0
2023-09-07 06:00:00,0.00796,0.00799,0.00794,0.00798,1603753.0
2023-09-07 06:15:00,0.00798,0.00799,0.00797,0.00799,539122.0
2023-09-07 06:30:00,0.008,0.008,0.00796,0.00798,2403029.0
2023-09-07 06:45:00,0.00798,0.008,0.00797,0.00799,873508.0
2023-09-07 07:00:00,0.00798,0.00801,0.00796,0.008,725176.0
2023-09-07 07:15:00,0.00801,0.00802,0.00799,0.008,2003023.0
2023-09-07 07:30:00,0.00801,0.00802,0.00799,0.00799,1255264.0
2023-09-07 07:45:00,0.008,0.00804,0.008,0.00803,1074202.0
2023-09-07 08:00:00,0.00802,0.00804,0.008,0.00802,1381396.0
2023-09-07 08:15:00,0.00801,0.00803,0.00799,0.00803,1289537.0
2023-09-07 08:30:00,0.00804,0.00804,0.00802,0.00803,2692832.0
2023-09-07 08:45:00,0.00803,0.00804,0.00801,0.00801,1876868.0
2023-09-07 09:00:00,0.00802,0.00803,0.008,0.00801,329766.0
2023-09-07 09:15:00,0.00801,0.00805,0.008,0.00802,4582614.0
2023-09-07 09:30:00,0.00802,0.00803,0.00802,0.00802,3209353.0
2023-09-07 09:45:00,0.00803,0.00807,0.00802,0.00806,1338246.0
2023-09-07 10:00:00,0.00806,0.00812,0.00806,0.00811,2659945.0
2023-09-07 10:15:00,0.00811,0.00813,0.00809,0.00811,2554737.0
2023-09-07 10:30:00,0.00812,0.00813,0.0081,0.00812,1852354.0
2023-09-07 10:45:00,0.00811,0.00811,0.00806,0.00811,2911582.0
2023-09-07 11:00:00,0.00811,0.00818,0.00811,0.00815,7047248.0
2023-09-07 11:15:00,0.00815,0.00818,0.00813,0.00813,4333576.0
2023-09-07 11:30:00,0.00813,0.00818,0.00812,0.00812,3712442.0
2023-09-07 11:45:00,0.00812,0.00814,0.00806,0.00807,4591873.0
2023-09-07 12:00:00,0.00807,0.00817,0.00805,0.00813,4317255.0
2023-09-07 12:15:00,0.00814,0.00816,0.00805,0.00808,2976777.0
2023-09-07 12:30:00,0.00807,0.00808,0.00804,0.00805,1869873.0
2023-09-07 12:45:00,0.00806,0.00808,0.00803,0.00808,3144823.0
2023-09-07 13:00:00,0.00808,0.00813,0.00808,0.00812,1452263.0
2023-09-07 13:15:00,0.00812,0.00813,0.00809,0.00812,4037634.0
2023-09-07 13:30:00,0.00811,0.00818,0.00808,0.00814,6633509.0
2023-09-07 13:45:00,0.00814,0.00816,0.0081,0.00814,2601589.0
2023-09-07 14:00:00,0.00813,0.00819,0.00812,0.00816,4046750.0
2023-09-07 14:15:00,0.00816,0.00818,0.00814,0.00814,2912608.0
2023-09-07 14:30:00,0.00815,0.00817,0.00812,0.00815,1929242.0
2023-09-07 14:45:00,0.00815,0.00817,0.00813,0.00816,2399186.0
2023-09-07 15:00:00,0.00817,0.00822,0.00815,0.00819,4201572.0
2023-09-07 15:15:00,0.0082,0.00824,0.00816,0.00817,5735368.0
2023-09-07 15:30:00,0.00817,0.00821,0.00817,0.00821,935073.0
2023-09-07 15:45:00,0.00821,0.00825,0.00819,0.00822,2134088.0
2023-09-07 16:00:00,0.00822,0.00828,0.00822,0.00826,9310350.0
2023-09-07 16:15:00,0.00827,0.00829,0.00824,0.00826,5688742.0
2023-09-07 16:30:00,0.00826,0.00834,0.00826,0.0083,5804326.0
2023-09-07 16:45:00,0.0083,0.00835,0.00825,0.00825,7641748.0
2023-09-07 17:00:00,0.00825,0.00826,0.00822,0.00823,2571091.0
2023-09-07 17:15:00,0.00824,0.00824,0.00819,0.0082,1162326.0
2023-09-07 17:30:00,0.00819,0.00823,0.00818,0.00822,1773764.0
2023-09-07 17:45:00,0.00821,0.00823,0.0082,0.00822,805990.0
2023-09-07 18:00:00,0.00822,0.00823,0.00817,0.00818,1915495.0
2023-09-07 18:15:00,0.00818,0.00818,0.00818,0.00818,409626.0
2023-09-07 18:30:00,0.00817,0.00818,0.00815,0.00817,896192.0
2023-09-07 18:45:00,0.00816,0.00819,0.00816,0.00818,538005.0
2023-09-07 19:00:00,0.00818,0.00818,0.00815,0.00818,735355.0
2023-09-07 19:15:00,0.00817,0.00818,0.00814,0.00815,1707361.0
2023-09-07 19:30:00,0.00815,0.00819,0.00814,0.00819,1146620.0
2023-09-07 19:45:00,0.00818,0.00819,0.00818,0.00819,931899.0
2023-09-07 20:00:00,0.00819,0.00822,0.00819,0.00821,1064379.0
2023-09-07 20:15:00,0.00821,0.00824,0.00821,0.00822,2319324.0
2023-09-07 20:30:00,0.00822,0.00823,0.00821,0.00821,1096306.0
2023-09-07 20:45:00,0.00822,0.00823,0.0082,0.00822,1973622.0
2023-09-07 21:00:00,0.00822,0.0083,0.00821,0.00827,2717135.0
2023-09-07 21:15:00,0.00828,0.00834,0.00826,0.00827,7368620.0
2023-09-07 21:30:00,0.00828,0.00828,0.00825,0.00826,2586221.0
2023-09-07 21:45:00,0.00827,0.00828,0.00822,0.00823,2067568.0
2023-09-07 22:00:00,0.00823,0.00831,0.00823,0.0083,5654356.0
2023-09-07 22:15:00,0.0083,0.00834,0.0083,0.00832,2166164.0
2023-09-07 22:30:00,0.00832,0.00837,0.00832,0.00834,1637427.0
2023-09-07 22:45:00,0.00835,0.00839,0.00833,0.00836,2807723.0
2023-09-07 23:00:00,0.00837,0.00839,0.00832,0.00832,2713412.0
2023-09-07 23:15:00,0.00833,0.00857,0.00833,0.00856,28408895.0
2023-09-07 23:30:00,0.00856,0.00863,0.00849,0.00863,10272731.0
2023-09-07 23:45:00,0.00863,0.00865,0.0085,0.00852,5924870.0
2023-09-08 00:00:00,0.00852,0.00856,0.00844,0.00852,5915382.0
2023-09-08 00:15:00,0.00852,0.00864,0.00851,0.00856,10289779.0
2023-09-08 00:30:00,0.00855,0.00855,0.00847,0.00849,5291517.0
2023-09-08 00:45:00,0.0085,0.00854,0.0085,0.00854,6155593.0
2023-09-08 01:00:00,0.00853,0.00867,0.00852,0.00864,9286792.0
2023-09-08 01:15:00,0.00864,0.00873,0.00857,0.00863,16538167.0
2023-09-08 01:30:00,0.00863,0.00864,0.00849,0.0085,8099092.0
2023-09-08 01:45:00,0.00849,0.00851,0.00844,0.00849,5228895.0
2023-09-08 02:00:00,0.00848,0.00854,0.00847,0.00852,2512723.0
2023-09-08 02:15:00,0.00852,0.00858,0.00851,0.00851,3678378.0
2023-09-08 02:30:00,0.00851,0.00851,0.00843,0.00844,1927572.0
2023-09-08 02:45:00,0.00844,0.00845,0.00833,0.00835,7255426.0
2023-09-08 03:00:00,0.00836,0.00838,0.00833,0.00838,2271228.0
2023-09-08 03:15:00,0.00838,0.00842,0.00838,0.0084,1900472.0
2023-09-08 03:30:00,0.00841,0.00847,0.00841,0.00844,6986288.0
2023-09-08 03:45:00,0.00844,0.00848,0.00842,0.00845,2865107.0
2023-09-08 04:00:00,0.00845,0.00853,0.00845,0.00848,1060122.0
2023-09-08 04:15:00,0.00848,0.00854,0.00846,0.00852,853766.0
2023-09-08 04:30:00,0.00852,0.00865,0.00851,0.00861,7229616.0
2023-09-08 04:45:00,0.0086,0.00863,0.00859,0.00861,2668113.0
2023-09-08 05:00:00,0.00862,0.00897,0.00857,0.00888,35975229.0
2023-09-08 05:15:00,0.00888,0.0092,0.00884,0.00901,49473763.0
2023-09-08 05:30:00,0.00901,0.00961,0.00896,0.00939,136036299.0
2023-09-08 05:45:00,0.00938,0.0094,0.00886,0.00919,79773029.0
2023-09-08 06:00:00,0.00919,0.00947,0.00905,0.00937,68943008.0
2023-09-08 06:15:00,0.00936,0.00994,0.00926,0.00975,126869928.0
2023-09-08 06:30:00,0.00976,0.01007,0.00963,0.00985,122239813.0
2023-09-08 06:45:00,0.00985,0.00999,0.00964,0.00979,71570737.0
2023-09-08 07:00:00,0.00979,0.01016,0.00975,0.01007,98533131.0
2023-09-08 07:15:00,0.01008,0.01022,0.00985,0.01017,59290884.0
2023-09-08 07:30:00,0.01018,0.01023,0.00997,0.00998,61295692.0
2023-09-08 07:45:00,0.00999,0.01027,0.0099,0.01017,67624806.0
2023-09-08 08:00:00,0.01018,0.01031,0.00982,0.00984,74475761.0
2023-09-08 08:15:00,0.00984,0.00996,0.00968,0.0099,39096610.0
2023-09-08 08:30:00,0.00989,0.01008,0.00966,0.00968,54177290.0
2023-09-08 08:45:00,0.00968,0.0098,0.00937,0.00948,44804914.0
2023-09-08 09:00:00,0.00948,0.00956,0.00937,0.00942,19835472.0
2023-09-08 09:15:00,0.00942,0.0095,0.00913,0.0093,42707261.0
2023-09-08 09:30:00,0.00929,0.00944,0.00927,0.00932,23136230.0
2023-09-08 09:45:00,0.00932,0.00934,0.0092,0.00929,12695100.0
2023-09-08 10:00:00,0.00929,0.00945,0.00923,0.00942,20218279.0
2023-09-08 10:15:00,0.00942,0.0096,0.00938,0.00952,33222326.0
2023-09-08 10:30:00,0.00952,0.00958,0.00934,0.00936,18063732.0
2023-09-08 10:45:00,0.00936,0.00937,0.00904,0.00908,36060034.0
2023-09-08 11:00:00,0.00907,0.00928,0.00904,0.00925,13537912.0
2023-09-08 11:15:00,0.00924,0.00924,0.00878,0.00878,41988571.0
2023-09-08 11:30:00,0.00878,0.00902,0.00877,0.00901,34221691.0
2023-09-08 11:45:00,0.009,0.009,0.00884,0.00889,15128819.0
2023-09-08 12:00:00,0.00889,0.00895,0.00882,0.00883,11523545.0
2023-09-08 12:15:00,0.00883,0.00892,0.00883,0.00887,6929902.0
2023-09-08 12:30:00,0.00887,0.00888,0.00876,0.00882,17711824.0
2023-09-08 12:45:00,0.00883,0.00885,0.00876,0.00884,16470794.0
2023-09-08 13:00:00,0.00884,0.00909,0.00882,0.00898,29807261.0
2023-09-08 13:15:00,0.00897,0.00912,0.00895,0.00904,13017108.0
2023-09-08 13:30:00,0.00903,0.00907,0.00896,0.009,10831758.0
2023-09-08 13:45:00,0.00899,0.00919,0.00898,0.00917,13287709.0
2023-09-08 14:00:00,0.00918,0.00922,0.00908,0.00915,11582457.0
2023-09-08 14:15:00,0.00914,0.00919,0.00912,0.00917,4033530.0
2023-09-08 14:30:00,0.00918,0.00922,0.00903,0.00906,6758024.0
2023-09-08 14:45:00,0.00907,0.00908,0.00897,0.00899,5237624.0
2023-09-08 15:00:00,0.009,0.00902,0.0089,0.0089,8505843.0
2023-09-08 15:15:00,0.0089,0.00895,0.00889,0.00893,1761384.0
2023-09-08 15:30:00,0.00894,0.00899,0.00894,0.00898,3514146.0
2023-09-08 15:45:00,0.00898,0.00899,0.00892,0.00893,4246510.0
2023-09-08 16:00:00,0.00893,0.00916,0.00891,0.00907,14329971.0
2023-09-08 16:15:00,0.00907,0.00916,0.00902,0.00908,9509600.0
2023-09-08 16:30:00,0.00909,0.00915,0.009,0.00901,6701719.0
2023-09-08 16:45:00,0.00902,0.00923,0.009,0.0092,13038156.0
2023-09-08 17:00:00,0.00921,0.00922,0.00911,0.00913,7296073.0
2023-09-08 17:15:00,0.00913,0.00922,0.00907,0.00913,9734382.0
2023-09-08 17:30:00,0.00912,0.00913,0.00902,0.00904,5649956.0
2023-09-08 17:45:00,0.00904,0.00913,0.00902,0.00908,7036736.0
2023-09-08 18:00:00,0.00907,0.00912,0.00903,0.00908,2725741.0
2023-09-08 18:15:00,0.00909,0.00926,0.00908,0.0092,7680964.0
2023-09-08 18:30:00,0.0092,0.00931,0.00917,0.00921,17744037.0
2023-09-08 18:45:00,0.00922,0.00929,0.0092,0.00923,4699604.0
2023-09-08 19:00:00,0.00924,0.00935,0.0092,0.00924,17028023.0
2023-09-08 19:15:00,0.00924,0.00931,0.0092,0.00928,6317875.0
2023-09-08 19:30:00,0.00929,0.00934,0.00924,0.00931,11596311.0
2023-09-08 19:45:00,0.00932,0.00933,0.00924,0.00927,5292476.0
2023-09-08 20:00:00,0.00927,0.0093,0.0092,0.00922,5470394.0
2023-09-08 20:15:00,0.00922,0.00922,0.00917,0.00921,3139740.0
2023-09-08 20:30:00,0.00922,0.00932,0.00922,0.00931,2602333.0
2023-09-08 20:45:00,0.00932,0.00942,0.0093,0.00937,14125052.0
2023-09-08 21:00:00,0.00937,0.00939,0.00933,0.00935,12139379.0
2023-09-08 21:15:00,0.00934,0.00934,0.0092,0.00921,10684619.0
2023-09-08 21:30:00,0.00921,0.00922,0.00916,0.00918,3065641.0
2023-09-08 21:45:00,0.00918,0.00924,0.00918,0.00922,2058555.0
2023-09-08 22:00:00,0.00922,0.00925,0.00919,0.00924,2468285.0
2023-09-08 22:15:00,0.00924,0.00926,0.00921,0.00923,1947461.0
2023-09-08 22:30:00,0.00923,0.00925,0.00919,0.00921,4503643.0
2023-09-08 22:45:00,0.00921,0.00922,0.00913,0.00916,8781230.0
2023-09-08 23:00:00,0.00917,0.00919,0.00913,0.00913,2817861.0
2023-09-08 23:15:00,0.00914,0.00919,0.00914,0.00919,2092158.0
2023-09-08 23:30:00,0.00918,0.00919,0.00916,0.00916,641313.0
2023-09-08 23:45:00,0.00917,0.00918,0.00912,0.00912,2097259.0
2023-09-09 00:00:00,0.00912,0.00913,0.00902,0.00903,7047203.0
2023-09-09 00:15:00,0.00904,0.00905,0.00896,0.00897,6137904.0
2023-09-09 00:30:00,0.00897,0.00898,0.00894,0.00894,2622702.0
2023-09-09 00:45:00,0.00894,0.00895,0.00882,0.00884,8572456.0
2023-09-09 01:00:00,0.00885,0.00892,0.00884,0.00889,2726532.0
2023-09-09 01:15:00,0.00889,0.00889,0.00884,0.00886,1504535.0
2023-09-09 01:30:00,0.00885,0.00891,0.00882,0.00891,4137456.0
2023-09-09 01:45:00,0.00891,0.00893,0.00888,0.00889,1573703.0
2023-09-09 02:00:00,0.0089,0.00892,0.00886,0.00887,2111020.0
2023-09-09 02:15:00,0.00888,0.0089,0.00882,0.00883,4539560.0
2023-09-09 02:30:00,0.00883,0.00888,0.00882,0.00887,3255743.0
2023-09-09 02:45:00,0.00887,0.00888,0.0088,0.00881,5598032.0
2023-09-09 03:00:00,0.00882,0.00883,0.00873,0.00874,7247668.0
2023-09-09 03:15:00,0.00874,0.00877,0.00873,0.00875,2872107.0
2023-09-09 03:30:00,0.00875,0.00883,0.00874,0.00883,2515366.0
2023-09-09 03:45:00,0.00882,0.00882,0.00877,0.00878,2680074.0
2023-09-09 04:00:00,0.00878,0.0088,0.00867,0.00869,7332419.0
2023-09-09 04:15:00,0.00869,0.0087,0.00865,0.00868,3380181.0
2023-09-09 04:30:00,0.00868,0.00874,0.00868,0.00873,5059382.0
2023-09-09 04:45:00,0.00873,0.00873,0.0087,0.0087,1622545.0
2023-09-09 05:00:00,0.00871,0.00876,0.00864,0.00866,8940635.0
2023-09-09 05:15:00,0.00866,0.00871,0.00866,0.0087,4944267.0
2023-09-09 05:30:00,0.0087,0.0088,0.0087,0.0088,3858783.0
2023-09-09 05:45:00,0.00879,0.00882,0.00873,0.00875,12286904.0
2023-09-09 06:00:00,0.00874,0.00877,0.00872,0.00873,4661569.0
2023-09-09 06:15:00,0.00874,0.0088,0.00873,0.00874,4759387.0
2023-09-09 06:30:00,0.00874,0.00874,0.00869,0.0087,4926637.0
2023-09-09 06:45:00,0.0087,0.00873,0.00869,0.00869,1820427.0
2023-09-09 07:00:00,0.0087,0.0087,0.00867,0.0087,1229828.0
2023-09-09 07:15:00,0.00871,0.00874,0.00871,0.00873,1966966.0
2023-09-09 07:30:00,0.00872,0.00873,0.00869,0.0087,996989.0
2023-09-09 07:45:00,0.0087,0.0087,0.00866,0.00867,2735466.0
2023-09-09 08:00:00,0.00868,0.00871,0.00864,0.00866,5744548.0
2023-09-09 08:15:00,0.00867,0.0087,0.00862,0.00864,5128412.0
2023-09-09 08:30:00,0.00865,0.00865,0.00856,0.00859,10461898.0
2023-09-09 08:45:00,0.00859,0.0086,0.00856,0.00858,1573715.0
2023-09-09 09:00:00,0.00859,0.00861,0.00856,0.0086,1844799.0
2023-09-09 09:15:00,0.0086,0.00869,0.00857,0.00868,3830796.0
2023-09-09 09:30:00,0.00867,0.00872,0.00866,0.00868,6356846.0
2023-09-09 09:45:00,0.00868,0.00876,0.00866,0.00871,7733234.0
2023-09-09 10:00:00,0.00872,0.00874,0.00851,0.00851,27128684.0
2023-09-09 10:15:00,0.00852,0.00852,0.00839,0.0084,31046013.0
2023-09-09 10:30:00,0.00841,0.00842,0.00839,0.0084,2214688.0
2023-09-09 10:45:00,0.00839,0.00849,0.00839,0.00843,13226169.0
2023-09-09 11:00:00,0.00844,0.00849,0.00842,0.00845,5407620.0
2023-09-09 11:15:00,0.00845,0.0085,0.00845,0.0085,1700924.0
2023-09-09 11:30:00,0.00851,0.00852,0.00848,0.00851,4282206.0
2023-09-09 11:45:00,0.00851,0.00851,0.00845,0.00845,3669211.0
2023-09-09 12:00:00,0.00845,0.00846,0.00842,0.00842,1487833.0
2023-09-09 12:15:00,0.00842,0.00844,0.00841,0.00844,890991.0
2023-09-09 12:30:00,0.00844,0.00844,0.0084,0.00841,1568256.0
2023-09-09 12:45:00,0.00841,0.00842,0.00832,0.00835,23892200.0
2023-09-09 13:00:00,0.00835,0.00842,0.00834,0.00841,9633339.0
2023-09-09 13:15:00,0.00841,0.00853,0.00839,0.00845,32543664.0
2023-09-09 13:30:00,0.00844,0.00844,0.00839,0.00841,11057271.0
2023-09-09 13:45:00,0.00841,0.00842,0.00837,0.00837,4235727.0
2023-09-09 14:00:00,0.00837,0.0084,0.00837,0.00839,3134421.0
2023-09-09 14:15:00,0.0084,0.00842,0.0084,0.00842,2432536.0
2023-09-09 14:30:00,0.00842,0.00844,0.0084,0.00844,4561452.0
2023-09-09 14:45:00,0.00844,0.00844,0.00841,0.00843,1537291.0
2023-09-09 15:00:00,0.00843,0.0085,0.00843,0.00847,2053908.0
2023-09-09 15:15:00,0.00848,0.00851,0.00843,0.00849,8071555.0
2023-09-09 15:30:00,0.00849,0.00849,0.00845,0.00845,1195674.0
2023-09-09 15:45:00,0.00845,0.00847,0.00845,0.00846,120903.0
2023-09-09 16:00:00,0.00846,0.00847,0.00842,0.00845,1300479.0
2023-09-09 16:15:00,0.00845,0.00845,0.00842,0.00843,2747471.0
2023-09-09 16:30:00,0.00842,0.00844,0.0084,0.0084,2740631.0
2023-09-09 16:45:00,0.0084,0.00842,0.0084,0.0084,767205.0
2023-09-09 17:00:00,0.00839,0.0084,0.00828,0.00829,14051138.0
2023-09-09 17:15:00,0.00829,0.00831,0.00827,0.00829,1960507.0
2023-09-09 17:30:00,0.00829,0.00831,0.00828,0.00831,2028674.0
2023-09-09 17:45:00,0.00831,0.00832,0.00829,0.0083,999032.0
2023-09-09 18:00:00,0.0083,0.00831,0.00827,0.00828,919667.0
2023-09-09 18:15:00,0.00828,0.00828,0.00825,0.00827,3583152.0
2023-09-09 18:30:00,0.00827,0.00828,0.00826,0.00827,2724583.0
2023-09-09 18:45:00,0.00827,0.00829,0.00827,0.00828,1605017.0
2023-09-09 19:00:00,0.00828,0.00829,0.00826,0.00828,2617063.0
2023-09-09 19:15:00,0.00827,0.0083,0.00827,0.00828,1226945.0
2023-09-09 19:30:00,0.00828,0.0083,0.00827,0.00827,851955.0
2023-09-09 19:45:00,0.00827,0.00831,0.00827,0.00831,1059262.0
2023-09-09 20:00:00,0.00831,0.00832,0.00829,0.0083,901653.0
2023-09-09 20:15:00,0.00831,0.00836,0.00831,0.00833,5688924.0
2023-09-09 20:30:00,0.00833,0.00835,0.00833,0.00835,681177.0
2023-09-09 20:45:00,0.00835,0.00835,0.00833,0.00833,239441.0
2023-09-09 21:00:00,0.00833,0.00836,0.00832,0.00836,895177.0
2023-09-09 21:15:00,0.00835,0.00836,0.00832,0.00833,1219041.0
2023-09-09 21:30:00,0.00833,0.00834,0.00832,0.00832,424385.0
2023-09-09 21:45:00,0.00833,0.00834,0.00832,0.00832,836807.0
2023-09-09 22:00:00,0.00832,0.00834,0.00831,0.00833,1804308.0
2023-09-09 22:15:00,0.00833,0.00833,0.00832,0.00832,429905.0
2023-09-09 22:30:00,0.00833,0.00833,0.00831,0.00832,538539.0
2023-09-09 22:45:00,0.00833,0.00833,0.0083,0.00833,873169.0
2023-09-09 23:00:00,0.00832,0.00832,0.0083,0.0083,967165.0
2023-09-09 23:15:00,0.00831,0.00831,0.00828,0.00828,758879.0
2023-09-09 23:30:00,0.00829,0.00829,0.00828,0.00829,180514.0
2023-09-09 23:45:00,0.00829,0.0083,0.00828,0.00829,594802.0
2023-09-10 00:00:00,0.00828,0.0083,0.00817,0.00819,4188391.0
2023-09-10 00:15:00,0.00818,0.00818,0.0081,0.00816,8834727.0
2023-09-10 00:30:00,0.00815,0.00817,0.00814,0.00814,1531606.0
2023-09-10 00:45:00,0.00815,0.00817,0.00814,0.00816,1059207.0
2023-09-10 01:00:00,0.00816,0.00817,0.00808,0.00809,3762495.0
2023-09-10 01:15:00,0.00809,0.0081,0.00802,0.00804,2100009.0
2023-09-10 01:30:00,0.00804,0.00806,0.00801,0.00802,1629454.0
2023-09-10 01:45:00,0.00803,0.00808,0.00803,0.00808,4555394.0
2023-09-10 02:00:00,0.00807,0.00809,0.00806,0.00806,1760235.0
2023-09-10 02:15:00,0.00805,0.00805,0.00785,0.00787,13652527.0
2023-09-10 02:30:00,0.00788,0.00792,0.00788,0.00789,2377955.0
2023-09-10 02:45:00,0.00788,0.00792,0.00786,0.00789,4752494.0
2023-09-10 03:00:00,0.00788,0.00789,0.0078,0.0078,1761742.0
2023-09-10 03:15:00,0.00781,0.00781,0.00774,0.00775,6818099.0
2023-09-10 03:30:00,0.00775,0.00779,0.00769,0.00773,10272907.0
2023-09-10 03:45:00,0.00772,0.00773,0.00769,0.00772,1073066.0
2023-09-10 04:00:00,0.00772,0.00773,0.00766,0.0077,3460382.0
2023-09-10 04:15:00,0.00769,0.0077,0.00726,0.00748,27586619.0
2023-09-10 04:30:00,0.00748,0.00753,0.00745,0.00746,9094803.0
2023-09-10 04:45:00,0.00747,0.00756,0.00744,0.00756,7383143.0
2023-09-10 05:00:00,0.00756,0.00761,0.00754,0.00759,3171679.0
2023-09-10 05:15:00,0.00758,0.00767,0.00756,0.00767,3313992.0
2023-09-10 05:30:00,0.00767,0.00768,0.00764,0.00766,3395240.0
2023-09-10 05:45:00,0.00766,0.00771,0.00763,0.00769,5042854.0
2023-09-10 06:00:00,0.00768,0.00777,0.00767,0.00776,8082169.0
2023-09-10 06:15:00,0.00775,0.00777,0.00773,0.00776,2926593.0
2023-09-10 06:30:00,0.00777,0.00777,0.00772,0.00772,2833489.0
2023-09-10 06:45:00,0.00773,0.00777,0.00773,0.00773,1554056.0
2023-09-10 07:00:00,0.00773,0.00775,0.00772,0.00773,1649485.0
2023-09-10 07:15:00,0.00773,0.00774,0.0077,0.00772,2048457.0
2023-09-10 07:30:00,0.00772,0.00773,0.0077,0.00772,1307594.0
2023-09-10 07:45:00,0.00772,0.00772,0.00767,0.00767,1897916.0
2023-09-10 08:00:00,0.00768,0.00772,0.00767,0.0077,1823259.0
2023-09-10 08:15:00,0.0077,0.00774,0.0077,0.00774,693214.0
2023-09-10 08:30:00,0.00774,0.0078,0.00773,0.0078,7014045.0
2023-09-10 08:45:00,0.0078,0.00782,0.00774,0.00774,10572011.0
2023-09-10 09:00:00,0.00775,0.00775,0.00772,0.00775,1148698.0
2023-09-10 09:15:00,0.00775,0.00782,0.00774,0.0078,2507960.0
2023-09-10 09:30:00,0.0078,0.0078,0.00777,0.00778,649605.0
2023-09-10 09:45:00,0.00778,0.00778,0.0077,0.00772,4174012.0
2023-09-10 10:00:00,0.00772,0.00773,0.00771,0.00772,1150837.0
2023-09-10 10:15:00,0.00772,0.00773,0.0077,0.00771,1026568.0
2023-09-10 10:30:00,0.00772,0.00772,0.00769,0.00769,1895913.0
2023-09-10 10:45:00,0.0077,0.0077,0.00766,0.00766,2871812.0
2023-09-10 11:00:00,0.00767,0.00774,0.00766,0.00773,4766304.0
2023-09-10 11:15:00,0.00772,0.00774,0.0077,0.00773,2795279.0
2023-09-10 11:30:00,0.00774,0.00776,0.00773,0.00776,1775127.0
2023-09-10 11:45:00,0.00776,0.00776,0.00771,0.00775,4569409.0
2023-09-10 12:00:00,0.00775,0.00775,0.0077,0.00771,2195218.0
2023-09-10 12:15:00,0.00771,0.00771,0.00769,0.00771,769021.0
2023-09-10 12:30:00,0.0077,0.0077,0.00767,0.00769,1227345.0
2023-09-10 12:45:00,0.00769,0.0077,0.00768,0.0077,1301033.0
2023-09-10 13:00:00,0.00769,0.00769,0.00766,0.00766,1438469.0
2023-09-10 13:15:00,0.00766,0.00766,0.00758,0.00763,6543761.0
2023-09-10 13:30:00,0.00763,0.00764,0.0076,0.00762,4009516.0
2023-09-10 13:45:00,0.00762,0.00765,0.00762,0.00763,1672898.0
2023-09-10 14:00:00,0.00764,0.00768,0.00763,0.00766,5450283.0
2023-09-10 14:15:00,0.00767,0.00768,0.00764,0.00765,2134625.0
2023-09-10 14:30:00,0.00765,0.00766,0.00758,0.00759,2560610.0
2023-09-10 14:45:00,0.00759,0.00761,0.00755,0.00757,2244118.0
2023-09-10 15:00:00,0.00757,0.00758,0.00751,0.00756,3149707.0
2023-09-10 15:15:00,0.00757,0.0076,0.00757,0.00759,1459281.0
2023-09-10 15:30:00,0.0076,0.00764,0.0076,0.00763,2010602.0
2023-09-10 15:45:00,0.00764,0.00764,0.0076,0.00762,1178577.0
2023-09-10 16:00:00,0.00761,0.00762,0.00754,0.00755,1720605.0
2023-09-10 16:15:00,0.00755,0.00758,0.00753,0.00754,1265930.0
2023-09-10 16:30:00,0.00754,0.00755,0.0075,0.00752,4426878.0
2023-09-10 16:45:00,0.00752,0.00755,0.00745,0.00755,6420442.0
2023-09-10 17:00:00,0.00754,0.00755,0.00746,0.0075,3163508.0
2023-09-10 17:15:00,0.0075,0.00753,0.00749,0.00753,1370782.0
2023-09-10 17:30:00,0.00753,0.00753,0.00749,0.0075,1568282.0
2023-09-10 17:45:00,0.00751,0.00753,0.00748,0.00749,522902.0
2023-09-10 18:00:00,0.0075,0.00753,0.00749,0.00752,1813900.0
2023-09-10 18:15:00,0.00753,0.00753,0.00751,0.00752,794649.0
2023-09-10 18:30:00,0.00752,0.00752,0.0075,0.0075,161909.0
2023-09-10 18:45:00,0.0075,0.00751,0.00749,0.0075,1075664.0
2023-09-10 19:00:00,0.0075,0.00751,0.00747,0.00749,1098014.0
2023-09-10 19:15:00,0.00748,0.00749,0.00743,0.00745,5844158.0
2023-09-10 19:30:00,0.00745,0.00749,0.00744,0.00749,1966688.0
2023-09-10 19:45:00,0.00749,0.00758,0.00749,0.00755,4989404.0
2023-09-10 20:00:00,0.00755,0.0076,0.00754,0.00759,1819171.0
2023-09-10 20:15:00,0.00759,0.00764,0.00759,0.00764,3366565.0
2023-09-10 20:30:00,0.00764,0.00765,0.00762,0.00762,766468.0
2023-09-10 20:45:00,0.00762,0.00765,0.00761,0.00764,2420506.0
2023-09-10 21:00:00,0.00764,0.00768,0.00763,0.00768,1137712.0
2023-09-10 21:15:00,0.00768,0.00769,0.00765,0.00765,477331.0
2023-09-10 21:30:00,0.00765,0.00766,0.00765,0.00765,887344.0
2023-09-10 21:45:00,0.00765,0.00765,0.00763,0.00764,793144.0
2023-09-10 22:00:00,0.00765,0.00766,0.00764,0.00766,1052574.0
2023-09-10 22:15:00,0.00766,0.00768,0.00766,0.00768,677425.0
2023-09-10 22:30:00,0.00768,0.0077,0.00763,0.00764,5058140.0
2023-09-10 22:45:00,0.00764,0.00764,0.0076,0.00761,1493246.0
2023-09-10 23:00:00,0.00761,0.00763,0.0076,0.00762,597129.0
2023-09-10 23:15:00,0.00761,0.00762,0.0076,0.00761,371508.0
2023-09-10 23:30:00,0.00761,0.00762,0.00761,0.00762,46017.0
2023-09-10 23:45:00,0.00762,0.00762,0.00758,0.00761,1067950.0
2023-09-11 00:00:00,0.0076,0.00764,0.00759,0.00763,879879.0
2023-09-11 00:15:00,0.00763,0.00764,0.00757,0.00757,3088459.0
2023-09-11 00:30:00,0.00757,0.0076,0.00751,0.00753,2327462.0
2023-09-11 00:45:00,0.00753,0.00757,0.00748,0.00755,2110315.0
2023-09-11 01:00:00,0.00754,0.00758,0.00753,0.00753,641864.0
2023-09-11 01:15:00,0.00754,0.00756,0.00751,0.00754,1116911.0
2023-09-11 01:30:00,0.00753,0.00753,0.00745,0.00746,2345818.0
2023-09-11 01:45:00,0.00746,0.00751,0.00746,0.00748,1016264.0
2023-09-11 02:00:00,0.00748,0.00749,0.00745,0.00746,954898.0
2023-09-11 02:15:00,0.00745,0.0075,0.00745,0.0075,855435.0
2023-09-11 02:30:00,0.00751,0.00755,0.00749,0.00754,2074066.0
2023-09-11 02:45:00,0.00754,0.00754,0.0075,0.0075,1067020.0
2023-09-11 03:00:00,0.00751,0.00753,0.0075,0.00751,1131151.0
2023-09-11 03:15:00,0.00751,0.00753,0.00748,0.00748,1675268.0
2023-09-11 03:30:00,0.00748,0.00749,0.00747,0.00748,522880.0
2023-09-11 03:45:00,0.00748,0.00748,0.00746,0.00747,317957.0
2023-09-11 04:00:00,0.00747,0.00748,0.00746,0.00746,1462077.0
2023-09-11 04:15:00,0.00746,0.00748,0.00746,0.00748,535125.0
2023-09-11 04:30:00,0.00747,0.00749,0.00746,0.00748,1074136.0
2023-09-11 04:45:00,0.00747,0.0075,0.00746,0.0075,1393705.0
2023-09-11 05:00:00,0.00749,0.0075,0.00748,0.00749,2046513.0
2023-09-11 05:15:00,0.00749,0.0075,0.00748,0.00749,681860.0
2023-09-11 05:30:00,0.00749,0.00752,0.00748,0.00751,1750094.0
2023-09-11 05:45:00,0.0075,0.00753,0.00749,0.00753,963334.0
2023-09-11 06:00:00,0.00753,0.00755,0.00753,0.00753,2412852.0
2023-09-11 06:15:00,0.00754,0.00754,0.00751,0.00752,669722.0
2023-09-11 06:30:00,0.00752,0.00753,0.00749,0.00749,1902882.0
2023-09-11 06:45:00,0.0075,0.0075,0.00747,0.00748,612111.0
2023-09-11 07:00:00,0.00748,0.0075,0.00746,0.00747,699359.0
2023-09-11 07:15:00,0.00746,0.00747,0.00742,0.00742,2330788.0
2023-09-11 07:30:00,0.00742,0.00745,0.00742,0.00743,1177038.0
2023-09-11 07:45:00,0.00742,0.00746,0.00742,0.00744,374967.0
2023-09-11 08:00:00,0.00743,0.00744,0.00732,0.00733,5463462.0
2023-09-11 08:15:00,0.00733,0.00733,0.00727,0.00727,5347389.0
2023-09-11 08:30:00,0.00727,0.00728,0.00723,0.00725,9144813.0
2023-09-11 08:45:00,0.00725,0.00729,0.00725,0.00727,1361349.0
2023-09-11 09:00:00,0.00727,0.00733,0.00727,0.00732,4535137.0
2023-09-11 09:15:00,0.00731,0.00732,0.00718,0.00722,8016932.0
2023-09-11 09:30:00,0.00721,0.00727,0.00719,0.00723,3197893.0
2023-09-11 09:45:00,0.00723,0.00727,0.00723,0.00725,1697990.0
2023-09-11 10:00:00,0.00725,0.00725,0.00719,0.00722,4253152.0
2023-09-11 10:15:00,0.00722,0.00723,0.00705,0.00713,11044365.0
2023-09-11 10:30:00,0.00713,0.00722,0.00713,0.00718,7119571.0
2023-09-11 10:45:00,0.00718,0.00723,0.00717,0.00719,3064759.0
2023-09-11 11:00:00,0.00719,0.00723,0.00718,0.0072,1373499.0
2023-09-11 11:15:00,0.00719,0.00721,0.00717,0.00718,598242.0
2023-09-11 11:30:00,0.00719,0.00721,0.00718,0.00718,814115.0
2023-09-11 11:45:00,0.00718,0.00718,0.00713,0.00714,2871100.0
2023-09-11 12:00:00,0.00715,0.00718,0.00715,0.00717,2306081.0
2023-09-11 12:15:00,0.00717,0.00721,0.00716,0.0072,5997782.0
2023-09-11 12:30:00,0.00721,0.00723,0.00719,0.00721,1172914.0
2023-09-11 12:45:00,0.00721,0.00724,0.0072,0.00724,1810209.0
2023-09-11 13:00:00,0.00723,0.00725,0.00722,0.00723,1299046.0
2023-09-11 13:15:00,0.00723,0.00724,0.00722,0.00723,455145.0
2023-09-11 13:30:00,0.00725,0.00726,0.00723,0.00724,767757.0
2023-09-11 13:45:00,0.00724,0.00724,0.00722,0.00723,723417.0
2023-09-11 14:00:00,0.00723,0.00725,0.00712,0.00718,11683218.0
2023-09-11 14:15:00,0.00718,0.00723,0.00718,0.00723,3949618.0
2023-09-11 14:30:00,0.00723,0.00725,0.00718,0.00722,3575814.0
2023-09-11 14:45:00,0.00721,0.00722,0.00714,0.00721,4204039.0
2023-09-11 15:00:00,0.0072,0.00725,0.00719,0.00721,5805441.0
2023-09-11 15:15:00,0.00721,0.00723,0.00716,0.00722,5869698.0
2023-09-11 15:30:00,0.00722,0.00728,0.0072,0.00726,2377522.0
2023-09-11 15:45:00,0.00726,0.00733,0.00725,0.00731,4031414.0
2023-09-11 16:00:00,0.00731,0.00735,0.00731,0.00731,735276.0
2023-09-11 16:15:00,0.00731,0.00731,0.00723,0.00726,6852943.0
2023-09-11 16:30:00,0.00726,0.00726,0.00717,0.00719,6535063.0
2023-09-11 16:45:00,0.00719,0.00726,0.00719,0.00722,4768717.0
2023-09-11 17:00:00,0.00722,0.00722,0.00718,0.0072,713533.0
2023-09-11 17:15:00,0.00719,0.00722,0.00718,0.00721,1833059.0
2023-09-11 17:30:00,0.00721,0.00723,0.0072,0.00722,309944.0
2023-09-11 17:45:00,0.00723,0.0073,0.00723,0.00727,2805834.0
2023-09-11 18:00:00,0.00726,0.00728,0.00726,0.00728,242274.0
2023-09-11 18:15:00,0.00727,0.00729,0.00727,0.00729,435884.0
2023-09-11 18:30:00,0.00728,0.0073,0.00728,0.00729,540557.0
2023-09-11 18:45:00,0.00728,0.00728,0.00724,0.00725,2319816.0
2023-09-11 19:00:00,0.00724,0.00727,0.00723,0.00726,1021038.0
2023-09-11 19:15:00,0.00726,0.00726,0.00717,0.00721,7747998.0
2023-09-11 19:30:00,0.0072,0.00721,0.00712,0.00715,3811902.0
2023-09-11 19:45:00,0.00715,0.00719,0.00715,0.00717,2021596.0
2023-09-11 20:00:00,0.00717,0.00722,0.00714,0.00722,2678942.0
2023-09-11 20:15:00,0.00722,0.00726,0.00722,0.00724,1610431.0
2023-09-11 20:30:00,0.00724,0.00726,0.00722,0.00724,1365867.0
2023-09-11 20:45:00,0.00724,0.00725,0.00723,0.00724,108549.0
2023-09-11 21:00:00,0.00723,0.00727,0.00722,0.00727,1390417.0
2023-09-11 21:15:00,0.00727,0.00727,0.00723,0.00723,626743.0
2023-09-11 21:30:00,0.00723,0.00723,0.0072,0.0072,453287.0
2023-09-11 21:45:00,0.0072,0.00723,0.0072,0.00721,364539.0
2023-09-11 22:00:00,0.00722,0.00725,0.00721,0.00725,591115.0
2023-09-11 22:15:00,0.00725,0.00728,0.00725,0.00727,642587.0
2023-09-11 22:30:00,0.00727,0.00729,0.00726,0.00727,3648387.0
2023-09-11 22:45:00,0.00727,0.00727,0.00725,0.00725,534642.0
2023-09-11 23:00:00,0.00726,0.00727,0.00725,0.00727,482118.0
2023-09-11 23:15:00,0.00727,0.00728,0.00724,0.00725,374810.0
2023-09-11 23:30:00,0.00726,0.00732,0.00725,0.00729,5608872.0
2023-09-11 23:45:00,0.0073,0.00732,0.0073,0.00731,383886.0
2023-09-12 00:00:00,0.00731,0.00733,0.00731,0.00731,713277.0
2023-09-12 00:15:00,0.00731,0.00731,0.00729,0.0073,1139621.0
2023-09-12 00:30:00,0.00731,0.00733,0.00731,0.00733,177160.0
2023-09-12 00:45:00,0.00733,0.00741,0.00732,0.00736,5588430.0
2023-09-12 01:00:00,0.00736,0.00739,0.00733,0.00736,1527498.0
2023-09-12 01:15:00,0.00735,0.00736,0.0073,0.0073,774191.0
2023-09-12 01:30:00,0.00731,0.00733,0.0073,0.00733,775932.0
2023-09-12 01:45:00,0.00732,0.00734,0.00732,0.00733,301000.0
2023-09-12 02:00:00,0.00732,0.00736,0.00732,0.00736,1051545.0
2023-09-12 02:15:00,0.00736,0.00738,0.00735,0.00738,500254.0
2023-09-12 02:30:00,0.00738,0.00745,0.00737,0.00744,4981467.0
2023-09-12 02:45:00,0.00744,0.00753,0.00744,0.00753,5247941.0
2023-09-12 03:00:00,0.00753,0.0076,0.00751,0.00758,4038549.0
2023-09-12 03:15:00,0.00759,0.00771,0.00759,0.00768,9245287.0
2023-09-12 03:30:00,0.00767,0.00768,0.00757,0.00758,3495634.0
2023-09-12 03:45:00,0.00758,0.00761,0.00756,0.00759,1439041.0
2023-09-12 04:00:00,0.00759,0.00761,0.00754,0.00755,2240188.0
2023-09-12 04:15:00,0.00755,0.00756,0.00754,0.00755,681766.0
2023-09-12 04:30:00,0.00755,0.00758,0.00754,0.00756,1289772.0
2023-09-12 04:45:00,0.00756,0.00757,0.00751,0.00752,1460473.0
2023-09-12 05:00:00,0.00752,0.00752,0.00748,0.0075,5610871.0
2023-09-12 05:15:00,0.0075,0.0075,0.00748,0.00748,427199.0
2023-09-12 05:30:00,0.00748,0.00752,0.00747,0.00749,680464.0
2023-09-12 05:45:00,0.00749,0.00753,0.00749,0.00753,776349.0
2023-09-12 06:00:00,0.00753,0.00756,0.00751,0.00753,1054665.0
2023-09-12 06:15:00,0.00754,0.00757,0.00753,0.00756,625297.0
2023-09-12 06:30:00,0.00755,0.00758,0.00752,0.00753,1487969.0
2023-09-12 06:45:00,0.00753,0.00754,0.00751,0.00751,318869.0
2023-09-12 07:00:00,0.00752,0.00753,0.00749,0.00751,1081876.0
2023-09-12 07:15:00,0.0075,0.00751,0.00748,0.00751,933610.0
2023-09-12 07:30:00,0.00751,0.00755,0.00751,0.00754,1159264.0
2023-09-12 07:45:00,0.00753,0.00757,0.00752,0.00754,3136714.0
2023-09-12 08:00:00,0.00755,0.00759,0.00753,0.00758,1381503.0
2023-09-12 08:15:00,0.00758,0.00768,0.00757,0.00763,5805928.0
2023-09-12 08:30:00,0.00762,0.00763,0.00756,0.00757,1930506.0
2023-09-12 08:45:00,0.00757,0.00759,0.00753,0.00754,1973758.0
2023-09-12 09:00:00,0.00755,0.00757,0.00749,0.00752,2921580.0
2023-09-12 09:15:00,0.00752,0.00757,0.00752,0.00753,2662951.0
2023-09-12 09:30:00,0.00753,0.00757,0.00752,0.00757,541769.0
2023-09-12 09:45:00,0.00756,0.00759,0.00754,0.00755,1545709.0
2023-09-12 10:00:00,0.00755,0.00755,0.00752,0.00754,1012444.0
2023-09-12 10:15:00,0.00754,0.00766,0.00754,0.00765,6176267.0
2023-09-12 10:30:00,0.00764,0.00765,0.0076,0.00761,1915488.0
2023-09-12 10:45:00,0.00761,0.00763,0.00758,0.00762,588019.0
2023-09-12 11:00:00,0.00762,0.00762,0.00759,0.0076,956074.0
2023-09-12 11:15:00,0.00759,0.00761,0.00757,0.00761,2291485.0
2023-09-12 11:30:00,0.0076,0.00761,0.00758,0.0076,1654765.0
2023-09-12 11:45:00,0.00761,0.00762,0.0076,0.0076,353042.0
2023-09-12 12:00:00,0.0076,0.00763,0.0076,0.00763,687998.0
2023-09-12 12:15:00,0.00762,0.00762,0.00759,0.0076,542489.0
2023-09-12 12:30:00,0.0076,0.00764,0.00759,0.00763,1327118.0
2023-09-12 12:45:00,0.00763,0.00764,0.0076,0.00762,3133934.0
2023-09-12 13:00:00,0.00761,0.00761,0.00756,0.00759,2390409.0
2023-09-12 13:15:00,0.00758,0.00758,0.00755,0.00756,1912241.0
2023-09-12 13:30:00,0.00756,0.00759,0.00755,0.00759,1212073.0
2023-09-12 13:45:00,0.00759,0.00763,0.00758,0.00761,2405379.0
2023-09-12 14:00:00,0.00761,0.00763,0.00757,0.00759,1250960.0
2023-09-12 14:15:00,0.00758,0.00758,0.00754,0.00756,1106041.0
2023-09-12 14:30:00,0.00755,0.00756,0.00749,0.0075,1595867.0
2023-09-12 14:45:00,0.00751,0.00753,0.00749,0.00753,1546498.0
2023-09-12 15:00:00,0.00752,0.00754,0.00749,0.0075,1159188.0
2023-09-12 15:15:00,0.00751,0.00752,0.00749,0.00752,1440965.0
2023-09-12 15:30:00,0.00752,0.00752,0.00749,0.0075,2149500.0
2023-09-12 15:45:00,0.0075,0.00751,0.00749,0.00751,861096.0
2023-09-12 16:00:00,0.00751,0.00754,0.00751,0.00752,1528634.0
2023-09-12 16:15:00,0.00751,0.00754,0.0075,0.00754,1477566.0
2023-09-12 16:30:00,0.00754,0.0076,0.00752,0.00759,6008068.0
2023-09-12 16:45:00,0.00757,0.00762,0.00754,0.00757,10171767.0
2023-09-12 17:00:00,0.00756,0.00757,0.00754,0.00756,1785385.0
2023-09-12 17:15:00,0.00754,0.00754,0.00745,0.0075,3964059.0
2023-09-12 17:30:00,0.00749,0.0075,0.00747,0.00749,1874074.0
2023-09-12 17:45:00,0.00748,0.00751,0.00746,0.00747,906691.0
2023-09-12 18:00:00,0.00746,0.00749,0.00744,0.00748,953147.0
2023-09-12 18:15:00,0.00749,0.0075,0.00748,0.0075,633790.0
2023-09-12 18:30:00,0.00749,0.0075,0.00748,0.00749,317458.0
2023-09-12 18:45:00,0.00749,0.00751,0.00748,0.00751,546581.0
2023-09-12 19:00:00,0.00751,0.00753,0.00751,0.00751,590294.0
2023-09-12 19:15:00,0.00752,0.00758,0.00752,0.00753,1170193.0
2023-09-12 19:30:00,0.00753,0.00754,0.00752,0.00753,891142.0
2023-09-12 19:45:00,0.00752,0.00754,0.00752,0.00754,407891.0
2023-09-12 20:00:00,0.00753,0.00755,0.00752,0.00755,793472.0
2023-09-12 20:15:00,0.00755,0.00756,0.00753,0.00755,358276.0
2023-09-12 20:30:00,0.00755,0.00755,0.00755,0.00755,65452.0
2023-09-12 20:45:00,0.00755,0.00757,0.00754,0.00756,1430832.0
2023-09-12 21:00:00,0.00756,0.0076,0.00755,0.00759,658701.0
2023-09-12 21:15:00,0.00758,0.00762,0.00758,0.0076,926475.0
2023-09-12 21:30:00,0.0076,0.00763,0.00757,0.00757,1041395.0
2023-09-12 21:45:00,0.00757,0.00758,0.00756,0.00756,526540.0
2023-09-12 22:00:00,0.00756,0.00757,0.00754,0.00755,528699.0
2023-09-12 22:15:00,0.00756,0.00757,0.00753,0.00754,477063.0
2023-09-12 22:30:00,0.00754,0.00755,0.00753,0.00755,93644.0
2023-09-12 22:45:00,0.00754,0.00756,0.00753,0.00755,1192562.0
2023-09-12 23:00:00,0.00754,0.00754,0.00752,0.00753,883776.0
2023-09-12 23:15:00,0.00753,0.00756,0.00753,0.00755,786822.0
2023-09-12 23:30:00,0.00755,0.00758,0.00754,0.00757,626578.0
2023-09-12 23:45:00,0.00756,0.00759,0.00756,0.00758,525518.0
2023-09-13 00:00:00,0.00758,0.00758,0.00751,0.00751,3615716.0
2023-09-13 00:15:00,0.00752,0.00754,0.0075,0.00752,826862.0
2023-09-13 00:30:00,0.00752,0.00754,0.00751,0.00754,366299.0
2023-09-13 00:45:00,0.00753,0.00755,0.00752,0.00755,410631.0
2023-09-13 01:00:00,0.00755,0.00759,0.00754,0.00759,2018609.0
2023-09-13 01:15:00,0.0076,0.00767,0.0076,0.00766,4949449.0
2023-09-13 01:30:00,0.00766,0.00773,0.00765,0.00771,6051439.0
2023-09-13 01:45:00,0.00771,0.00782,0.0077,0.00777,52577545.0
2023-09-13 02:00:00,0.00778,0.00783,0.00769,0.00774,46452231.0
2023-09-13 02:15:00,0.00775,0.00784,0.00775,0.0078,48276803.0
2023-09-13 02:30:00,0.0078,0.00788,0.00772,0.00781,90517464.0
2023-09-13 02:45:00,0.00781,0.00784,0.00777,0.00778,35176980.0
2023-09-13 03:00:00,0.00777,0.0078,0.00773,0.00776,23106242.0
2023-09-13 03:15:00,0.00776,0.00777,0.00771,0.00773,19822809.0
2023-09-13 03:30:00,0.00773,0.00776,0.00771,0.00774,4267246.0
2023-09-13 03:45:00,0.00775,0.00776,0.00772,0.00774,5035131.0
2023-09-13 04:00:00,0.00773,0.00776,0.00772,0.00775,4208862.0
2023-09-13 04:15:00,0.00775,0.00789,0.00775,0.00781,37597315.0
2023-09-13 04:30:00,0.00781,0.00783,0.0078,0.00782,3673465.0
2023-09-13 04:45:00,0.00782,0.00785,0.0078,0.00782,3838898.0
2023-09-13 05:00:00,0.00782,0.00783,0.00762,0.00763,27599068.0
2023-09-13 05:15:00,0.00763,0.00763,0.00759,0.0076,24664309.0
2023-09-13 05:30:00,0.00761,0.00761,0.00757,0.00759,42984791.0
2023-09-13 05:45:00,0.00758,0.00759,0.00756,0.00757,47926176.0
2023-09-13 06:00:00,0.00756,0.00757,0.00732,0.00735,72958359.0
2023-09-13 06:15:00,0.00735,0.0074,0.00731,0.0074,40019728.0
2023-09-13 06:30:00,0.0074,0.00749,0.00739,0.00747,13455655.0
2023-09-13 06:45:00,0.00746,0.00751,0.00745,0.00748,7681057.0
2023-09-13 07:00:00,0.00748,0.0075,0.00746,0.0075,2575738.0
2023-09-13 07:15:00,0.0075,0.0075,0.00742,0.00742,1340671.0
2023-09-13 07:30:00,0.00743,0.00755,0.00741,0.00745,21092769.0
2023-09-13 07:45:00,0.00744,0.00749,0.00742,0.00748,10789369.0
2023-09-13 08:00:00,0.00748,0.00758,0.00748,0.00757,11155201.0
2023-09-13 08:15:00,0.00756,0.00761,0.00753,0.00761,4459855.0
2023-09-13 08:30:00,0.00762,0.00763,0.00759,0.00762,4282314.0
2023-09-13 08:45:00,0.00763,0.00766,0.00763,0.00766,3694518.0
2023-09-13 09:00:00,0.00766,0.00766,0.00759,0.00763,3224047.0
2023-09-13 09:15:00,0.00763,0.00771,0.00763,0.00769,2621737.0
2023-09-13 09:30:00,0.00769,0.00772,0.00765,0.00766,4157650.0
2023-09-13 09:45:00,0.00766,0.00769,0.00764,0.00766,9844738.0
2023-09-13 10:00:00,0.00767,0.00769,0.00761,0.00764,2825909.0
2023-09-13 10:15:00,0.00764,0.00767,0.00764,0.00765,3194460.0
2023-09-13 10:30:00,0.00764,0.00764,0.00761,0.00762,3815221.0
2023-09-13 10:45:00,0.00763,0.00763,0.00761,0.00762,3269623.0
2023-09-13 11:00:00,0.00762,0.00764,0.0076,0.00762,2906782.0
2023-09-13 11:15:00,0.00762,0.00764,0.00761,0.00764,2255732.0
2023-09-13 11:30:00,0.00764,0.00764,0.00757,0.00759,6928230.0
2023-09-13 11:45:00,0.00758,0.00762,0.00757,0.0076,1268776.0
2023-09-13 12:00:00,0.0076,0.0076,0.00757,0.00758,1182294.0
2023-09-13 12:15:00,0.00759,0.00759,0.00757,0.00757,1152835.0
2023-09-13 12:30:00,0.00758,0.00759,0.00751,0.00754,4039047.0
2023-09-13 12:45:00,0.00755,0.00761,0.00755,0.00759,6291938.0
2023-09-13 13:00:00,0.00759,0.00759,0.00756,0.00756,1150322.0
2023-09-13 13:15:00,0.00757,0.00759,0.00755,0.00757,666873.0
2023-09-13 13:30:00,0.00756,0.00761,0.00756,0.00759,1434953.0
2023-09-13 13:45:00,0.0076,0.00761,0.00756,0.00759,2250779.0
2023-09-13 14:00:00,0.00759,0.0076,0.00755,0.00758,1680836.0
2023-09-13 14:15:00,0.00757,0.0076,0.00757,0.00759,797128.0
2023-09-13 14:30:00,0.00759,0.00765,0.00759,0.00765,2770239.0
2023-09-13 14:45:00,0.00765,0.00767,0.00762,0.00764,2237768.0
2023-09-13 15:00:00,0.00763,0.00766,0.00761,0.00764,4677244.0
2023-09-13 15:15:00,0.00764,0.00767,0.00763,0.00765,1828064.0
2023-09-13 15:30:00,0.00766,0.00767,0.00764,0.00767,658792.0
2023-09-13 15:45:00,0.00766,0.00768,0.00762,0.00762,1565083.0
2023-09-13 16:00:00,0.00762,0.00763,0.00758,0.00758,1301926.0
2023-09-13 16:15:00,0.00759,0.00761,0.00758,0.00759,2168293.0
2023-09-13 16:30:00,0.00759,0.0076,0.00758,0.00759,1601778.0
2023-09-13 16:45:00,0.00759,0.0076,0.00755,0.00756,7387683.0
2023-09-13 17:00:00,0.00757,0.00758,0.00756,0.00758,491051.0
2023-09-13 17:15:00,0.00759,0.0076,0.00753,0.00754,2824026.0
2023-09-13 17:30:00,0.00754,0.00759,0.00753,0.00755,2770152.0
2023-09-13 17:45:00,0.00754,0.00755,0.00752,0.00752,1070262.0
2023-09-13 18:00:00,0.00752,0.00756,0.00752,0.00756,871775.0
2023-09-13 18:15:00,0.00755,0.00756,0.00753,0.00754,1907395.0
2023-09-13 18:30:00,0.00754,0.00755,0.00752,0.00753,875051.0
2023-09-13 18:45:00,0.00753,0.00755,0.00751,0.00753,2189036.0
2023-09-13 19:00:00,0.00752,0.00755,0.00751,0.00753,1230633.0
2023-09-13 19:15:00,0.00753,0.00757,0.00753,0.00757,1237557.0
2023-09-13 19:30:00,0.00757,0.00757,0.00756,0.00757,985182.0
2023-09-13 19:45:00,0.00757,0.00758,0.00755,0.00756,1441780.0
2023-09-13 20:00:00,0.00756,0.00758,0.00755,0.00758,246180.0
2023-09-13 20:15:00,0.00757,0.00759,0.00757,0.00759,815358.0
2023-09-13 20:30:00,0.00758,0.00762,0.00758,0.00761,1182881.0
2023-09-13 20:45:00,0.00761,0.00765,0.00761,0.00764,4000823.0
2023-09-13 21:00:00,0.00764,0.00764,0.00762,0.00764,897164.0
2023-09-13 21:15:00,0.00764,0.00765,0.00762,0.00763,733825.0
2023-09-13 21:30:00,0.00763,0.00765,0.00763,0.00763,727150.0
2023-09-13 21:45:00,0.00762,0.00762,0.0076,0.00762,622748.0
2023-09-13 22:00:00,0.00762,0.00764,0.00761,0.00763,799480.0
2023-09-13 22:15:00,0.00763,0.00767,0.00763,0.00767,3250792.0
2023-09-13 22:30:00,0.00767,0.00767,0.00763,0.00764,3688479.0
2023-09-13 22:45:00,0.00763,0.00764,0.00762,0.00763,2008560.0
2023-09-13 23:00:00,0.00763,0.00767,0.00762,0.00766,6855909.0
2023-09-13 23:15:00,0.00766,0.00767,0.00763,0.00763,3353813.0
2023-09-13 23:30:00,0.00764,0.00765,0.00763,0.00764,1281605.0
2023-09-13 23:45:00,0.00764,0.00766,0.00759,0.00761,1683925.0
2023-09-14 00:00:00,0.00761,0.00762,0.00757,0.00761,3748728.0
2023-09-14 00:15:00,0.0076,0.00761,0.00758,0.0076,2376000.0
2023-09-14 00:30:00,0.00759,0.00768,0.00759,0.00765,7004032.0
2023-09-14 00:45:00,0.00765,0.00776,0.00765,0.00775,12230093.0
2023-09-14 01:00:00,0.00776,0.00784,0.00771,0.00783,14335531.0
2023-09-14 01:15:00,0.00783,0.00787,0.0078,0.00785,16383628.0
2023-09-14 01:30:00,0.00785,0.00786,0.00781,0.00782,16621261.0
2023-09-14 01:45:00,0.00782,0.00782,0.00777,0.00777,996095.0
2023-09-14 02:00:00,0.00778,0.00787,0.00778,0.00784,11327526.0
2023-09-14 02:15:00,0.00785,0.00786,0.00779,0.00782,5839826.0
2023-09-14 02:30:00,0.00782,0.00786,0.00782,0.00785,3177985.0
2023-09-14 02:45:00,0.00785,0.0079,0.00784,0.00787,2650281.0
2023-09-14 03:00:00,0.00787,0.00787,0.00783,0.00783,2212873.0
2023-09-14 03:15:00,0.00783,0.00784,0.00781,0.00782,2664765.0
2023-09-14 03:30:00,0.00782,0.00783,0.00781,0.00783,1311141.0
2023-09-14 03:45:00,0.00783,0.00785,0.0078,0.00785,2785903.0
2023-09-14 04:00:00,0.00785,0.00786,0.00783,0.00785,1515528.0
2023-09-14 04:15:00,0.00784,0.00784,0.0078,0.00783,1569096.0
2023-09-14 04:30:00,0.00783,0.00783,0.00779,0.0078,4066812.0
2023-09-14 04:45:00,0.0078,0.00783,0.00779,0.00783,3560115.0
2023-09-14 05:00:00,0.00782,0.00789,0.00782,0.00787,3213584.0
2023-09-14 05:15:00,0.00787,0.00787,0.00778,0.0078,21844789.0
2023-09-14 05:30:00,0.0078,0.00781,0.00777,0.0078,3451315.0
2023-09-14 05:45:00,0.0078,0.00786,0.0078,0.00784,3417171.0
2023-09-14 06:00:00,0.00785,0.00802,0.00785,0.008,20606916.0
2023-09-14 06:15:00,0.008,0.008,0.00791,0.00796,23381030.0
2023-09-14 06:30:00,0.00796,0.00799,0.00787,0.00788,10108700.0
2023-09-14 06:45:00,0.00788,0.00791,0.00786,0.00789,2530735.0
2023-09-14 07:00:00,0.00789,0.0079,0.00787,0.00789,3465854.0
2023-09-14 07:15:00,0.00789,0.00793,0.00786,0.00791,4574464.0
2023-09-14 07:30:00,0.00792,0.00799,0.00792,0.00796,4977168.0
2023-09-14 07:45:00,0.00796,0.00796,0.00791,0.00793,2479057.0
2023-09-14 08:00:00,0.00792,0.00806,0.00789,0.00796,7942873.0
2023-09-14 08:15:00,0.00796,0.00797,0.00791,0.00793,2691036.0
2023-09-14 08:30:00,0.00793,0.00795,0.0079,0.00791,2812976.0
2023-09-14 08:45:00,0.0079,0.0079,0.00783,0.00783,9276203.0
2023-09-14 09:00:00,0.00783,0.00785,0.00779,0.0078,3376433.0
2023-09-14 09:15:00,0.00781,0.00799,0.00781,0.0079,15326903.0
2023-09-14 09:30:00,0.00789,0.00793,0.00787,0.00789,1721879.0
2023-09-14 09:45:00,0.00789,0.0079,0.00787,0.00789,1707346.0
2023-09-14 10:00:00,0.00788,0.00789,0.00784,0.00787,3135242.0
2023-09-14 10:15:00,0.00788,0.0079,0.00784,0.00785,3686367.0
2023-09-14 10:30:00,0.00785,0.00789,0.00782,0.00785,6529713.0
2023-09-14 10:45:00,0.00785,0.00785,0.00782,0.00785,2118574.0
2023-09-14 11:00:00,0.00785,0.00786,0.00782,0.00784,1689294.0
2023-09-14 11:15:00,0.00784,0.00787,0.00783,0.00786,1693488.0
2023-09-14 11:30:00,0.00786,0.00795,0.00786,0.00795,3512239.0
2023-09-14 11:45:00,0.00796,0.00797,0.00786,0.00787,7973443.0
2023-09-14 12:00:00,0.00788,0.00794,0.00788,0.00792,4083514.0
2023-09-14 12:15:00,0.00791,0.00793,0.00788,0.00788,3770124.0
2023-09-14 12:30:00,0.00788,0.00792,0.00786,0.0079,2421138.0
2023-09-14 12:45:00,0.0079,0.00791,0.00788,0.0079,4122169.0
2023-09-14 13:00:00,0.0079,0.00794,0.00789,0.00791,5946876.0
2023-09-14 13:15:00,0.00792,0.00799,0.00791,0.00795,4804369.0
2023-09-14 13:30:00,0.00797,0.00803,0.00794,0.00803,4456000.0
2023-09-14 13:45:00,0.00803,0.00806,0.00798,0.00803,6439153.0
2023-09-14 14:00:00,0.00803,0.00803,0.00793,0.00796,5863357.0
2023-09-14 14:15:00,0.00797,0.008,0.00795,0.00799,1989103.0
2023-09-14 14:30:00,0.008,0.00808,0.00797,0.00806,9669697.0
2023-09-14 14:45:00,0.00806,0.00809,0.00802,0.00802,5236811.0
2023-09-14 15:00:00,0.00803,0.00806,0.00801,0.00802,3939995.0
2023-09-14 15:15:00,0.00802,0.00803,0.00797,0.00798,2256310.0
2023-09-14 15:30:00,0.00798,0.008,0.00797,0.00798,4545481.0
2023-09-14 15:45:00,0.00798,0.008,0.00797,0.00798,2917610.0
2023-09-14 16:00:00,0.00797,0.00799,0.00793,0.00794,4273996.0
2023-09-14 16:15:00,0.00795,0.008,0.00793,0.00794,5359081.0
2023-09-14 16:30:00,0.00795,0.00796,0.00791,0.00794,2476999.0
2023-09-14 16:45:00,0.00793,0.00795,0.00792,0.00795,1126264.0
2023-09-14 17:00:00,0.00796,0.00798,0.00795,0.00796,1649224.0
2023-09-14 17:15:00,0.00796,0.00797,0.00793,0.00795,933266.0
2023-09-14 17:30:00,0.00796,0.00805,0.00795,0.00802,3262155.0
2023-09-14 17:45:00,0.00801,0.00805,0.008,0.00803,2749527.0
2023-09-14 18:00:00,0.00803,0.00805,0.00801,0.00801,2606511.0
2023-09-14 18:15:00,0.00802,0.00814,0.00802,0.00814,5307356.0
2023-09-14 18:30:00,0.00814,0.00815,0.00806,0.00806,6107350.0
2023-09-14 18:45:00,0.00807,0.00808,0.00796,0.00797,7992348.0
2023-09-14 19:00:00,0.00797,0.00801,0.00797,0.00798,1954266.0
2023-09-14 19:15:00,0.00798,0.00803,0.00798,0.00802,1764040.0
2023-09-14 19:30:00,0.00802,0.00812,0.00801,0.00812,3359055.0
2023-09-14 19:45:00,0.00811,0.00812,0.00804,0.00806,8209743.0
2023-09-14 20:00:00,0.00806,0.00808,0.008,0.00802,3015669.0
2023-09-14 20:15:00,0.00801,0.00802,0.00797,0.008,2075141.0
2023-09-14 20:30:00,0.00801,0.00801,0.00797,0.008,974558.0
2023-09-14 20:45:00,0.00799,0.008,0.00794,0.00797,8414843.0
2023-09-14 21:00:00,0.00796,0.00798,0.00795,0.00796,901793.0
2023-09-14 21:15:00,0.00796,0.00799,0.00796,0.00798,412239.0
2023-09-14 21:30:00,0.00798,0.00798,0.00796,0.00796,315315.0
2023-09-14 21:45:00,0.00796,0.00797,0.00794,0.00797,610868.0
2023-09-14 22:00:00,0.00797,0.00799,0.00796,0.00799,553961.0
2023-09-14 22:15:00,0.00799,0.00802,0.00798,0.00802,673298.0
2023-09-14 22:30:00,0.00802,0.00804,0.00801,0.00802,804657.0
2023-09-14 22:45:00,0.00802,0.00803,0.008,0.00802,2083692.0
2023-09-14 23:00:00,0.00802,0.00802,0.00798,0.008,2399393.0
2023-09-14 23:15:00,0.00799,0.00799,0.00793,0.00794,2969305.0
2023-09-14 23:30:00,0.00795,0.00796,0.00791,0.00791,4944572.0
2023-09-14 23:45:00,0.00791,0.00796,0.0079,0.00795,3055768.0
2023-09-15 00:00:00,0.00796,0.00797,0.00787,0.00788,2705312.0
2023-09-15 00:15:00,0.00789,0.00792,0.00789,0.00791,670033.0
2023-09-15 00:30:00,0.00791,0.00795,0.00791,0.00792,773026.0
2023-09-15 00:45:00,0.00793,0.00793,0.00789,0.00789,964326.0
2023-09-15 01:00:00,0.00789,0.00791,0.00778,0.00786,19325650.0
2023-09-15 01:15:00,0.00786,0.00792,0.00785,0.00791,1356827.0
2023-09-15 01:30:00,0.00791,0.00792,0.00787,0.00788,1335371.0
2023-09-15 01:45:00,0.00788,0.00792,0.00788,0.00791,1841055.0
2023-09-15 02:00:00,0.00791,0.00798,0.00791,0.00797,2261584.0
2023-09-15 02:15:00,0.00797,0.00799,0.00795,0.00798,8655826.0
2023-09-15 02:30:00,0.00798,0.008,0.00797,0.00798,2294256.0
2023-09-15 02:45:00,0.00799,0.008,0.00797,0.00799,2416263.0
2023-09-15 03:00:00,0.00799,0.00799,0.00794,0.00797,1650672.0
2023-09-15 03:15:00,0.00797,0.00797,0.00793,0.00794,408241.0
2023-09-15 03:30:00,0.00795,0.00796,0.00791,0.00792,2117781.0
2023-09-15 03:45:00,0.00791,0.00792,0.00789,0.00791,1740295.0
2023-09-15 04:00:00,0.00791,0.00795,0.00791,0.00794,1801312.0
2023-09-15 04:15:00,0.00793,0.00795,0.0079,0.00792,1335894.0
2023-09-15 04:30:00,0.00792,0.00793,0.00789,0.00791,1180683.0
2023-09-15 04:45:00,0.00791,0.00796,0.00791,0.00795,2013168.0
2023-09-15 05:00:00,0.00795,0.00799,0.00794,0.00798,1537454.0
2023-09-15 05:15:00,0.00797,0.00797,0.00791,0.00792,4205590.0
2023-09-15 05:30:00,0.00793,0.00794,0.00791,0.00791,652564.0
2023-09-15 05:45:00,0.0079,0.00791,0.00788,0.00791,1544446.0
2023-09-15 06:00:00,0.0079,0.00791,0.00789,0.0079,909901.0
2023-09-15 06:15:00,0.00789,0.00794,0.00789,0.00792,1028656.0
2023-09-15 06:30:00,0.00791,0.00791,0.00785,0.00785,2123585.0
2023-09-15 06:45:00,0.00786,0.00789,0.00785,0.00786,1722991.0
2023-09-15 07:00:00,0.00787,0.00788,0.00784,0.00784,1664226.0
2023-09-15 07:15:00,0.00784,0.00787,0.00784,0.00785,391435.0
2023-09-15 07:30:00,0.00785,0.00787,0.00784,0.00787,1240026.0
2023-09-15 07:45:00,0.00786,0.00786,0.00781,0.00782,2787299.0
2023-09-15 08:00:00,0.00783,0.00785,0.00781,0.00783,2361531.0
2023-09-15 08:15:00,0.00784,0.00788,0.00784,0.00787,295234.0
2023-09-15 08:30:00,0.00788,0.0079,0.00787,0.00788,1639052.0
2023-09-15 08:45:00,0.00788,0.0079,0.00788,0.00789,901004.0
2023-09-15 09:00:00,0.00789,0.00792,0.00788,0.00789,1048158.0
2023-09-15 09:15:00,0.00788,0.00788,0.00787,0.00788,472117.0
2023-09-15 09:30:00,0.00788,0.00793,0.00788,0.00792,1872510.0
2023-09-15 09:45:00,0.00792,0.00794,0.00792,0.00792,858140.0
2023-09-15 10:00:00,0.00792,0.00793,0.00789,0.00792,2042792.0
2023-09-15 10:15:00,0.00793,0.00799,0.00791,0.00797,7279588.0
2023-09-15 10:30:00,0.00797,0.00801,0.00796,0.00799,2707517.0
2023-09-15 10:45:00,0.008,0.00802,0.00797,0.00802,617010.0
2023-09-15 11:00:00,0.00801,0.00801,0.00796,0.00797,1352293.0
2023-09-15 11:15:00,0.00796,0.008,0.00796,0.00797,864522.0
2023-09-15 11:30:00,0.00798,0.00799,0.00796,0.00797,724225.0
2023-09-15 11:45:00,0.00797,0.00797,0.00793,0.00794,2064928.0
2023-09-15 12:00:00,0.00795,0.008,0.00795,0.008,1271406.0
2023-09-15 12:15:00,0.00799,0.00805,0.00795,0.00796,12145296.0
2023-09-15 12:30:00,0.00796,0.00797,0.00794,0.00794,2444429.0
2023-09-15 12:45:00,0.00795,0.00795,0.00793,0.00794,2282740.0
2023-09-15 13:00:00,0.00795,0.00798,0.00795,0.00796,1575169.0
2023-09-15 13:15:00,0.00797,0.00799,0.00796,0.00797,385362.0
2023-09-15 13:30:00,0.00798,0.00804,0.00798,0.00802,1970689.0
2023-09-15 13:45:00,0.00802,0.00802,0.008,0.00802,1670544.0
2023-09-15 14:00:00,0.00802,0.00806,0.00802,0.00803,2832455.0
2023-09-15 14:15:00,0.00803,0.00808,0.00803,0.00807,3917338.0
2023-09-15 14:30:00,0.00806,0.00807,0.00799,0.00801,2846396.0
2023-09-15 14:45:00,0.00801,0.00802,0.00798,0.00801,2261120.0
2023-09-15 15:00:00,0.00801,0.00805,0.008,0.00804,1178525.0
2023-09-15 15:15:00,0.00804,0.00806,0.00804,0.00805,426302.0
2023-09-15 15:30:00,0.00806,0.0081,0.00806,0.0081,689431.0
2023-09-15 15:45:00,0.00809,0.00809,0.00806,0.00809,2380853.0
2023-09-15 16:00:00,0.00809,0.00813,0.00809,0.0081,1967619.0
2023-09-15 16:15:00,0.0081,0.00818,0.0081,0.00814,3026802.0
2023-09-15 16:30:00,0.00814,0.00815,0.0081,0.00812,465712.0
2023-09-15 16:45:00,0.00812,0.00815,0.00812,0.00813,950678.0
2023-09-15 17:00:00,0.00813,0.00814,0.00811,0.00814,1609600.0
2023-09-15 17:15:00,0.00815,0.00818,0.00813,0.00814,1491796.0
2023-09-15 17:30:00,0.00813,0.00818,0.00812,0.00817,3143750.0
2023-09-15 17:45:00,0.00817,0.00819,0.00814,0.00814,1804787.0
2023-09-15 18:00:00,0.00814,0.00818,0.00814,0.00816,703902.0
2023-09-15 18:15:00,0.00816,0.0082,0.00816,0.00819,2404788.0
2023-09-15 18:30:00,0.00818,0.00821,0.00816,0.00819,1509529.0
2023-09-15 18:45:00,0.00819,0.00829,0.00817,0.00824,8052746.0
2023-09-15 19:00:00,0.00823,0.00826,0.00821,0.00825,1466755.0
2023-09-15 19:15:00,0.00826,0.00832,0.00825,0.00831,5884126.0
2023-09-15 19:30:00,0.0083,0.0083,0.00823,0.00826,3128372.0
2023-09-15 19:45:00,0.00826,0.00829,0.00826,0.00827,930723.0
2023-09-15 20:00:00,0.00828,0.00829,0.00826,0.00827,784047.0
2023-09-15 20:15:00,0.00827,0.00831,0.00827,0.00828,1068186.0
2023-09-15 20:30:00,0.00829,0.00833,0.00829,0.00833,1969903.0
2023-09-15 20:45:00,0.00834,0.00836,0.0083,0.00834,4285465.0
2023-09-15 21:00:00,0.00834,0.00846,0.00834,0.00841,4423317.0
2023-09-15 21:15:00,0.00842,0.00847,0.0084,0.00845,4161771.0
2023-09-15 21:30:00,0.00846,0.00846,0.00841,0.00841,1285997.0
2023-09-15 21:45:00,0.0084,0.00848,0.0084,0.00846,1920791.0
2023-09-15 22:00:00,0.00847,0.0085,0.00845,0.00848,2414706.0
2023-09-15 22:15:00,0.00848,0.00849,0.00842,0.00845,3710551.0
2023-09-15 22:30:00,0.00845,0.00849,0.00844,0.00846,1989316.0
2023-09-15 22:45:00,0.00847,0.00847,0.00843,0.00846,1425649.0
2023-09-15 23:00:00,0.00846,0.00851,0.00845,0.00849,3139903.0
2023-09-15 23:15:00,0.00849,0.00855,0.00848,0.00848,4076144.0
2023-09-15 23:30:00,0.00849,0.00855,0.00849,0.00853,2657474.0
2023-09-15 23:45:00,0.00852,0.00856,0.0085,0.00853,2617214.0
2023-09-16 00:00:00,0.00853,0.00858,0.00848,0.00852,15278683.0
2023-09-16 00:15:00,0.00851,0.00852,0.00848,0.00852,4768022.0
2023-09-16 00:30:00,0.00852,0.00855,0.00846,0.00848,3452676.0
2023-09-16 00:45:00,0.00847,0.00849,0.00842,0.00843,4284049.0
2023-09-16 01:00:00,0.00843,0.00846,0.00842,0.00844,1502220.0
2023-09-16 01:15:00,0.00844,0.00844,0.00838,0.00838,1142530.0
2023-09-16 01:30:00,0.00837,0.00839,0.00836,0.00838,2000368.0
2023-09-16 01:45:00,0.00838,0.00842,0.00838,0.0084,1604429.0
2023-09-16 02:00:00,0.00841,0.00852,0.00841,0.00851,3039356.0
2023-09-16 02:15:00,0.00851,0.00857,0.00851,0.00855,3509800.0
2023-09-16 02:30:00,0.00854,0.00857,0.00852,0.00857,2033853.0
2023-09-16 02:45:00,0.00858,0.00861,0.00855,0.00857,1925344.0
2023-09-16 03:00:00,0.00858,0.0086,0.00856,0.00856,1637128.0
2023-09-16 03:15:00,0.00856,0.00866,0.00856,0.00863,2235706.0
2023-09-16 03:30:00,0.00863,0.00867,0.00859,0.00862,2406846.0
2023-09-16 03:45:00,0.00862,0.00862,0.00842,0.00846,8138099.0
2023-09-16 04:00:00,0.00846,0.00848,0.00838,0.00843,7889614.0
2023-09-16 04:15:00,0.00842,0.00846,0.00837,0.00838,5151179.0
2023-09-16 04:30:00,0.00839,0.00842,0.00834,0.00835,8090615.0
2023-09-16 04:45:00,0.00835,0.00835,0.0083,0.00832,2312880.0
2023-09-16 05:00:00,0.00833,0.00833,0.00829,0.00832,1873399.0
2023-09-16 05:15:00,0.00832,0.00833,0.00825,0.00831,3422018.0
2023-09-16 05:30:00,0.00832,0.00832,0.00827,0.00828,1394664.0
2023-09-16 05:45:00,0.00828,0.00832,0.00828,0.0083,1451977.0
2023-09-16 06:00:00,0.0083,0.0084,0.0083,0.00838,2768716.0
2023-09-16 06:15:00,0.00838,0.00842,0.00837,0.00839,1812048.0
2023-09-16 06:30:00,0.00838,0.00844,0.00835,0.0084,8321898.0
2023-09-16 06:45:00,0.0084,0.00846,0.00839,0.00845,7652243.0
2023-09-16 07:00:00,0.00844,0.00845,0.00841,0.00843,1596265.0
2023-09-16 07:15:00,0.00844,0.00845,0.00842,0.00845,1391954.0
2023-09-16 07:30:00,0.00845,0.00845,0.00841,0.00841,1391321.0
2023-09-16 07:45:00,0.00841,0.00844,0.00838,0.00839,1778910.0
2023-09-16 08:00:00,0.0084,0.00849,0.00837,0.00839,5052606.0
2023-09-16 08:15:00,0.00839,0.00853,0.00839,0.00848,7478562.0
2023-09-16 08:30:00,0.00848,0.00849,0.00841,0.00841,7425618.0
2023-09-16 08:45:00,0.00841,0.00845,0.00838,0.00838,5107997.0
2023-09-16 09:00:00,0.00838,0.0084,0.00835,0.00836,1299505.0
2023-09-16 09:15:00,0.00836,0.00837,0.00833,0.00834,1382519.0
2023-09-16 09:30:00,0.00834,0.00839,0.00833,0.00838,1434086.0
2023-09-16 09:45:00,0.00839,0.0084,0.00833,0.00833,1251935.0
2023-09-16 10:00:00,0.00833,0.00833,0.00829,0.00833,8927002.0
2023-09-16 10:15:00,0.00834,0.00839,0.00834,0.00838,1762804.0
2023-09-16 10:30:00,0.00839,0.00839,0.00838,0.00839,1306621.0
2023-09-16 10:45:00,0.00838,0.00842,0.00837,0.00841,889641.0
2023-09-16 11:00:00,0.00841,0.00843,0.0084,0.0084,1369049.0
2023-09-16 11:15:00,0.00841,0.00843,0.00839,0.00841,516884.0
2023-09-16 11:30:00,0.00842,0.00843,0.0084,0.00843,2226939.0
2023-09-16 11:45:00,0.00842,0.00843,0.00839,0.0084,1303329.0
2023-09-16 12:00:00,0.0084,0.00847,0.0084,0.00846,3282547.0
2023-09-16 12:15:00,0.00846,0.00847,0.0084,0.00842,2589297.0
2023-09-16 12:30:00,0.00843,0.00845,0.00843,0.00843,867175.0
2023-09-16 12:45:00,0.00843,0.00843,0.0084,0.0084,2653482.0
2023-09-16 13:00:00,0.0084,0.00844,0.00839,0.0084,494188.0
2023-09-16 13:15:00,0.00841,0.00841,0.00837,0.00839,2567408.0
2023-09-16 13:30:00,0.00839,0.0084,0.00837,0.00839,784088.0
2023-09-16 13:45:00,0.00838,0.00841,0.00838,0.00839,568992.0
2023-09-16 14:00:00,0.00839,0.00842,0.00838,0.00841,1070644.0
2023-09-16 14:15:00,0.00841,0.00841,0.00838,0.0084,1290336.0
2023-09-16 14:30:00,0.00839,0.00846,0.00837,0.00838,6646445.0
2023-09-16 14:45:00,0.00838,0.00838,0.00829,0.0083,2731257.0
2023-09-16 15:00:00,0.00829,0.00836,0.00828,0.00835,3045177.0
2023-09-16 15:15:00,0.00834,0.00836,0.00833,0.00836,1577812.0
2023-09-16 15:30:00,0.00835,0.00837,0.00834,0.00836,970548.0
2023-09-16 15:45:00,0.00837,0.00838,0.00835,0.00835,735033.0
2023-09-16 16:00:00,0.00835,0.00836,0.00832,0.00834,1271150.0
2023-09-16 16:15:00,0.00834,0.00836,0.00832,0.00833,512881.0
2023-09-16 16:30:00,0.00833,0.00841,0.00832,0.00837,2928148.0
2023-09-16 16:45:00,0.00837,0.0084,0.00837,0.00837,753359.0
2023-09-16 17:00:00,0.00838,0.00838,0.00834,0.00834,1256572.0
2023-09-16 17:15:00,0.00834,0.00837,0.00834,0.00836,921427.0
2023-09-16 17:30:00,0.00835,0.00837,0.00835,0.00837,602830.0
2023-09-16 17:45:00,0.00837,0.00839,0.00836,0.00837,726187.0
2023-09-16 18:00:00,0.00837,0.00838,0.00835,0.00835,409183.0
2023-09-16 18:15:00,0.00835,0.00837,0.00833,0.00835,2184088.0
2023-09-16 18:30:00,0.00835,0.00837,0.00834,0.00834,243484.0
2023-09-16 18:45:00,0.00835,0.00837,0.00834,0.00837,346552.0
2023-09-16 19:00:00,0.00836,0.00837,0.00834,0.00835,541045.0
2023-09-16 19:15:00,0.00835,0.00835,0.00832,0.00833,311783.0
2023-09-16 19:30:00,0.00832,0.00835,0.00831,0.00831,1325592.0
2023-09-16 19:45:00,0.00832,0.00836,0.00832,0.00834,547065.0
2023-09-16 20:00:00,0.00835,0.0084,0.00835,0.00839,1087148.0
2023-09-16 20:15:00,0.00837,0.00843,0.00837,0.00841,2495895.0
2023-09-16 20:30:00,0.00841,0.00846,0.0084,0.00844,1114229.0
2023-09-16 20:45:00,0.00845,0.00845,0.0084,0.0084,4365835.0
2023-09-16 21:00:00,0.00841,0.00843,0.0084,0.00841,816708.0
2023-09-16 21:15:00,0.00841,0.00844,0.0084,0.00843,322225.0
2023-09-16 21:30:00,0.00843,0.00846,0.00843,0.00845,932141.0
2023-09-16 21:45:00,0.00845,0.00847,0.00844,0.00847,579158.0
2023-09-16 22:00:00,0.00847,0.00847,0.00845,0.00847,388468.0
2023-09-16 22:15:00,0.00846,0.00846,0.00844,0.00846,232978.0
2023-09-16 22:30:00,0.00846,0.00849,0.00846,0.00848,245327.0
2023-09-16 22:45:00,0.00847,0.0085,0.00847,0.00849,785535.0
2023-09-16 23:00:00,0.00849,0.0085,0.00847,0.00849,1969245.0
2023-09-16 23:15:00,0.00849,0.00849,0.00847,0.00847,663523.0
2023-09-16 23:30:00,0.00847,0.00849,0.00847,0.00849,196627.0
2023-09-16 23:45:00,0.0085,0.00852,0.0085,0.00851,449602.0
2023-09-17 00:00:00,0.00851,0.00852,0.00842,0.00842,3089676.0
2023-09-17 00:15:00,0.00841,0.00845,0.00837,0.0084,2909142.0
2023-09-17 00:30:00,0.00839,0.00839,0.00835,0.00838,772764.0
2023-09-17 00:45:00,0.00838,0.00838,0.00827,0.00828,3809718.0
2023-09-17 01:00:00,0.00828,0.0083,0.00818,0.00827,7117801.0
2023-09-17 01:15:00,0.00826,0.00829,0.00823,0.00825,2985618.0
2023-09-17 01:30:00,0.00826,0.00829,0.00823,0.00826,1266804.0
2023-09-17 01:45:00,0.00826,0.00829,0.00825,0.00827,792616.0
2023-09-17 02:00:00,0.00828,0.00828,0.00825,0.00825,901001.0
2023-09-17 02:15:00,0.00826,0.00831,0.00826,0.00827,630002.0
2023-09-17 02:30:00,0.00826,0.00827,0.00823,0.00827,528462.0
2023-09-17 02:45:00,0.00828,0.00829,0.00825,0.00825,426347.0
2023-09-17 03:00:00,0.00826,0.00827,0.00824,0.00826,1157852.0
2023-09-17 03:15:00,0.00826,0.00828,0.00825,0.00828,439282.0
2023-09-17 03:30:00,0.00827,0.0083,0.00826,0.00829,565850.0
2023-09-17 03:45:00,0.00829,0.0083,0.00828,0.00828,1481406.0
2023-09-17 04:00:00,0.00829,0.00831,0.00825,0.00826,856827.0
2023-09-17 04:15:00,0.00827,0.00828,0.00827,0.00827,558487.0
2023-09-17 04:30:00,0.00827,0.00828,0.00826,0.00826,120990.0
2023-09-17 04:45:00,0.00827,0.00829,0.00827,0.00829,290278.0
2023-09-17 05:00:00,0.00829,0.00829,0.00826,0.00827,605444.0
2023-09-17 05:15:00,0.00825,0.00825,0.00822,0.00823,436276.0
2023-09-17 05:30:00,0.00824,0.00825,0.00818,0.0082,3276732.0
2023-09-17 05:45:00,0.0082,0.00822,0.0082,0.00821,707617.0
2023-09-17 06:00:00,0.00821,0.00822,0.00816,0.00817,1748904.0
2023-09-17 06:15:00,0.00817,0.00818,0.00812,0.00813,3072543.0
2023-09-17 06:30:00,0.00813,0.00818,0.00813,0.00814,3732704.0
2023-09-17 06:45:00,0.00814,0.00816,0.00811,0.00812,1843987.0
2023-09-17 07:00:00,0.00813,0.00813,0.00811,0.00811,682721.0
2023-09-17 07:15:00,0.00812,0.00812,0.0081,0.0081,467800.0
2023-09-17 07:30:00,0.0081,0.0081,0.00793,0.00797,11154695.0
2023-09-17 07:45:00,0.00796,0.00798,0.00792,0.00794,8891748.0
2023-09-17 08:00:00,0.00794,0.00802,0.00792,0.008,4553288.0
2023-09-17 08:15:00,0.00799,0.00803,0.00799,0.00802,706578.0
2023-09-17 08:30:00,0.00803,0.00805,0.00802,0.00803,1829469.0
2023-09-17 08:45:00,0.00802,0.00805,0.00802,0.00804,1100647.0
2023-09-17 09:00:00,0.00804,0.00807,0.00803,0.00805,2121400.0
2023-09-17 09:15:00,0.00806,0.00807,0.00804,0.00805,283221.0
2023-09-17 09:30:00,0.00805,0.00807,0.00804,0.00807,123100.0
2023-09-17 09:45:00,0.00807,0.00809,0.00806,0.00807,915508.0
2023-09-17 10:00:00,0.00806,0.00809,0.00806,0.00808,366283.0
2023-09-17 10:15:00,0.00808,0.00809,0.00807,0.00808,1405443.0
2023-09-17 10:30:00,0.00809,0.00811,0.00808,0.0081,570492.0
2023-09-17 10:45:00,0.0081,0.00811,0.00809,0.00809,462057.0
2023-09-17 11:00:00,0.00809,0.0081,0.00808,0.00808,143716.0
2023-09-17 11:15:00,0.00807,0.00809,0.00807,0.00809,694377.0
2023-09-17 11:30:00,0.00808,0.00808,0.00806,0.00808,393090.0
2023-09-17 11:45:00,0.00808,0.00809,0.008,0.00802,4173398.0
2023-09-17 12:00:00,0.00802,0.00804,0.00801,0.00802,1768421.0
2023-09-17 12:15:00,0.00803,0.00804,0.00801,0.00804,2027448.0
2023-09-17 12:30:00,0.00804,0.00804,0.00802,0.00803,695246.0
2023-09-17 12:45:00,0.00803,0.00803,0.00801,0.00803,411924.0
2023-09-17 13:00:00,0.00803,0.00803,0.00799,0.008,673763.0
2023-09-17 13:15:00,0.008,0.00801,0.00798,0.008,441283.0
2023-09-17 13:30:00,0.00801,0.00801,0.00797,0.00797,633837.0
2023-09-17 13:45:00,0.00798,0.00799,0.00796,0.00797,1603402.0
2023-09-17 14:00:00,0.00797,0.00798,0.00795,0.00797,1278826.0
2023-09-17 14:15:00,0.00796,0.00797,0.00794,0.00797,2139681.0
2023-09-17 14:30:00,0.00797,0.00798,0.00796,0.00796,349663.0
2023-09-17 14:45:00,0.00797,0.00799,0.00795,0.00797,1078119.0
2023-09-17 15:00:00,0.00797,0.00798,0.00796,0.00796,2241560.0
2023-09-17 15:15:00,0.00796,0.00798,0.00796,0.00798,400787.0
2023-09-17 15:30:00,0.00798,0.00798,0.00793,0.00794,2241121.0
2023-09-17 15:45:00,0.00794,0.00796,0.00793,0.00795,570907.0
2023-09-17 16:00:00,0.00794,0.00795,0.00787,0.00789,3775684.0
2023-09-17 16:15:00,0.00789,0.0079,0.00786,0.00788,3860962.0
2023-09-17 16:30:00,0.00788,0.00789,0.00782,0.00784,3458395.0
2023-09-17 16:45:00,0.00784,0.00787,0.00784,0.00786,1616274.0
2023-09-17 17:00:00,0.00786,0.00787,0.00783,0.00783,3508002.0
2023-09-17 17:15:00,0.00783,0.00783,0.00778,0.0078,5146737.0
2023-09-17 17:30:00,0.00781,0.00781,0.00779,0.00781,370963.0
2023-09-17 17:45:00,0.0078,0.00781,0.00773,0.00774,3726908.0
2023-09-17 18:00:00,0.00774,0.00778,0.00771,0.00777,2389035.0
2023-09-17 18:15:00,0.00777,0.00779,0.00775,0.00777,1156075.0
2023-09-17 18:30:00,0.00777,0.00786,0.00776,0.00783,9946915.0
2023-09-17 18:45:00,0.00782,0.00783,0.0078,0.00781,525987.0
2023-09-17 19:00:00,0.00781,0.00782,0.00781,0.00781,371768.0
2023-09-17 19:15:00,0.00781,0.00782,0.00781,0.00782,790524.0
2023-09-17 19:30:00,0.00781,0.00781,0.00779,0.00781,1502077.0
2023-09-17 19:45:00,0.00781,0.00783,0.0078,0.0078,827993.0
2023-09-17 20:00:00,0.00781,0.00782,0.0078,0.0078,314999.0
2023-09-17 20:15:00,0.0078,0.00781,0.00778,0.0078,926372.0
2023-09-17 20:30:00,0.00779,0.00779,0.00768,0.00772,6372749.0
2023-09-17 20:45:00,0.00771,0.00772,0.00763,0.00765,4657527.0
2023-09-17 21:00:00,0.00764,0.00768,0.00763,0.00767,1428995.0
2023-09-17 21:15:00,0.00768,0.00772,0.00768,0.00769,1807889.0
2023-09-17 21:30:00,0.0077,0.00772,0.00765,0.00766,4602770.0
2023-09-17 21:45:00,0.00767,0.0077,0.00767,0.00769,4166130.0
2023-09-17 22:00:00,0.00768,0.00769,0.00767,0.00769,437735.0
2023-09-17 22:15:00,0.00769,0.00774,0.00769,0.00773,908346.0
2023-09-17 22:30:00,0.00773,0.00773,0.0077,0.0077,186110.0
2023-09-17 22:45:00,0.00771,0.00771,0.0077,0.00771,102576.0
2023-09-17 23:00:00,0.00772,0.00772,0.00768,0.0077,524018.0
2023-09-17 23:15:00,0.00771,0.00771,0.00767,0.00769,770209.0
2023-09-17 23:30:00,0.00769,0.0077,0.00768,0.0077,835521.0
2023-09-17 23:45:00,0.00771,0.00773,0.0077,0.00771,630787.0
2023-09-18 00:00:00,0.00771,0.00773,0.00769,0.00772,1339819.0
2023-09-18 00:15:00,0.00771,0.00771,0.00765,0.00765,1021215.0
2023-09-18 00:30:00,0.00765,0.00766,0.00752,0.00757,12310747.0
2023-09-18 00:45:00,0.00757,0.00758,0.00755,0.00755,3886527.0
2023-09-18 01:00:00,0.00755,0.00759,0.00753,0.00758,2051186.0
2023-09-18 01:15:00,0.00759,0.00759,0.00754,0.00756,1941614.0
2023-09-18 01:30:00,0.00756,0.00757,0.00755,0.00757,1126446.0
2023-09-18 01:45:00,0.00758,0.00759,0.00757,0.00759,335744.0
2023-09-18 02:00:00,0.00758,0.00759,0.00757,0.00758,188535.0
2023-09-18 02:15:00,0.00758,0.0077,0.00758,0.00769,1021287.0
2023-09-18 02:30:00,0.0077,0.00774,0.00768,0.0077,4191139.0
2023-09-18 02:45:00,0.0077,0.00771,0.00768,0.00769,356114.0
2023-09-18 03:00:00,0.00768,0.00768,0.00765,0.00767,1160221.0
2023-09-18 03:15:00,0.00766,0.00768,0.00765,0.00766,425636.0
2023-09-18 03:30:00,0.00767,0.0077,0.00767,0.00768,747374.0
2023-09-18 03:45:00,0.00769,0.00772,0.00769,0.00772,576795.0
2023-09-18 04:00:00,0.00772,0.00776,0.00771,0.00773,2321937.0
2023-09-18 04:15:00,0.00772,0.00773,0.00771,0.00771,820293.0
2023-09-18 04:30:00,0.0077,0.00772,0.00768,0.00771,3634450.0
2023-09-18 04:45:00,0.00771,0.00775,0.0077,0.00775,1574173.0
2023-09-18 05:00:00,0.00776,0.0078,0.00775,0.00779,2328524.0
2023-09-18 05:15:00,0.00779,0.0078,0.00778,0.0078,597380.0
2023-09-18 05:30:00,0.0078,0.00783,0.00779,0.00782,1473867.0
2023-09-18 05:45:00,0.00781,0.00782,0.00779,0.0078,352374.0
2023-09-18 06:00:00,0.0078,0.00783,0.0078,0.00781,4074330.0
2023-09-18 06:15:00,0.00781,0.00783,0.00781,0.00781,1050120.0
2023-09-18 06:30:00,0.00781,0.00783,0.00781,0.00783,780171.0
2023-09-18 06:45:00,0.00782,0.00782,0.00777,0.00778,1741023.0
2023-09-18 07:00:00,0.00778,0.00783,0.00778,0.00782,487538.0
2023-09-18 07:15:00,0.00782,0.00786,0.00782,0.00785,884864.0
2023-09-18 07:30:00,0.00785,0.00789,0.00782,0.00784,4122383.0
2023-09-18 07:45:00,0.00783,0.00788,0.00782,0.00786,1923182.0
2023-09-18 08:00:00,0.00786,0.0079,0.00785,0.00789,2160386.0
2023-09-18 08:15:00,0.00788,0.0079,0.00787,0.00789,1309524.0
2023-09-18 08:30:00,0.00789,0.00789,0.00784,0.00784,800135.0
2023-09-18 08:45:00,0.00784,0.00787,0.00784,0.00787,810758.0
2023-09-18 09:00:00,0.00788,0.0079,0.00788,0.00789,653541.0
2023-09-18 09:15:00,0.00789,0.00795,0.00789,0.00791,1419070.0
2023-09-18 09:30:00,0.00791,0.00798,0.00791,0.00798,3137670.0
2023-09-18 09:45:00,0.00798,0.00804,0.00796,0.00802,3566039.0
2023-09-18 10:00:00,0.00803,0.0081,0.00802,0.00805,4308184.0
2023-09-18 10:15:00,0.00805,0.0081,0.00804,0.00805,5194935.0
2023-09-18 10:30:00,0.00805,0.0081,0.00805,0.00807,1354257.0
2023-09-18 10:45:00,0.00808,0.00811,0.00806,0.00811,3505055.0
2023-09-18 11:00:00,0.00811,0.00814,0.00808,0.00808,970104.0
2023-09-18 11:15:00,0.00808,0.00812,0.00808,0.00812,1312574.0
2023-09-18 11:30:00,0.00811,0.00816,0.0081,0.00813,1911924.0
2023-09-18 11:45:00,0.00813,0.00813,0.0081,0.00812,1705079.0
2023-09-18 12:00:00,0.00812,0.00815,0.00805,0.00809,4196618.0
2023-09-18 12:15:00,0.00808,0.00814,0.00807,0.00813,1721505.0
2023-09-18 12:30:00,0.00812,0.00817,0.00812,0.00816,1100509.0
2023-09-18 12:45:00,0.00817,0.0082,0.00816,0.00818,1006652.0
2023-09-18 13:00:00,0.00818,0.00818,0.00809,0.0081,2061279.0
2023-09-18 13:15:00,0.0081,0.00811,0.00808,0.00808,2147441.0
2023-09-18 13:30:00,0.00808,0.00811,0.00806,0.00806,946345.0
2023-09-18 13:45:00,0.00806,0.00809,0.00805,0.00808,1486963.0
2023-09-18 14:00:00,0.00808,0.00811,0.00805,0.00807,842470.0
2023-09-18 14:15:00,0.00806,0.00809,0.00806,0.00808,580400.0
2023-09-18 14:30:00,0.00809,0.00809,0.00806,0.00808,137099.0
2023-09-18 14:45:00,0.00808,0.00809,0.00804,0.00806,823269.0
2023-09-18 15:00:00,0.00805,0.00806,0.00803,0.00803,1014488.0
2023-09-18 15:15:00,0.00803,0.00805,0.00803,0.00805,115542.0
2023-09-18 15:30:00,0.00804,0.00806,0.00802,0.00804,880983.0
2023-09-18 15:45:00,0.00805,0.00806,0.00801,0.00802,1129162.0
2023-09-18 16:00:00,0.00802,0.00802,0.00795,0.00798,2494764.0
2023-09-18 16:15:00,0.00797,0.00797,0.00794,0.00795,1279084.0
2023-09-18 16:30:00,0.00796,0.00802,0.00796,0.00801,589828.0
2023-09-18 16:45:00,0.00801,0.00803,0.008,0.00801,1188936.0
2023-09-18 17:00:00,0.00801,0.00802,0.00798,0.008,1028509.0
2023-09-18 17:15:00,0.008,0.008,0.00792,0.00794,4237563.0
2023-09-18 17:30:00,0.00795,0.00795,0.00787,0.00794,3387993.0
2023-09-18 17:45:00,0.00793,0.00793,0.00791,0.00792,1242895.0
2023-09-18 18:00:00,0.00791,0.00791,0.00789,0.00791,717042.0
2023-09-18 18:15:00,0.00791,0.00793,0.00788,0.00788,666676.0
2023-09-18 18:30:00,0.00788,0.00788,0.00786,0.00787,438960.0
2023-09-18 18:45:00,0.00788,0.0079,0.00788,0.00788,334709.0
2023-09-18 19:00:00,0.00788,0.00792,0.00788,0.00791,780597.0
2023-09-18 19:15:00,0.00791,0.00793,0.0079,0.00793,539953.0
2023-09-18 19:30:00,0.00792,0.00797,0.00792,0.00797,921439.0
2023-09-18 19:45:00,0.00797,0.00798,0.00794,0.00795,1525964.0
2023-09-18 20:00:00,0.00795,0.00795,0.00793,0.00794,216299.0
2023-09-18 20:15:00,0.00794,0.00796,0.00794,0.00795,1170901.0
2023-09-18 20:30:00,0.00794,0.00797,0.00793,0.00797,407797.0
2023-09-18 20:45:00,0.00798,0.00798,0.00795,0.00796,236133.0
2023-09-18 21:00:00,0.00796,0.00796,0.00794,0.00796,220279.0
2023-09-18 21:15:00,0.00797,0.00798,0.00796,0.00798,305170.0
2023-09-18 21:30:00,0.00798,0.00799,0.00796,0.00799,655980.0
2023-09-18 21:45:00,0.00799,0.00802,0.00798,0.00802,527195.0
2023-09-18 22:00:00,0.00801,0.00804,0.008,0.00804,542839.0
2023-09-18 22:15:00,0.00804,0.00805,0.00804,0.00805,1473845.0
2023-09-18 22:30:00,0.00805,0.00805,0.00802,0.00804,266783.0
2023-09-18 22:45:00,0.00806,0.00807,0.00805,0.00807,614902.0
2023-09-18 23:00:00,0.00806,0.00806,0.00801,0.00802,2981205.0
2023-09-18 23:15:00,0.00802,0.00802,0.00797,0.00798,1400606.0
2023-09-18 23:30:00,0.00797,0.00797,0.00792,0.00796,2256650.0
2023-09-18 23:45:00,0.00796,0.00802,0.00794,0.008,9318307.0
2023-09-19 00:00:00,0.00799,0.00802,0.00797,0.00801,1521867.0
2023-09-19 00:15:00,0.00801,0.00803,0.00798,0.00803,996231.0
2023-09-19 00:30:00,0.00803,0.00803,0.00796,0.00799,834865.0
2023-09-19 00:45:00,0.00798,0.008,0.00797,0.00798,463425.0
2023-09-19 01:00:00,0.00798,0.00806,0.00798,0.00804,3429510.0
2023-09-19 01:15:00,0.00804,0.00806,0.00804,0.00806,515374.0
2023-09-19 01:30:00,0.00806,0.00809,0.00806,0.00806,1026162.0
2023-09-19 01:45:00,0.00806,0.00806,0.00805,0.00806,504593.0
2023-09-19 02:00:00,0.00806,0.00814,0.00806,0.00811,2419199.0
2023-09-19 02:15:00,0.00811,0.00816,0.0081,0.00816,2850765.0
2023-09-19 02:30:00,0.00816,0.00824,0.00816,0.00823,5350081.0
2023-09-19 02:45:00,0.00823,0.00827,0.00821,0.00824,4782330.0
2023-09-19 03:00:00,0.00824,0.00824,0.00816,0.0082,2302688.0
2023-09-19 03:15:00,0.0082,0.00821,0.00817,0.0082,1409468.0
2023-09-19 03:30:00,0.0082,0.00821,0.00815,0.00816,2503323.0
2023-09-19 03:45:00,0.00816,0.0082,0.00816,0.0082,859491.0
2023-09-19 04:00:00,0.0082,0.00825,0.00816,0.00825,1340970.0
2023-09-19 04:15:00,0.00824,0.0083,0.0082,0.0083,1560021.0
2023-09-19 04:30:00,0.0083,0.00843,0.0083,0.00836,12841534.0
2023-09-19 04:45:00,0.00836,0.00842,0.00836,0.00836,3494608.0
2023-09-19 05:00:00,0.00836,0.00839,0.00832,0.00835,1255166.0
2023-09-19 05:15:00,0.00836,0.00839,0.00832,0.00835,1076892.0
2023-09-19 05:30:00,0.00835,0.00836,0.00827,0.00828,1537635.0
2023-09-19 05:45:00,0.00829,0.00836,0.00829,0.00832,3465685.0
2023-09-19 06:00:00,0.00832,0.00838,0.00829,0.00838,2631238.0
2023-09-19 06:15:00,0.00839,0.00845,0.00836,0.00842,2963118.0
2023-09-19 06:30:00,0.00841,0.00843,0.00837,0.00839,1324570.0
2023-09-19 06:45:00,0.00838,0.00842,0.00838,0.00841,1048694.0
2023-09-19 07:00:00,0.00841,0.00841,0.00835,0.00836,1988071.0
2023-09-19 07:15:00,0.00835,0.0084,0.00835,0.00839,1997760.0
2023-09-19 07:30:00,0.0084,0.00843,0.00837,0.00837,1589407.0
2023-09-19 07:45:00,0.00838,0.00841,0.00835,0.00839,1620356.0
2023-09-19 08:00:00,0.00839,0.00851,0.00838,0.00848,6470170.0
2023-09-19 08:15:00,0.00848,0.00851,0.00845,0.00849,1593401.0
2023-09-19 08:30:00,0.00849,0.00849,0.00839,0.00839,8254862.0
2023-09-19 08:45:00,0.00839,0.0084,0.00836,0.00839,5275324.0
2023-09-19 09:00:00,0.00838,0.0085,0.00838,0.00847,4053192.0
2023-09-19 09:15:00,0.00847,0.00851,0.00846,0.0085,1463383.0
2023-09-19 09:30:00,0.00851,0.00852,0.00841,0.00843,4540393.0
2023-09-19 09:45:00,0.00843,0.00846,0.00842,0.00845,3232164.0
2023-09-19 10:00:00,0.00846,0.00846,0.0084,0.00841,1759516.0
2023-09-19 10:15:00,0.00841,0.00842,0.00836,0.00837,1948273.0
2023-09-19 10:30:00,0.00838,0.0084,0.00836,0.00837,830386.0
2023-09-19 10:45:00,0.00837,0.00839,0.00835,0.00837,652600.0
2023-09-19 11:00:00,0.00837,0.0084,0.00836,0.00836,1328734.0
2023-09-19 11:15:00,0.00836,0.00839,0.00834,0.00838,1423810.0
2023-09-19 11:30:00,0.00838,0.00839,0.00836,0.00838,1059107.0
2023-09-19 11:45:00,0.00838,0.0084,0.00837,0.0084,999149.0
2023-09-19 12:00:00,0.0084,0.0084,0.00835,0.00836,2031309.0
2023-09-19 12:15:00,0.00836,0.00841,0.00836,0.00839,908557.0
2023-09-19 12:30:00,0.00838,0.00839,0.00833,0.00833,1512812.0
2023-09-19 12:45:00,0.00833,0.00837,0.00832,0.00836,1008759.0
2023-09-19 13:00:00,0.00836,0.00836,0.00826,0.00831,6626123.0
2023-09-19 13:15:00,0.00832,0.00833,0.00831,0.00831,770349.0
2023-09-19 13:30:00,0.00831,0.00835,0.00831,0.00833,1225732.0
2023-09-19 13:45:00,0.00832,0.00833,0.00828,0.00828,976193.0
2023-09-19 14:00:00,0.00828,0.00832,0.00827,0.00832,1416179.0
2023-09-19 14:15:00,0.00833,0.00834,0.00832,0.00832,516648.0
2023-09-19 14:30:00,0.00832,0.00833,0.00831,0.00832,395758.0
2023-09-19 14:45:00,0.00832,0.00835,0.00831,0.00835,525877.0
2023-09-19 15:00:00,0.00835,0.00837,0.00832,0.00837,741397.0
2023-09-19 15:15:00,0.00837,0.00843,0.00837,0.00842,1839801.0
2023-09-19 15:30:00,0.00842,0.00842,0.00837,0.00838,741434.0
2023-09-19 15:45:00,0.00838,0.00843,0.00838,0.00841,952690.0
2023-09-19 16:00:00,0.00841,0.00845,0.0084,0.00844,592480.0
2023-09-19 16:15:00,0.00844,0.00844,0.00839,0.00841,754953.0
2023-09-19 16:30:00,0.00841,0.00841,0.00837,0.0084,828339.0
2023-09-19 16:45:00,0.00839,0.00839,0.00836,0.00837,307062.0
2023-09-19 17:00:00,0.00838,0.00838,0.00833,0.00836,1459192.0
2023-09-19 17:15:00,0.00836,0.00837,0.00835,0.00835,243446.0
2023-09-19 17:30:00,0.00836,0.00838,0.00835,0.00837,757969.0
2023-09-19 17:45:00,0.00836,0.00837,0.00835,0.00835,363858.0
2023-09-19 18:00:00,0.00836,0.00841,0.00836,0.00839,1015958.0
2023-09-19 18:15:00,0.0084,0.00841,0.00838,0.00838,610156.0
2023-09-19 18:30:00,0.00838,0.00839,0.00835,0.00837,343572.0
2023-09-19 18:45:00,0.00837,0.00837,0.00835,0.00836,309989.0
2023-09-19 19:00:00,0.00836,0.00838,0.00835,0.00836,226066.0
2023-09-19 19:15:00,0.00836,0.00838,0.00834,0.00836,958671.0
2023-09-19 19:30:00,0.00837,0.00837,0.00834,0.00834,120655.0
2023-09-19 19:45:00,0.00835,0.00836,0.00834,0.00836,149032.0
2023-09-19 20:00:00,0.00835,0.00837,0.00834,0.00837,485953.0
2023-09-19 20:15:00,0.00837,0.00837,0.00834,0.00837,421127.0
2023-09-19 20:30:00,0.00837,0.00837,0.00835,0.00837,1012653.0
2023-09-19 20:45:00,0.00838,0.00838,0.00836,0.00836,29764.0
2023-09-19 21:00:00,0.00836,0.00837,0.00834,0.00836,602393.0
2023-09-19 21:15:00,0.00835,0.00835,0.00832,0.00834,746286.0
2023-09-19 21:30:00,0.00833,0.00837,0.00833,0.00837,465841.0
2023-09-19 21:45:00,0.00836,0.00842,0.00836,0.00841,802168.0
2023-09-19 22:00:00,0.00841,0.00845,0.0084,0.00843,2223434.0
2023-09-19 22:15:00,0.00844,0.00847,0.00843,0.00847,1259080.0
2023-09-19 22:30:00,0.00846,0.00846,0.00841,0.00843,902770.0
2023-09-19 22:45:00,0.00843,0.00846,0.00839,0.00839,3522766.0
2023-09-19 23:00:00,0.0084,0.00847,0.00839,0.00846,1846406.0
2023-09-19 23:15:00,0.00847,0.00849,0.00847,0.00847,806728.0
2023-09-19 23:30:00,0.00847,0.0085,0.00844,0.00849,2041365.0
2023-09-19 23:45:00,0.00849,0.00852,0.00848,0.00852,1781669.0
2023-09-20 00:00:00,0.00851,0.00851,0.00841,0.00842,1679666.0
2023-09-20 00:15:00,0.00841,0.00841,0.00834,0.00834,1901101.0
2023-09-20 00:30:00,0.00834,0.00837,0.00831,0.00836,2605572.0
2023-09-20 00:45:00,0.00836,0.00838,0.00834,0.00838,3109197.0
2023-09-20 01:00:00,0.00838,0.00841,0.00837,0.00841,1493671.0
2023-09-20 01:15:00,0.0084,0.00843,0.00839,0.00842,2378987.0
2023-09-20 01:30:00,0.00842,0.00844,0.00839,0.00844,766035.0
2023-09-20 01:45:00,0.00844,0.00845,0.00842,0.00845,739386.0
2023-09-20 02:00:00,0.00845,0.0085,0.00845,0.00847,4333725.0
2023-09-20 02:15:00,0.00848,0.0085,0.00846,0.00846,2684266.0
2023-09-20 02:30:00,0.00846,0.00846,0.00836,0.00839,2195097.0
2023-09-20 02:45:00,0.00839,0.00842,0.00839,0.00841,756233.0
2023-09-20 03:00:00,0.00841,0.00843,0.0084,0.00841,546304.0
2023-09-20 03:15:00,0.00841,0.00842,0.00836,0.00837,1473213.0
2023-09-20 03:30:00,0.00837,0.00841,0.00836,0.0084,423534.0
2023-09-20 03:45:00,0.0084,0.00841,0.00835,0.00838,1371564.0
2023-09-20 04:00:00,0.00838,0.00845,0.00835,0.00844,1131367.0
2023-09-20 04:15:00,0.00844,0.00846,0.0084,0.00845,3005929.0
2023-09-20 04:30:00,0.00844,0.00847,0.00843,0.00845,560410.0
2023-09-20 04:45:00,0.00846,0.00848,0.00842,0.00842,922125.0
2023-09-20 05:00:00,0.00843,0.00843,0.0084,0.00841,679671.0
2023-09-20 05:15:00,0.0084,0.00842,0.00837,0.00842,574607.0
2023-09-20 05:30:00,0.00841,0.00841,0.0084,0.0084,80295.0
2023-09-20 05:45:00,0.0084,0.00842,0.00837,0.00837,1135563.0
2023-09-20 06:00:00,0.00837,0.00839,0.00834,0.00839,1270437.0
2023-09-20 06:15:00,0.00839,0.0084,0.00837,0.00838,1941576.0
2023-09-20 06:30:00,0.00837,0.00838,0.00835,0.00836,384275.0
2023-09-20 06:45:00,0.00836,0.00836,0.00833,0.00835,1296532.0
2023-09-20 07:00:00,0.00834,0.00836,0.00834,0.00834,596463.0
2023-09-20 07:15:00,0.00834,0.00835,0.00833,0.00833,298570.0
2023-09-20 07:30:00,0.00833,0.00834,0.00831,0.00834,2304694.0
2023-09-20 07:45:00,0.00833,0.00834,0.00832,0.00833,280615.0
2023-09-20 08:00:00,0.00834,0.00836,0.00833,0.00835,510558.0
2023-09-20 08:15:00,0.00834,0.00836,0.00833,0.00834,714622.0
2023-09-20 08:30:00,0.00834,0.00836,0.00834,0.00835,346015.0
2023-09-20 08:45:00,0.00834,0.00837,0.00833,0.00837,803973.0
2023-09-20 09:00:00,0.00837,0.00841,0.00837,0.00838,1431781.0
2023-09-20 09:15:00,0.00837,0.0084,0.00836,0.00839,466607.0
2023-09-20 09:30:00,0.00839,0.00839,0.00836,0.00837,557640.0
2023-09-20 09:45:00,0.00835,0.00835,0.00826,0.00827,3059215.0
2023-09-20 10:00:00,0.00827,0.00827,0.00812,0.00818,6799634.0
2023-09-20 10:15:00,0.00817,0.00819,0.00816,0.00818,2350402.0
2023-09-20 10:30:00,0.00818,0.00829,0.00818,0.00829,4523626.0
2023-09-20 10:45:00,0.0083,0.00832,0.00829,0.0083,778415.0
2023-09-20 11:00:00,0.0083,0.0083,0.00826,0.00826,629805.0
2023-09-20 11:15:00,0.00826,0.00828,0.00825,0.00825,522773.0
2023-09-20 11:30:00,0.00826,0.00826,0.00824,0.00825,582965.0
2023-09-20 11:45:00,0.00825,0.00826,0.00825,0.00826,1148864.0
2023-09-20 12:00:00,0.00827,0.00827,0.00824,0.00824,539393.0
2023-09-20 12:15:00,0.00825,0.00827,0.00824,0.00824,141065.0
2023-09-20 12:30:00,0.00824,0.00825,0.00812,0.00814,5697001.0
2023-09-20 12:45:00,0.00814,0.00816,0.00812,0.00813,1758488.0
2023-09-20 13:00:00,0.00812,0.00821,0.00811,0.00821,2412204.0
2023-09-20 13:15:00,0.00821,0.00822,0.00818,0.00821,1094542.0
2023-09-20 13:30:00,0.00819,0.00819,0.00816,0.00818,831643.0
2023-09-20 13:45:00,0.00819,0.00828,0.00819,0.00825,3108990.0
2023-09-20 14:00:00,0.00825,0.0083,0.00825,0.00828,7993247.0
2023-09-20 14:15:00,0.00827,0.00828,0.00825,0.00826,3218669.0
2023-09-20 14:30:00,0.00827,0.00827,0.00824,0.00825,878576.0
2023-09-20 14:45:00,0.00825,0.00825,0.00822,0.00822,1379925.0
2023-09-20 15:00:00,0.00822,0.00826,0.00821,0.00824,633390.0
2023-09-20 15:15:00,0.00824,0.00824,0.00823,0.00824,63148.0
2023-09-20 15:30:00,0.00824,0.00827,0.00824,0.00826,550432.0
2023-09-20 15:45:00,0.00826,0.00828,0.00826,0.00826,234378.0
2023-09-20 16:00:00,0.00827,0.00827,0.00824,0.00825,418628.0
2023-09-20 16:15:00,0.00825,0.00828,0.00823,0.00823,1930521.0
2023-09-20 16:30:00,0.00823,0.00825,0.00822,0.00824,1024700.0
2023-09-20 16:45:00,0.00824,0.00825,0.00823,0.00823,188753.0
2023-09-20 17:00:00,0.00824,0.00826,0.00823,0.00826,116145.0
2023-09-20 17:15:00,0.00826,0.00827,0.00825,0.00826,279778.0
2023-09-20 17:30:00,0.00827,0.00828,0.00824,0.00825,157619.0
2023-09-20 17:45:00,0.00825,0.00825,0.00823,0.00823,428373.0
2023-09-20 18:00:00,0.00824,0.00826,0.00821,0.00826,1599675.0
2023-09-20 18:15:00,0.00826,0.00827,0.00826,0.00826,199218.0
2023-09-20 18:30:00,0.00827,0.0083,0.00826,0.00827,1279896.0
2023-09-20 18:45:00,0.00829,0.0083,0.00827,0.00828,482471.0
2023-09-20 19:00:00,0.00828,0.00829,0.00825,0.00825,367949.0
2023-09-20 19:15:00,0.00825,0.00825,0.00813,0.00822,4208666.0
2023-09-20 19:30:00,0.00821,0.00822,0.00818,0.00821,1164201.0
2023-09-20 19:45:00,0.0082,0.00823,0.00819,0.00822,948440.0
2023-09-20 20:00:00,0.00822,0.00823,0.00822,0.00823,196178.0
2023-09-20 20:15:00,0.00824,0.00825,0.00822,0.00823,2837795.0
2023-09-20 20:30:00,0.00823,0.00827,0.00823,0.00827,358580.0
2023-09-20 20:45:00,0.00828,0.00828,0.00827,0.00828,333461.0
2023-09-20 21:00:00,0.00828,0.00831,0.00828,0.00829,491456.0
2023-09-20 21:15:00,0.0083,0.00833,0.0083,0.00833,254400.0
2023-09-20 21:30:00,0.00833,0.00836,0.00833,0.00834,1588640.0
2023-09-20 21:45:00,0.00834,0.00834,0.00832,0.00834,598254.0
2023-09-20 22:00:00,0.00834,0.00837,0.00833,0.00837,501253.0
2023-09-20 22:15:00,0.00836,0.00836,0.00833,0.00833,171326.0
2023-09-20 22:30:00,0.00834,0.00837,0.00834,0.00835,242950.0
2023-09-20 22:45:00,0.00835,0.00836,0.00834,0.00835,329014.0
2023-09-20 23:00:00,0.00835,0.00839,0.00834,0.00838,1932375.0
2023-09-20 23:15:00,0.00838,0.0084,0.00838,0.00839,44263.0
2023-09-20 23:30:00,0.00839,0.00839,0.00836,0.00837,195762.0
2023-09-20 23:45:00,0.00836,0.00838,0.00836,0.00837,86218.0
2023-09-21 00:00:00,0.00838,0.00841,0.00836,0.00839,1013741.0
2023-09-21 00:15:00,0.0084,0.00842,0.00838,0.0084,1609028.0
2023-09-21 00:30:00,0.0084,0.00845,0.0084,0.00845,828163.0
2023-09-21 00:45:00,0.00845,0.00848,0.00845,0.00846,746264.0
2023-09-21 01:00:00,0.00847,0.00848,0.00841,0.00842,382225.0
2023-09-21 01:15:00,0.00842,0.00845,0.00839,0.00839,484764.0
2023-09-21 01:30:00,0.00839,0.0084,0.00837,0.00839,550721.0
2023-09-21 01:45:00,0.00839,0.00843,0.00839,0.00842,348575.0
2023-09-21 02:00:00,0.00843,0.00846,0.00843,0.00845,544925.0
2023-09-21 02:15:00,0.00845,0.00846,0.0084,0.00842,682074.0
2023-09-21 02:30:00,0.00842,0.00842,0.00836,0.00839,2978723.0
2023-09-21 02:45:00,0.00839,0.00841,0.00838,0.00838,1725103.0
2023-09-21 03:00:00,0.00839,0.00839,0.00837,0.00837,683125.0
2023-09-21 03:15:00,0.00837,0.00838,0.00836,0.00837,395452.0
2023-09-21 03:30:00,0.00838,0.00838,0.00835,0.00837,414358.0
2023-09-21 03:45:00,0.00837,0.00839,0.00837,0.00839,95059.0
2023-09-21 04:00:00,0.00839,0.00839,0.00837,0.00838,1136065.0
2023-09-21 04:15:00,0.00838,0.00838,0.00837,0.00838,250041.0
2023-09-21 04:30:00,0.00838,0.00843,0.00837,0.00842,1229527.0
2023-09-21 04:45:00,0.00842,0.00844,0.0084,0.00844,1313951.0
2023-09-21 05:00:00,0.00844,0.00844,0.00839,0.00839,583098.0
2023-09-21 05:15:00,0.0084,0.0084,0.00835,0.00836,465278.0
2023-09-21 05:30:00,0.00836,0.00836,0.00833,0.00834,2208677.0
2023-09-21 05:45:00,0.00834,0.00835,0.00832,0.00834,2502009.0
2023-09-21 06:00:00,0.00833,0.00834,0.00827,0.00828,1160380.0
2023-09-21 06:15:00,0.00828,0.00829,0.00823,0.00823,1520414.0
2023-09-21 06:30:00,0.00822,0.00824,0.0082,0.00822,2004936.0
2023-09-21 06:45:00,0.00822,0.00825,0.00822,0.00823,1071673.0
2023-09-21 07:00:00,0.00823,0.00824,0.00821,0.00824,395331.0
2023-09-21 07:15:00,0.00823,0.00824,0.00822,0.00824,264356.0
2023-09-21 07:30:00,0.00824,0.00825,0.00823,0.00825,367197.0
2023-09-21 07:45:00,0.00824,0.00824,0.00821,0.00822,682693.0
2023-09-21 08:00:00,0.00822,0.00826,0.00822,0.00826,439987.0
2023-09-21 08:15:00,0.00825,0.00826,0.0082,0.0082,1011455.0
2023-09-21 08:30:00,0.0082,0.00821,0.00818,0.0082,1159994.0
2023-09-21 08:45:00,0.0082,0.00821,0.00817,0.00817,1162183.0
2023-09-21 09:00:00,0.00817,0.00818,0.00815,0.00817,409419.0
2023-09-21 09:15:00,0.00817,0.00817,0.00808,0.00808,2767887.0
2023-09-21 09:30:00,0.00809,0.00812,0.00807,0.00809,2507651.0
2023-09-21 09:45:00,0.00809,0.0081,0.00806,0.00807,499728.0
2023-09-21 10:00:00,0.00807,0.00809,0.00806,0.00809,2399409.0
2023-09-21 10:15:00,0.00808,0.0081,0.00806,0.00808,1204409.0
2023-09-21 10:30:00,0.00808,0.00809,0.00806,0.00808,602466.0
2023-09-21 10:45:00,0.00809,0.00809,0.00789,0.00793,13595187.0
2023-09-21 11:00:00,0.00793,0.00798,0.00793,0.00796,3311278.0
2023-09-21 11:15:00,0.00796,0.00798,0.00794,0.00795,3002754.0
2023-09-21 11:30:00,0.00794,0.00794,0.00791,0.00792,1657866.0
2023-09-21 11:45:00,0.00792,0.00793,0.00791,0.00792,2081746.0
2023-09-21 12:00:00,0.00793,0.00796,0.00793,0.00795,1901194.0
2023-09-21 12:15:00,0.00795,0.00795,0.00794,0.00794,1178180.0
2023-09-21 12:30:00,0.00794,0.00796,0.0079,0.00793,5240935.0
2023-09-21 12:45:00,0.00793,0.00794,0.00791,0.00794,846023.0
2023-09-21 13:00:00,0.00794,0.00795,0.00793,0.00794,361369.0
2023-09-21 13:15:00,0.00794,0.00794,0.00789,0.0079,2735650.0
2023-09-21 13:30:00,0.0079,0.0079,0.00785,0.00789,6108347.0
2023-09-21 13:45:00,0.00788,0.00795,0.00788,0.00795,5949618.0
2023-09-21 14:00:00,0.00794,0.00796,0.00793,0.00796,1949093.0
2023-09-21 14:15:00,0.00796,0.00798,0.00795,0.00795,7334195.0
2023-09-21 14:30:00,0.00796,0.00799,0.00796,0.00798,1141995.0
2023-09-21 14:45:00,0.00797,0.00798,0.00797,0.00798,289009.0
2023-09-21 15:00:00,0.00798,0.00799,0.00796,0.00798,1036596.0
2023-09-21 15:15:00,0.00798,0.008,0.00797,0.008,509831.0
2023-09-21 15:30:00,0.008,0.008,0.00798,0.00799,220934.0
2023-09-21 15:45:00,0.008,0.00801,0.00799,0.00799,281496.0
2023-09-21 16:00:00,0.00799,0.00799,0.00796,0.00797,932702.0
2023-09-21 16:15:00,0.00798,0.00798,0.00795,0.00796,344937.0
2023-09-21 16:30:00,0.00796,0.00797,0.00794,0.00794,623359.0
2023-09-21 16:45:00,0.00794,0.00795,0.00793,0.00795,332880.0
2023-09-21 17:00:00,0.00795,0.00796,0.00795,0.00796,1116729.0
2023-09-21 17:15:00,0.00797,0.00797,0.00795,0.00796,134134.0
2023-09-21 17:30:00,0.00796,0.00796,0.00794,0.00794,518352.0
2023-09-21 17:45:00,0.00795,0.00795,0.00792,0.00792,553332.0
2023-09-21 18:00:00,0.00793,0.00795,0.00793,0.00793,262152.0
2023-09-21 18:15:00,0.00793,0.00795,0.00793,0.00793,155911.0
2023-09-21 18:30:00,0.00794,0.00795,0.00793,0.00795,287982.0
2023-09-21 18:45:00,0.00794,0.00795,0.00794,0.00795,240532.0
2023-09-21 19:00:00,0.00795,0.00796,0.00792,0.00792,565020.0
2023-09-21 19:15:00,0.00792,0.00795,0.00792,0.00795,309819.0
2023-09-21 19:30:00,0.00795,0.00795,0.00795,0.00795,593243.0
2023-09-21 19:45:00,0.00795,0.00798,0.00795,0.00796,348527.0
2023-09-21 20:00:00,0.00797,0.00798,0.00795,0.00796,615276.0
2023-09-21 20:15:00,0.00797,0.00798,0.00791,0.00792,1302356.0
2023-09-21 20:30:00,0.00792,0.00794,0.00792,0.00793,635454.0
2023-09-21 20:45:00,0.00793,0.00793,0.00792,0.00792,57037.0
2023-09-21 21:00:00,0.00792,0.00793,0.0079,0.00791,238342.0
2023-09-21 21:15:00,0.00791,0.00791,0.00788,0.00789,705821.0
2023-09-21 21:30:00,0.00787,0.00787,0.00783,0.00785,2298842.0
2023-09-21 21:45:00,0.00786,0.00791,0.00786,0.00791,288800.0
2023-09-21 22:00:00,0.0079,0.0079,0.00784,0.00785,4749836.0
2023-09-21 22:15:00,0.00786,0.00787,0.00784,0.00785,192171.0
2023-09-21 22:30:00,0.00784,0.00788,0.00784,0.00788,241119.0
2023-09-21 22:45:00,0.00787,0.00791,0.00787,0.00791,781874.0
2023-09-21 23:00:00,0.0079,0.00791,0.00787,0.00787,557475.0
2023-09-21 23:15:00,0.00787,0.00788,0.00785,0.00786,483600.0
2023-09-21 23:30:00,0.00785,0.00786,0.00783,0.00785,433648.0
2023-09-21 23:45:00,0.00784,0.00786,0.00784,0.00785,390366.0
2023-09-22 00:00:00,0.00785,0.00787,0.00784,0.00784,957021.0
2023-09-22 00:15:00,0.00785,0.00787,0.00778,0.0078,1577755.0
2023-09-22 00:30:00,0.00782,0.00786,0.0078,0.00785,1596548.0
2023-09-22 00:45:00,0.00786,0.00789,0.00784,0.00789,974045.0
2023-09-22 01:00:00,0.00788,0.00788,0.00783,0.00784,436425.0
2023-09-22 01:15:00,0.00784,0.00788,0.00784,0.00788,331450.0
2023-09-22 01:30:00,0.00787,0.00788,0.00785,0.00786,902876.0
2023-09-22 01:45:00,0.00785,0.00786,0.00784,0.00785,334024.0
2023-09-22 02:00:00,0.00786,0.00798,0.00786,0.00794,9054348.0
2023-09-22 02:15:00,0.00793,0.00834,0.00793,0.00818,36708188.0
2023-09-22 02:30:00,0.00818,0.00822,0.00805,0.00813,9932705.0
2023-09-22 02:45:00,0.00813,0.00837,0.00812,0.00829,6710534.0
2023-09-22 03:00:00,0.0083,0.0085,0.00825,0.00836,16857351.0
2023-09-22 03:15:00,0.00836,0.00843,0.00836,0.00839,6901057.0
2023-09-22 03:30:00,0.0084,0.00844,0.00838,0.00843,1397708.0
2023-09-22 03:45:00,0.00844,0.00849,0.0084,0.00846,4695917.0
2023-09-22 04:00:00,0.00846,0.00863,0.00842,0.00852,12362385.0
2023-09-22 04:15:00,0.00852,0.00854,0.00845,0.00845,5984218.0
2023-09-22 04:30:00,0.00846,0.00854,0.00843,0.00844,4330207.0
2023-09-22 04:45:00,0.00843,0.00848,0.00838,0.00846,7850268.0
2023-09-22 05:00:00,0.00845,0.00845,0.00836,0.00839,3323027.0
2023-09-22 05:15:00,0.00839,0.0084,0.00829,0.00831,7788760.0
2023-09-22 05:30:00,0.00831,0.00834,0.00826,0.00826,4761343.0
2023-09-22 05:45:00,0.00827,0.00833,0.00827,0.00832,1492370.0
2023-09-22 06:00:00,0.00831,0.00833,0.00827,0.00828,2374443.0
2023-09-22 06:15:00,0.00829,0.00831,0.00828,0.00831,561815.0
2023-09-22 06:30:00,0.0083,0.0083,0.00826,0.00829,555430.0
2023-09-22 06:45:00,0.00829,0.00829,0.00826,0.00827,1476656.0
2023-09-22 07:00:00,0.00827,0.00828,0.00811,0.00821,14697307.0
2023-09-22 07:15:00,0.00821,0.00825,0.00818,0.00819,2172854.0
2023-09-22 07:30:00,0.00819,0.00832,0.00816,0.00832,6904568.0
2023-09-22 07:45:00,0.00831,0.00834,0.00825,0.00827,7917036.0
2023-09-22 08:00:00,0.00827,0.00836,0.00826,0.00835,6230931.0
2023-09-22 08:15:00,0.00836,0.0084,0.00833,0.00837,4310204.0
2023-09-22 08:30:00,0.00837,0.00847,0.00833,0.00844,8946663.0
2023-09-22 08:45:00,0.00845,0.00846,0.00839,0.0084,2868627.0
2023-09-22 09:00:00,0.0084,0.0084,0.00821,0.00826,15704377.0
2023-09-22 09:15:00,0.00827,0.00829,0.00824,0.00825,5272836.0
2023-09-22 09:30:00,0.00825,0.00844,0.00825,0.00838,9551703.0
2023-09-22 09:45:00,0.00838,0.00839,0.00835,0.00837,2204451.0
2023-09-22 10:00:00,0.00836,0.00839,0.00835,0.00836,463704.0
2023-09-22 10:15:00,0.00835,0.00851,0.00833,0.00851,5052816.0
2023-09-22 10:30:00,0.0085,0.00852,0.00845,0.00847,2106471.0
2023-09-22 10:45:00,0.00847,0.00848,0.00843,0.00847,992147.0
2023-09-22 11:00:00,0.00847,0.00847,0.00841,0.00843,1766383.0
2023-09-22 11:15:00,0.00844,0.00857,0.00843,0.00853,10708267.0
2023-09-22 11:30:00,0.00853,0.00853,0.00847,0.00848,2603327.0
2023-09-22 11:45:00,0.00849,0.0085,0.00845,0.00847,1044390.0
2023-09-22 12:00:00,0.00846,0.00847,0.00842,0.00846,2481362.0
2023-09-22 12:15:00,0.00846,0.00847,0.00844,0.00847,923962.0
2023-09-22 12:30:00,0.00847,0.00847,0.00837,0.00839,4479819.0
2023-09-22 12:45:00,0.00839,0.00845,0.00838,0.00845,2966054.0
2023-09-22 13:00:00,0.00845,0.00845,0.0084,0.00842,869886.0
2023-09-22 13:15:00,0.00842,0.00853,0.00842,0.00852,2638608.0
2023-09-22 13:30:00,0.00852,0.00852,0.00845,0.00846,1742083.0
2023-09-22 13:45:00,0.00848,0.0087,0.00847,0.00869,24396993.0
2023-09-22 14:00:00,0.00869,0.00873,0.00853,0.00856,26435098.0
2023-09-22 14:15:00,0.00857,0.00868,0.00851,0.00866,14809002.0
2023-09-22 14:30:00,0.00865,0.00883,0.00865,0.0087,22548458.0
2023-09-22 14:45:00,0.0087,0.00879,0.00859,0.00874,11292510.0
2023-09-22 15:00:00,0.00875,0.00891,0.00861,0.00886,29537026.0
2023-09-22 15:15:00,0.00886,0.00886,0.00857,0.00858,31998354.0
2023-09-22 15:30:00,0.00858,0.00877,0.00853,0.00872,13214899.0
2023-09-22 15:45:00,0.00874,0.00885,0.0087,0.00878,17143658.0
2023-09-22 16:00:00,0.00878,0.00886,0.00863,0.00883,25811474.0
2023-09-22 16:15:00,0.00883,0.00885,0.00877,0.00881,2886248.0
2023-09-22 16:30:00,0.00881,0.0089,0.00881,0.00885,11478887.0
2023-09-22 16:45:00,0.00885,0.00886,0.00867,0.00879,16443933.0
2023-09-22 17:00:00,0.00879,0.00879,0.0086,0.00877,16059132.0
2023-09-22 17:15:00,0.00877,0.00879,0.00862,0.00875,8070392.0
2023-09-22 17:30:00,0.00874,0.00883,0.00865,0.00872,10049418.0
2023-09-22 17:45:00,0.00871,0.00878,0.00869,0.00874,4059227.0
2023-09-22 18:00:00,0.00873,0.00884,0.00872,0.00877,7069196.0
2023-09-22 18:15:00,0.00877,0.00882,0.00876,0.00876,3954851.0
2023-09-22 18:30:00,0.00876,0.00878,0.00874,0.00876,3549714.0
2023-09-22 18:45:00,0.00876,0.00883,0.0087,0.00875,6214791.0
2023-09-22 19:00:00,0.00875,0.00877,0.00872,0.00872,2886710.0
2023-09-22 19:15:00,0.00872,0.00878,0.00868,0.00872,5895231.0
2023-09-22 19:30:00,0.00871,0.00874,0.00866,0.00869,8001127.0
2023-09-22 19:45:00,0.00868,0.00871,0.00864,0.00868,5506001.0
2023-09-22 20:00:00,0.00868,0.00872,0.00865,0.00872,2346728.0
2023-09-22 20:15:00,0.00872,0.00877,0.00864,0.0087,8780304.0
2023-09-22 20:30:00,0.0087,0.00874,0.0087,0.00872,2603335.0
2023-09-22 20:45:00,0.00872,0.00882,0.00872,0.00875,5977309.0
2023-09-22 21:00:00,0.00875,0.00878,0.00863,0.00872,5663306.0
2023-09-22 21:15:00,0.00872,0.00875,0.00871,0.00872,2128199.0
2023-09-22 21:30:00,0.00873,0.00875,0.00871,0.00871,1147826.0
2023-09-22 21:45:00,0.0087,0.00878,0.0087,0.00877,1783395.0
2023-09-22 22:00:00,0.00877,0.00888,0.00877,0.00885,5406872.0
2023-09-22 22:15:00,0.00885,0.00887,0.00879,0.00886,5526576.0
2023-09-22 22:30:00,0.00887,0.00896,0.00886,0.00893,9573251.0
2023-09-22 22:45:00,0.00893,0.00894,0.00884,0.00887,4358457.0
2023-09-22 23:00:00,0.00886,0.00891,0.00884,0.00887,2428267.0
2023-09-22 23:15:00,0.00888,0.00889,0.00885,0.00885,2021338.0
2023-09-22 23:30:00,0.00886,0.00889,0.00885,0.00886,1874957.0
2023-09-22 23:45:00,0.00884,0.00887,0.00883,0.00884,2144714.0
2023-09-23 00:00:00,0.00885,0.00898,0.00879,0.00897,9461046.0
2023-09-23 00:15:00,0.00897,0.00911,0.00892,0.00898,24807721.0
2023-09-23 00:30:00,0.00898,0.00898,0.00889,0.00891,4565479.0
2023-09-23 00:45:00,0.00891,0.00897,0.0089,0.00892,2189123.0
2023-09-23 01:00:00,0.00893,0.00894,0.00883,0.00887,4762687.0
2023-09-23 01:15:00,0.00888,0.00896,0.00886,0.00896,3322075.0
2023-09-23 01:30:00,0.00897,0.00904,0.00895,0.00902,5903118.0
2023-09-23 01:45:00,0.00902,0.00902,0.00894,0.00896,4121050.0
2023-09-23 02:00:00,0.00895,0.00906,0.00887,0.00899,9313041.0
2023-09-23 02:15:00,0.00899,0.00899,0.00891,0.00893,4748255.0
2023-09-23 02:30:00,0.00893,0.00898,0.00889,0.00891,3505306.0
2023-09-23 02:45:00,0.00891,0.00893,0.00877,0.00879,5374822.0
2023-09-23 03:00:00,0.0088,0.00881,0.00873,0.00876,5142773.0
2023-09-23 03:15:00,0.00876,0.00882,0.00872,0.00882,2294825.0
2023-09-23 03:30:00,0.00882,0.00882,0.00875,0.00878,2592670.0
2023-09-23 03:45:00,0.00877,0.00879,0.0087,0.00872,3010368.0
2023-09-23 04:00:00,0.00872,0.00874,0.00866,0.00869,2840698.0
2023-09-23 04:15:00,0.00869,0.00874,0.00867,0.00874,1631059.0
2023-09-23 04:30:00,0.00875,0.00876,0.00872,0.00874,1133501.0
2023-09-23 04:45:00,0.00874,0.00875,0.00872,0.00874,1575007.0
2023-09-23 05:00:00,0.00874,0.00876,0.00872,0.00876,552300.0
2023-09-23 05:15:00,0.00875,0.00876,0.00872,0.00876,2233480.0
2023-09-23 05:30:00,0.00876,0.00878,0.0087,0.0087,2469065.0
2023-09-23 05:45:00,0.00871,0.00871,0.00857,0.0086,6362288.0
2023-09-23 06:00:00,0.0086,0.00867,0.0086,0.00865,2467096.0
2023-09-23 06:15:00,0.00865,0.00868,0.00864,0.00868,973340.0
2023-09-23 06:30:00,0.00867,0.0087,0.00863,0.00866,3302051.0
2023-09-23 06:45:00,0.00866,0.00867,0.00864,0.00865,971016.0
2023-09-23 07:00:00,0.00864,0.00864,0.00861,0.00862,1635312.0
2023-09-23 07:15:00,0.00861,0.00863,0.00859,0.0086,1645857.0
2023-09-23 07:30:00,0.0086,0.00862,0.00859,0.00859,3828855.0
2023-09-23 07:45:00,0.00859,0.00859,0.00856,0.00857,2854727.0
2023-09-23 08:00:00,0.00857,0.00863,0.00856,0.00858,2581890.0
2023-09-23 08:15:00,0.00858,0.00859,0.00856,0.00856,1688274.0
2023-09-23 08:30:00,0.00857,0.00858,0.00854,0.00858,3468248.0
2023-09-23 08:45:00,0.00858,0.00858,0.00855,0.00858,1876507.0
2023-09-23 09:00:00,0.00859,0.00865,0.00859,0.00861,2123916.0
2023-09-23 09:15:00,0.0086,0.00865,0.00858,0.00861,3697417.0
2023-09-23 09:30:00,0.00861,0.00862,0.00858,0.00862,1778208.0
2023-09-23 09:45:00,0.00863,0.00865,0.00861,0.00865,1473707.0
2023-09-23 10:00:00,0.00866,0.00868,0.00861,0.00862,2847581.0
2023-09-23 10:15:00,0.00863,0.00865,0.00859,0.0086,944767.0
2023-09-23 10:30:00,0.0086,0.00863,0.0086,0.00863,898127.0
2023-09-23 10:45:00,0.00863,0.00865,0.0086,0.00862,2170708.0
2023-09-23 11:00:00,0.00862,0.00863,0.00859,0.0086,1306039.0
2023-09-23 11:15:00,0.00861,0.00861,0.00857,0.0086,621688.0
2023-09-23 11:30:00,0.0086,0.00863,0.00859,0.0086,1495955.0
2023-09-23 11:45:00,0.0086,0.00867,0.00858,0.00865,6377542.0
2023-09-23 12:00:00,0.00865,0.00868,0.0086,0.00861,8024931.0
2023-09-23 12:15:00,0.00861,0.00862,0.0086,0.00862,1042859.0
2023-09-23 12:30:00,0.00862,0.00862,0.0086,0.00861,352413.0
2023-09-23 12:45:00,0.00861,0.00862,0.00858,0.0086,1166818.0
2023-09-23 13:00:00,0.0086,0.00862,0.00858,0.00859,1303863.0
2023-09-23 13:15:00,0.00859,0.0086,0.00857,0.00859,606192.0
2023-09-23 13:30:00,0.00858,0.0086,0.00858,0.00859,562918.0
2023-09-23 13:45:00,0.00858,0.00858,0.00855,0.00855,4129055.0
2023-09-23 14:00:00,0.00855,0.00856,0.00853,0.00853,6043620.0
2023-09-23 14:15:00,0.00853,0.00858,0.00853,0.00857,2914876.0
2023-09-23 14:30:00,0.00857,0.00857,0.00853,0.00853,3553777.0
2023-09-23 14:45:00,0.00852,0.00854,0.00848,0.00851,5907883.0
2023-09-23 15:00:00,0.00852,0.00853,0.00818,0.00825,40228324.0
2023-09-23 15:15:00,0.00825,0.00828,0.00817,0.00818,8491485.0
2023-09-23 15:30:00,0.00819,0.00822,0.00812,0.00813,5092753.0
2023-09-23 15:45:00,0.00813,0.00817,0.00812,0.00816,3030534.0
2023-09-23 16:00:00,0.00816,0.00816,0.00799,0.00803,13266621.0
2023-09-23 16:15:00,0.00803,0.00807,0.00801,0.00805,10827647.0
2023-09-23 16:30:00,0.00804,0.00807,0.00803,0.00806,1861670.0
2023-09-23 16:45:00,0.00807,0.00809,0.00806,0.00808,2475646.0
2023-09-23 17:00:00,0.00808,0.0081,0.00804,0.00804,2556135.0
2023-09-23 17:15:00,0.00805,0.00807,0.00803,0.00806,910589.0
2023-09-23 17:30:00,0.00805,0.00807,0.00804,0.00805,961531.0
2023-09-23 17:45:00,0.00805,0.00806,0.00804,0.00805,1171114.0
2023-09-23 18:00:00,0.00805,0.00814,0.00804,0.00812,4751199.0
2023-09-23 18:15:00,0.00812,0.00813,0.00809,0.00811,1331438.0
2023-09-23 18:30:00,0.00811,0.00813,0.0081,0.00813,1281266.0
2023-09-23 18:45:00,0.00813,0.00817,0.00812,0.00814,2340293.0
2023-09-23 19:00:00,0.00814,0.00816,0.00813,0.00815,1062092.0
2023-09-23 19:15:00,0.00815,0.00818,0.00815,0.00816,1184822.0
2023-09-23 19:30:00,0.00817,0.00819,0.00816,0.00818,1396242.0
2023-09-23 19:45:00,0.00818,0.0082,0.00818,0.0082,790189.0
2023-09-23 20:00:00,0.00819,0.00822,0.00819,0.00821,1397663.0
2023-09-23 20:15:00,0.00821,0.00822,0.0081,0.00815,14271222.0
2023-09-23 20:30:00,0.00815,0.00816,0.00814,0.00815,833356.0
2023-09-23 20:45:00,0.00815,0.00816,0.00814,0.00816,320222.0
2023-09-23 21:00:00,0.00815,0.00816,0.00814,0.00815,404846.0
2023-09-23 21:15:00,0.00815,0.00817,0.00815,0.00817,518451.0
2023-09-23 21:30:00,0.00817,0.00817,0.00814,0.00815,840347.0
2023-09-23 21:45:00,0.00815,0.00817,0.00813,0.00815,2326924.0
2023-09-23 22:00:00,0.00815,0.00817,0.00814,0.00816,677232.0
2023-09-23 22:15:00,0.00817,0.00818,0.00816,0.00816,261853.0
2023-09-23 22:30:00,0.00815,0.00815,0.00809,0.00814,5342799.0
2023-09-23 22:45:00,0.00814,0.00819,0.00813,0.00816,6581495.0
2023-09-23 23:00:00,0.00816,0.00822,0.00815,0.00822,4078706.0
2023-09-23 23:15:00,0.00822,0.00823,0.00821,0.00823,1452987.0
2023-09-23 23:30:00,0.00823,0.00823,0.00815,0.00819,8429873.0
2023-09-23 23:45:00,0.00821,0.00823,0.00819,0.00822,971582.0
2023-09-24 00:00:00,0.00822,0.00823,0.00819,0.00822,2118587.0
2023-09-24 00:15:00,0.00822,0.00824,0.0082,0.00821,889625.0
2023-09-24 00:30:00,0.0082,0.00822,0.00812,0.00815,3150860.0
2023-09-24 00:45:00,0.00815,0.00819,0.00811,0.00817,3833430.0
2023-09-24 01:00:00,0.00816,0.00816,0.0081,0.00811,1625012.0
2023-09-24 01:15:00,0.0081,0.00814,0.0081,0.00813,1927262.0
2023-09-24 01:30:00,0.00813,0.00814,0.00811,0.00813,1057882.0
2023-09-24 01:45:00,0.00814,0.00815,0.0081,0.0081,624024.0
2023-09-24 02:00:00,0.00811,0.00812,0.00803,0.00805,2786444.0
2023-09-24 02:15:00,0.00804,0.00806,0.00802,0.00804,3047658.0
2023-09-24 02:30:00,0.00804,0.00806,0.00803,0.00804,898195.0
2023-09-24 02:45:00,0.00805,0.00805,0.00803,0.00804,369752.0
2023-09-24 03:00:00,0.00803,0.00812,0.00803,0.00807,2596567.0
2023-09-24 03:15:00,0.00806,0.00813,0.00804,0.00811,8958064.0
2023-09-24 03:30:00,0.00811,0.00813,0.00807,0.00807,4719624.0
2023-09-24 03:45:00,0.00807,0.00808,0.00804,0.00806,804287.0
2023-09-24 04:00:00,0.00805,0.00806,0.00803,0.00804,1236598.0
2023-09-24 04:15:00,0.00804,0.00804,0.008,0.00801,1149996.0
2023-09-24 04:30:00,0.00801,0.00802,0.00795,0.00797,6534758.0
2023-09-24 04:45:00,0.00797,0.00801,0.00797,0.00801,831651.0
2023-09-24 05:00:00,0.00801,0.00808,0.00798,0.00808,6632184.0
2023-09-24 05:15:00,0.00807,0.00807,0.00804,0.00807,991165.0
2023-09-24 05:30:00,0.00807,0.00808,0.00804,0.00807,2034920.0
2023-09-24 05:45:00,0.00807,0.0081,0.00807,0.0081,946461.0
2023-09-24 06:00:00,0.0081,0.0081,0.00808,0.00809,712264.0
2023-09-24 06:15:00,0.00808,0.0081,0.00808,0.0081,358552.0
2023-09-24 06:30:00,0.00809,0.00812,0.00808,0.00812,2532268.0
2023-09-24 06:45:00,0.00812,0.00812,0.00809,0.00809,929139.0
2023-09-24 07:00:00,0.00809,0.00812,0.00809,0.00811,364452.0
2023-09-24 07:15:00,0.00811,0.00812,0.0081,0.00811,1020732.0
2023-09-24 07:30:00,0.0081,0.00812,0.00809,0.00809,2433458.0
2023-09-24 07:45:00,0.0081,0.00812,0.00809,0.0081,1126203.0
2023-09-24 08:00:00,0.00811,0.00814,0.00811,0.00812,1021091.0
2023-09-24 08:15:00,0.00812,0.00814,0.00811,0.00814,657059.0
2023-09-24 08:30:00,0.00814,0.00816,0.00811,0.00811,1902163.0
2023-09-24 08:45:00,0.00812,0.00817,0.00812,0.00816,1803611.0
2023-09-24 09:00:00,0.00816,0.00819,0.00816,0.00819,2957220.0
2023-09-24 09:15:00,0.00819,0.0082,0.00818,0.00818,325319.0
2023-09-24 09:30:00,0.00819,0.0082,0.00817,0.00817,1941001.0
2023-09-24 09:45:00,0.00818,0.00821,0.00818,0.00819,2748625.0
2023-09-24 10:00:00,0.00819,0.00823,0.00819,0.00821,988259.0
2023-09-24 10:15:00,0.00821,0.00822,0.00818,0.0082,1460464.0
2023-09-24 10:30:00,0.0082,0.00824,0.00819,0.00821,2194687.0
2023-09-24 10:45:00,0.00822,0.00824,0.0082,0.00822,270518.0
2023-09-24 11:00:00,0.00822,0.00828,0.00821,0.00826,3186053.0
2023-09-24 11:15:00,0.00826,0.00827,0.00825,0.00826,197100.0
2023-09-24 11:30:00,0.00826,0.0083,0.00824,0.00825,2941816.0
2023-09-24 11:45:00,0.00824,0.00829,0.00824,0.00829,741833.0
2023-09-24 12:00:00,0.00829,0.0083,0.00824,0.00827,1834748.0
2023-09-24 12:15:00,0.00827,0.00828,0.00825,0.00827,865824.0
2023-09-24 12:30:00,0.00825,0.00829,0.00824,0.00827,857312.0
2023-09-24 12:45:00,0.00828,0.00829,0.00826,0.00828,1900090.0
2023-09-24 13:00:00,0.00829,0.0083,0.00828,0.0083,1744351.0
2023-09-24 13:15:00,0.0083,0.00834,0.0083,0.00833,1197059.0
2023-09-24 13:30:00,0.00833,0.00837,0.00831,0.00834,2340305.0
2023-09-24 13:45:00,0.00835,0.00838,0.00833,0.00835,1564215.0
2023-09-24 14:00:00,0.00835,0.00837,0.00832,0.00835,905364.0
2023-09-24 14:15:00,0.00835,0.00836,0.00833,0.00834,1829169.0
2023-09-24 14:30:00,0.00834,0.00838,0.00834,0.00836,1476467.0
2023-09-24 14:45:00,0.00837,0.00839,0.00837,0.00839,955869.0
2023-09-24 15:00:00,0.00839,0.00843,0.00838,0.00842,3238325.0
2023-09-24 15:15:00,0.00842,0.00849,0.00837,0.00846,10741372.0
2023-09-24 15:30:00,0.00846,0.00847,0.00839,0.00841,3976215.0
2023-09-24 15:45:00,0.00841,0.00842,0.00839,0.00842,2239404.0
2023-09-24 16:00:00,0.00842,0.00853,0.00841,0.0085,12523294.0
2023-09-24 16:15:00,0.0085,0.00858,0.00848,0.00852,5718440.0
2023-09-24 16:30:00,0.00853,0.00857,0.00846,0.00847,12533321.0
2023-09-24 16:45:00,0.00847,0.00851,0.00847,0.00849,3322020.0
2023-09-24 17:00:00,0.00849,0.0086,0.00846,0.00857,25784419.0
2023-09-24 17:15:00,0.00857,0.00862,0.00853,0.00854,11310307.0
2023-09-24 17:30:00,0.00854,0.00857,0.00853,0.00854,1799584.0
2023-09-24 17:45:00,0.00855,0.0088,0.00854,0.00874,24023200.0
2023-09-24 18:00:00,0.00874,0.00887,0.00863,0.00865,40723485.0
2023-09-24 18:15:00,0.00865,0.00872,0.00861,0.00867,8499207.0
2023-09-24 18:30:00,0.00867,0.00899,0.00858,0.0089,42497672.0
2023-09-24 18:45:00,0.00891,0.00901,0.00881,0.00885,33922731.0
2023-09-24 19:00:00,0.00885,0.00896,0.00882,0.0089,17096766.0
2023-09-24 19:15:00,0.00891,0.00893,0.00873,0.00877,23151904.0
2023-09-24 19:30:00,0.00877,0.00879,0.0087,0.00873,11453395.0
2023-09-24 19:45:00,0.00873,0.00882,0.00872,0.0088,9351284.0
2023-09-24 20:00:00,0.00881,0.00886,0.00876,0.00879,14142097.0
2023-09-24 20:15:00,0.00878,0.00884,0.00872,0.00878,22368459.0
2023-09-24 20:30:00,0.00878,0.00892,0.00877,0.00881,30802563.0
2023-09-24 20:45:00,0.00882,0.00883,0.00872,0.00874,11580010.0
2023-09-24 21:00:00,0.00875,0.00876,0.0087,0.00872,4268514.0
2023-09-24 21:15:00,0.00872,0.00882,0.0087,0.0088,3939490.0
2023-09-24 21:30:00,0.00879,0.0088,0.00876,0.00878,3154646.0
2023-09-24 21:45:00,0.00878,0.00879,0.00872,0.00877,3570611.0
2023-09-24 22:00:00,0.00878,0.00882,0.00876,0.00881,2251376.0
2023-09-24 22:15:00,0.00882,0.0089,0.00881,0.00884,10049044.0
2023-09-24 22:30:00,0.00883,0.00889,0.00882,0.00889,2944911.0
2023-09-24 22:45:00,0.00888,0.0089,0.00885,0.00885,3610627.0
2023-09-24 23:00:00,0.00885,0.00885,0.00876,0.00877,4206522.0
2023-09-24 23:15:00,0.00877,0.00882,0.00871,0.00875,6975959.0
2023-09-24 23:30:00,0.00876,0.00878,0.00871,0.00874,6870851.0
2023-09-24 23:45:00,0.00874,0.00879,0.00872,0.00877,1688048.0
2023-09-25 00:00:00,0.00877,0.00878,0.00862,0.00871,14195284.0
2023-09-25 00:15:00,0.00872,0.0088,0.00864,0.00879,9049496.0
2023-09-25 00:30:00,0.00879,0.0088,0.00871,0.00878,3758640.0
2023-09-25 00:45:00,0.00878,0.00895,0.00877,0.0089,12542390.0
2023-09-25 01:00:00,0.00889,0.00909,0.00885,0.009,21709991.0
2023-09-25 01:15:00,0.009,0.00911,0.00895,0.00896,13415075.0
2023-09-25 01:30:00,0.00896,0.00897,0.00885,0.00895,13635071.0
2023-09-25 01:45:00,0.00895,0.00895,0.00882,0.00882,8131435.0
2023-09-25 02:00:00,0.00882,0.00895,0.00881,0.00893,4737926.0
2023-09-25 02:15:00,0.00893,0.00896,0.00885,0.00888,5192847.0
2023-09-25 02:30:00,0.00888,0.00891,0.00885,0.0089,2410015.0
2023-09-25 02:45:00,0.00891,0.009,0.0089,0.00898,9871380.0
2023-09-25 03:00:00,0.00897,0.00906,0.00895,0.00898,19463083.0
2023-09-25 03:15:00,0.00899,0.00911,0.00895,0.009,13307790.0
2023-09-25 03:30:00,0.009,0.00904,0.00895,0.00897,12839843.0
2023-09-25 03:45:00,0.00897,0.00904,0.00889,0.00897,18327927.0
2023-09-25 04:00:00,0.00896,0.00898,0.00889,0.00898,12047489.0
2023-09-25 04:15:00,0.00899,0.00899,0.00894,0.00896,3869608.0
2023-09-25 04:30:00,0.00895,0.00895,0.00886,0.00887,8853584.0
2023-09-25 04:45:00,0.00887,0.00893,0.00885,0.00888,10639078.0
2023-09-25 05:00:00,0.00888,0.00892,0.00885,0.00887,6663318.0
2023-09-25 05:15:00,0.00887,0.00888,0.00875,0.00877,11920234.0
2023-09-25 05:30:00,0.00877,0.00878,0.0087,0.00871,7864348.0
2023-09-25 05:45:00,0.00871,0.00877,0.0087,0.00876,10511601.0
2023-09-25 06:00:00,0.00876,0.00879,0.00866,0.00868,14303266.0
2023-09-25 06:15:00,0.00868,0.00873,0.00867,0.00872,2624195.0
2023-09-25 06:30:00,0.00873,0.00879,0.00873,0.00877,2791196.0
2023-09-25 06:45:00,0.00876,0.009,0.00874,0.00894,35939390.0
2023-09-25 07:00:00,0.00894,0.00895,0.00881,0.00882,13534493.0
2023-09-25 07:15:00,0.00881,0.00887,0.00881,0.00884,9944151.0
2023-09-25 07:30:00,0.00884,0.00891,0.00884,0.00891,1775432.0
2023-09-25 07:45:00,0.00891,0.00894,0.00886,0.00888,8411966.0
2023-09-25 08:00:00,0.00887,0.00893,0.00887,0.0089,6687894.0
2023-09-25 08:15:00,0.0089,0.0089,0.00883,0.00886,4065347.0
2023-09-25 08:30:00,0.00886,0.00888,0.00881,0.00883,4226298.0
2023-09-25 08:45:00,0.00883,0.00888,0.00879,0.00884,5966364.0
2023-09-25 09:00:00,0.00884,0.00886,0.00878,0.00882,7555431.0
2023-09-25 09:15:00,0.00883,0.00883,0.00876,0.0088,5787568.0
2023-09-25 09:30:00,0.0088,0.00883,0.00879,0.0088,1991787.0
2023-09-25 09:45:00,0.00881,0.00894,0.00879,0.00885,10591301.0
2023-09-25 10:00:00,0.00885,0.00899,0.00883,0.00893,13551993.0
2023-09-25 10:15:00,0.00892,0.0091,0.0089,0.009,27971460.0
2023-09-25 10:30:00,0.009,0.00902,0.00894,0.00896,13642930.0
2023-09-25 10:45:00,0.00896,0.009,0.00889,0.00891,16425576.0
2023-09-25 11:00:00,0.00891,0.00899,0.0089,0.00893,6114779.0
2023-09-25 11:15:00,0.00894,0.00899,0.00893,0.00896,6335529.0
2023-09-25 11:30:00,0.00896,0.009,0.00888,0.00896,9654868.0
2023-09-25 11:45:00,0.00896,0.00901,0.00894,0.009,4323790.0
2023-09-25 12:00:00,0.00899,0.00919,0.00899,0.00912,60934426.0
2023-09-25 12:15:00,0.00912,0.00915,0.00906,0.00911,21190247.0
2023-09-25 12:30:00,0.00911,0.00914,0.00898,0.00903,27225911.0
2023-09-25 12:45:00,0.00904,0.00909,0.00903,0.00907,8655579.0
2023-09-25 13:00:00,0.00908,0.00909,0.00894,0.00903,15801147.0
2023-09-25 13:15:00,0.00903,0.00903,0.00896,0.00899,7690950.0
2023-09-25 13:30:00,0.00898,0.00906,0.00896,0.00901,9910629.0
2023-09-25 13:45:00,0.00902,0.00907,0.009,0.00905,4408134.0
2023-09-25 14:00:00,0.00906,0.0092,0.00906,0.00915,22515001.0
2023-09-25 14:15:00,0.00915,0.00918,0.00903,0.00909,17885156.0
2023-09-25 14:30:00,0.00908,0.00917,0.00908,0.00914,12305745.0
2023-09-25 14:45:00,0.00914,0.00916,0.00905,0.00909,20919072.0
2023-09-25 15:00:00,0.00909,0.00916,0.00907,0.00912,13352155.0
2023-09-25 15:15:00,0.00913,0.00929,0.0091,0.00919,31756236.0
2023-09-25 15:30:00,0.0092,0.00922,0.00907,0.00911,19757601.0
2023-09-25 15:45:00,0.00911,0.00912,0.00903,0.00909,8732450.0
2023-09-25 16:00:00,0.00909,0.00915,0.00906,0.00908,8890984.0
2023-09-25 16:15:00,0.00908,0.00911,0.00904,0.00907,6061070.0
2023-09-25 16:30:00,0.00907,0.00913,0.00907,0.00909,7048874.0
2023-09-25 16:45:00,0.00909,0.00925,0.00909,0.00922,12177338.0
2023-09-25 17:00:00,0.00921,0.00928,0.00916,0.00928,15571080.0
2023-09-25 17:15:00,0.00928,0.00931,0.0092,0.00923,11608846.0
2023-09-25 17:30:00,0.00924,0.00926,0.0092,0.00921,8462345.0
2023-09-25 17:45:00,0.00922,0.0093,0.0092,0.0093,13742078.0
2023-09-25 18:00:00,0.00929,0.00934,0.00923,0.00925,21798280.0
2023-09-25 18:15:00,0.00925,0.00928,0.00918,0.00921,10847115.0
2023-09-25 18:30:00,0.0092,0.00923,0.00917,0.0092,3287332.0
2023-09-25 18:45:00,0.00919,0.00923,0.00918,0.0092,6902194.0
2023-09-25 19:00:00,0.00921,0.00923,0.00917,0.0092,3324344.0
2023-09-25 19:15:00,0.0092,0.00923,0.00919,0.00922,3343834.0
2023-09-25 19:30:00,0.00921,0.00925,0.00918,0.00919,5427854.0
2023-09-25 19:45:00,0.0092,0.00923,0.00918,0.00919,2137884.0
2023-09-25 20:00:00,0.0092,0.0092,0.00911,0.00916,16403280.0
2023-09-25 20:15:00,0.00916,0.00919,0.00916,0.00919,1016129.0
2023-09-25 20:30:00,0.00919,0.00921,0.00917,0.0092,5014566.0
2023-09-25 20:45:00,0.00921,0.00926,0.00919,0.00921,2987692.0
2023-09-25 21:00:00,0.00922,0.00931,0.0092,0.00928,7816087.0
2023-09-25 21:15:00,0.00928,0.00933,0.00926,0.00926,6481426.0
2023-09-25 21:30:00,0.00926,0.00935,0.00924,0.00933,7405522.0
2023-09-25 21:45:00,0.00932,0.00935,0.00928,0.00931,3963658.0
2023-09-25 22:00:00,0.00931,0.00935,0.00929,0.00932,4400851.0
2023-09-25 22:15:00,0.00932,0.00934,0.00926,0.00928,6143740.0
2023-09-25 22:30:00,0.00928,0.00933,0.00927,0.00932,3484374.0
2023-09-25 22:45:00,0.00932,0.0095,0.00931,0.00938,34295969.0
2023-09-25 23:00:00,0.00939,0.00941,0.00933,0.00936,4738956.0
2023-09-25 23:15:00,0.00936,0.00938,0.00931,0.00934,3766124.0
2023-09-25 23:30:00,0.00934,0.0094,0.00933,0.00936,2388992.0
2023-09-25 23:45:00,0.00936,0.00943,0.00934,0.0094,3046729.0
2023-09-26 00:00:00,0.00941,0.00947,0.00928,0.00935,13001706.0
2023-09-26 00:15:00,0.00935,0.00942,0.00931,0.00932,8677704.0
2023-09-26 00:30:00,0.00931,0.00952,0.0093,0.00934,16958013.0
2023-09-26 00:45:00,0.00935,0.00945,0.00935,0.00945,5362796.0
2023-09-26 01:00:00,0.00945,0.0097,0.00943,0.00962,20167660.0
2023-09-26 01:15:00,0.00962,0.00962,0.00952,0.00955,5911754.0
2023-09-26 01:30:00,0.00955,0.0097,0.00947,0.00957,11344044.0
2023-09-26 01:45:00,0.00957,0.00964,0.00957,0.0096,7392655.0
2023-09-26 02:00:00,0.00963,0.00964,0.00955,0.00956,5814413.0
2023-09-26 02:15:00,0.00957,0.00958,0.00946,0.00952,7286929.0
2023-09-26 02:30:00,0.00953,0.00968,0.00953,0.00961,10531363.0
2023-09-26 02:45:00,0.0096,0.00987,0.0096,0.00979,24354830.0
2023-09-26 03:00:00,0.0098,0.00987,0.00977,0.00981,14990648.0
2023-09-26 03:15:00,0.00981,0.00995,0.0098,0.00987,10059855.0
2023-09-26 03:30:00,0.00987,0.01003,0.00985,0.00994,31667541.0
2023-09-26 03:45:00,0.00994,0.00994,0.00982,0.00985,10091437.0
2023-09-26 04:00:00,0.00985,0.00996,0.00981,0.00988,6152008.0
2023-09-26 04:15:00,0.00988,0.00995,0.00983,0.00986,8218843.0
2023-09-26 04:30:00,0.00986,0.00989,0.00979,0.00982,10078483.0
2023-09-26 04:45:00,0.00983,0.01,0.00983,0.01,24081354.0
2023-09-26 05:00:00,0.00999,0.01008,0.00993,0.01006,35847356.0
2023-09-26 05:15:00,0.01005,0.01014,0.00992,0.00993,19134688.0
2023-09-26 05:30:00,0.00994,0.01011,0.00994,0.01005,16888009.0
2023-09-26 05:45:00,0.01005,0.0101,0.00982,0.00987,31840690.0
2023-09-26 06:00:00,0.00988,0.01,0.00986,0.00996,17349258.0
2023-09-26 06:15:00,0.00997,0.01001,0.0099,0.00996,19334193.0
2023-09-26 06:30:00,0.00997,0.00998,0.00988,0.00993,12543560.0
2023-09-26 06:45:00,0.00994,0.00995,0.00989,0.00994,8588302.0
2023-09-26 07:00:00,0.00993,0.00997,0.00989,0.00996,10431858.0
2023-09-26 07:15:00,0.00996,0.0102,0.00995,0.01,50550688.0
2023-09-26 07:30:00,0.01,0.01,0.0099,0.00993,17029177.0
2023-09-26 07:45:00,0.00993,0.01,0.00959,0.0096,43131802.0
2023-09-26 08:00:00,0.00961,0.00961,0.00937,0.00949,77417388.0
2023-09-26 08:15:00,0.0095,0.00959,0.00944,0.00948,40491277.0
2023-09-26 08:30:00,0.00947,0.00966,0.00939,0.00961,56220653.0
2023-09-26 08:45:00,0.00961,0.00985,0.00961,0.00978,27599145.0
2023-09-26 09:00:00,0.00978,0.00984,0.00961,0.00965,24434090.0
2023-09-26 09:15:00,0.00964,0.00975,0.00963,0.00974,9811089.0
2023-09-26 09:30:00,0.00973,0.00988,0.00972,0.00984,11742090.0
2023-09-26 09:45:00,0.00985,0.01001,0.00984,0.00995,26241662.0
2023-09-26 10:00:00,0.00995,0.01,0.00989,0.00992,17056829.0
2023-09-26 10:15:00,0.00991,0.01015,0.00991,0.01004,32978723.0
2023-09-26 10:30:00,0.01004,0.0103,0.00991,0.00997,34725445.0
2023-09-26 10:45:00,0.00998,0.0101,0.00998,0.01001,14698704.0
2023-09-26 11:00:00,0.01002,0.01013,0.00999,0.01001,16346057.0
2023-09-26 11:15:00,0.01001,0.01003,0.00992,0.00995,13710905.0
2023-09-26 11:30:00,0.00995,0.0101,0.00994,0.00998,8238482.0
2023-09-26 11:45:00,0.00998,0.01001,0.00984,0.00984,17459220.0
2023-09-26 12:00:00,0.00985,0.00996,0.00985,0.00992,7982315.0
2023-09-26 12:15:00,0.00992,0.01003,0.00992,0.00998,6295544.0
2023-09-26 12:30:00,0.00998,0.01004,0.00993,0.01001,6753502.0
2023-09-26 12:45:00,0.01001,0.01002,0.00995,0.01,11833987.0
2023-09-26 13:00:00,0.01,0.01005,0.00993,0.00995,15322094.0
2023-09-26 13:15:00,0.00995,0.01,0.00989,0.00997,10547044.0
2023-09-26 13:30:00,0.00998,0.01026,0.00992,0.01015,36590919.0
2023-09-26 13:45:00,0.01015,0.01029,0.00995,0.01004,43158928.0
2023-09-26 14:00:00,0.01004,0.01024,0.01004,0.01009,19996698.0
2023-09-26 14:15:00,0.01008,0.01023,0.01006,0.01013,17043451.0
2023-09-26 14:30:00,0.01014,0.01017,0.00997,0.01004,26569590.0
2023-09-26 14:45:00,0.01004,0.01011,0.01,0.01002,11392957.0
2023-09-26 15:00:00,0.01002,0.01012,0.00994,0.01,25104823.0
2023-09-26 15:15:00,0.01,0.01006,0.00995,0.00998,20922011.0
2023-09-26 15:30:00,0.00998,0.01012,0.00997,0.01009,11676939.0
2023-09-26 15:45:00,0.01009,0.01016,0.01009,0.01013,12699096.0
2023-09-26 16:00:00,0.01013,0.01021,0.01009,0.0101,18655502.0
2023-09-26 16:15:00,0.01011,0.01118,0.01008,0.0106,118687258.0
2023-09-26 16:30:00,0.01062,0.01099,0.01037,0.01083,79881201.0
2023-09-26 16:45:00,0.01082,0.01092,0.01062,0.01066,48073049.0
2023-09-26 17:00:00,0.01068,0.01079,0.01065,0.01073,18484208.0
2023-09-26 17:15:00,0.01073,0.01102,0.01073,0.0108,44360983.0
2023-09-26 17:30:00,0.0108,0.01099,0.0108,0.01088,20550740.0
2023-09-26 17:45:00,0.01088,0.0109,0.01081,0.01086,16381571.0
2023-09-26 18:00:00,0.01086,0.01091,0.01074,0.01077,24460790.0
2023-09-26 18:15:00,0.01078,0.01084,0.01068,0.01071,11771270.0
2023-09-26 18:30:00,0.01071,0.01075,0.01047,0.01055,23412214.0
2023-09-26 18:45:00,0.01055,0.01064,0.01053,0.01063,10519238.0
2023-09-26 19:00:00,0.01062,0.01065,0.01054,0.01057,13737405.0
2023-09-26 19:15:00,0.01057,0.01059,0.01051,0.01052,7055474.0
2023-09-26 19:30:00,0.01052,0.01055,0.01046,0.01053,7412757.0
2023-09-26 19:45:00,0.01053,0.01068,0.0105,0.01067,10594227.0
2023-09-26 20:00:00,0.01066,0.01067,0.01043,0.01052,26736581.0
2023-09-26 20:15:00,0.01052,0.01063,0.01049,0.0106,20669931.0
2023-09-26 20:30:00,0.01061,0.0107,0.01055,0.01065,10975670.0
2023-09-26 20:45:00,0.01065,0.01079,0.01062,0.01075,12167677.0
2023-09-26 21:00:00,0.01075,0.01079,0.01069,0.01077,9036049.0
2023-09-26 21:15:00,0.01077,0.0109,0.01068,0.01081,13851312.0
2023-09-26 21:30:00,0.01081,0.01081,0.01068,0.01071,15624142.0
2023-09-26 21:45:00,0.01071,0.01072,0.01061,0.01069,6894943.0
2023-09-26 22:00:00,0.01069,0.01069,0.01054,0.0106,7624249.0
2023-09-26 22:15:00,0.0106,0.01072,0.01058,0.01072,7946814.0
2023-09-26 22:30:00,0.01072,0.01081,0.01065,0.01065,9192829.0
2023-09-26 22:45:00,0.01066,0.01076,0.01059,0.01075,9076520.0
2023-09-26 23:00:00,0.01075,0.01084,0.01073,0.01083,16133808.0
2023-09-26 23:15:00,0.01083,0.01088,0.01075,0.01086,10759155.0
2023-09-26 23:30:00,0.01085,0.01125,0.01084,0.011,44030482.0
2023-09-26 23:45:00,0.011,0.01103,0.0109,0.01097,11534298.0
2023-09-27 00:00:00,0.01097,0.01098,0.0108,0.0109,10468507.0
2023-09-27 00:15:00,0.0109,0.01108,0.01085,0.011,28754688.0
2023-09-27 00:30:00,0.011,0.01121,0.01099,0.01115,17947631.0
2023-09-27 00:45:00,0.01114,0.01198,0.01113,0.01168,89279612.0
2023-09-27 01:00:00,0.01168,0.01174,0.01146,0.01151,34032217.0
2023-09-27 01:15:00,0.01151,0.01171,0.01147,0.01165,24762526.0
2023-09-27 01:30:00,0.01166,0.0117,0.01149,0.01157,19815629.0
2023-09-27 01:45:00,0.01158,0.01163,0.01135,0.01137,18020865.0
2023-09-27 02:00:00,0.01136,0.01155,0.01109,0.0111,23408912.0
2023-09-27 02:15:00,0.0111,0.01112,0.01023,0.01032,115570159.0
2023-09-27 02:30:00,0.01032,0.01033,0.00985,0.0099,81859519.0
2023-09-27 02:45:00,0.0099,0.00997,0.00979,0.00981,50749986.0
2023-09-27 03:00:00,0.00981,0.01002,0.00955,0.01,83620725.0
2023-09-27 03:15:00,0.01,0.0102,0.00985,0.01004,65195354.0
2023-09-27 03:30:00,0.01004,0.0104,0.00997,0.01035,29862351.0
2023-09-27 03:45:00,0.01036,0.01064,0.01023,0.0105,73818602.0
2023-09-27 04:00:00,0.0105,0.01062,0.01015,0.01028,56104774.0
2023-09-27 04:15:00,0.01028,0.01045,0.01025,0.01025,16993057.0
2023-09-27 04:30:00,0.01025,0.01045,0.01025,0.01034,18786876.0
2023-09-27 04:45:00,0.01034,0.01035,0.01002,0.01013,19702602.0
2023-09-27 05:00:00,0.01012,0.01014,0.00996,0.00997,29007330.0
2023-09-27 05:15:00,0.00996,0.01007,0.00991,0.01002,24213926.0
2023-09-27 05:30:00,0.01003,0.01005,0.00986,0.00987,15767462.0
2023-09-27 05:45:00,0.00988,0.00995,0.00976,0.00979,32754021.0
2023-09-27 06:00:00,0.00978,0.00988,0.00976,0.00988,12417400.0
2023-09-27 06:15:00,0.00987,0.00987,0.0097,0.0097,11780545.0
2023-09-27 06:30:00,0.0097,0.00985,0.00961,0.0098,22435581.0
2023-09-27 06:45:00,0.00981,0.00988,0.00973,0.00982,16933750.0
2023-09-27 07:00:00,0.00981,0.00997,0.00974,0.00974,23862923.0
2023-09-27 07:15:00,0.00973,0.00981,0.00962,0.00975,23758157.0
2023-09-27 07:30:00,0.00974,0.00978,0.00963,0.00965,18514977.0
2023-09-27 07:45:00,0.00965,0.00976,0.00957,0.0096,22057557.0
2023-09-27 08:00:00,0.00959,0.00959,0.00947,0.00953,13998887.0
2023-09-27 08:15:00,0.00952,0.00968,0.00952,0.00957,16923606.0
2023-09-27 08:30:00,0.00957,0.00957,0.00947,0.00952,17074395.0
2023-09-27 08:45:00,0.00951,0.00952,0.00925,0.00929,36673668.0
2023-09-27 09:00:00,0.00929,0.00935,0.0092,0.0093,43220814.0
2023-09-27 09:15:00,0.00929,0.00941,0.00927,0.00941,8282275.0
2023-09-27 09:30:00,0.00941,0.00941,0.00925,0.00927,11664269.0
2023-09-27 09:45:00,0.00928,0.0094,0.00927,0.00937,9259157.0
2023-09-27 10:00:00,0.00936,0.0095,0.00934,0.00941,12021352.0
2023-09-27 10:15:00,0.00941,0.00941,0.00931,0.00935,12520579.0
2023-09-27 10:30:00,0.00934,0.00945,0.00929,0.00933,51671071.0
2023-09-27 10:45:00,0.00933,0.00936,0.0093,0.0093,7973477.0
2023-09-27 11:00:00,0.00931,0.00939,0.00928,0.00929,9501657.0
2023-09-27 11:15:00,0.00929,0.00931,0.00926,0.00927,4122282.0
2023-09-27 11:30:00,0.00927,0.00931,0.00923,0.00923,6784657.0
2023-09-27 11:45:00,0.00923,0.0093,0.00923,0.00929,11181706.0
2023-09-27 12:00:00,0.0093,0.0093,0.00912,0.00914,20275715.0
2023-09-27 12:15:00,0.00915,0.00924,0.0091,0.00915,8303811.0
2023-09-27 12:30:00,0.00915,0.00915,0.00903,0.00908,15388260.0
2023-09-27 12:45:00,0.00908,0.00909,0.00888,0.00894,32545228.0
2023-09-27 13:00:00,0.00893,0.00903,0.00891,0.009,11828557.0
2023-09-27 13:15:00,0.00899,0.00902,0.00888,0.00897,20059221.0
2023-09-27 13:30:00,0.00897,0.00905,0.00897,0.00902,12775424.0
2023-09-27 13:45:00,0.00901,0.00905,0.00899,0.00902,10083522.0
2023-09-27 14:00:00,0.00903,0.00908,0.00897,0.00906,10304595.0
2023-09-27 14:15:00,0.00906,0.00909,0.00895,0.00909,17137279.0
2023-09-27 14:30:00,0.00909,0.00927,0.00897,0.00926,24735380.0
2023-09-27 14:45:00,0.00925,0.00931,0.00915,0.0092,37348964.0
2023-09-27 15:00:00,0.00921,0.00926,0.00913,0.00917,21341631.0
2023-09-27 15:15:00,0.00918,0.00928,0.00914,0.00925,10931221.0
2023-09-27 15:30:00,0.00925,0.0093,0.00923,0.00925,6933709.0
2023-09-27 15:45:00,0.00925,0.00926,0.00917,0.00918,5507931.0
2023-09-27 16:00:00,0.00919,0.00924,0.00913,0.00921,5468561.0
2023-09-27 16:15:00,0.00921,0.00924,0.00919,0.0092,4208569.0
2023-09-27 16:30:00,0.0092,0.00935,0.00919,0.0093,19387462.0
2023-09-27 16:45:00,0.0093,0.00935,0.00923,0.00924,15460314.0
2023-09-27 17:00:00,0.00924,0.00942,0.00923,0.00933,10652871.0
2023-09-27 17:15:00,0.00933,0.00944,0.00928,0.00936,7599093.0
2023-09-27 17:30:00,0.00936,0.00936,0.00923,0.0093,13906486.0
2023-09-27 17:45:00,0.0093,0.00933,0.00925,0.00926,2187316.0
2023-09-27 18:00:00,0.00927,0.00932,0.00922,0.00929,5819124.0
2023-09-27 18:15:00,0.00928,0.00929,0.00922,0.00928,6064529.0
2023-09-27 18:30:00,0.00928,0.00933,0.00924,0.00933,1826541.0
2023-09-27 18:45:00,0.00932,0.00932,0.00926,0.00927,1677891.0
2023-09-27 19:00:00,0.00928,0.00929,0.00923,0.00928,3236512.0
2023-09-27 19:15:00,0.00929,0.00932,0.00928,0.00932,1111000.0
2023-09-27 19:30:00,0.00932,0.00932,0.00929,0.00929,947534.0
2023-09-27 19:45:00,0.0093,0.00932,0.00928,0.00931,1387920.0
2023-09-27 20:00:00,0.00931,0.00939,0.00929,0.00932,4697490.0
2023-09-27 20:15:00,0.00934,0.00943,0.00934,0.0094,5520786.0
2023-09-27 20:30:00,0.00941,0.0095,0.00938,0.00941,15186106.0
2023-09-27 20:45:00,0.00941,0.00943,0.00935,0.00941,3702594.0
2023-09-27 21:00:00,0.00941,0.0095,0.0094,0.00946,6022615.0
2023-09-27 21:15:00,0.00946,0.00954,0.00944,0.00951,4611170.0
2023-09-27 21:30:00,0.00952,0.00953,0.00945,0.00949,3629911.0
2023-09-27 21:45:00,0.00949,0.00951,0.00946,0.00951,933089.0
2023-09-27 22:00:00,0.00951,0.00959,0.00951,0.00951,7583490.0
2023-09-27 22:15:00,0.00951,0.00951,0.00938,0.00948,8930729.0
2023-09-27 22:30:00,0.00948,0.00952,0.00946,0.00947,2536718.0
2023-09-27 22:45:00,0.00947,0.00959,0.00946,0.00959,7990626.0
2023-09-27 23:00:00,0.00958,0.00963,0.00952,0.00956,9586484.0
2023-09-27 23:15:00,0.00956,0.00959,0.00953,0.00957,1990023.0
2023-09-27 23:30:00,0.00957,0.00966,0.00949,0.00962,24707508.0
2023-09-27 23:45:00,0.00962,0.00963,0.00957,0.00959,2488918.0
2023-09-28 00:00:00,0.00959,0.00964,0.00945,0.0095,5813375.0
2023-09-28 00:15:00,0.00951,0.00953,0.00946,0.0095,4524843.0
2023-09-28 00:30:00,0.00949,0.0095,0.00934,0.00941,8308147.0
2023-09-28 00:45:00,0.00942,0.00946,0.00939,0.00945,3459076.0
2023-09-28 01:00:00,0.00946,0.00947,0.00936,0.0094,2386831.0
2023-09-28 01:15:00,0.0094,0.00956,0.00938,0.00955,5201000.0
2023-09-28 01:30:00,0.00954,0.0096,0.00951,0.0096,3174739.0
2023-09-28 01:45:00,0.0096,0.0096,0.00952,0.00955,1921515.0
2023-09-28 02:00:00,0.00955,0.00964,0.00949,0.0096,7234629.0
2023-09-28 02:15:00,0.0096,0.00961,0.00946,0.00949,6022463.0
2023-09-28 02:30:00,0.00949,0.00949,0.00943,0.00944,1341691.0
2023-09-28 02:45:00,0.00944,0.0095,0.00942,0.00949,3038630.0
2023-09-28 03:00:00,0.00949,0.00949,0.00939,0.0094,2869737.0
2023-09-28 03:15:00,0.0094,0.00944,0.00938,0.00941,2664963.0
2023-09-28 03:30:00,0.00942,0.00943,0.00938,0.00943,2890056.0
2023-09-28 03:45:00,0.00943,0.00947,0.00939,0.00942,3081884.0
2023-09-28 04:00:00,0.00942,0.00943,0.00912,0.00913,21218654.0
2023-09-28 04:15:00,0.00913,0.0092,0.00904,0.00904,16815831.0
2023-09-28 04:30:00,0.00904,0.00907,0.00888,0.0089,14922969.0
2023-09-28 04:45:00,0.00892,0.00896,0.00877,0.00889,9520731.0
2023-09-28 05:00:00,0.00889,0.00889,0.0087,0.00873,22917602.0
2023-09-28 05:15:00,0.00873,0.00878,0.00871,0.00873,8754353.0
2023-09-28 05:30:00,0.00874,0.00885,0.00871,0.00879,4651424.0
2023-09-28 05:45:00,0.0088,0.00882,0.0087,0.00871,5276990.0
2023-09-28 06:00:00,0.00871,0.00877,0.00868,0.00874,7723992.0
2023-09-28 06:15:00,0.00874,0.00874,0.00863,0.00866,7799399.0
2023-09-28 06:30:00,0.00866,0.00867,0.00858,0.00865,7550164.0
2023-09-28 06:45:00,0.00865,0.00865,0.00857,0.00861,4865372.0
2023-09-28 07:00:00,0.00861,0.00873,0.00858,0.00873,7269747.0
2023-09-28 07:15:00,0.00874,0.00874,0.00867,0.00867,3516494.0
2023-09-28 07:30:00,0.00867,0.00871,0.00861,0.00866,9554125.0
2023-09-28 07:45:00,0.00866,0.0087,0.00866,0.00867,1864214.0
2023-09-28 08:00:00,0.00868,0.00869,0.00862,0.00868,6265231.0
2023-09-28 08:15:00,0.00868,0.00878,0.00866,0.00877,7975371.0
2023-09-28 08:30:00,0.00877,0.00883,0.00875,0.00876,8528332.0
2023-09-28 08:45:00,0.00875,0.00884,0.00874,0.00881,4660093.0
2023-09-28 09:00:00,0.00881,0.00895,0.00878,0.00889,14580148.0
2023-09-28 09:15:00,0.00889,0.00891,0.00885,0.00889,8521560.0
2023-09-28 09:30:00,0.00887,0.00906,0.00887,0.00905,10104316.0
2023-09-28 09:45:00,0.00905,0.00909,0.00898,0.00901,5116403.0
2023-09-28 10:00:00,0.00901,0.00904,0.00897,0.00903,4995672.0
2023-09-28 10:15:00,0.00902,0.00924,0.009,0.00916,27571302.0
2023-09-28 10:30:00,0.00917,0.00919,0.00912,0.00918,6483339.0
2023-09-28 10:45:00,0.00919,0.0093,0.00916,0.00928,11179342.0
2023-09-28 11:00:00,0.00928,0.00942,0.00928,0.00941,14795178.0
2023-09-28 11:15:00,0.0094,0.00943,0.00931,0.0094,6473759.0
2023-09-28 11:30:00,0.0094,0.00946,0.00928,0.00931,10722469.0
2023-09-28 11:45:00,0.00931,0.00944,0.00931,0.0094,4952075.0
2023-09-28 12:00:00,0.00941,0.00941,0.00932,0.00937,4047974.0
2023-09-28 12:15:00,0.00937,0.00953,0.00932,0.00953,7565098.0
2023-09-28 12:30:00,0.00954,0.00956,0.00939,0.0094,10075458.0
2023-09-28 12:45:00,0.00941,0.0097,0.00941,0.00963,29504277.0
2023-09-28 13:00:00,0.00963,0.00967,0.0095,0.00951,13065184.0
2023-09-28 13:15:00,0.00952,0.00961,0.00945,0.00957,10622834.0
2023-09-28 13:30:00,0.00957,0.01006,0.00957,0.00976,61375676.0
2023-09-28 13:45:00,0.00978,0.00981,0.00962,0.00968,15636796.0
2023-09-28 14:00:00,0.00967,0.00968,0.00915,0.00919,40679464.0
2023-09-28 14:15:00,0.00919,0.00933,0.00917,0.00933,18694310.0
2023-09-28 14:30:00,0.00933,0.00954,0.00932,0.00946,15162043.0
2023-09-28 14:45:00,0.00946,0.0095,0.00937,0.00947,6275418.0
2023-09-28 15:00:00,0.00948,0.00957,0.00945,0.00948,9156879.0
2023-09-28 15:15:00,0.00948,0.00955,0.00938,0.00953,6051888.0
2023-09-28 15:30:00,0.00953,0.00955,0.0094,0.00942,8959046.0
2023-09-28 15:45:00,0.00942,0.00957,0.00942,0.00956,4428371.0
2023-09-28 16:00:00,0.00957,0.00981,0.00954,0.00971,24450946.0
2023-09-28 16:15:00,0.00971,0.00986,0.0097,0.00981,9298702.0
2023-09-28 16:30:00,0.00982,0.00983,0.00969,0.00969,5620772.0
2023-09-28 16:45:00,0.0097,0.00976,0.00968,0.00971,5935340.0
2023-09-28 17:00:00,0.00972,0.00982,0.00969,0.00975,9155335.0
2023-09-28 17:15:00,0.00975,0.00975,0.00968,0.00968,1257999.0
2023-09-28 17:30:00,0.00968,0.00971,0.00964,0.00966,5386197.0
2023-09-28 17:45:00,0.00966,0.00985,0.00966,0.00977,6780748.0
2023-09-28 18:00:00,0.00978,0.0098,0.00973,0.00977,3121731.0
2023-09-28 18:15:00,0.00975,0.00984,0.00975,0.00982,3645156.0
2023-09-28 18:30:00,0.00981,0.00981,0.0097,0.00975,3256480.0
2023-09-28 18:45:00,0.00975,0.00977,0.00969,0.00974,3392308.0
2023-09-28 19:00:00,0.00974,0.0098,0.00972,0.00975,1737136.0
2023-09-28 19:15:00,0.00974,0.00982,0.00973,0.00978,2518753.0
2023-09-28 19:30:00,0.00978,0.00978,0.00971,0.00975,5571118.0
2023-09-28 19:45:00,0.00974,0.00975,0.00967,0.00973,4968104.0
2023-09-28 20:00:00,0.00975,0.00979,0.00974,0.00975,1752905.0
2023-09-28 20:15:00,0.00973,0.00975,0.00972,0.00973,2202827.0
2023-09-28 20:30:00,0.00973,0.00974,0.00971,0.00974,1599118.0
2023-09-28 20:45:00,0.00974,0.00984,0.00973,0.00979,4143991.0
2023-09-28 21:00:00,0.00979,0.00982,0.00976,0.00978,1716492.0
2023-09-28 21:15:00,0.00978,0.00983,0.00976,0.00983,1875643.0
2023-09-28 21:30:00,0.00982,0.00982,0.00977,0.00979,2117777.0
2023-09-28 21:45:00,0.00979,0.00983,0.00974,0.00982,2902913.0
2023-09-28 22:00:00,0.00983,0.00988,0.00979,0.00979,4227991.0
2023-09-28 22:15:00,0.0098,0.00983,0.0098,0.0098,2763100.0
2023-09-28 22:30:00,0.00979,0.00984,0.00978,0.00984,3184440.0
2023-09-28 22:45:00,0.00983,0.00984,0.00978,0.00983,3963450.0
2023-09-28 23:00:00,0.00982,0.00984,0.0098,0.00983,1921645.0
2023-09-28 23:15:00,0.00983,0.00988,0.00983,0.00986,3088712.0
2023-09-28 23:30:00,0.00985,0.00986,0.00979,0.00984,6764480.0
2023-09-28 23:45:00,0.00985,0.00988,0.00983,0.00987,2536958.0
2023-09-29 00:00:00,0.00988,0.00988,0.00974,0.00983,12705680.0
2023-09-29 00:15:00,0.00983,0.00983,0.00975,0.00978,3115439.0
2023-09-29 00:30:00,0.00978,0.0098,0.00967,0.00968,7173949.0
2023-09-29 00:45:00,0.00968,0.00985,0.00968,0.00978,7783330.0
2023-09-29 01:00:00,0.00979,0.00981,0.0096,0.00964,9591936.0
2023-09-29 01:15:00,0.00964,0.00967,0.00947,0.00956,19617875.0
2023-09-29 01:30:00,0.00956,0.00959,0.00954,0.00957,1669634.0
2023-09-29 01:45:00,0.00957,0.00966,0.00957,0.00964,1527031.0
2023-09-29 02:00:00,0.00964,0.00964,0.00953,0.00953,3586436.0
2023-09-29 02:15:00,0.00953,0.00957,0.00945,0.00948,8732740.0
2023-09-29 02:30:00,0.00949,0.0095,0.00944,0.00949,3326859.0
2023-09-29 02:45:00,0.00951,0.00953,0.00947,0.0095,4007966.0
2023-09-29 03:00:00,0.0095,0.0095,0.0094,0.0094,5092316.0
2023-09-29 03:15:00,0.0094,0.00941,0.0093,0.00932,9888369.0
2023-09-29 03:30:00,0.00932,0.00937,0.00932,0.00934,3363453.0
2023-09-29 03:45:00,0.00934,0.00937,0.00932,0.00936,743871.0
2023-09-29 04:00:00,0.00936,0.00936,0.00924,0.00926,4954173.0
2023-09-29 04:15:00,0.00926,0.00929,0.00922,0.00923,2305725.0
2023-09-29 04:30:00,0.00923,0.00928,0.00922,0.00928,2193762.0
2023-09-29 04:45:00,0.00928,0.00934,0.00924,0.00933,3489145.0
2023-09-29 05:00:00,0.00933,0.00945,0.00929,0.00943,7044090.0
2023-09-29 05:15:00,0.00943,0.00967,0.00942,0.00955,10702544.0
2023-09-29 05:30:00,0.00956,0.00996,0.00956,0.00986,57705759.0
2023-09-29 05:45:00,0.00986,0.00999,0.00975,0.00979,26912439.0
2023-09-29 06:00:00,0.00978,0.0099,0.00961,0.00965,22923994.0
2023-09-29 06:15:00,0.00965,0.00975,0.0096,0.00967,15337456.0
2023-09-29 06:30:00,0.00966,0.00967,0.00954,0.00954,10917622.0
2023-09-29 06:45:00,0.00954,0.00962,0.00951,0.0096,8463623.0
2023-09-29 07:00:00,0.00959,0.00974,0.00957,0.00967,11494446.0
2023-09-29 07:15:00,0.00968,0.00972,0.00958,0.0096,8824545.0
2023-09-29 07:30:00,0.00961,0.00968,0.0096,0.00962,8084081.0
2023-09-29 07:45:00,0.00962,0.00984,0.00962,0.00984,7126302.0
2023-09-29 08:00:00,0.00983,0.00985,0.00975,0.00979,7552457.0
2023-09-29 08:15:00,0.00978,0.00982,0.00961,0.00967,12014434.0
2023-09-29 08:30:00,0.00967,0.00969,0.00962,0.00964,4090856.0
2023-09-29 08:45:00,0.00965,0.00973,0.00963,0.00963,3161676.0
2023-09-29 09:00:00,0.00964,0.00972,0.00961,0.00969,2211049.0
2023-09-29 09:15:00,0.00968,0.00971,0.00965,0.00967,7048159.0
2023-09-29 09:30:00,0.00966,0.00967,0.00958,0.00959,3241822.0
2023-09-29 09:45:00,0.0096,0.00961,0.00957,0.00957,3580784.0
2023-09-29 10:00:00,0.00957,0.0096,0.00953,0.00957,4335085.0
2023-09-29 10:15:00,0.00957,0.00972,0.00956,0.0097,16771338.0
2023-09-29 10:30:00,0.00971,0.00971,0.00961,0.00962,4423275.0
2023-09-29 10:45:00,0.00962,0.00964,0.00959,0.00962,2337418.0
2023-09-29 11:00:00,0.00962,0.00967,0.00958,0.00966,4298070.0
2023-09-29 11:15:00,0.00966,0.00966,0.00955,0.00956,5802082.0
2023-09-29 11:30:00,0.00956,0.0096,0.00956,0.00956,1216288.0
2023-09-29 11:45:00,0.00957,0.0096,0.00957,0.00959,1587978.0
2023-09-29 12:00:00,0.00959,0.00959,0.00951,0.00954,4201266.0
2023-09-29 12:15:00,0.00954,0.00956,0.00949,0.00954,4632862.0
2023-09-29 12:30:00,0.00953,0.00957,0.00952,0.00957,1789766.0
2023-09-29 12:45:00,0.00957,0.00964,0.00957,0.0096,2513656.0
2023-09-29 13:00:00,0.00961,0.00962,0.00952,0.00953,2125324.0
2023-09-29 13:15:00,0.00953,0.00953,0.00947,0.0095,3633939.0
2023-09-29 13:30:00,0.0095,0.0095,0.00942,0.00945,2701574.0
2023-09-29 13:45:00,0.00945,0.00951,0.00945,0.0095,1768966.0
2023-09-29 14:00:00,0.0095,0.00972,0.00945,0.00966,11028468.0
2023-09-29 14:15:00,0.00966,0.00992,0.00963,0.00981,24594834.0
2023-09-29 14:30:00,0.00981,0.00989,0.00965,0.00977,19764810.0
2023-09-29 14:45:00,0.00978,0.00981,0.0097,0.00973,6278230.0
2023-09-29 15:00:00,0.00972,0.00983,0.0097,0.00977,5161454.0
2023-09-29 15:15:00,0.00977,0.00987,0.00974,0.00984,12792595.0
2023-09-29 15:30:00,0.00984,0.01003,0.00982,0.00995,21463806.0
2023-09-29 15:45:00,0.00995,0.00996,0.00981,0.00982,9677985.0
2023-09-29 16:00:00,0.00982,0.00985,0.00966,0.00969,9063788.0
2023-09-29 16:15:00,0.0097,0.0098,0.00967,0.00975,5594154.0
2023-09-29 16:30:00,0.00974,0.00976,0.00968,0.0097,1198925.0
2023-09-29 16:45:00,0.0097,0.00975,0.0097,0.00974,1899181.0
2023-09-29 17:00:00,0.00973,0.00985,0.00971,0.00984,3361528.0
2023-09-29 17:15:00,0.00984,0.00985,0.00981,0.00983,2803972.0
2023-09-29 17:30:00,0.00983,0.00984,0.00977,0.0098,2061824.0
2023-09-29 17:45:00,0.00979,0.00987,0.00979,0.00987,2027107.0
2023-09-29 18:00:00,0.00987,0.00987,0.00981,0.00984,3478091.0
2023-09-29 18:15:00,0.00984,0.00992,0.00981,0.00988,5140263.0
2023-09-29 18:30:00,0.00988,0.01005,0.00988,0.00994,9828019.0
2023-09-29 18:45:00,0.00994,0.01005,0.00993,0.01,7617075.0
2023-09-29 19:00:00,0.01,0.01001,0.00983,0.00983,9987071.0
2023-09-29 19:15:00,0.00984,0.00996,0.00978,0.00993,13142613.0
2023-09-29 19:30:00,0.00994,0.00995,0.00987,0.00987,7321703.0
2023-09-29 19:45:00,0.00988,0.01005,0.00988,0.01,11729515.0
2023-09-29 20:00:00,0.01,0.01002,0.00993,0.00995,7803071.0
2023-09-29 20:15:00,0.00995,0.01018,0.00994,0.01003,15325974.0
2023-09-29 20:30:00,0.01003,0.0102,0.01001,0.01012,9200073.0
2023-09-29 20:45:00,0.01013,0.01013,0.01004,0.01007,7156036.0
2023-09-29 21:00:00,0.01007,0.01007,0.00999,0.01002,6868167.0
2023-09-29 21:15:00,0.01002,0.01008,0.01,0.01007,3342956.0
2023-09-29 21:30:00,0.01006,0.01007,0.01,0.01002,1593891.0
2023-09-29 21:45:00,0.01001,0.01001,0.00995,0.00998,2466623.0
2023-09-29 22:00:00,0.00999,0.01005,0.00988,0.00996,9022116.0
2023-09-29 22:15:00,0.00996,0.01002,0.00996,0.01002,2234180.0
2023-09-29 22:30:00,0.01002,0.01004,0.00999,0.01004,1531866.0
2023-09-29 22:45:00,0.01005,0.01007,0.01,0.01004,1955599.0
2023-09-29 23:00:00,0.01004,0.01009,0.01002,0.01008,1336035.0
2023-09-29 23:15:00,0.01008,0.01009,0.01003,0.01003,884442.0
2023-09-29 23:30:00,0.01003,0.01008,0.01003,0.01003,3226373.0
2023-09-29 23:45:00,0.01002,0.01003,0.00998,0.01002,6995938.0
2023-09-30 00:00:00,0.01002,0.01017,0.01002,0.01015,3354789.0
2023-09-30 00:15:00,0.01014,0.01015,0.01005,0.01005,2181473.0
2023-09-30 00:30:00,0.01005,0.01007,0.00978,0.00989,13481297.0
2023-09-30 00:45:00,0.0099,0.00994,0.00988,0.0099,2000961.0
2023-09-30 01:00:00,0.0099,0.00998,0.0099,0.00998,1974924.0
2023-09-30 01:15:00,0.00998,0.01008,0.00998,0.01006,4499416.0
2023-09-30 01:30:00,0.01005,0.01007,0.00994,0.00996,4554333.0
2023-09-30 01:45:00,0.00996,0.01002,0.00992,0.00999,3627239.0
2023-09-30 02:00:00,0.00999,0.01009,0.00997,0.01009,2952004.0
2023-09-30 02:15:00,0.01009,0.01014,0.01006,0.01014,3099437.0
2023-09-30 02:30:00,0.01013,0.01018,0.01007,0.01013,5943158.0
2023-09-30 02:45:00,0.01013,0.01026,0.01012,0.01024,5196229.0
2023-09-30 03:00:00,0.01024,0.01044,0.01017,0.01018,23308604.0
2023-09-30 03:15:00,0.01018,0.01024,0.00991,0.00995,17135226.0
2023-09-30 03:30:00,0.00994,0.01008,0.00991,0.01,6213362.0
2023-09-30 03:45:00,0.01,0.01009,0.00999,0.01008,6038752.0
2023-09-30 04:00:00,0.01007,0.0102,0.01003,0.01019,5780326.0
2023-09-30 04:15:00,0.0102,0.01022,0.01013,0.01022,3308992.0
2023-09-30 04:30:00,0.01022,0.01035,0.01006,0.01027,16229960.0
2023-09-30 04:45:00,0.01027,0.01027,0.01013,0.01015,7529897.0
2023-09-30 05:00:00,0.01014,0.01024,0.01014,0.01016,6762830.0
2023-09-30 05:15:00,0.01016,0.01024,0.01016,0.0102,4167231.0
2023-09-30 05:30:00,0.01019,0.01024,0.01017,0.0102,3563967.0
2023-09-30 05:45:00,0.0102,0.01036,0.01017,0.01029,9157301.0
2023-09-30 06:00:00,0.01029,0.01031,0.01023,0.01031,4399810.0
2023-09-30 06:15:00,0.0103,0.01032,0.01023,0.0103,4686520.0
2023-09-30 06:30:00,0.01029,0.01043,0.01029,0.01037,7504077.0
2023-09-30 06:45:00,0.01038,0.01044,0.01032,0.01044,8992602.0
2023-09-30 07:00:00,0.01044,0.01044,0.01036,0.01041,7432849.0
2023-09-30 07:15:00,0.0104,0.01042,0.01033,0.01038,6675037.0
2023-09-30 07:30:00,0.01038,0.01065,0.01038,0.01058,20571072.0
2023-09-30 07:45:00,0.01059,0.0108,0.0105,0.01077,28080776.0
2023-09-30 08:00:00,0.01076,0.01079,0.01063,0.01063,16241151.0
2023-09-30 08:15:00,0.01062,0.01069,0.01057,0.01062,11230734.0
2023-09-30 08:30:00,0.01062,0.01065,0.01053,0.01054,5792694.0
2023-09-30 08:45:00,0.01054,0.01063,0.01051,0.01063,7423250.0
2023-09-30 09:00:00,0.01063,0.01071,0.01057,0.0106,20236865.0
2023-09-30 09:15:00,0.0106,0.01067,0.01059,0.01063,4224606.0
2023-09-30 09:30:00,0.01065,0.01068,0.01058,0.01062,5989081.0
2023-09-30 09:45:00,0.01063,0.01073,0.01063,0.01072,8090047.0
2023-09-30 10:00:00,0.01072,0.01079,0.01061,0.01064,18221626.0
2023-09-30 10:15:00,0.01065,0.01072,0.01062,0.01068,9905795.0
2023-09-30 10:30:00,0.01067,0.01081,0.01066,0.0108,15784074.0
2023-09-30 10:45:00,0.01081,0.01089,0.01071,0.01072,8380662.0
2023-09-30 11:00:00,0.01072,0.01085,0.01068,0.01084,9986651.0
2023-09-30 11:15:00,0.01084,0.0109,0.0108,0.01088,12178901.0
2023-09-30 11:30:00,0.01088,0.011,0.01084,0.01088,18983459.0
2023-09-30 11:45:00,0.01088,0.01099,0.01083,0.01086,19920265.0
2023-09-30 12:00:00,0.01086,0.011,0.01082,0.01095,9968714.0
2023-09-30 12:15:00,0.01094,0.01105,0.01093,0.01101,28693723.0
2023-09-30 12:30:00,0.011,0.01101,0.01083,0.01095,23520987.0
2023-09-30 12:45:00,0.01096,0.01099,0.01086,0.0109,9244976.0
2023-09-30 13:00:00,0.0109,0.01094,0.01075,0.01079,21133426.0
2023-09-30 13:15:00,0.01079,0.01092,0.01079,0.01087,10241772.0
2023-09-30 13:30:00,0.01088,0.011,0.01087,0.01091,17277765.0
2023-09-30 13:45:00,0.01092,0.01127,0.01087,0.01117,39041202.0
2023-09-30 14:00:00,0.01117,0.01121,0.01108,0.01109,19713139.0
2023-09-30 14:15:00,0.01109,0.0112,0.01109,0.01116,18389717.0
2023-09-30 14:30:00,0.01117,0.0113,0.01113,0.01128,12282644.0
2023-09-30 14:45:00,0.01129,0.01139,0.01122,0.01128,19591118.0
2023-09-30 15:00:00,0.01128,0.01133,0.0112,0.01124,11558968.0
2023-09-30 15:15:00,0.01124,0.01124,0.01105,0.01114,17942099.0
2023-09-30 15:30:00,0.01114,0.01129,0.0111,0.01119,12374193.0
2023-09-30 15:45:00,0.01118,0.01125,0.01111,0.01118,13454862.0
2023-09-30 16:00:00,0.01118,0.0113,0.01109,0.01114,24196166.0
2023-09-30 16:15:00,0.01114,0.01121,0.01111,0.01114,10262233.0
2023-09-30 16:30:00,0.01115,0.01117,0.0109,0.011,16239748.0
2023-09-30 16:45:00,0.01099,0.0111,0.01087,0.01092,17840882.0
2023-09-30 17:00:00,0.01092,0.01106,0.01083,0.011,12658371.0
2023-09-30 17:15:00,0.01101,0.01109,0.01099,0.01101,6308336.0
2023-09-30 17:30:00,0.01101,0.01116,0.01096,0.01112,6440358.0
2023-09-30 17:45:00,0.01113,0.01113,0.01103,0.01104,8929275.0
2023-09-30 18:00:00,0.01104,0.01105,0.01097,0.011,3282180.0
2023-09-30 18:15:00,0.01099,0.01101,0.01089,0.01098,7173601.0
2023-09-30 18:30:00,0.01098,0.01126,0.01097,0.01116,16976343.0
2023-09-30 18:45:00,0.01116,0.01123,0.01103,0.01112,9999261.0
2023-09-30 19:00:00,0.01113,0.0113,0.01109,0.01122,11601730.0
2023-09-30 19:15:00,0.01122,0.01135,0.01115,0.01117,16242851.0
2023-09-30 19:30:00,0.01116,0.01129,0.01115,0.01119,10661114.0
2023-09-30 19:45:00,0.01119,0.01124,0.01117,0.01118,6532882.0
2023-09-30 20:00:00,0.01118,0.01128,0.01117,0.01127,9542771.0
2023-09-30 20:15:00,0.01126,0.01131,0.01103,0.01107,17239907.0
2023-09-30 20:30:00,0.01108,0.01113,0.011,0.01101,10087588.0
2023-09-30 20:45:00,0.011,0.01131,0.011,0.01129,20653770.0
2023-09-30 21:00:00,0.01129,0.01132,0.01121,0.01126,22918368.0
2023-09-30 21:15:00,0.01125,0.01127,0.01113,0.01126,12872113.0
2023-09-30 21:30:00,0.01127,0.01127,0.01113,0.01113,9153620.0
2023-09-30 21:45:00,0.01113,0.01114,0.01097,0.01109,16283761.0
2023-09-30 22:00:00,0.01109,0.01126,0.01109,0.01124,9567876.0
2023-09-30 22:15:00,0.01123,0.0115,0.01112,0.01115,24554838.0
2023-09-30 22:30:00,0.01115,0.01129,0.01114,0.01125,8284467.0
2023-09-30 22:45:00,0.01124,0.01171,0.01124,0.01136,29275548.0
2023-09-30 23:00:00,0.01136,0.01138,0.01125,0.01129,11130538.0
2023-09-30 23:15:00,0.01129,0.01131,0.01105,0.01116,15655561.0
2023-09-30 23:30:00,0.01115,0.01121,0.01114,0.01116,4400375.0
2023-09-30 23:45:00,0.01116,0.01121,0.01104,0.01107,6439761.0
2023-10-01 00:00:00,0.01107,0.01111,0.01093,0.0111,13130670.0
2023-10-01 00:15:00,0.0111,0.01126,0.01107,0.01116,6659333.0
2023-10-01 00:30:00,0.01116,0.01131,0.01114,0.01127,6116911.0
2023-10-01 00:45:00,0.01128,0.01131,0.01117,0.01126,9775714.0
2023-10-01 01:00:00,0.01127,0.01132,0.01122,0.01131,4976397.0
2023-10-01 01:15:00,0.01132,0.01146,0.01129,0.01144,7429833.0
2023-10-01 01:30:00,0.01144,0.0115,0.01135,0.01138,5906883.0
2023-10-01 01:45:00,0.01138,0.01138,0.0113,0.01136,3417647.0
2023-10-01 02:00:00,0.01136,0.0115,0.01136,0.01148,7477346.0
2023-10-01 02:15:00,0.01147,0.0116,0.0114,0.0114,10461336.0
2023-10-01 02:30:00,0.0114,0.01141,0.01125,0.01135,12158996.0
2023-10-01 02:45:00,0.01135,0.01137,0.01125,0.01133,3925211.0
2023-10-01 03:00:00,0.01134,0.01141,0.01131,0.01138,4111787.0
2023-10-01 03:15:00,0.01138,0.01144,0.01136,0.01144,2550830.0
2023-10-01 03:30:00,0.01143,0.01152,0.01142,0.01151,4460814.0
2023-10-01 03:45:00,0.0115,0.01153,0.01146,0.01152,4784903.0
2023-10-01 04:00:00,0.01152,0.01153,0.01142,0.01146,4190683.0
2023-10-01 04:15:00,0.01145,0.01154,0.01144,0.01153,1865860.0
2023-10-01 04:30:00,0.01153,0.0116,0.01145,0.01148,5914682.0
2023-10-01 04:45:00,0.01148,0.01153,0.01144,0.01148,2950091.0
2023-10-01 05:00:00,0.01147,0.01154,0.01143,0.01151,7309486.0
2023-10-01 05:15:00,0.0115,0.01177,0.01149,0.01169,15487801.0
2023-10-01 05:30:00,0.01168,0.01169,0.01151,0.01154,8398127.0
2023-10-01 05:45:00,0.01153,0.01159,0.01143,0.01144,4857441.0
2023-10-01 06:00:00,0.01144,0.01145,0.01126,0.01127,17134825.0
2023-10-01 06:15:00,0.01127,0.01133,0.01121,0.01125,12151098.0
2023-10-01 06:30:00,0.01125,0.01141,0.01125,0.01132,10598812.0
2023-10-01 06:45:00,0.01132,0.01146,0.01132,0.01145,4689556.0
2023-10-01 07:00:00,0.01145,0.01151,0.01142,0.01148,5015608.0
2023-10-01 07:15:00,0.01148,0.01153,0.01145,0.01149,3906556.0
2023-10-01 07:30:00,0.01149,0.01156,0.01146,0.0115,6292992.0
2023-10-01 07:45:00,0.01149,0.01159,0.01147,0.01158,5986548.0
2023-10-01 08:00:00,0.01158,0.01162,0.01147,0.01147,8541846.0
2023-10-01 08:15:00,0.01147,0.01154,0.01146,0.01153,3388318.0
2023-10-01 08:30:00,0.01153,0.01156,0.01148,0.01151,2406082.0
2023-10-01 08:45:00,0.01151,0.01152,0.01147,0.01147,2341432.0
2023-10-01 09:00:00,0.01148,0.01173,0.01146,0.01166,23455795.0
2023-10-01 09:15:00,0.01166,0.01173,0.01158,0.0116,7415384.0
2023-10-01 09:30:00,0.0116,0.01165,0.01159,0.01161,1066000.0
2023-10-01 09:45:00,0.01161,0.01169,0.01159,0.01167,2773615.0
2023-10-01 10:00:00,0.01167,0.01178,0.01167,0.01173,6520856.0
2023-10-01 10:15:00,0.01174,0.0118,0.0117,0.01175,6162137.0
2023-10-01 10:30:00,0.01175,0.01198,0.0117,0.01188,30507972.0
2023-10-01 10:45:00,0.01188,0.01192,0.01168,0.0117,19043333.0
2023-10-01 11:00:00,0.0117,0.01173,0.01158,0.01165,7865162.0
2023-10-01 11:15:00,0.01165,0.01168,0.01157,0.01159,8275975.0
2023-10-01 11:30:00,0.01159,0.0116,0.01146,0.01147,5887510.0
2023-10-01 11:45:00,0.01147,0.01149,0.01141,0.01143,9898067.0
2023-10-01 12:00:00,0.01143,0.01144,0.01132,0.01132,9075373.0
2023-10-01 12:15:00,0.01132,0.01149,0.01132,0.01144,7766616.0
2023-10-01 12:30:00,0.01144,0.01145,0.01133,0.01136,6360746.0
2023-10-01 12:45:00,0.01136,0.01149,0.01136,0.01145,6047199.0
2023-10-01 13:00:00,0.01145,0.01178,0.01145,0.01178,14867941.0
2023-10-01 13:15:00,0.01178,0.01187,0.01167,0.01171,11299522.0
2023-10-01 13:30:00,0.01172,0.01182,0.01161,0.01174,18353755.0
2023-10-01 13:45:00,0.01174,0.01184,0.0117,0.01183,5287866.0
2023-10-01 14:00:00,0.01182,0.0119,0.01179,0.01184,6522462.0
2023-10-01 14:15:00,0.01184,0.01185,0.01175,0.01177,4512642.0
2023-10-01 14:30:00,0.01176,0.01186,0.0117,0.01172,7520877.0
2023-10-01 14:45:00,0.01173,0.01178,0.01164,0.0117,8452529.0
2023-10-01 15:00:00,0.01171,0.01174,0.01153,0.01171,14876235.0
2023-10-01 15:15:00,0.01171,0.01171,0.01159,0.0116,2592224.0
2023-10-01 15:30:00,0.0116,0.01188,0.0116,0.01181,10101284.0
2023-10-01 15:45:00,0.01181,0.01182,0.01172,0.01178,3899533.0
2023-10-01 16:00:00,0.01178,0.01193,0.01171,0.01184,15945287.0
2023-10-01 16:15:00,0.01183,0.01189,0.01176,0.01188,5876867.0
2023-10-01 16:30:00,0.01188,0.01198,0.01165,0.01173,13362518.0
2023-10-01 16:45:00,0.01173,0.01175,0.01161,0.01164,8119324.0
2023-10-01 17:00:00,0.01165,0.01194,0.01165,0.01183,10827643.0
2023-10-01 17:15:00,0.01183,0.01183,0.01174,0.0118,6591470.0
2023-10-01 17:30:00,0.0118,0.01193,0.0118,0.01187,9777913.0
2023-10-01 17:45:00,0.01186,0.0119,0.01176,0.01184,3763888.0
2023-10-01 18:00:00,0.01185,0.01193,0.01181,0.01191,5171866.0
2023-10-01 18:15:00,0.01192,0.01212,0.01189,0.01199,27305696.0
2023-10-01 18:30:00,0.012,0.01247,0.01199,0.01229,47806713.0
2023-10-01 18:45:00,0.01228,0.0123,0.01185,0.01186,33612045.0
2023-10-01 19:00:00,0.01186,0.01186,0.01112,0.01137,62711440.0
2023-10-01 19:15:00,0.01137,0.01145,0.01134,0.01139,14349064.0
2023-10-01 19:30:00,0.01139,0.0114,0.0111,0.01119,29030157.0
2023-10-01 19:45:00,0.01119,0.01136,0.01118,0.01122,13216836.0
2023-10-01 20:00:00,0.01121,0.01145,0.01121,0.0114,13574255.0
2023-10-01 20:15:00,0.01141,0.01159,0.01141,0.01149,19156779.0
2023-10-01 20:30:00,0.01149,0.01151,0.01135,0.01138,20799617.0
2023-10-01 20:45:00,0.01138,0.01142,0.01134,0.01137,5292816.0
2023-10-01 21:00:00,0.01137,0.01153,0.01135,0.01149,8145937.0
2023-10-01 21:15:00,0.01149,0.01149,0.01128,0.01133,30610643.0
2023-10-01 21:30:00,0.01134,0.01139,0.01123,0.01125,9815707.0
2023-10-01 21:45:00,0.01124,0.01135,0.01121,0.0113,4873632.0
2023-10-01 22:00:00,0.0113,0.01131,0.01122,0.01124,4461497.0
2023-10-01 22:15:00,0.01124,0.01178,0.01124,0.01155,33572635.0
2023-10-01 22:30:00,0.01155,0.01162,0.01142,0.0115,6592140.0
2023-10-01 22:45:00,0.01149,0.01153,0.01146,0.0115,3445203.0
2023-10-01 23:00:00,0.0115,0.01165,0.01145,0.01154,6080470.0
2023-10-01 23:15:00,0.01155,0.01161,0.01143,0.01143,8280966.0
2023-10-01 23:30:00,0.01145,0.0115,0.01141,0.01148,6874087.0
2023-10-01 23:45:00,0.01148,0.01154,0.01145,0.0115,11000587.0
2023-10-02 00:00:00,0.01151,0.01154,0.01122,0.01123,10214762.0
2023-10-02 00:15:00,0.01123,0.01129,0.01115,0.01129,11401060.0
2023-10-02 00:30:00,0.0113,0.01135,0.01124,0.01128,8568883.0
2023-10-02 00:45:00,0.01127,0.01137,0.01124,0.01137,2951056.0
2023-10-02 01:00:00,0.01136,0.01142,0.01125,0.01126,5833415.0
2023-10-02 01:15:00,0.01127,0.01135,0.01125,0.01133,3474009.0
2023-10-02 01:30:00,0.01135,0.01169,0.01133,0.01157,15535085.0
2023-10-02 01:45:00,0.01157,0.01158,0.01141,0.01144,12614559.0
2023-10-02 02:00:00,0.01144,0.01155,0.01141,0.01148,5922638.0
2023-10-02 02:15:00,0.01148,0.01148,0.01142,0.01142,1475112.0
2023-10-02 02:30:00,0.01143,0.01147,0.01139,0.01145,2176943.0
2023-10-02 02:45:00,0.01147,0.01148,0.01141,0.01141,1226764.0
2023-10-02 03:00:00,0.01142,0.01145,0.01127,0.01128,5548021.0
2023-10-02 03:15:00,0.01128,0.01133,0.01126,0.01128,1982726.0
2023-10-02 03:30:00,0.01127,0.01129,0.01118,0.01123,5031465.0
2023-10-02 03:45:00,0.01124,0.01125,0.01115,0.01121,7631216.0
2023-10-02 04:00:00,0.01121,0.01121,0.01094,0.01094,14471674.0
2023-10-02 04:15:00,0.01095,0.01103,0.0109,0.01102,11904784.0
2023-10-02 04:30:00,0.01102,0.0112,0.01102,0.01115,7884212.0
2023-10-02 04:45:00,0.01115,0.01117,0.0111,0.01117,3571247.0
2023-10-02 05:00:00,0.01115,0.01132,0.01111,0.0113,11464826.0
2023-10-02 05:15:00,0.01131,0.01135,0.01128,0.01133,3304045.0
2023-10-02 05:30:00,0.01133,0.01134,0.01124,0.01128,3745524.0
2023-10-02 05:45:00,0.01128,0.01136,0.01128,0.01131,2583817.0
2023-10-02 06:00:00,0.01132,0.0114,0.01132,0.01136,4425638.0
2023-10-02 06:15:00,0.01136,0.01147,0.01136,0.01145,4873113.0
2023-10-02 06:30:00,0.01146,0.01152,0.01136,0.01145,6179225.0
2023-10-02 06:45:00,0.01145,0.0115,0.01142,0.01148,4119038.0
2023-10-02 07:00:00,0.01149,0.01149,0.01137,0.01139,4836787.0
2023-10-02 07:15:00,0.01139,0.0114,0.01132,0.01135,4349471.0
2023-10-02 07:30:00,0.01135,0.01148,0.01134,0.0114,4747361.0
2023-10-02 07:45:00,0.01141,0.01145,0.0114,0.01143,1288578.0
2023-10-02 08:00:00,0.01142,0.01164,0.01141,0.01159,9297288.0
2023-10-02 08:15:00,0.01159,0.01175,0.01157,0.01169,11688362.0
2023-10-02 08:30:00,0.01169,0.01179,0.01166,0.0117,10007001.0
2023-10-02 08:45:00,0.0117,0.01177,0.0116,0.01163,6798548.0
2023-10-02 09:00:00,0.01164,0.01166,0.01145,0.01147,7578708.0
2023-10-02 09:15:00,0.01147,0.01163,0.01141,0.01157,7881868.0
2023-10-02 09:30:00,0.01157,0.01158,0.01144,0.01147,4782979.0
2023-10-02 09:45:00,0.01147,0.01149,0.01144,0.01147,2351541.0
2023-10-02 10:00:00,0.01147,0.01155,0.01147,0.01154,2520227.0
2023-10-02 10:15:00,0.01155,0.01165,0.01152,0.01158,3401842.0
2023-10-02 10:30:00,0.01158,0.01164,0.01158,0.01164,4014790.0
2023-10-02 10:45:00,0.01165,0.01167,0.01163,0.01164,2061252.0
2023-10-02 11:00:00,0.01165,0.01172,0.01163,0.01169,4540431.0
2023-10-02 11:15:00,0.01169,0.01171,0.01165,0.01168,2845995.0
2023-10-02 11:30:00,0.01169,0.01175,0.01167,0.01175,2631795.0
2023-10-02 11:45:00,0.01176,0.01176,0.01163,0.01168,13132243.0
2023-10-02 12:00:00,0.01168,0.01172,0.0116,0.01163,3648937.0
2023-10-02 12:15:00,0.01163,0.01171,0.01163,0.01167,2220734.0
2023-10-02 12:30:00,0.01168,0.01168,0.01162,0.01164,1427711.0
2023-10-02 12:45:00,0.01165,0.01166,0.01158,0.01161,3061720.0
2023-10-02 13:00:00,0.0116,0.01171,0.0116,0.01167,2260967.0
2023-10-02 13:15:00,0.01167,0.0119,0.01163,0.01164,14102208.0
2023-10-02 13:30:00,0.01165,0.01166,0.01146,0.01152,8023422.0
2023-10-02 13:45:00,0.01151,0.01153,0.01146,0.01148,2115522.0
2023-10-02 14:00:00,0.01149,0.0117,0.01146,0.0116,15602681.0
2023-10-02 14:15:00,0.0116,0.01163,0.01154,0.01158,4258165.0
2023-10-02 14:30:00,0.01157,0.01171,0.01156,0.01164,6833520.0
2023-10-02 14:45:00,0.01164,0.01173,0.01162,0.01172,2731920.0
2023-10-02 15:00:00,0.01172,0.01175,0.01161,0.01167,4751146.0
2023-10-02 15:15:00,0.01168,0.01174,0.01167,0.01172,2686479.0
2023-10-02 15:30:00,0.01173,0.01175,0.01168,0.01171,2873061.0
2023-10-02 15:45:00,0.01171,0.01173,0.01141,0.01161,10850518.0
2023-10-02 16:00:00,0.01161,0.01175,0.01154,0.01165,11898990.0
2023-10-02 16:15:00,0.01165,0.01167,0.01158,0.01161,6825436.0
2023-10-02 16:30:00,0.01161,0.01162,0.01147,0.0115,4952056.0
2023-10-02 16:45:00,0.01149,0.01161,0.01143,0.01156,5842923.0
2023-10-02 17:00:00,0.01157,0.01158,0.01143,0.01153,5452494.0
2023-10-02 17:15:00,0.01152,0.01167,0.01151,0.01166,6243367.0
2023-10-02 17:30:00,0.01166,0.01172,0.01162,0.01168,1749140.0
2023-10-02 17:45:00,0.01169,0.01173,0.01167,0.01171,1623993.0
2023-10-02 18:00:00,0.01172,0.01178,0.01162,0.01167,18791868.0
2023-10-02 18:15:00,0.01168,0.01193,0.01165,0.01176,14154371.0
2023-10-02 18:30:00,0.01176,0.01199,0.01159,0.01168,44490960.0
2023-10-02 18:45:00,0.01167,0.01187,0.01162,0.01176,21718230.0
2023-10-02 19:00:00,0.01176,0.01197,0.01175,0.01187,24553946.0
2023-10-02 19:15:00,0.01188,0.01255,0.01184,0.01224,92636243.0
2023-10-02 19:30:00,0.01223,0.01224,0.01184,0.01197,49337417.0
2023-10-02 19:45:00,0.01197,0.01202,0.01189,0.01192,15807189.0
2023-10-02 20:00:00,0.01191,0.01209,0.01191,0.01201,12605936.0
2023-10-02 20:15:00,0.01202,0.01221,0.01201,0.01214,11205880.0
2023-10-02 20:30:00,0.01215,0.0122,0.01202,0.0121,7749413.0
2023-10-02 20:45:00,0.01209,0.01214,0.01202,0.0121,3791719.0
2023-10-02 21:00:00,0.01208,0.01219,0.01207,0.01212,4390530.0
2023-10-02 21:15:00,0.01212,0.01232,0.01212,0.01229,12804798.0
2023-10-02 21:30:00,0.0123,0.01246,0.01211,0.01222,28052801.0
2023-10-02 21:45:00,0.01221,0.01235,0.01195,0.01217,25668021.0
2023-10-02 22:00:00,0.01219,0.01229,0.01211,0.01212,14466680.0
2023-10-02 22:15:00,0.01212,0.01217,0.01198,0.01216,8569786.0
2023-10-02 22:30:00,0.01216,0.01218,0.012,0.01204,8692063.0
2023-10-02 22:45:00,0.01205,0.01207,0.01196,0.01197,4830315.0
2023-10-02 23:00:00,0.01197,0.01205,0.01191,0.01193,2492334.0
2023-10-02 23:15:00,0.01194,0.01214,0.01189,0.01207,15523434.0
2023-10-02 23:30:00,0.01206,0.01206,0.01195,0.01198,3541032.0
2023-10-02 23:45:00,0.01198,0.01204,0.01198,0.01201,2801685.0
2023-10-03 00:00:00,0.01201,0.01225,0.012,0.01222,7651606.0
2023-10-03 00:15:00,0.01222,0.01227,0.01207,0.01214,8228588.0
2023-10-03 00:30:00,0.01214,0.01221,0.01191,0.01196,9781020.0
2023-10-03 00:45:00,0.01195,0.01195,0.0115,0.01156,28412835.0
2023-10-03 01:00:00,0.01155,0.01175,0.01153,0.0117,8241282.0
2023-10-03 01:15:00,0.01169,0.01189,0.01169,0.01178,7639034.0
2023-10-03 01:30:00,0.01178,0.01189,0.01177,0.01182,3891612.0
2023-10-03 01:45:00,0.01184,0.01198,0.01183,0.01197,1377099.0
2023-10-03 02:00:00,0.01196,0.01217,0.01195,0.01206,10629415.0
2023-10-03 02:15:00,0.01205,0.01208,0.01194,0.01199,5485446.0
2023-10-03 02:30:00,0.01199,0.01206,0.01191,0.01204,3683378.0
2023-10-03 02:45:00,0.01201,0.01204,0.01183,0.01187,6764498.0
2023-10-03 03:00:00,0.01188,0.01198,0.01188,0.01193,3493491.0
2023-10-03 03:15:00,0.01193,0.01193,0.01171,0.01174,6777083.0
2023-10-03 03:30:00,0.01173,0.01182,0.01171,0.0118,2904005.0
2023-10-03 03:45:00,0.0118,0.01185,0.01177,0.01184,1726704.0
2023-10-03 04:00:00,0.01184,0.01195,0.01184,0.01193,4158791.0
2023-10-03 04:15:00,0.01194,0.01196,0.01174,0.01177,5172511.0
2023-10-03 04:30:00,0.01177,0.01185,0.0117,0.01174,4394735.0
2023-10-03 04:45:00,0.01174,0.01174,0.01152,0.01168,21794971.0
2023-10-03 05:00:00,0.01168,0.01169,0.01153,0.01155,3890751.0
2023-10-03 05:15:00,0.01154,0.01163,0.01143,0.0115,9378253.0
2023-10-03 05:30:00,0.01149,0.01164,0.01149,0.01164,5464033.0
2023-10-03 05:45:00,0.01162,0.01174,0.01159,0.0117,4592970.0
2023-10-03 06:00:00,0.01168,0.01175,0.01162,0.01171,4828738.0
2023-10-03 06:15:00,0.01171,0.012,0.01169,0.01198,16503900.0
2023-10-03 06:30:00,0.01199,0.01216,0.01197,0.01201,20922650.0
2023-10-03 06:45:00,0.01201,0.01208,0.0119,0.01193,10261546.0
2023-10-03 07:00:00,0.01193,0.01205,0.0119,0.01201,7744877.0
2023-10-03 07:15:00,0.01201,0.01246,0.01194,0.01219,36677907.0
2023-10-03 07:30:00,0.01219,0.01225,0.01196,0.01201,47022511.0
2023-10-03 07:45:00,0.01201,0.01216,0.01198,0.01208,25573911.0
2023-10-03 08:00:00,0.01209,0.0124,0.01204,0.01235,47240854.0
2023-10-03 08:15:00,0.01236,0.01259,0.01233,0.0125,91155168.0
2023-10-03 08:30:00,0.0125,0.01289,0.01244,0.01281,86960434.0
2023-10-03 08:45:00,0.01281,0.01369,0.01255,0.01351,236825915.0
2023-10-03 09:00:00,0.01351,0.01421,0.01351,0.01385,280908076.0
2023-10-03 09:15:00,0.01384,0.01414,0.01344,0.01413,168274996.0
2023-10-03 09:30:00,0.01414,0.01449,0.01392,0.01396,178124144.0
2023-10-03 09:45:00,0.01396,0.01405,0.01361,0.01371,121215520.0
2023-10-03 10:00:00,0.01369,0.01388,0.01354,0.01359,109944637.0
2023-10-03 10:15:00,0.0136,0.01375,0.01351,0.01359,82074853.0
2023-10-03 10:30:00,0.01359,0.01384,0.01357,0.01373,90085039.0
2023-10-03 10:45:00,0.01372,0.01377,0.01361,0.0137,32000132.0
2023-10-03 11:00:00,0.01371,0.01374,0.01316,0.01338,87286507.0
2023-10-03 11:15:00,0.01338,0.01349,0.01326,0.01334,45963789.0
2023-10-03 11:30:00,0.01334,0.0136,0.01334,0.0136,36004734.0
2023-10-03 11:45:00,0.01361,0.01379,0.01327,0.01331,50083547.0
2023-10-03 12:00:00,0.01331,0.01353,0.0132,0.01351,51241102.0
2023-10-03 12:15:00,0.01351,0.01358,0.01335,0.01345,32727987.0
2023-10-03 12:30:00,0.01345,0.01345,0.01334,0.01334,25569626.0
2023-10-03 12:45:00,0.01334,0.01338,0.01317,0.0133,47726749.0
2023-10-03 13:00:00,0.0133,0.01338,0.01298,0.01301,61675034.0
2023-10-03 13:15:00,0.01301,0.01331,0.01287,0.01314,64845892.0
2023-10-03 13:30:00,0.01314,0.01325,0.013,0.013,39887476.0
2023-10-03 13:45:00,0.01301,0.01315,0.01292,0.01303,35051247.0
2023-10-03 14:00:00,0.01303,0.01304,0.01283,0.01289,38454962.0
2023-10-03 14:15:00,0.01289,0.01294,0.01266,0.01269,41901923.0
2023-10-03 14:30:00,0.0127,0.01279,0.01262,0.0127,42245136.0
2023-10-03 14:45:00,0.01271,0.01271,0.01229,0.01234,70534935.0
2023-10-03 15:00:00,0.01234,0.0124,0.01141,0.01211,180157077.0
2023-10-03 15:15:00,0.01211,0.01217,0.01184,0.01196,71056349.0
2023-10-03 15:30:00,0.01195,0.01195,0.01154,0.01167,76956567.0
2023-10-03 15:45:00,0.01168,0.01185,0.01153,0.01177,54686255.0
2023-10-03 16:00:00,0.01178,0.01179,0.01131,0.01159,83781208.0
2023-10-03 16:15:00,0.01159,0.01164,0.01101,0.01116,107697282.0
2023-10-03 16:30:00,0.01115,0.01143,0.01114,0.01129,46162791.0
2023-10-03 16:45:00,0.01128,0.0113,0.01102,0.01106,46421845.0
2023-10-03 17:00:00,0.01106,0.01111,0.01047,0.01048,122964121.0
2023-10-03 17:15:00,0.01047,0.01055,0.01014,0.01034,93073724.0
2023-10-03 17:30:00,0.01033,0.01053,0.01027,0.01039,49402434.0
2023-10-03 17:45:00,0.0104,0.01066,0.01031,0.01061,40776976.0
2023-10-03 18:00:00,0.01061,0.01066,0.01039,0.0105,46030600.0
2023-10-03 18:15:00,0.01049,0.01053,0.0104,0.01043,17799884.0
2023-10-03 18:30:00,0.01043,0.01054,0.01035,0.01049,28716875.0
2023-10-03 18:45:00,0.01049,0.01057,0.01046,0.01054,13984584.0
2023-10-03 19:00:00,0.01055,0.01087,0.01051,0.01077,55101604.0
2023-10-03 19:15:00,0.01076,0.01094,0.01068,0.01094,36990493.0
2023-10-03 19:30:00,0.01094,0.01102,0.01079,0.01082,43338527.0
2023-10-03 19:45:00,0.01081,0.01091,0.01074,0.01083,22450355.0
2023-10-03 20:00:00,0.01082,0.01106,0.01082,0.01099,24433155.0
2023-10-03 20:15:00,0.01098,0.01125,0.01094,0.01118,29544837.0
2023-10-03 20:30:00,0.01119,0.0112,0.011,0.01111,20251339.0
2023-10-03 20:45:00,0.01112,0.0112,0.01111,0.01119,11521564.0
2023-10-03 21:00:00,0.01119,0.01119,0.01103,0.01106,18286288.0
2023-10-03 21:15:00,0.01105,0.01106,0.01085,0.01094,22603974.0
2023-10-03 21:30:00,0.01095,0.01106,0.01094,0.01099,24742433.0
2023-10-03 21:45:00,0.01099,0.011,0.01083,0.01086,12339251.0
2023-10-03 22:00:00,0.01085,0.01096,0.01081,0.01092,15423768.0
2023-10-03 22:15:00,0.01091,0.01093,0.01076,0.01078,11120814.0
2023-10-03 22:30:00,0.01078,0.01082,0.01069,0.01071,9269467.0
2023-10-03 22:45:00,0.01072,0.01083,0.01056,0.01078,23680456.0
2023-10-03 23:00:00,0.01077,0.01095,0.01063,0.01083,14653505.0
2023-10-03 23:15:00,0.01083,0.01085,0.01072,0.01079,10797369.0
2023-10-03 23:30:00,0.01079,0.01084,0.01074,0.01077,4658921.0
2023-10-03 23:45:00,0.01076,0.01084,0.01073,0.01078,11832635.0
2023-10-04 00:00:00,0.01079,0.01079,0.0106,0.01063,19842206.0
2023-10-04 00:15:00,0.01063,0.01063,0.01032,0.01037,30672443.0
2023-10-04 00:30:00,0.01038,0.01051,0.01016,0.01021,30775081.0
2023-10-04 00:45:00,0.01021,0.0103,0.00992,0.01,73594219.0
2023-10-04 01:00:00,0.01,0.01026,0.00998,0.01021,27979882.0
2023-10-04 01:15:00,0.01022,0.01033,0.01019,0.01026,14132873.0
2023-10-04 01:30:00,0.01026,0.01029,0.01015,0.01027,14054645.0
2023-10-04 01:45:00,0.01028,0.01048,0.01028,0.0104,18860702.0
2023-10-04 02:00:00,0.01039,0.01055,0.01036,0.01046,17470467.0
2023-10-04 02:15:00,0.01045,0.01057,0.01037,0.01056,8999265.0
2023-10-04 02:30:00,0.01057,0.01057,0.01046,0.01055,9041619.0
2023-10-04 02:45:00,0.01056,0.01062,0.01054,0.0106,8834404.0
2023-10-04 03:00:00,0.01061,0.01062,0.0105,0.0105,7444892.0
2023-10-04 03:15:00,0.01051,0.01058,0.01051,0.01055,9734829.0
2023-10-04 03:30:00,0.01054,0.01055,0.01036,0.0105,14903009.0
2023-10-04 03:45:00,0.0105,0.01053,0.01042,0.01046,12769840.0
2023-10-04 04:00:00,0.01046,0.01046,0.01029,0.01037,21810960.0
2023-10-04 04:15:00,0.01036,0.01042,0.01031,0.01041,8364286.0
2023-10-04 04:30:00,0.01041,0.01041,0.01032,0.01033,7991351.0
2023-10-04 04:45:00,0.01033,0.0104,0.01031,0.01036,9987621.0
2023-10-04 05:00:00,0.01036,0.01046,0.01036,0.01041,7305021.0
2023-10-04 05:15:00,0.0104,0.01042,0.01035,0.01041,5985444.0
2023-10-04 05:30:00,0.01041,0.01058,0.01036,0.01054,14020427.0
2023-10-04 05:45:00,0.01054,0.01054,0.01043,0.01045,7965080.0
2023-10-04 06:00:00,0.01045,0.01046,0.01036,0.01044,7778950.0
2023-10-04 06:15:00,0.01044,0.01044,0.01031,0.01032,5571817.0
2023-10-04 06:30:00,0.01033,0.01042,0.01027,0.01036,13455804.0
2023-10-04 06:45:00,0.01037,0.01047,0.01037,0.01045,11108586.0
2023-10-04 07:00:00,0.01044,0.01045,0.01037,0.01045,4810376.0
2023-10-04 07:15:00,0.01045,0.01046,0.01037,0.01038,4654300.0
2023-10-04 07:30:00,0.01039,0.0104,0.01033,0.01035,10645217.0
2023-10-04 07:45:00,0.01034,0.01041,0.01032,0.0104,3453043.0
2023-10-04 08:00:00,0.01039,0.01041,0.01028,0.01039,14932506.0
2023-10-04 08:15:00,0.0104,0.01054,0.0103,0.01053,13647335.0
2023-10-04 08:30:00,0.01052,0.01067,0.01044,0.01054,22125132.0
2023-10-04 08:45:00,0.01052,0.01063,0.01049,0.01053,14917287.0
2023-10-04 09:00:00,0.01054,0.01067,0.01051,0.01062,14234509.0
2023-10-04 09:15:00,0.01062,0.01068,0.01042,0.01042,25212597.0
2023-10-04 09:30:00,0.01042,0.01052,0.01042,0.01047,14039734.0
2023-10-04 09:45:00,0.01046,0.01065,0.01046,0.01058,11816087.0
2023-10-04 10:00:00,0.01057,0.01059,0.01045,0.01046,6417938.0
2023-10-04 10:15:00,0.01046,0.0105,0.01042,0.01042,5112099.0
2023-10-04 10:30:00,0.01041,0.01049,0.01032,0.01033,12619861.0
2023-10-04 10:45:00,0.01034,0.01035,0.01012,0.01023,48881024.0
2023-10-04 11:00:00,0.01023,0.01023,0.00993,0.01,61426310.0
2023-10-04 11:15:00,0.01,0.01011,0.00991,0.01004,28475361.0
2023-10-04 11:30:00,0.01004,0.01016,0.00994,0.00996,28298220.0
2023-10-04 11:45:00,0.00996,0.01004,0.00982,0.00998,45335339.0
2023-10-04 12:00:00,0.00999,0.01003,0.0099,0.00994,13929491.0
2023-10-04 12:15:00,0.00994,0.01009,0.00988,0.01008,23621837.0
2023-10-04 12:30:00,0.01008,0.01017,0.01003,0.01006,29571101.0
2023-10-04 12:45:00,0.01006,0.01007,0.00994,0.00996,17542558.0
2023-10-04 13:00:00,0.00997,0.01005,0.00984,0.01003,24377101.0
2023-10-04 13:15:00,0.01002,0.01002,0.00984,0.00989,29769733.0
2023-10-04 13:30:00,0.00989,0.00995,0.00954,0.00965,62675405.0
2023-10-04 13:45:00,0.00965,0.00984,0.00964,0.00978,23375495.0
2023-10-04 14:00:00,0.00977,0.00987,0.0097,0.00971,15895928.0
2023-10-04 14:15:00,0.00971,0.00976,0.00966,0.00968,12947705.0
2023-10-04 14:30:00,0.00968,0.00984,0.00959,0.00977,27467610.0
2023-10-04 14:45:00,0.00978,0.00982,0.00967,0.0097,19817782.0
2023-10-04 15:00:00,0.0097,0.00979,0.00967,0.00974,17834931.0
2023-10-04 15:15:00,0.00973,0.00973,0.00958,0.00959,13285748.0
2023-10-04 15:30:00,0.00959,0.0097,0.00958,0.00967,12523077.0
2023-10-04 15:45:00,0.00968,0.0097,0.00939,0.00941,25248477.0
2023-10-04 16:00:00,0.00941,0.00949,0.0092,0.0093,41639007.0
2023-10-04 16:15:00,0.0093,0.00941,0.00923,0.00924,19871887.0
2023-10-04 16:30:00,0.00925,0.00951,0.00918,0.00941,22107457.0
2023-10-04 16:45:00,0.00943,0.00947,0.00935,0.00942,19122914.0
2023-10-04 17:00:00,0.00942,0.00952,0.00935,0.00942,14893680.0
2023-10-04 17:15:00,0.00941,0.00944,0.00934,0.00936,11507218.0
2023-10-04 17:30:00,0.00936,0.00938,0.00927,0.00932,13497090.0
2023-10-04 17:45:00,0.00931,0.0094,0.00926,0.00936,10860352.0
2023-10-04 18:00:00,0.00936,0.00938,0.0093,0.00938,3956465.0
2023-10-04 18:15:00,0.00938,0.00951,0.00936,0.00948,30666931.0
2023-10-04 18:30:00,0.00948,0.00951,0.00931,0.00938,33844608.0
2023-10-04 18:45:00,0.00938,0.00945,0.00929,0.00937,41943559.0
2023-10-04 19:00:00,0.00937,0.00947,0.00933,0.00943,14980761.0
2023-10-04 19:15:00,0.00943,0.00944,0.00934,0.0094,6731480.0
2023-10-04 19:30:00,0.00939,0.00941,0.00929,0.00935,7940324.0
2023-10-04 19:45:00,0.00935,0.00942,0.00934,0.00938,4433691.0
2023-10-04 20:00:00,0.00937,0.00947,0.00934,0.00947,9702848.0
2023-10-04 20:15:00,0.00947,0.00948,0.00941,0.00944,3992851.0
2023-10-04 20:30:00,0.00943,0.00945,0.00941,0.00944,2757526.0
2023-10-04 20:45:00,0.00944,0.00949,0.00935,0.00941,6197228.0
2023-10-04 21:00:00,0.00941,0.00945,0.00937,0.0094,6323112.0
2023-10-04 21:15:00,0.00941,0.00946,0.00938,0.00945,10302278.0
2023-10-04 21:30:00,0.00945,0.00958,0.00942,0.00956,11966554.0
2023-10-04 21:45:00,0.00955,0.00956,0.00946,0.00949,4009499.0
2023-10-04 22:00:00,0.00949,0.00953,0.00947,0.00949,7906537.0
2023-10-04 22:15:00,0.0095,0.00961,0.00948,0.00959,12988155.0
2023-10-04 22:30:00,0.00958,0.00963,0.00951,0.00954,4899475.0
2023-10-04 22:45:00,0.00954,0.00959,0.00949,0.00951,4211856.0
2023-10-04 23:00:00,0.00952,0.00958,0.00952,0.00958,2028249.0
2023-10-04 23:15:00,0.00957,0.00958,0.00954,0.00955,4440444.0
2023-10-04 23:30:00,0.00955,0.00957,0.00949,0.0095,5315321.0
2023-10-04 23:45:00,0.0095,0.00953,0.00949,0.00953,1631709.0
2023-10-05 00:00:00,0.00953,0.00958,0.00943,0.0095,11365608.0
2023-10-05 00:15:00,0.0095,0.00952,0.00941,0.00944,7702571.0
2023-10-05 00:30:00,0.00944,0.00944,0.00934,0.00943,13339601.0
2023-10-05 00:45:00,0.00943,0.00949,0.00938,0.0094,13228069.0
2023-10-05 01:00:00,0.0094,0.00948,0.00936,0.00944,6421414.0
2023-10-05 01:15:00,0.00944,0.00944,0.00932,0.00934,6436680.0
2023-10-05 01:30:00,0.00933,0.00936,0.00929,0.00931,5063426.0
2023-10-05 01:45:00,0.00931,0.0095,0.00931,0.00945,8973731.0
2023-10-05 02:00:00,0.00945,0.00946,0.00933,0.00937,6030044.0
2023-10-05 02:15:00,0.00937,0.00938,0.00931,0.00934,3873689.0
2023-10-05 02:30:00,0.00934,0.0094,0.00933,0.0094,3511557.0
2023-10-05 02:45:00,0.00938,0.00947,0.00938,0.00946,6609275.0
2023-10-05 03:00:00,0.00946,0.00946,0.00941,0.00946,2980599.0
2023-10-05 03:15:00,0.00945,0.00965,0.00944,0.00964,13976372.0
2023-10-05 03:30:00,0.00963,0.00964,0.00955,0.00959,5811734.0
2023-10-05 03:45:00,0.00959,0.00961,0.00952,0.00955,4699892.0
2023-10-05 04:00:00,0.00956,0.00962,0.00956,0.00957,747229.0
2023-10-05 04:15:00,0.00958,0.00963,0.00948,0.00954,7770735.0
2023-10-05 04:30:00,0.00953,0.00968,0.00953,0.00965,10299935.0
2023-10-05 04:45:00,0.00966,0.00985,0.00963,0.00966,26953606.0
2023-10-05 05:00:00,0.00967,0.0099,0.00964,0.00983,17260848.0
2023-10-05 05:15:00,0.00982,0.00983,0.00967,0.00982,13149658.0
2023-10-05 05:30:00,0.00981,0.00981,0.00968,0.00973,8839746.0
2023-10-05 05:45:00,0.00973,0.00982,0.00968,0.00975,11834156.0
2023-10-05 06:00:00,0.00976,0.00981,0.00965,0.00967,13232953.0
2023-10-05 06:15:00,0.00967,0.00979,0.00965,0.00972,8502651.0
2023-10-05 06:30:00,0.00973,0.00985,0.00971,0.00983,7075308.0
2023-10-05 06:45:00,0.00983,0.00997,0.00981,0.00985,22421828.0
2023-10-05 07:00:00,0.00985,0.01005,0.00981,0.01002,31487923.0
2023-10-05 07:15:00,0.01002,0.01019,0.00992,0.00996,37854526.0
2023-10-05 07:30:00,0.00996,0.00997,0.00981,0.00991,16684694.0
2023-10-05 07:45:00,0.00992,0.01002,0.00985,0.01001,14622221.0
2023-10-05 08:00:00,0.01001,0.01016,0.00989,0.00994,32875882.0
2023-10-05 08:15:00,0.00994,0.00996,0.00985,0.00992,8836979.0
2023-10-05 08:30:00,0.00993,0.01,0.00993,0.00994,9417653.0
2023-10-05 08:45:00,0.00995,0.01005,0.00995,0.00996,7128311.0
2023-10-05 09:00:00,0.00996,0.0101,0.00996,0.01003,10766290.0
2023-10-05 09:15:00,0.01004,0.01009,0.00993,0.00997,10534517.0
2023-10-05 09:30:00,0.00997,0.01005,0.00997,0.01002,4192347.0
2023-10-05 09:45:00,0.01002,0.01023,0.01002,0.01012,24225849.0
2023-10-05 10:00:00,0.01011,0.01022,0.0101,0.0102,21393693.0
2023-10-05 10:15:00,0.0102,0.01021,0.0101,0.01019,8850715.0
2023-10-05 10:30:00,0.01019,0.01046,0.01015,0.01038,21519075.0
2023-10-05 10:45:00,0.01038,0.01045,0.01036,0.01042,33936120.0
2023-10-05 11:00:00,0.01042,0.01059,0.01042,0.01046,27411991.0
2023-10-05 11:15:00,0.01045,0.01071,0.01044,0.01071,33769201.0
2023-10-05 11:30:00,0.0107,0.0108,0.0105,0.0105,34733972.0
2023-10-05 11:45:00,0.0105,0.01053,0.01024,0.01035,37344478.0
2023-10-05 12:00:00,0.01035,0.01051,0.01035,0.01037,13056444.0
2023-10-05 12:15:00,0.01037,0.01046,0.01022,0.01023,18857237.0
2023-10-05 12:30:00,0.01023,0.01036,0.01013,0.0103,24109600.0
2023-10-05 12:45:00,0.0103,0.0103,0.01019,0.01025,16391552.0
2023-10-05 13:00:00,0.01024,0.01024,0.01003,0.01019,25025565.0
2023-10-05 13:15:00,0.01018,0.01032,0.01017,0.01029,19369441.0
2023-10-05 13:30:00,0.01029,0.01043,0.01015,0.01017,21831621.0
2023-10-05 13:45:00,0.01017,0.01028,0.01016,0.01025,9811913.0
2023-10-05 14:00:00,0.01025,0.01035,0.01021,0.01034,9248527.0
2023-10-05 14:15:00,0.01034,0.01053,0.01027,0.01045,24839336.0
2023-10-05 14:30:00,0.01046,0.01048,0.01029,0.0103,11645566.0
2023-10-05 14:45:00,0.0103,0.01034,0.01026,0.0103,7589587.0
2023-10-05 15:00:00,0.0103,0.01041,0.01023,0.01038,14767175.0
2023-10-05 15:15:00,0.01038,0.01044,0.0102,0.0102,12055076.0
2023-10-05 15:30:00,0.01021,0.01038,0.01017,0.01037,18039146.0
2023-10-05 15:45:00,0.01036,0.01045,0.01036,0.01041,13230279.0
2023-10-05 16:00:00,0.01042,0.01057,0.01029,0.01032,34500578.0
2023-10-05 16:15:00,0.01031,0.01047,0.01031,0.01041,14170875.0
2023-10-05 16:30:00,0.0104,0.0104,0.01025,0.01026,13665086.0
2023-10-05 16:45:00,0.01026,0.01033,0.01021,0.01027,10247113.0
2023-10-05 17:00:00,0.01026,0.01029,0.0101,0.01012,15877609.0
2023-10-05 17:15:00,0.01012,0.01025,0.01011,0.01016,8490452.0
2023-10-05 17:30:00,0.01016,0.01027,0.01016,0.01021,6325189.0
2023-10-05 17:45:00,0.0102,0.01027,0.01019,0.01021,4795419.0
2023-10-05 18:00:00,0.0102,0.01021,0.01001,0.01008,16125434.0
2023-10-05 18:15:00,0.01008,0.0101,0.00983,0.00988,29893948.0
2023-10-05 18:30:00,0.00988,0.00994,0.00966,0.00976,22544722.0
2023-10-05 18:45:00,0.00977,0.00984,0.00973,0.00979,6713628.0
2023-10-05 19:00:00,0.0098,0.01002,0.00979,0.01,12152048.0
2023-10-05 19:15:00,0.00999,0.01004,0.00994,0.01002,9154393.0
2023-10-05 19:30:00,0.01002,0.01002,0.00993,0.00996,4221332.0
2023-10-05 19:45:00,0.00996,0.01004,0.00996,0.01002,5192675.0
2023-10-05 20:00:00,0.01002,0.01017,0.00999,0.01012,11753809.0
2023-10-05 20:15:00,0.01013,0.01017,0.01005,0.01006,5827650.0
2023-10-05 20:30:00,0.01006,0.01008,0.00996,0.00997,6499655.0
2023-10-05 20:45:00,0.00997,0.01002,0.00997,0.00999,4211173.0
2023-10-05 21:00:00,0.00999,0.01004,0.00997,0.00997,5076501.0
2023-10-05 21:15:00,0.00997,0.00999,0.00991,0.00998,6556219.0
2023-10-05 21:30:00,0.00997,0.01005,0.00997,0.01005,3590659.0
2023-10-05 21:45:00,0.01005,0.01007,0.01002,0.01004,2672739.0
2023-10-05 22:00:00,0.01003,0.01006,0.00993,0.01004,7595197.0
2023-10-05 22:15:00,0.01004,0.01004,0.00996,0.01001,6652590.0
2023-10-05 22:30:00,0.01,0.01004,0.00997,0.00999,6247179.0
2023-10-05 22:45:00,0.00999,0.01003,0.00995,0.01002,3752430.0
2023-10-05 23:00:00,0.01002,0.01002,0.00995,0.00997,2147095.0
2023-10-05 23:15:00,0.00998,0.01002,0.00997,0.00999,6077349.0
2023-10-05 23:30:00,0.00999,0.00999,0.00993,0.00996,2705638.0
2023-10-05 23:45:00,0.00995,0.00996,0.00992,0.00995,2031600.0
2023-10-06 00:00:00,0.00994,0.01001,0.00985,0.00995,7496325.0
2023-10-06 00:15:00,0.00995,0.01007,0.00994,0.01002,7263215.0
2023-10-06 00:30:00,0.01002,0.0101,0.00999,0.01007,4583247.0
2023-10-06 00:45:00,0.01007,0.01007,0.00997,0.00997,3149907.0
2023-10-06 01:00:00,0.00997,0.01004,0.0099,0.01002,4420982.0
2023-10-06 01:15:00,0.01003,0.01005,0.01,0.01001,2215433.0
2023-10-06 01:30:00,0.01002,0.0101,0.01001,0.01009,5240489.0
2023-10-06 01:45:00,0.01009,0.0101,0.01003,0.01006,2885075.0
2023-10-06 02:00:00,0.01005,0.01017,0.01001,0.01008,16340025.0
2023-10-06 02:15:00,0.01008,0.01008,0.00996,0.00997,7506742.0
2023-10-06 02:30:00,0.00998,0.01,0.00984,0.00988,10195702.0
2023-10-06 02:45:00,0.00988,0.00994,0.00987,0.00992,3245536.0
2023-10-06 03:00:00,0.00992,0.00992,0.00975,0.00979,12596889.0
2023-10-06 03:15:00,0.0098,0.00984,0.00976,0.00981,3400181.0
2023-10-06 03:30:00,0.00981,0.00982,0.00958,0.00974,22345146.0
2023-10-06 03:45:00,0.00974,0.00977,0.00968,0.00968,8071988.0
2023-10-06 04:00:00,0.00969,0.00977,0.00966,0.00977,5650325.0
2023-10-06 04:15:00,0.00976,0.00979,0.00973,0.00977,2652680.0
2023-10-06 04:30:00,0.00976,0.00987,0.00975,0.00987,3428138.0
2023-10-06 04:45:00,0.00987,0.00989,0.00982,0.00983,2397544.0
2023-10-06 05:00:00,0.00983,0.00983,0.00976,0.00979,7252171.0
2023-10-06 05:15:00,0.00978,0.00986,0.00976,0.00984,6943904.0
2023-10-06 05:30:00,0.00983,0.00985,0.00979,0.00984,3058864.0
2023-10-06 05:45:00,0.00983,0.0099,0.00978,0.00981,6151128.0
2023-10-06 06:00:00,0.00982,0.00987,0.00979,0.0098,3799581.0
2023-10-06 06:15:00,0.00979,0.00982,0.00975,0.00979,3313863.0
2023-10-06 06:30:00,0.00979,0.00981,0.0097,0.00971,6331573.0
2023-10-06 06:45:00,0.00971,0.00974,0.0097,0.00973,3066537.0
2023-10-06 07:00:00,0.00973,0.0099,0.00971,0.00987,14563990.0
2023-10-06 07:15:00,0.00987,0.01,0.00986,0.00996,12040355.0
2023-10-06 07:30:00,0.00996,0.0101,0.00989,0.01008,17001443.0
2023-10-06 07:45:00,0.01008,0.01009,0.00996,0.01001,6579456.0
2023-10-06 08:00:00,0.01001,0.01016,0.01001,0.01008,13618761.0
2023-10-06 08:15:00,0.01009,0.01018,0.01003,0.01013,9859630.0
2023-10-06 08:30:00,0.01014,0.01016,0.01003,0.0101,6126144.0
2023-10-06 08:45:00,0.0101,0.01011,0.01001,0.01003,7235843.0
2023-10-06 09:00:00,0.01002,0.01012,0.01002,0.01008,3752887.0
2023-10-06 09:15:00,0.01007,0.01012,0.01006,0.01011,8755894.0
2023-10-06 09:30:00,0.0101,0.01013,0.01006,0.0101,5903815.0
2023-10-06 09:45:00,0.01009,0.01014,0.01008,0.01012,3536918.0
2023-10-06 10:00:00,0.01012,0.01012,0.01006,0.01006,3252578.0
2023-10-06 10:15:00,0.01006,0.01014,0.01006,0.01013,4342061.0
2023-10-06 10:30:00,0.01014,0.01018,0.01013,0.01016,12402598.0
2023-10-06 10:45:00,0.01015,0.01022,0.01015,0.01018,11630578.0
2023-10-06 11:00:00,0.01019,0.0102,0.01008,0.0101,6306075.0
2023-10-06 11:15:00,0.0101,0.01018,0.01007,0.01009,5547788.0
2023-10-06 11:30:00,0.0101,0.01012,0.01007,0.01009,4311363.0
2023-10-06 11:45:00,0.01009,0.01018,0.01009,0.01012,4579637.0
2023-10-06 12:00:00,0.01013,0.01015,0.01008,0.0101,7498386.0
2023-10-06 12:15:00,0.01011,0.01021,0.0101,0.01016,8216115.0
2023-10-06 12:30:00,0.01015,0.01016,0.01,0.01014,17883625.0
2023-10-06 12:45:00,0.01014,0.01014,0.00999,0.01004,13243693.0
2023-10-06 13:00:00,0.01003,0.01006,0.01,0.01004,5916645.0
2023-10-06 13:15:00,0.01005,0.01006,0.01002,0.01005,2065184.0
2023-10-06 13:30:00,0.01006,0.01017,0.01004,0.01011,12448900.0
2023-10-06 13:45:00,0.01011,0.01017,0.01011,0.01013,1515521.0
2023-10-06 14:00:00,0.01014,0.0103,0.01013,0.01028,10583719.0
2023-10-06 14:15:00,0.01028,0.01047,0.01028,0.01036,24625775.0
2023-10-06 14:30:00,0.01036,0.01036,0.01023,0.0103,8351332.0
2023-10-06 14:45:00,0.01029,0.01034,0.01026,0.0103,2460194.0
2023-10-06 15:00:00,0.0103,0.01033,0.0102,0.01025,7106286.0
2023-10-06 15:15:00,0.01026,0.01026,0.01018,0.0102,7056508.0
2023-10-06 15:30:00,0.0102,0.01027,0.01018,0.01021,10535716.0
2023-10-06 15:45:00,0.01021,0.01027,0.01021,0.01023,3567294.0
2023-10-06 16:00:00,0.01023,0.01034,0.01021,0.01028,11733183.0
2023-10-06 16:15:00,0.01027,0.01031,0.01023,0.01026,1800299.0
2023-10-06 16:30:00,0.01025,0.01031,0.01023,0.01031,5622933.0
2023-10-06 16:45:00,0.01031,0.01039,0.01029,0.01035,10341569.0
2023-10-06 17:00:00,0.01036,0.01043,0.01033,0.0104,6953604.0
2023-10-06 17:15:00,0.01041,0.01044,0.01037,0.01043,5967493.0
2023-10-06 17:30:00,0.01042,0.01057,0.01038,0.01047,12917045.0
2023-10-06 17:45:00,0.01048,0.0105,0.0104,0.01046,2698595.0
2023-10-06 18:00:00,0.01046,0.01052,0.01041,0.01047,5013393.0
2023-10-06 18:15:00,0.01047,0.01053,0.01045,0.01051,2731376.0
2023-10-06 18:30:00,0.01051,0.01065,0.01047,0.01047,12683922.0
2023-10-06 18:45:00,0.01048,0.01049,0.01037,0.01044,8150494.0
2023-10-06 19:00:00,0.01045,0.01052,0.01044,0.01048,3519809.0
2023-10-06 19:15:00,0.01048,0.01057,0.01046,0.01056,4987539.0
2023-10-06 19:30:00,0.01056,0.01056,0.01049,0.01056,3981748.0
2023-10-06 19:45:00,0.01056,0.01067,0.01053,0.01058,10093829.0
2023-10-06 20:00:00,0.01059,0.01068,0.01056,0.01066,7814942.0
2023-10-06 20:15:00,0.01065,0.01067,0.01053,0.01066,9867226.0
2023-10-06 20:30:00,0.01064,0.01068,0.01062,0.01065,6291192.0
2023-10-06 20:45:00,0.01065,0.01065,0.01059,0.0106,2743445.0
2023-10-06 21:00:00,0.0106,0.01065,0.01056,0.01056,903842.0
2023-10-06 21:15:00,0.01056,0.0107,0.01054,0.01062,12989265.0
2023-10-06 21:30:00,0.01061,0.01067,0.01057,0.01062,3765511.0
2023-10-06 21:45:00,0.01062,0.0107,0.01061,0.01063,8398914.0
2023-10-06 22:00:00,0.01064,0.01067,0.01056,0.0106,9908882.0
2023-10-06 22:15:00,0.01061,0.01062,0.01052,0.01052,2165108.0
2023-10-06 22:30:00,0.01052,0.01055,0.01047,0.01055,3230528.0
2023-10-06 22:45:00,0.01055,0.01057,0.01051,0.01054,2729569.0
2023-10-06 23:00:00,0.01054,0.01056,0.01052,0.01055,607358.0
2023-10-06 23:15:00,0.01054,0.01054,0.01047,0.01049,5121053.0
2023-10-06 23:30:00,0.01048,0.01054,0.01047,0.0105,1964045.0
2023-10-06 23:45:00,0.0105,0.01053,0.0105,0.01051,1640100.0
2023-10-07 00:00:00,0.01052,0.01069,0.01052,0.0106,6018898.0
2023-10-07 00:15:00,0.01058,0.01063,0.01049,0.0105,4828256.0
2023-10-07 00:30:00,0.01049,0.01054,0.01048,0.01051,5800583.0
2023-10-07 00:45:00,0.01051,0.01061,0.01049,0.01055,2937034.0
2023-10-07 01:00:00,0.01055,0.01056,0.01049,0.01055,4801650.0
2023-10-07 01:15:00,0.01055,0.01056,0.01049,0.01052,14393560.0
2023-10-07 01:30:00,0.01052,0.01052,0.01031,0.01033,12536702.0
2023-10-07 01:45:00,0.01033,0.01039,0.01028,0.01038,11839874.0
2023-10-07 02:00:00,0.01037,0.0104,0.0103,0.01036,6931821.0
2023-10-07 02:15:00,0.01037,0.0104,0.01035,0.01037,2797002.0
2023-10-07 02:30:00,0.01038,0.01039,0.01029,0.01032,4898730.0
2023-10-07 02:45:00,0.01032,0.01034,0.01018,0.01018,9547608.0
2023-10-07 03:00:00,0.01018,0.01021,0.01012,0.01017,12272622.0
2023-10-07 03:15:00,0.01017,0.01027,0.01014,0.01025,6274807.0
2023-10-07 03:30:00,0.01025,0.01034,0.01025,0.01026,4993114.0
2023-10-07 03:45:00,0.01026,0.0103,0.01024,0.01024,5568536.0
2023-10-07 04:00:00,0.01025,0.01037,0.01024,0.01037,1397743.0
2023-10-07 04:15:00,0.01037,0.01037,0.01029,0.01029,1897319.0
2023-10-07 04:30:00,0.01029,0.01032,0.01028,0.0103,3385882.0
2023-10-07 04:45:00,0.01029,0.0103,0.01023,0.01025,2551226.0
2023-10-07 05:00:00,0.01025,0.01027,0.01018,0.0102,3818892.0
2023-10-07 05:15:00,0.01019,0.01022,0.01011,0.01012,5371974.0
2023-10-07 05:30:00,0.01013,0.0102,0.0101,0.01012,7555102.0
2023-10-07 05:45:00,0.01012,0.01018,0.01011,0.01015,3565140.0
2023-10-07 06:00:00,0.01015,0.01018,0.01,0.01002,12196527.0
2023-10-07 06:15:00,0.01002,0.0101,0.01002,0.01006,10738550.0
2023-10-07 06:30:00,0.01006,0.01006,0.00985,0.00992,11621101.0
2023-10-07 06:45:00,0.00992,0.01,0.00989,0.00993,11525839.0
2023-10-07 07:00:00,0.00992,0.00999,0.00986,0.00992,17095733.0
2023-10-07 07:15:00,0.00991,0.00996,0.0099,0.00995,6011985.0
2023-10-07 07:30:00,0.00995,0.00997,0.00993,0.00995,2186810.0
2023-10-07 07:45:00,0.00995,0.00995,0.00987,0.0099,1878325.0
2023-10-07 08:00:00,0.0099,0.00993,0.00974,0.00975,14300386.0
2023-10-07 08:15:00,0.00975,0.00982,0.00975,0.00981,3798785.0
2023-10-07 08:30:00,0.00981,0.00984,0.00979,0.00984,2293988.0
2023-10-07 08:45:00,0.00983,0.00985,0.00978,0.00983,4543110.0
2023-10-07 09:00:00,0.00982,0.00982,0.00977,0.0098,3519762.0
2023-10-07 09:15:00,0.00979,0.00983,0.00972,0.0098,4396689.0
2023-10-07 09:30:00,0.00981,0.00982,0.00978,0.00979,2559789.0
2023-10-07 09:45:00,0.00979,0.00982,0.00978,0.00978,2717983.0
2023-10-07 10:00:00,0.00979,0.00984,0.00978,0.00982,3125461.0
2023-10-07 10:15:00,0.00982,0.00997,0.0098,0.00994,17495772.0
2023-10-07 10:30:00,0.00994,0.00998,0.00987,0.00988,3598658.0
2023-10-07 10:45:00,0.00988,0.00994,0.00987,0.00989,1980880.0
2023-10-07 11:00:00,0.00989,0.00993,0.00989,0.00992,1336419.0
2023-10-07 11:15:00,0.00991,0.00997,0.00991,0.00993,5852862.0
2023-10-07 11:30:00,0.00992,0.00993,0.00986,0.00988,1359890.0
2023-10-07 11:45:00,0.00989,0.00993,0.00988,0.00989,1331023.0
2023-10-07 12:00:00,0.00991,0.00992,0.00989,0.00989,2285704.0
2023-10-07 12:15:00,0.00989,0.00995,0.00989,0.00993,1278378.0
2023-10-07 12:30:00,0.00992,0.00992,0.00988,0.0099,3402470.0
2023-10-07 12:45:00,0.0099,0.0099,0.00983,0.00985,2447988.0
2023-10-07 13:00:00,0.00984,0.00995,0.00982,0.00995,5052115.0
2023-10-07 13:15:00,0.00994,0.00994,0.0099,0.00991,2560217.0
2023-10-07 13:30:00,0.0099,0.00991,0.00988,0.00989,757244.0
2023-10-07 13:45:00,0.00989,0.00993,0.00989,0.00989,612065.0
2023-10-07 14:00:00,0.00989,0.00992,0.00988,0.0099,1263103.0
2023-10-07 14:15:00,0.00989,0.00991,0.00985,0.00987,2801958.0
2023-10-07 14:30:00,0.00988,0.0099,0.00983,0.00987,1856335.0
2023-10-07 14:45:00,0.00987,0.00989,0.00982,0.00988,2281892.0
2023-10-07 15:00:00,0.00987,0.00987,0.00979,0.00979,2365692.0
2023-10-07 15:15:00,0.00978,0.00983,0.00978,0.0098,2467332.0
2023-10-07 15:30:00,0.00981,0.00984,0.00979,0.00979,1562704.0
2023-10-07 15:45:00,0.00979,0.00983,0.00979,0.0098,1279352.0
2023-10-07 16:00:00,0.0098,0.00984,0.00979,0.00984,1112736.0
2023-10-07 16:15:00,0.00983,0.00986,0.00981,0.00981,1609911.0
2023-10-07 16:30:00,0.00981,0.00984,0.00979,0.00981,887244.0
2023-10-07 16:45:00,0.0098,0.00981,0.00977,0.00979,2843735.0
2023-10-07 17:00:00,0.0098,0.00982,0.00973,0.00975,3046754.0
2023-10-07 17:15:00,0.00976,0.00984,0.00972,0.00983,2702869.0
2023-10-07 17:30:00,0.00982,0.00982,0.00973,0.00977,1444794.0
2023-10-07 17:45:00,0.00977,0.00978,0.00975,0.00977,970281.0
2023-10-07 18:00:00,0.00976,0.00985,0.00976,0.00985,2873496.0
2023-10-07 18:15:00,0.00984,0.00984,0.00976,0.00983,2504474.0
2023-10-07 18:30:00,0.00983,0.00983,0.00976,0.00976,2463290.0
2023-10-07 18:45:00,0.00976,0.00977,0.0097,0.00973,2371558.0
2023-10-07 19:00:00,0.00973,0.00973,0.00968,0.00971,2246915.0
2023-10-07 19:15:00,0.00971,0.00981,0.00971,0.00973,4129811.0
2023-10-07 19:30:00,0.00972,0.00978,0.00966,0.00977,5103254.0
2023-10-07 19:45:00,0.00977,0.00977,0.00965,0.00971,6999743.0
2023-10-07 20:00:00,0.0097,0.00972,0.00967,0.0097,1562262.0
2023-10-07 20:15:00,0.00971,0.00978,0.0097,0.00978,2421191.0
2023-10-07 20:30:00,0.00977,0.0098,0.00973,0.0098,3039375.0
2023-10-07 20:45:00,0.00981,0.00986,0.00978,0.00979,3783782.0
2023-10-07 21:00:00,0.00979,0.00982,0.00974,0.00975,2315681.0
2023-10-07 21:15:00,0.00976,0.00985,0.00974,0.00984,1637834.0
2023-10-07 21:30:00,0.00983,0.00986,0.00977,0.00978,1352084.0
2023-10-07 21:45:00,0.00978,0.00991,0.00978,0.00984,2069957.0
2023-10-07 22:00:00,0.00984,0.00988,0.0098,0.00986,1951931.0
2023-10-07 22:15:00,0.00985,0.0099,0.00981,0.00983,3111212.0
2023-10-07 22:30:00,0.00983,0.00988,0.00976,0.00987,2495303.0
2023-10-07 22:45:00,0.00987,0.00988,0.00978,0.00979,1151822.0
2023-10-07 23:00:00,0.00979,0.00991,0.00979,0.00986,2738089.0
2023-10-07 23:15:00,0.00986,0.00988,0.0098,0.00986,2900958.0
2023-10-07 23:30:00,0.00986,0.00991,0.0098,0.00982,4791060.0
2023-10-07 23:45:00,0.00982,0.00994,0.00981,0.00993,1681711.0
2023-10-08 00:00:00,0.00993,0.00993,0.00984,0.00985,1968391.0
2023-10-08 00:15:00,0.00986,0.00997,0.00986,0.00992,3675536.0
2023-10-08 00:30:00,0.00992,0.00994,0.00986,0.00994,1675385.0
2023-10-08 00:45:00,0.00993,0.01006,0.00992,0.00998,10209487.0
2023-10-08 01:00:00,0.01,0.01003,0.00993,0.00993,5096426.0
2023-10-08 01:15:00,0.00993,0.01009,0.00993,0.01007,5887406.0
2023-10-08 01:30:00,0.01008,0.01015,0.01005,0.01012,6186375.0
2023-10-08 01:45:00,0.01013,0.01019,0.01002,0.01013,12239342.0
2023-10-08 02:00:00,0.01014,0.01024,0.01011,0.01024,17149523.0
2023-10-08 02:15:00,0.01023,0.01023,0.01006,0.01019,7460533.0
2023-10-08 02:30:00,0.0102,0.01028,0.01018,0.01025,3589374.0
2023-10-08 02:45:00,0.01024,0.01025,0.01012,0.01021,3539659.0
2023-10-08 03:00:00,0.01021,0.01031,0.01019,0.01031,7389744.0
2023-10-08 03:15:00,0.01031,0.01031,0.01014,0.01021,5606821.0
2023-10-08 03:30:00,0.01022,0.01027,0.01019,0.0102,3367667.0
2023-10-08 03:45:00,0.0102,0.01038,0.01019,0.01034,9404952.0
2023-10-08 04:00:00,0.01035,0.01036,0.01024,0.01033,8046367.0
2023-10-08 04:15:00,0.01033,0.01036,0.01018,0.01021,6056436.0
2023-10-08 04:30:00,0.01021,0.01035,0.01021,0.0103,4797720.0
2023-10-08 04:45:00,0.0103,0.01033,0.0102,0.01031,4038625.0
2023-10-08 05:00:00,0.01032,0.01034,0.01027,0.01032,3354557.0
2023-10-08 05:15:00,0.01031,0.01034,0.01018,0.01019,4385971.0
2023-10-08 05:30:00,0.01019,0.01024,0.01016,0.01018,5030848.0
2023-10-08 05:45:00,0.01019,0.01027,0.01015,0.01019,4247931.0
2023-10-08 06:00:00,0.0102,0.01032,0.01018,0.01028,5235776.0
2023-10-08 06:15:00,0.01028,0.01042,0.01026,0.01033,8268169.0
2023-10-08 06:30:00,0.01033,0.01044,0.01026,0.01043,9315609.0
2023-10-08 06:45:00,0.01043,0.01051,0.01039,0.01047,20809771.0
2023-10-08 07:00:00,0.01047,0.01059,0.01045,0.01052,18418827.0
2023-10-08 07:15:00,0.01052,0.01061,0.01045,0.01051,15856651.0
2023-10-08 07:30:00,0.01051,0.01051,0.01031,0.01038,15625952.0
2023-10-08 07:45:00,0.01038,0.01041,0.01034,0.01036,9325905.0
2023-10-08 08:00:00,0.01035,0.01043,0.01034,0.01041,6272747.0
2023-10-08 08:15:00,0.01041,0.01051,0.01041,0.01049,8116035.0
2023-10-08 08:30:00,0.01049,0.01053,0.01047,0.01051,6728985.0
2023-10-08 08:45:00,0.01052,0.01055,0.01046,0.0105,6338523.0
2023-10-08 09:00:00,0.01051,0.01052,0.0104,0.01049,4428809.0
2023-10-08 09:15:00,0.01047,0.0105,0.01036,0.01038,11025482.0
2023-10-08 09:30:00,0.01038,0.01046,0.01036,0.01045,6189459.0
2023-10-08 09:45:00,0.01045,0.01046,0.0104,0.01043,4677862.0
2023-10-08 10:00:00,0.01044,0.01046,0.01041,0.01042,3276303.0
2023-10-08 10:15:00,0.01043,0.01051,0.01042,0.01051,5908436.0
2023-10-08 10:30:00,0.0105,0.01052,0.01045,0.01049,4594422.0
2023-10-08 10:45:00,0.01051,0.01052,0.01039,0.01041,8008630.0
2023-10-08 11:00:00,0.0104,0.01046,0.01032,0.01036,12249590.0
2023-10-08 11:15:00,0.01036,0.01039,0.01017,0.01026,14493342.0
2023-10-08 11:30:00,0.01025,0.01031,0.01025,0.01027,3952444.0
2023-10-08 11:45:00,0.01027,0.01034,0.01027,0.01028,1603296.0
2023-10-08 12:00:00,0.01029,0.01035,0.01029,0.01031,3735113.0
2023-10-08 12:15:00,0.01031,0.01033,0.01026,0.01027,2447056.0
2023-10-08 12:30:00,0.01027,0.01029,0.01022,0.01026,5014310.0
2023-10-08 12:45:00,0.01026,0.0103,0.01015,0.01016,4335000.0
2023-10-08 13:00:00,0.01016,0.01021,0.01016,0.01017,1202627.0
2023-10-08 13:15:00,0.01018,0.01026,0.01017,0.01023,3161157.0
2023-10-08 13:30:00,0.01024,0.01032,0.01023,0.01026,4034856.0
2023-10-08 13:45:00,0.01024,0.01027,0.01016,0.0102,5621521.0
2023-10-08 14:00:00,0.01019,0.01027,0.01019,0.01022,2503553.0
2023-10-08 14:15:00,0.01023,0.01024,0.0101,0.01011,5190176.0
2023-10-08 14:30:00,0.01011,0.01013,0.01002,0.01004,12444460.0
2023-10-08 14:45:00,0.01005,0.01006,0.00994,0.01004,22921912.0
2023-10-08 15:00:00,0.01004,0.01012,0.01001,0.01011,2518873.0
2023-10-08 15:15:00,0.01011,0.01011,0.01006,0.01007,2330604.0
2023-10-08 15:30:00,0.01006,0.01015,0.01006,0.01014,2476250.0
2023-10-08 15:45:00,0.01014,0.01019,0.01011,0.01018,3824644.0
2023-10-08 16:00:00,0.01017,0.01028,0.01013,0.01017,8195531.0
2023-10-08 16:15:00,0.01016,0.01044,0.01013,0.01041,31404145.0
2023-10-08 16:30:00,0.01041,0.01103,0.01027,0.0104,186526902.0
2023-10-08 16:45:00,0.01041,0.01042,0.0101,0.01022,51101383.0
2023-10-08 17:00:00,0.01022,0.01033,0.01018,0.0102,19115441.0
2023-10-08 17:15:00,0.01019,0.01033,0.01018,0.0103,10036155.0
2023-10-08 17:30:00,0.01031,0.01031,0.01013,0.0102,22102445.0
2023-10-08 17:45:00,0.01019,0.01021,0.01013,0.01014,7810428.0
2023-10-08 18:00:00,0.01014,0.01019,0.01006,0.0101,7228106.0
2023-10-08 18:15:00,0.01009,0.01012,0.01003,0.01004,8392893.0
2023-10-08 18:30:00,0.01004,0.01005,0.00965,0.00975,46152166.0
2023-10-08 18:45:00,0.00976,0.00987,0.00966,0.00982,68858268.0
2023-10-08 19:00:00,0.00982,0.00994,0.00982,0.00989,19644995.0
2023-10-08 19:15:00,0.00989,0.00989,0.00982,0.00982,4624141.0
2023-10-08 19:30:00,0.00983,0.00984,0.00975,0.00978,8104030.0
2023-10-08 19:45:00,0.00977,0.00985,0.00974,0.0098,5469591.0
2023-10-08 20:00:00,0.0098,0.0098,0.0095,0.00954,19933057.0
2023-10-08 20:15:00,0.00954,0.00965,0.00953,0.00965,13510350.0
2023-10-08 20:30:00,0.00965,0.00966,0.00959,0.00963,7084492.0
2023-10-08 20:45:00,0.00962,0.00969,0.00959,0.00964,4436809.0
2023-10-08 21:00:00,0.00964,0.00966,0.00955,0.00957,5280266.0
2023-10-08 21:15:00,0.00956,0.00958,0.00948,0.00949,12792430.0
2023-10-08 21:30:00,0.00949,0.0095,0.00929,0.00941,27695502.0
2023-10-08 21:45:00,0.00941,0.00953,0.00932,0.00941,17956750.0
2023-10-08 22:00:00,0.00942,0.00944,0.00928,0.00931,9346414.0
2023-10-08 22:15:00,0.0093,0.00938,0.00928,0.00933,6960030.0
2023-10-08 22:30:00,0.00932,0.00937,0.00927,0.0093,6060840.0
2023-10-08 22:45:00,0.0093,0.00933,0.00927,0.00928,2968152.0
2023-10-08 23:00:00,0.00929,0.00933,0.00928,0.00932,3901225.0
2023-10-08 23:15:00,0.0093,0.00931,0.00924,0.00931,5407550.0
2023-10-08 23:30:00,0.00931,0.00932,0.00927,0.00929,7307060.0
2023-10-08 23:45:00,0.00929,0.00933,0.00927,0.00932,13151381.0
2023-10-09 00:00:00,0.00933,0.00933,0.00909,0.00918,30333432.0
2023-10-09 00:15:00,0.00917,0.00922,0.00915,0.00918,10870978.0
2023-10-09 00:30:00,0.00919,0.00921,0.00906,0.00907,14523655.0
2023-10-09 00:45:00,0.00909,0.00913,0.00906,0.00907,11620548.0
2023-10-09 01:00:00,0.00906,0.00928,0.00901,0.00922,24442077.0
2023-10-09 01:15:00,0.00921,0.00949,0.00919,0.00942,26162579.0
2023-10-09 01:30:00,0.00942,0.00961,0.00939,0.00961,21800695.0
2023-10-09 01:45:00,0.0096,0.00967,0.00951,0.00959,17078963.0
2023-10-09 02:00:00,0.00961,0.00962,0.00952,0.00956,4436303.0
2023-10-09 02:15:00,0.00956,0.00957,0.0095,0.0095,3182468.0
2023-10-09 02:30:00,0.00951,0.00958,0.00941,0.00954,12257285.0
2023-10-09 02:45:00,0.00954,0.00955,0.00946,0.00948,3720549.0
2023-10-09 03:00:00,0.00949,0.00951,0.00943,0.00946,5472456.0
2023-10-09 03:15:00,0.00946,0.00962,0.00946,0.0096,6902691.0
2023-10-09 03:30:00,0.00959,0.00967,0.00956,0.00957,12439604.0
2023-10-09 03:45:00,0.00957,0.00962,0.00957,0.00962,2406573.0
2023-10-09 04:00:00,0.00961,0.00969,0.00957,0.00965,3833838.0
2023-10-09 04:15:00,0.00964,0.00975,0.00961,0.00969,5824788.0
2023-10-09 04:30:00,0.00969,0.00975,0.00966,0.00973,5764576.0
2023-10-09 04:45:00,0.00973,0.00982,0.0097,0.00979,7419801.0
2023-10-09 05:00:00,0.00978,0.00978,0.0097,0.0097,3566007.0
2023-10-09 05:15:00,0.00971,0.00977,0.0097,0.00975,3137584.0
2023-10-09 05:30:00,0.00975,0.00976,0.00961,0.00969,6387232.0
2023-10-09 05:45:00,0.00968,0.0097,0.0094,0.00945,24368730.0
2023-10-09 06:00:00,0.00946,0.00951,0.00945,0.00948,5396138.0
2023-10-09 06:15:00,0.00949,0.00957,0.00949,0.00951,4155757.0
2023-10-09 06:30:00,0.00952,0.00956,0.00947,0.00954,2037099.0
2023-10-09 06:45:00,0.00954,0.00958,0.00951,0.00954,4167001.0
2023-10-09 07:00:00,0.00954,0.00958,0.00953,0.00955,801980.0
2023-10-09 07:15:00,0.00956,0.00965,0.0095,0.00963,8753883.0
2023-10-09 07:30:00,0.00963,0.00963,0.00952,0.00952,3187251.0
2023-10-09 07:45:00,0.00953,0.00955,0.0095,0.00955,1295738.0
2023-10-09 08:00:00,0.00955,0.00957,0.00952,0.00956,3697910.0
2023-10-09 08:15:00,0.00956,0.00965,0.00955,0.0096,7641076.0
2023-10-09 08:30:00,0.00959,0.00959,0.0095,0.00957,6055686.0
2023-10-09 08:45:00,0.00957,0.00965,0.00956,0.00963,7387204.0
2023-10-09 09:00:00,0.00963,0.00964,0.00954,0.00959,2635129.0
2023-10-09 09:15:00,0.00959,0.00963,0.00958,0.00962,1746744.0
2023-10-09 09:30:00,0.00962,0.00962,0.00949,0.00949,8590136.0
2023-10-09 09:45:00,0.00949,0.00952,0.0091,0.00932,36094188.0
2023-10-09 10:00:00,0.00932,0.00945,0.0093,0.00938,12921287.0
2023-10-09 10:15:00,0.00939,0.00944,0.0093,0.00941,8733374.0
2023-10-09 10:30:00,0.00941,0.00944,0.00938,0.00942,4241715.0
2023-10-09 10:45:00,0.00941,0.00955,0.0094,0.00949,8672940.0
2023-10-09 11:00:00,0.0095,0.0096,0.0095,0.00959,6345789.0
2023-10-09 11:15:00,0.00959,0.00962,0.00952,0.00959,4991638.0
2023-10-09 11:30:00,0.00958,0.0096,0.00953,0.00953,4677273.0
2023-10-09 11:45:00,0.00953,0.00956,0.00948,0.00948,7434145.0
2023-10-09 12:00:00,0.00948,0.00952,0.00944,0.00952,10764898.0
2023-10-09 12:15:00,0.00951,0.00958,0.00949,0.00953,4414264.0
2023-10-09 12:30:00,0.00953,0.00953,0.00946,0.00946,3807616.0
2023-10-09 12:45:00,0.00946,0.0095,0.00945,0.00946,2232021.0
2023-10-09 13:00:00,0.00945,0.00948,0.0094,0.00943,4253836.0
2023-10-09 13:15:00,0.00943,0.00947,0.00936,0.00945,17599395.0
2023-10-09 13:30:00,0.00945,0.00954,0.00945,0.00949,4093411.0
2023-10-09 13:45:00,0.00949,0.00955,0.00949,0.0095,3383250.0
2023-10-09 14:00:00,0.00951,0.00953,0.00941,0.00943,4031212.0
2023-10-09 14:15:00,0.00943,0.00953,0.00942,0.00946,5994782.0
2023-10-09 14:30:00,0.00945,0.00945,0.00938,0.0094,6893341.0
2023-10-09 14:45:00,0.0094,0.00941,0.00936,0.00937,2402359.0
2023-10-09 15:00:00,0.00937,0.00938,0.00932,0.00938,4001395.0
2023-10-09 15:15:00,0.00937,0.00942,0.00936,0.0094,3771428.0
2023-10-09 15:30:00,0.00939,0.00939,0.00933,0.00933,811305.0
2023-10-09 15:45:00,0.00933,0.00933,0.00927,0.00929,5838977.0
2023-10-09 16:00:00,0.00929,0.00938,0.00925,0.00934,4839291.0
2023-10-09 16:15:00,0.00934,0.00934,0.00922,0.00926,4071089.0
2023-10-09 16:30:00,0.00927,0.00937,0.00915,0.00922,19090252.0
2023-10-09 16:45:00,0.00922,0.00931,0.00919,0.00921,13282781.0
2023-10-09 17:00:00,0.00922,0.00923,0.00906,0.00922,32270974.0
2023-10-09 17:15:00,0.00922,0.00922,0.00916,0.00921,3644220.0
2023-10-09 17:30:00,0.00921,0.00933,0.0092,0.00929,3931770.0
2023-10-09 17:45:00,0.00929,0.00935,0.00928,0.00935,5377414.0
2023-10-09 18:00:00,0.00934,0.00935,0.00927,0.00932,2883686.0
2023-10-09 18:15:00,0.00931,0.00933,0.00928,0.00929,2553739.0
2023-10-09 18:30:00,0.0093,0.00933,0.00926,0.00926,2527936.0
2023-10-09 18:45:00,0.00926,0.00926,0.00921,0.00923,2340357.0
2023-10-09 19:00:00,0.00923,0.0093,0.00922,0.00928,2249423.0
2023-10-09 19:15:00,0.00927,0.00934,0.00925,0.00931,1313706.0
2023-10-09 19:30:00,0.00932,0.00936,0.00931,0.00934,1512686.0
2023-10-09 19:45:00,0.00933,0.00936,0.00931,0.00934,1032471.0
2023-10-09 20:00:00,0.00933,0.00939,0.00931,0.00931,2261989.0
2023-10-09 20:15:00,0.0093,0.00931,0.00927,0.00928,2112240.0
2023-10-09 20:30:00,0.00928,0.00929,0.00925,0.00927,1391153.0
2023-10-09 20:45:00,0.00927,0.00929,0.00925,0.00928,820829.0
2023-10-09 21:00:00,0.00929,0.00932,0.00927,0.00929,2438632.0
2023-10-09 21:15:00,0.0093,0.00936,0.00929,0.00934,2366591.0
2023-10-09 21:30:00,0.00934,0.00937,0.00934,0.00934,1407048.0
2023-10-09 21:45:00,0.00934,0.00935,0.00928,0.00929,1148954.0
2023-10-09 22:00:00,0.00929,0.00934,0.00928,0.00932,2333534.0
2023-10-09 22:15:00,0.00931,0.00933,0.00929,0.00931,1101038.0
2023-10-09 22:30:00,0.00929,0.00933,0.00929,0.00932,4204500.0
2023-10-09 22:45:00,0.00933,0.00933,0.00926,0.00931,792261.0
2023-10-09 23:00:00,0.00931,0.00942,0.00931,0.00939,5544377.0
2023-10-09 23:15:00,0.00939,0.00942,0.00935,0.0094,2600758.0
2023-10-09 23:30:00,0.00941,0.00941,0.00931,0.00937,9715826.0
2023-10-09 23:45:00,0.00937,0.00942,0.00937,0.0094,2957360.0
2023-10-10 00:00:00,0.00939,0.0094,0.00936,0.00937,2953669.0
2023-10-10 00:15:00,0.00936,0.00952,0.00932,0.00944,9614094.0
2023-10-10 00:30:00,0.00944,0.00945,0.00933,0.00938,6235237.0
2023-10-10 00:45:00,0.00939,0.00939,0.00927,0.00928,6920415.0
2023-10-10 01:00:00,0.00927,0.00928,0.00921,0.00923,3680703.0
2023-10-10 01:15:00,0.00923,0.00923,0.00912,0.00919,5378559.0
2023-10-10 01:30:00,0.00919,0.00923,0.00913,0.00923,2990410.0
2023-10-10 01:45:00,0.00922,0.00926,0.0092,0.0092,2814032.0
2023-10-10 02:00:00,0.0092,0.00923,0.00915,0.00918,4673163.0
2023-10-10 02:15:00,0.00918,0.0092,0.00909,0.00913,10565464.0
2023-10-10 02:30:00,0.00912,0.00922,0.00911,0.00921,2046151.0
2023-10-10 02:45:00,0.00921,0.00932,0.0092,0.0093,4221884.0
2023-10-10 03:00:00,0.00929,0.00934,0.00921,0.00934,7299129.0
2023-10-10 03:15:00,0.00934,0.00934,0.00928,0.00931,2929136.0
2023-10-10 03:30:00,0.00932,0.00938,0.0093,0.00935,1837307.0
2023-10-10 03:45:00,0.00935,0.00939,0.00933,0.00936,2380791.0
2023-10-10 04:00:00,0.00936,0.0094,0.00934,0.00937,6020550.0
2023-10-10 04:15:00,0.00937,0.00939,0.00932,0.00936,1971166.0
2023-10-10 04:30:00,0.00936,0.0094,0.00935,0.00937,1250686.0
2023-10-10 04:45:00,0.00937,0.00938,0.00933,0.00934,1015475.0
2023-10-10 05:00:00,0.00935,0.00937,0.00929,0.00931,4726918.0
2023-10-10 05:15:00,0.00931,0.00935,0.00931,0.00934,961460.0
2023-10-10 05:30:00,0.00934,0.00936,0.00932,0.00933,1389374.0
2023-10-10 05:45:00,0.00934,0.00939,0.00932,0.00937,4141836.0
2023-10-10 06:00:00,0.00936,0.00937,0.0093,0.00932,2993428.0
2023-10-10 06:15:00,0.00932,0.00938,0.00932,0.00933,2658210.0
2023-10-10 06:30:00,0.00933,0.00933,0.00929,0.00932,3910928.0
2023-10-10 06:45:00,0.00932,0.00933,0.00926,0.00928,4652907.0
2023-10-10 07:00:00,0.00929,0.00933,0.00926,0.00933,2270432.0
2023-10-10 07:15:00,0.00933,0.00933,0.00929,0.00932,1844441.0
2023-10-10 07:30:00,0.00933,0.00938,0.00929,0.00929,6648158.0
2023-10-10 07:45:00,0.0093,0.00932,0.00913,0.00919,13740579.0
2023-10-10 08:00:00,0.00919,0.00921,0.00913,0.00916,5444937.0
2023-10-10 08:15:00,0.00915,0.00922,0.00885,0.00895,34158965.0
2023-10-10 08:30:00,0.00895,0.00897,0.00869,0.00878,31121261.0
2023-10-10 08:45:00,0.00878,0.00883,0.00866,0.00882,20627912.0
2023-10-10 09:00:00,0.00881,0.00883,0.00875,0.00879,8076638.0
2023-10-10 09:15:00,0.0088,0.00882,0.00877,0.00877,4154723.0
2023-10-10 09:30:00,0.00877,0.00882,0.00876,0.00876,7083835.0
2023-10-10 09:45:00,0.00877,0.00881,0.00875,0.00879,5882143.0
2023-10-10 10:00:00,0.0088,0.00883,0.00876,0.00878,4813285.0
2023-10-10 10:15:00,0.00878,0.00881,0.00877,0.0088,4792370.0
2023-10-10 10:30:00,0.0088,0.00882,0.00875,0.00877,5191701.0
2023-10-10 10:45:00,0.00876,0.00879,0.00871,0.00877,6288640.0
2023-10-10 11:00:00,0.00877,0.00877,0.0087,0.0087,8942981.0
2023-10-10 11:15:00,0.00871,0.00873,0.00867,0.00867,5194629.0
2023-10-10 11:30:00,0.00867,0.0087,0.0086,0.00865,19532614.0
2023-10-10 11:45:00,0.00864,0.00868,0.0086,0.00863,7970836.0
2023-10-10 12:00:00,0.00863,0.00873,0.00861,0.00871,22371655.0
2023-10-10 12:15:00,0.00872,0.00874,0.00867,0.00868,7886507.0
2023-10-10 12:30:00,0.00869,0.0087,0.00865,0.00866,4792686.0
2023-10-10 12:45:00,0.00866,0.00866,0.00854,0.0086,11726413.0
2023-10-10 13:00:00,0.00859,0.0086,0.00852,0.00856,8618190.0
2023-10-10 13:15:00,0.00855,0.00861,0.00851,0.00859,4567594.0
2023-10-10 13:30:00,0.00859,0.0086,0.0085,0.00855,6157651.0
2023-10-10 13:45:00,0.00855,0.0086,0.00852,0.00857,4509399.0
2023-10-10 14:00:00,0.00857,0.00863,0.00854,0.00863,6197237.0
2023-10-10 14:15:00,0.00863,0.00865,0.00858,0.00862,4849020.0
2023-10-10 14:30:00,0.00863,0.00863,0.00858,0.0086,5398399.0
2023-10-10 14:45:00,0.0086,0.0086,0.00822,0.00831,31220712.0
2023-10-10 15:00:00,0.00831,0.00835,0.00816,0.00816,16415712.0
2023-10-10 15:15:00,0.00816,0.00832,0.00812,0.00822,19994127.0
2023-10-10 15:30:00,0.00822,0.00825,0.00809,0.00811,20651676.0
2023-10-10 15:45:00,0.00812,0.00818,0.00805,0.00812,10610243.0
2023-10-10 16:00:00,0.00811,0.00816,0.00804,0.00811,23831478.0
2023-10-10 16:15:00,0.00812,0.00818,0.00811,0.00817,10676306.0
2023-10-10 16:30:00,0.00816,0.00822,0.00814,0.00818,10710745.0
2023-10-10 16:45:00,0.00818,0.00823,0.00817,0.00821,9071891.0
2023-10-10 17:00:00,0.00821,0.00823,0.00816,0.00818,7569196.0
2023-10-10 17:15:00,0.00819,0.00821,0.00812,0.00813,6145160.0
2023-10-10 17:30:00,0.00812,0.00825,0.0081,0.00822,14890631.0
2023-10-10 17:45:00,0.00822,0.00824,0.00812,0.00816,10247174.0
2023-10-10 18:00:00,0.00816,0.00821,0.00814,0.00818,4961374.0
2023-10-10 18:15:00,0.00818,0.00822,0.00816,0.00817,4382807.0
2023-10-10 18:30:00,0.00817,0.00818,0.00814,0.00816,3015593.0
2023-10-10 18:45:00,0.00817,0.00817,0.00811,0.00817,3504614.0
2023-10-10 19:00:00,0.00817,0.00823,0.00814,0.00818,9230077.0
2023-10-10 19:15:00,0.00818,0.00819,0.00814,0.00816,2990630.0
2023-10-10 19:30:00,0.00815,0.00818,0.00814,0.00816,2861720.0
2023-10-10 19:45:00,0.00816,0.00818,0.00814,0.00816,4751286.0
2023-10-10 20:00:00,0.00816,0.00819,0.00815,0.00817,1244799.0
2023-10-10 20:15:00,0.00816,0.00817,0.00811,0.00814,3620086.0
2023-10-10 20:30:00,0.00813,0.00814,0.00809,0.0081,2851719.0
2023-10-10 20:45:00,0.00809,0.00814,0.00807,0.00812,3106819.0
2023-10-10 21:00:00,0.00812,0.00817,0.00811,0.00816,4164785.0
2023-10-10 21:15:00,0.00816,0.00818,0.00814,0.00817,3151867.0
2023-10-10 21:30:00,0.00817,0.00822,0.00816,0.00818,4849440.0
2023-10-10 21:45:00,0.00818,0.00822,0.00817,0.00822,3330564.0
2023-10-10 22:00:00,0.00822,0.00823,0.00818,0.00822,2487399.0
2023-10-10 22:15:00,0.00821,0.00822,0.00817,0.00817,1845897.0
2023-10-10 22:30:00,0.00818,0.00821,0.00816,0.00821,1287061.0
2023-10-10 22:45:00,0.0082,0.0082,0.00816,0.00819,1654789.0
2023-10-10 23:00:00,0.00819,0.00819,0.00816,0.00816,918480.0
2023-10-10 23:15:00,0.00816,0.00817,0.00814,0.00817,1080898.0
2023-10-10 23:30:00,0.00818,0.00819,0.00817,0.00818,866384.0
2023-10-10 23:45:00,0.00818,0.00818,0.0081,0.00813,3890369.0
2023-10-11 00:00:00,0.00813,0.00816,0.00809,0.00811,3438006.0
2023-10-11 00:15:00,0.00812,0.00814,0.0081,0.00814,1276279.0
2023-10-11 00:30:00,0.00814,0.00823,0.00814,0.00818,3885898.0
2023-10-11 00:45:00,0.00818,0.00819,0.00814,0.00816,1415278.0
2023-10-11 01:00:00,0.00817,0.00819,0.00813,0.00818,2847666.0
2023-10-11 01:15:00,0.00818,0.00822,0.00817,0.00822,2043113.0
2023-10-11 01:30:00,0.00821,0.00837,0.00819,0.00827,23884807.0
2023-10-11 01:45:00,0.00826,0.00834,0.00823,0.0083,7946230.0
2023-10-11 02:00:00,0.00831,0.00831,0.00823,0.00825,6992856.0
2023-10-11 02:15:00,0.00825,0.00825,0.00816,0.00816,4090647.0
2023-10-11 02:30:00,0.00817,0.00818,0.00776,0.00795,48699035.0
2023-10-11 02:45:00,0.00795,0.00804,0.00794,0.00803,8133073.0
2023-10-11 03:00:00,0.00803,0.00812,0.00801,0.00808,5655577.0
2023-10-11 03:15:00,0.00808,0.00817,0.00808,0.00816,3833283.0
2023-10-11 03:30:00,0.00815,0.00822,0.00813,0.00819,5995727.0
2023-10-11 03:45:00,0.00819,0.0082,0.00813,0.00814,4052083.0
2023-10-11 04:00:00,0.00815,0.00821,0.00811,0.00813,6632275.0
2023-10-11 04:15:00,0.00812,0.00814,0.00808,0.00814,3673145.0
2023-10-11 04:30:00,0.00814,0.00814,0.00809,0.0081,4822456.0
2023-10-11 04:45:00,0.00811,0.00811,0.00806,0.00807,1435309.0
2023-10-11 05:00:00,0.00807,0.00809,0.00803,0.00808,4879892.0
2023-10-11 05:15:00,0.00808,0.00809,0.00804,0.00807,4144392.0
2023-10-11 05:30:00,0.00807,0.0081,0.00804,0.00808,6202882.0
2023-10-11 05:45:00,0.00808,0.00808,0.00804,0.00808,3726130.0
2023-10-11 06:00:00,0.00809,0.00811,0.00801,0.00804,10585234.0
2023-10-11 06:15:00,0.00803,0.00811,0.00803,0.00809,10055155.0
2023-10-11 06:30:00,0.0081,0.00819,0.0081,0.00816,6916405.0
2023-10-11 06:45:00,0.00816,0.00818,0.00813,0.00817,4124164.0
2023-10-11 07:00:00,0.00816,0.00818,0.0081,0.0081,6654569.0
2023-10-11 07:15:00,0.00811,0.00812,0.00804,0.00805,8362825.0
2023-10-11 07:30:00,0.00805,0.00806,0.00801,0.00801,5376506.0
2023-10-11 07:45:00,0.00802,0.00807,0.00802,0.00804,3232830.0
2023-10-11 08:00:00,0.00804,0.00807,0.00802,0.00804,3552937.0
2023-10-11 08:15:00,0.00804,0.00804,0.008,0.00802,4870313.0
2023-10-11 08:30:00,0.00802,0.00806,0.00799,0.00804,3556928.0
2023-10-11 08:45:00,0.00804,0.00808,0.00802,0.00807,3104309.0
2023-10-11 09:00:00,0.00807,0.00809,0.00802,0.00805,7848212.0
2023-10-11 09:15:00,0.00805,0.00807,0.00798,0.008,6621694.0
2023-10-11 09:30:00,0.00799,0.00808,0.00799,0.00806,5287898.0
2023-10-11 09:45:00,0.00806,0.00811,0.00803,0.0081,6386642.0
2023-10-11 10:00:00,0.0081,0.00818,0.00808,0.00812,12754361.0
2023-10-11 10:15:00,0.00813,0.00829,0.00813,0.00822,13424295.0
2023-10-11 10:30:00,0.00822,0.00826,0.0082,0.00822,6630558.0
2023-10-11 10:45:00,0.00821,0.00823,0.00817,0.00822,3021675.0
2023-10-11 11:00:00,0.00821,0.00822,0.00812,0.00814,6176637.0
2023-10-11 11:15:00,0.00814,0.00815,0.0081,0.00812,1689911.0
2023-10-11 11:30:00,0.00812,0.00813,0.0081,0.00811,1702170.0
2023-10-11 11:45:00,0.00811,0.00813,0.00809,0.0081,1766209.0
2023-10-11 12:00:00,0.00811,0.00812,0.00807,0.00807,3637061.0
2023-10-11 12:15:00,0.00807,0.00809,0.00804,0.00809,2744141.0
2023-10-11 12:30:00,0.00808,0.00809,0.00803,0.00809,2668034.0
2023-10-11 12:45:00,0.00809,0.00809,0.00804,0.00805,2345945.0
2023-10-11 13:00:00,0.00805,0.0081,0.00804,0.00804,2019262.0
2023-10-11 13:15:00,0.00804,0.00808,0.00804,0.00804,3283607.0
2023-10-11 13:30:00,0.00804,0.00808,0.00803,0.00804,3350164.0
2023-10-11 13:45:00,0.00805,0.00809,0.00804,0.00808,1567332.0
2023-10-11 14:00:00,0.00808,0.0081,0.00806,0.0081,2244779.0
2023-10-11 14:15:00,0.00809,0.0081,0.00805,0.00806,2063886.0
2023-10-11 14:30:00,0.00805,0.00807,0.00804,0.00804,1165198.0
2023-10-11 14:45:00,0.00805,0.00807,0.00804,0.00806,1418559.0
2023-10-11 15:00:00,0.00806,0.00811,0.00803,0.00805,3577438.0
2023-10-11 15:15:00,0.00804,0.00804,0.00789,0.00798,9467056.0
2023-10-11 15:30:00,0.00798,0.008,0.00792,0.00795,4184234.0
2023-10-11 15:45:00,0.00795,0.00799,0.00792,0.00797,2351733.0
2023-10-11 16:00:00,0.00796,0.00807,0.00796,0.00805,3777481.0
2023-10-11 16:15:00,0.00805,0.00812,0.00803,0.00812,7058113.0
2023-10-11 16:30:00,0.00813,0.00824,0.00811,0.00817,20085517.0
2023-10-11 16:45:00,0.00816,0.00821,0.00814,0.00816,6627414.0
2023-10-11 17:00:00,0.00815,0.00822,0.00815,0.0082,1311504.0
2023-10-11 17:15:00,0.0082,0.00823,0.00817,0.00822,7645379.0
2023-10-11 17:30:00,0.00823,0.00824,0.00819,0.0082,1756340.0
2023-10-11 17:45:00,0.00821,0.00821,0.00813,0.00815,5144520.0
2023-10-11 18:00:00,0.00815,0.00816,0.0081,0.00813,3622031.0
2023-10-11 18:15:00,0.00813,0.00814,0.00812,0.00812,808870.0
2023-10-11 18:30:00,0.00812,0.00821,0.00811,0.0082,5017372.0
2023-10-11 18:45:00,0.0082,0.0082,0.00818,0.00819,2532167.0
2023-10-11 19:00:00,0.00819,0.0082,0.00815,0.00816,863399.0
2023-10-11 19:15:00,0.00816,0.00818,0.00814,0.00818,971190.0
2023-10-11 19:30:00,0.00819,0.00821,0.00817,0.0082,702018.0
2023-10-11 19:45:00,0.0082,0.00822,0.00818,0.00818,2001003.0
2023-10-11 20:00:00,0.00819,0.00821,0.00818,0.0082,1445536.0
2023-10-11 20:15:00,0.0082,0.0082,0.00815,0.00818,1590617.0
2023-10-11 20:30:00,0.00818,0.0082,0.00816,0.00819,1142538.0
2023-10-11 20:45:00,0.00818,0.00821,0.00817,0.0082,1903173.0
2023-10-11 21:00:00,0.00821,0.00825,0.00821,0.00824,4314112.0
2023-10-11 21:15:00,0.00823,0.00825,0.0082,0.0082,1417779.0
2023-10-11 21:30:00,0.0082,0.00823,0.00819,0.00822,3572028.0
2023-10-11 21:45:00,0.00822,0.00834,0.00822,0.00831,6475369.0
2023-10-11 22:00:00,0.0083,0.00834,0.00829,0.00832,3223909.0
2023-10-11 22:15:00,0.00832,0.00836,0.00831,0.00833,3203961.0
2023-10-11 22:30:00,0.00831,0.00835,0.00829,0.00835,3642920.0
2023-10-11 22:45:00,0.00834,0.00834,0.0083,0.0083,2557677.0
2023-10-11 23:00:00,0.00831,0.00831,0.00825,0.00828,2578108.0
2023-10-11 23:15:00,0.00827,0.00828,0.00825,0.00825,1675414.0
2023-10-11 23:30:00,0.00825,0.00828,0.00824,0.00827,7346338.0
2023-10-11 23:45:00,0.00827,0.00831,0.00826,0.00829,2477028.0
2023-10-12 00:00:00,0.00829,0.00829,0.00815,0.00816,4268874.0
2023-10-12 00:15:00,0.00817,0.00824,0.00817,0.00823,1878476.0
2023-10-12 00:30:00,0.00823,0.00823,0.00815,0.00821,4292188.0
2023-10-12 00:45:00,0.00821,0.00821,0.00814,0.00814,3105192.0
2023-10-12 01:00:00,0.00815,0.00821,0.00815,0.00819,6551197.0
2023-10-12 01:15:00,0.00818,0.0082,0.00814,0.00817,1029333.0
2023-10-12 01:30:00,0.00817,0.00819,0.00815,0.00818,873052.0
2023-10-12 01:45:00,0.00818,0.00821,0.00818,0.00819,564089.0
2023-10-12 02:00:00,0.00819,0.00821,0.00813,0.00813,942035.0
2023-10-12 02:15:00,0.00814,0.0082,0.00814,0.00818,578139.0
2023-10-12 02:30:00,0.00818,0.00825,0.00817,0.00825,5435639.0
2023-10-12 02:45:00,0.00825,0.00829,0.00824,0.00828,3550258.0
2023-10-12 03:00:00,0.00827,0.00833,0.00821,0.00822,6088881.0
2023-10-12 03:15:00,0.00821,0.00824,0.00818,0.00819,1834515.0
2023-10-12 03:30:00,0.00818,0.00821,0.00809,0.00814,9031721.0
2023-10-12 03:45:00,0.00814,0.00821,0.00813,0.00819,2301855.0
2023-10-12 04:00:00,0.00819,0.00825,0.00818,0.00825,1071168.0
2023-10-12 04:15:00,0.00825,0.00833,0.00825,0.00833,5297449.0
2023-10-12 04:30:00,0.00833,0.00833,0.00829,0.00832,1571543.0
2023-10-12 04:45:00,0.00832,0.00844,0.0083,0.00839,17156730.0
2023-10-12 05:00:00,0.00839,0.00842,0.00828,0.00828,12651880.0
2023-10-12 05:15:00,0.00828,0.00828,0.0082,0.00826,9039008.0
2023-10-12 05:30:00,0.00825,0.00826,0.00822,0.00825,3445323.0
2023-10-12 05:45:00,0.00825,0.00828,0.00824,0.00826,3166565.0
2023-10-12 06:00:00,0.00826,0.00827,0.00821,0.00821,4467148.0
2023-10-12 06:15:00,0.00821,0.0083,0.0082,0.00829,1239086.0
2023-10-12 06:30:00,0.00829,0.00834,0.00825,0.0083,4939923.0
2023-10-12 06:45:00,0.0083,0.00833,0.00826,0.00828,2202389.0
2023-10-12 07:00:00,0.00828,0.00831,0.00822,0.00822,1560737.0
2023-10-12 07:15:00,0.00822,0.00824,0.00814,0.00816,6864321.0
2023-10-12 07:30:00,0.00816,0.00817,0.0081,0.00812,6417062.0
2023-10-12 07:45:00,0.00812,0.00814,0.0081,0.00814,5409985.0
2023-10-12 08:00:00,0.00814,0.00818,0.00814,0.00817,3753422.0
2023-10-12 08:15:00,0.00816,0.00821,0.00816,0.00821,1421804.0
2023-10-12 08:30:00,0.0082,0.00832,0.0082,0.0083,8450658.0
2023-10-12 08:45:00,0.0083,0.00834,0.00827,0.00831,6187966.0
2023-10-12 09:00:00,0.00831,0.00834,0.00828,0.0083,3458358.0
2023-10-12 09:15:00,0.00829,0.0083,0.00821,0.00823,3169589.0
2023-10-12 09:30:00,0.00823,0.00823,0.00813,0.00815,13053711.0
2023-10-12 09:45:00,0.00816,0.00817,0.00812,0.00814,7606634.0
2023-10-12 10:00:00,0.00814,0.00817,0.00811,0.00816,2737456.0
2023-10-12 10:15:00,0.00815,0.00817,0.00813,0.00814,1176987.0
2023-10-12 10:30:00,0.00815,0.00816,0.0081,0.0081,3683484.0
2023-10-12 10:45:00,0.0081,0.0081,0.00804,0.00808,8320649.0
2023-10-12 11:00:00,0.00809,0.00813,0.00808,0.0081,5382149.0
2023-10-12 11:15:00,0.00809,0.00812,0.00808,0.00811,2692219.0
2023-10-12 11:30:00,0.00812,0.00815,0.00811,0.00813,1664979.0
2023-10-12 11:45:00,0.00812,0.00819,0.00812,0.00814,2790968.0
2023-10-12 12:00:00,0.00814,0.00816,0.00811,0.00811,2562717.0
2023-10-12 12:15:00,0.00812,0.00815,0.00812,0.00814,199540.0
2023-10-12 12:30:00,0.00813,0.00818,0.00812,0.00814,4809927.0
2023-10-12 12:45:00,0.00814,0.00816,0.00808,0.00811,3413288.0
2023-10-12 13:00:00,0.00811,0.00817,0.0081,0.00815,1348303.0
2023-10-12 13:15:00,0.00815,0.00818,0.00813,0.00816,1831120.0
2023-10-12 13:30:00,0.00816,0.00816,0.0081,0.0081,2912028.0
2023-10-12 13:45:00,0.00811,0.00812,0.00807,0.0081,4357147.0
2023-10-12 14:00:00,0.0081,0.00811,0.00807,0.00808,702635.0
2023-10-12 14:15:00,0.00809,0.00812,0.00808,0.00811,1774822.0
2023-10-12 14:30:00,0.00811,0.00811,0.00807,0.00809,1236181.0
2023-10-12 14:45:00,0.0081,0.00817,0.00809,0.00816,2250650.0
2023-10-12 15:00:00,0.00817,0.00824,0.00817,0.00821,3529981.0
2023-10-12 15:15:00,0.00822,0.00824,0.00817,0.00817,1827878.0
2023-10-12 15:30:00,0.00818,0.00822,0.00818,0.00821,1986729.0
2023-10-12 15:45:00,0.0082,0.00822,0.00818,0.00821,3709724.0
2023-10-12 16:00:00,0.00822,0.00829,0.00821,0.00827,4997977.0
2023-10-12 16:15:00,0.00828,0.0083,0.00817,0.00824,6527059.0
2023-10-12 16:30:00,0.00824,0.00829,0.00822,0.00825,3471500.0
2023-10-12 16:45:00,0.00826,0.00829,0.00822,0.00824,944728.0
2023-10-12 17:00:00,0.00822,0.00822,0.00817,0.00819,3794892.0
2023-10-12 17:15:00,0.00819,0.00819,0.00816,0.00816,1555969.0
2023-10-12 17:30:00,0.00815,0.00818,0.00813,0.00817,1770436.0
2023-10-12 17:45:00,0.00817,0.00819,0.00816,0.00819,1738773.0
2023-10-12 18:00:00,0.00819,0.0082,0.00816,0.00818,1489981.0
2023-10-12 18:15:00,0.00818,0.00822,0.00818,0.0082,1475735.0
2023-10-12 18:30:00,0.00822,0.00824,0.00817,0.00817,1574401.0
2023-10-12 18:45:00,0.00818,0.00821,0.00816,0.00817,1930026.0
2023-10-12 19:00:00,0.00817,0.00818,0.00813,0.00814,2156073.0
2023-10-12 19:15:00,0.00813,0.00818,0.00813,0.00817,918363.0
2023-10-12 19:30:00,0.00817,0.00824,0.00817,0.00822,1356730.0
2023-10-12 19:45:00,0.00822,0.00824,0.00819,0.00821,820565.0
2023-10-12 20:00:00,0.00822,0.00822,0.00817,0.00819,1237382.0
2023-10-12 20:15:00,0.00819,0.00823,0.00819,0.00823,2119660.0
2023-10-12 20:30:00,0.00824,0.00828,0.00823,0.00823,1581575.0
2023-10-12 20:45:00,0.00824,0.00843,0.00823,0.00838,22991883.0
2023-10-12 21:00:00,0.00839,0.00842,0.00835,0.00838,4647485.0
2023-10-12 21:15:00,0.0084,0.00844,0.00838,0.00841,2230093.0
2023-10-12 21:30:00,0.00841,0.00846,0.00837,0.00841,4612765.0
2023-10-12 21:45:00,0.0084,0.00846,0.00839,0.00844,1156543.0
2023-10-12 22:00:00,0.00845,0.00848,0.00839,0.00839,3159419.0
2023-10-12 22:15:00,0.0084,0.00841,0.00833,0.00833,3474438.0
2023-10-12 22:30:00,0.00834,0.00836,0.00831,0.00835,1673886.0
2023-10-12 22:45:00,0.00834,0.00836,0.00831,0.00832,6567086.0
2023-10-12 23:00:00,0.00832,0.00833,0.00828,0.00829,1243880.0
2023-10-12 23:15:00,0.00829,0.00833,0.00829,0.00832,426663.0
2023-10-12 23:30:00,0.00833,0.00834,0.0083,0.00831,1824568.0
2023-10-12 23:45:00,0.0083,0.00832,0.0083,0.00832,1090113.0
2023-10-13 00:00:00,0.00833,0.00836,0.00832,0.00833,3007318.0
2023-10-13 00:15:00,0.00834,0.00836,0.00832,0.00833,1279785.0
2023-10-13 00:30:00,0.00833,0.00837,0.00831,0.00837,4881134.0
2023-10-13 00:45:00,0.00837,0.00839,0.00834,0.00837,1223472.0
2023-10-13 01:00:00,0.00837,0.00843,0.00837,0.00839,5772451.0
2023-10-13 01:15:00,0.00839,0.00839,0.00833,0.00833,4185824.0
2023-10-13 01:30:00,0.00832,0.00836,0.00831,0.00834,3020756.0
2023-10-13 01:45:00,0.00833,0.00839,0.00833,0.00837,1183818.0
2023-10-13 02:00:00,0.00838,0.00841,0.00835,0.00835,638064.0
2023-10-13 02:15:00,0.00834,0.00838,0.00834,0.00837,1509388.0
2023-10-13 02:30:00,0.00837,0.00837,0.00827,0.00829,5288814.0
2023-10-13 02:45:00,0.00829,0.00832,0.00828,0.0083,893305.0
2023-10-13 03:00:00,0.0083,0.0083,0.0082,0.00824,8191255.0
2023-10-13 03:15:00,0.00825,0.00825,0.00818,0.00823,3609330.0
2023-10-13 03:30:00,0.00823,0.00823,0.00817,0.0082,1573329.0
2023-10-13 03:45:00,0.00819,0.00822,0.00817,0.00821,2047071.0
2023-10-13 04:00:00,0.00822,0.00824,0.00822,0.00824,780475.0
2023-10-13 04:15:00,0.00825,0.00825,0.00821,0.00823,470435.0
2023-10-13 04:30:00,0.00822,0.00824,0.00821,0.00823,1101642.0
2023-10-13 04:45:00,0.00823,0.00825,0.00823,0.00825,141608.0
2023-10-13 05:00:00,0.00826,0.00828,0.00825,0.00828,641058.0
2023-10-13 05:15:00,0.00828,0.00828,0.00826,0.00827,1026602.0
2023-10-13 05:30:00,0.00827,0.00827,0.00822,0.00825,589387.0
2023-10-13 05:45:00,0.00825,0.00828,0.00824,0.00828,443452.0
2023-10-13 06:00:00,0.00828,0.00832,0.00827,0.00832,1243368.0
2023-10-13 06:15:00,0.00833,0.00834,0.00826,0.00828,1782941.0
2023-10-13 06:30:00,0.0083,0.00834,0.00828,0.00834,1744524.0
2023-10-13 06:45:00,0.00834,0.00835,0.00829,0.00833,2014401.0
2023-10-13 07:00:00,0.00834,0.00836,0.00831,0.00834,883514.0
2023-10-13 07:15:00,0.00833,0.00836,0.00832,0.00835,3721361.0
2023-10-13 07:30:00,0.00836,0.00839,0.00834,0.00834,962787.0
2023-10-13 07:45:00,0.00835,0.00838,0.00833,0.00836,1961634.0
2023-10-13 08:00:00,0.00835,0.00835,0.00826,0.00826,3775659.0
2023-10-13 08:15:00,0.00826,0.00828,0.00824,0.00824,2532109.0
2023-10-13 08:30:00,0.00824,0.00824,0.00822,0.00823,1635729.0
2023-10-13 08:45:00,0.00824,0.00826,0.00823,0.00825,1640043.0
2023-10-13 09:00:00,0.00825,0.00828,0.00825,0.00828,332487.0
2023-10-13 09:15:00,0.00828,0.00831,0.00828,0.00831,910421.0
2023-10-13 09:30:00,0.00831,0.00831,0.00827,0.00827,2517406.0
2023-10-13 09:45:00,0.00827,0.00829,0.00826,0.00826,657662.0
2023-10-13 10:00:00,0.00826,0.00831,0.00825,0.0083,1279989.0
2023-10-13 10:15:00,0.0083,0.00831,0.00829,0.00829,1430405.0
2023-10-13 10:30:00,0.00829,0.0083,0.00827,0.0083,1482239.0
2023-10-13 10:45:00,0.0083,0.00832,0.00829,0.00831,368775.0
2023-10-13 11:00:00,0.0083,0.0083,0.00828,0.0083,1304661.0
2023-10-13 11:15:00,0.00829,0.0083,0.00828,0.00829,815870.0
2023-10-13 11:30:00,0.0083,0.00834,0.0083,0.00833,1228501.0
2023-10-13 11:45:00,0.00832,0.00833,0.00832,0.00833,1069249.0
2023-10-13 12:00:00,0.00833,0.00833,0.0083,0.00833,481606.0
2023-10-13 12:15:00,0.00833,0.00835,0.00833,0.00833,932587.0
2023-10-13 12:30:00,0.00834,0.00836,0.00831,0.00831,1493261.0
2023-10-13 12:45:00,0.00831,0.00834,0.0083,0.00834,362850.0
2023-10-13 13:00:00,0.00834,0.00838,0.00831,0.00838,1311491.0
2023-10-13 13:15:00,0.00837,0.00838,0.00834,0.00837,3295050.0
2023-10-13 13:30:00,0.00837,0.00838,0.00832,0.00834,1223431.0
2023-10-13 13:45:00,0.00834,0.00838,0.00831,0.00837,6905564.0
2023-10-13 14:00:00,0.00838,0.0084,0.00835,0.00838,4169922.0
2023-10-13 14:15:00,0.00839,0.00839,0.00833,0.00833,9508264.0
2023-10-13 14:30:00,0.00833,0.00834,0.00829,0.00833,5645554.0
2023-10-13 14:45:00,0.00833,0.00833,0.00827,0.00827,879676.0
2023-10-13 15:00:00,0.00828,0.00829,0.00826,0.00826,4404853.0
2023-10-13 15:15:00,0.00827,0.00828,0.00822,0.00824,4850949.0
2023-10-13 15:30:00,0.00824,0.00826,0.00823,0.00824,2727070.0
2023-10-13 15:45:00,0.00825,0.00826,0.00823,0.00825,1585135.0
2023-10-13 16:00:00,0.00826,0.00829,0.00826,0.00826,4934528.0
2023-10-13 16:15:00,0.00826,0.00827,0.00824,0.00827,1010609.0
2023-10-13 16:30:00,0.00827,0.0083,0.00826,0.0083,1484427.0
2023-10-13 16:45:00,0.00829,0.0083,0.00826,0.00829,1404264.0
2023-10-13 17:00:00,0.00829,0.0083,0.00827,0.00828,689947.0
2023-10-13 17:15:00,0.00828,0.00833,0.00827,0.0083,2249134.0
2023-10-13 17:30:00,0.00832,0.00834,0.0083,0.00834,2382890.0
2023-10-13 17:45:00,0.00835,0.00835,0.0083,0.00833,2818593.0
2023-10-13 18:00:00,0.00833,0.00837,0.00831,0.00835,3937953.0
2023-10-13 18:15:00,0.00835,0.00836,0.00833,0.00835,1680234.0
2023-10-13 18:30:00,0.00834,0.00835,0.00831,0.00832,1320271.0
2023-10-13 18:45:00,0.00832,0.00832,0.00828,0.00829,431398.0
2023-10-13 19:00:00,0.00829,0.00829,0.00824,0.00826,5824266.0
2023-10-13 19:15:00,0.00825,0.00828,0.00825,0.00827,893492.0
2023-10-13 19:30:00,0.00827,0.00827,0.00816,0.00818,2733827.0
2023-10-13 19:45:00,0.00818,0.00818,0.00806,0.00811,8081238.0
2023-10-13 20:00:00,0.0081,0.00814,0.00808,0.00814,1269874.0
2023-10-13 20:15:00,0.00813,0.00814,0.00812,0.00813,451767.0
2023-10-13 20:30:00,0.00813,0.00816,0.00812,0.00816,517072.0
2023-10-13 20:45:00,0.00815,0.0083,0.00814,0.00829,4216897.0
2023-10-13 21:00:00,0.0083,0.00838,0.00829,0.00831,5321711.0
2023-10-13 21:15:00,0.0083,0.00835,0.00828,0.00834,1929008.0
2023-10-13 21:30:00,0.00834,0.00846,0.00834,0.00843,9666088.0
2023-10-13 21:45:00,0.00843,0.00848,0.00841,0.00842,5515738.0
2023-10-13 22:00:00,0.00842,0.00847,0.00842,0.00842,4124185.0
2023-10-13 22:15:00,0.00842,0.00842,0.00838,0.00838,1437689.0
2023-10-13 22:30:00,0.00838,0.00839,0.00834,0.00835,1199184.0
2023-10-13 22:45:00,0.00835,0.00836,0.0083,0.00835,3782733.0
2023-10-13 23:00:00,0.00835,0.00839,0.00833,0.00834,751743.0
2023-10-13 23:15:00,0.00835,0.00835,0.00832,0.00832,651919.0
2023-10-13 23:30:00,0.00831,0.00833,0.00831,0.00831,1106692.0
2023-10-13 23:45:00,0.00832,0.00834,0.0083,0.00833,4962572.0
2023-10-14 00:00:00,0.00833,0.00833,0.00828,0.00831,2520714.0
2023-10-14 00:15:00,0.0083,0.00833,0.00829,0.00833,799221.0
2023-10-14 00:30:00,0.00833,0.00837,0.0083,0.00835,1394095.0
2023-10-14 00:45:00,0.00835,0.00836,0.00834,0.00835,329531.0
2023-10-14 01:00:00,0.00835,0.00839,0.00834,0.00836,4169645.0
2023-10-14 01:15:00,0.00838,0.0084,0.00837,0.00839,284692.0
2023-10-14 01:30:00,0.00839,0.0084,0.00834,0.0084,1137312.0
2023-10-14 01:45:00,0.00839,0.00845,0.00838,0.00843,2414722.0
2023-10-14 02:00:00,0.00843,0.00844,0.00839,0.0084,2488573.0
2023-10-14 02:15:00,0.0084,0.00841,0.00838,0.00839,843601.0
2023-10-14 02:30:00,0.0084,0.00843,0.0084,0.00841,1149024.0
2023-10-14 02:45:00,0.00841,0.00842,0.00838,0.00839,310449.0
2023-10-14 03:00:00,0.00839,0.00842,0.00838,0.00842,490834.0
2023-10-14 03:15:00,0.00842,0.00843,0.00841,0.00843,1015354.0
2023-10-14 03:30:00,0.00842,0.00844,0.00841,0.00843,622617.0
2023-10-14 03:45:00,0.00843,0.00843,0.00842,0.00842,109528.0
2023-10-14 04:00:00,0.00843,0.00844,0.00841,0.00844,725003.0
2023-10-14 04:15:00,0.00844,0.00844,0.0084,0.0084,1399496.0
2023-10-14 04:30:00,0.0084,0.0084,0.00833,0.00835,5146620.0
2023-10-14 04:45:00,0.00835,0.00836,0.00833,0.00834,1097369.0
2023-10-14 05:00:00,0.00834,0.00836,0.00832,0.00835,1471316.0
2023-10-14 05:15:00,0.00835,0.00835,0.00833,0.00833,509625.0
2023-10-14 05:30:00,0.00833,0.00835,0.00832,0.00834,796792.0
2023-10-14 05:45:00,0.00834,0.00834,0.00833,0.00833,164543.0
2023-10-14 06:00:00,0.00834,0.00835,0.00831,0.00833,2009112.0
2023-10-14 06:15:00,0.00832,0.00833,0.00828,0.00829,1187375.0
2023-10-14 06:30:00,0.0083,0.00831,0.00828,0.00829,2851598.0
2023-10-14 06:45:00,0.0083,0.00831,0.00828,0.00828,599769.0
2023-10-14 07:00:00,0.00827,0.00829,0.00826,0.00827,1383526.0
2023-10-14 07:15:00,0.00827,0.0083,0.00826,0.00826,1508154.0
2023-10-14 07:30:00,0.00826,0.00827,0.00823,0.00823,2548278.0
2023-10-14 07:45:00,0.00824,0.00825,0.00823,0.00823,492199.0
2023-10-14 08:00:00,0.00823,0.00826,0.00822,0.00822,1510900.0
2023-10-14 08:15:00,0.00822,0.00828,0.00819,0.00826,5235802.0
2023-10-14 08:30:00,0.00826,0.00829,0.00826,0.00827,6082960.0
2023-10-14 08:45:00,0.00827,0.00827,0.00825,0.00827,2241067.0
2023-10-14 09:00:00,0.00828,0.0083,0.00827,0.00828,1077993.0
2023-10-14 09:15:00,0.00829,0.00833,0.00829,0.00832,2706474.0
2023-10-14 09:30:00,0.00831,0.00834,0.00831,0.00833,780459.0
2023-10-14 09:45:00,0.00833,0.00834,0.00831,0.00832,894752.0
2023-10-14 10:00:00,0.00832,0.00838,0.00832,0.00835,1570700.0
2023-10-14 10:15:00,0.00834,0.00838,0.00833,0.00835,2188595.0
2023-10-14 10:30:00,0.00835,0.00837,0.00833,0.00835,1075459.0
2023-10-14 10:45:00,0.00835,0.00835,0.00833,0.00835,1521368.0
2023-10-14 11:00:00,0.00835,0.00836,0.00834,0.00835,601363.0
2023-10-14 11:15:00,0.00835,0.00836,0.00834,0.00836,940484.0
2023-10-14 11:30:00,0.00835,0.00835,0.00831,0.00833,818883.0
2023-10-14 11:45:00,0.00832,0.00835,0.00831,0.00835,1993442.0
2023-10-14 12:00:00,0.00834,0.00836,0.00832,0.00833,1761281.0
2023-10-14 12:15:00,0.00833,0.00834,0.0083,0.00833,652396.0
2023-10-14 12:30:00,0.00833,0.00834,0.00832,0.00832,1424265.0
2023-10-14 12:45:00,0.00833,0.00834,0.00831,0.00833,835799.0
2023-10-14 13:00:00,0.00834,0.00834,0.0083,0.00832,3451500.0
2023-10-14 13:15:00,0.00833,0.00844,0.00833,0.00843,17263409.0
2023-10-14 13:30:00,0.00844,0.00857,0.00839,0.00854,39412601.0
2023-10-14 13:45:00,0.00854,0.00861,0.00848,0.00848,61768659.0
2023-10-14 14:00:00,0.00848,0.00852,0.00843,0.0085,13248635.0
2023-10-14 14:15:00,0.0085,0.00855,0.00847,0.00851,9353453.0
2023-10-14 14:30:00,0.00851,0.00852,0.00843,0.00844,7019737.0
2023-10-14 14:45:00,0.00845,0.00846,0.00843,0.00844,4193226.0
2023-10-14 15:00:00,0.00844,0.00845,0.00836,0.00839,8065477.0
2023-10-14 15:15:00,0.00839,0.0084,0.00834,0.00835,5067080.0
2023-10-14 15:30:00,0.00835,0.00839,0.00835,0.00837,3299656.0
2023-10-14 15:45:00,0.00837,0.00844,0.00836,0.00843,3051778.0
2023-10-14 16:00:00,0.00843,0.00847,0.00841,0.00846,5397176.0
2023-10-14 16:15:00,0.00846,0.00847,0.00841,0.00842,1837929.0
2023-10-14 16:30:00,0.00842,0.00846,0.00841,0.00846,3720708.0
2023-10-14 16:45:00,0.00846,0.0085,0.00845,0.00849,2302457.0
2023-10-14 17:00:00,0.00848,0.00848,0.00842,0.00844,1537782.0
2023-10-14 17:15:00,0.00844,0.00846,0.00844,0.00845,379415.0
2023-10-14 17:30:00,0.00845,0.00849,0.00845,0.00849,1938542.0
2023-10-14 17:45:00,0.00849,0.00849,0.00845,0.00845,3090791.0
2023-10-14 18:00:00,0.00845,0.00846,0.00842,0.00843,775114.0
2023-10-14 18:15:00,0.00843,0.00846,0.00843,0.00844,354923.0
2023-10-14 18:30:00,0.00844,0.00847,0.00843,0.00846,917363.0
2023-10-14 18:45:00,0.00846,0.00849,0.00844,0.00848,606715.0
2023-10-14 19:00:00,0.00848,0.0085,0.00846,0.00848,1672570.0
2023-10-14 19:15:00,0.00849,0.0085,0.00848,0.00849,1250064.0
2023-10-14 19:30:00,0.0085,0.00852,0.0085,0.00851,444497.0
2023-10-14 19:45:00,0.00852,0.0086,0.00852,0.00856,6689625.0
2023-10-14 20:00:00,0.00857,0.00868,0.00857,0.00862,16349012.0
2023-10-14 20:15:00,0.00863,0.00866,0.00859,0.00859,5529316.0
2023-10-14 20:30:00,0.00859,0.00866,0.00858,0.00865,7375063.0
2023-10-14 20:45:00,0.00866,0.00873,0.00863,0.00871,6257818.0
2023-10-14 21:00:00,0.00871,0.00874,0.00866,0.0087,4507697.0
2023-10-14 21:15:00,0.00869,0.00869,0.00861,0.00864,3669317.0
2023-10-14 21:30:00,0.00864,0.00867,0.00861,0.00863,2540952.0
2023-10-14 21:45:00,0.00864,0.00866,0.0086,0.00861,4778859.0
2023-10-14 22:00:00,0.0086,0.00865,0.0086,0.0086,1211333.0
2023-10-14 22:15:00,0.00859,0.00859,0.00851,0.00852,7424799.0
2023-10-14 22:30:00,0.00852,0.0086,0.00851,0.00857,5870475.0
2023-10-14 22:45:00,0.00857,0.0086,0.00856,0.00858,2107535.0
2023-10-14 23:00:00,0.00858,0.00861,0.00856,0.00861,2304374.0
2023-10-14 23:15:00,0.00861,0.00861,0.00857,0.00859,1389140.0
2023-10-14 23:30:00,0.00859,0.0086,0.00857,0.00858,1726796.0
2023-10-14 23:45:00,0.00858,0.00864,0.00857,0.00863,3016762.0
2023-10-15 00:00:00,0.00863,0.00874,0.0086,0.00869,7751578.0
2023-10-15 00:15:00,0.00868,0.0087,0.0086,0.00862,8628289.0
2023-10-15 00:30:00,0.00862,0.00863,0.00851,0.00854,13570372.0
2023-10-15 00:45:00,0.00854,0.00878,0.00854,0.00873,30628549.0
2023-10-15 01:00:00,0.00873,0.00873,0.00865,0.00868,6325895.0
2023-10-15 01:15:00,0.00868,0.00872,0.00865,0.00867,3623778.0
2023-10-15 01:30:00,0.00867,0.00883,0.00867,0.00879,5471168.0
2023-10-15 01:45:00,0.00879,0.00882,0.00873,0.00878,5796448.0
2023-10-15 02:00:00,0.00877,0.00886,0.00877,0.00882,11011795.0
2023-10-15 02:15:00,0.00882,0.00885,0.00875,0.00875,7554898.0
2023-10-15 02:30:00,0.00875,0.0088,0.00871,0.0088,5340540.0
2023-10-15 02:45:00,0.00881,0.00881,0.00873,0.0088,4542820.0
2023-10-15 03:00:00,0.00879,0.00887,0.00879,0.00884,10658730.0
2023-10-15 03:15:00,0.00885,0.00899,0.00884,0.00891,19487033.0
2023-10-15 03:30:00,0.00892,0.00903,0.00889,0.00896,16624556.0
2023-10-15 03:45:00,0.00895,0.00897,0.00889,0.0089,5768102.0
2023-10-15 04:00:00,0.0089,0.00902,0.0089,0.00897,9213827.0
2023-10-15 04:15:00,0.00898,0.00909,0.00898,0.00904,17323249.0
2023-10-15 04:30:00,0.00904,0.00918,0.00904,0.00909,20365673.0
2023-10-15 04:45:00,0.00908,0.0091,0.00902,0.00903,15033752.0
2023-10-15 05:00:00,0.00903,0.00904,0.00885,0.00888,15631472.0
2023-10-15 05:15:00,0.00887,0.00896,0.00885,0.00892,8161778.0
2023-10-15 05:30:00,0.00893,0.00894,0.00885,0.00886,6227684.0
2023-10-15 05:45:00,0.00887,0.00888,0.00876,0.00881,11424524.0
2023-10-15 06:00:00,0.00881,0.00888,0.0088,0.00885,3244001.0
2023-10-15 06:15:00,0.00884,0.00885,0.0088,0.00885,9477483.0
2023-10-15 06:30:00,0.00885,0.00892,0.00884,0.00891,11349902.0
2023-10-15 06:45:00,0.00891,0.00898,0.00891,0.00897,9623478.0
2023-10-15 07:00:00,0.00896,0.00896,0.00887,0.00888,6108845.0
2023-10-15 07:15:00,0.00888,0.00889,0.00883,0.00884,4643366.0
2023-10-15 07:30:00,0.00883,0.00883,0.00864,0.00872,17096045.0
2023-10-15 07:45:00,0.00873,0.00876,0.00868,0.00875,5264851.0
2023-10-15 08:00:00,0.00876,0.00876,0.00864,0.00865,6825453.0
2023-10-15 08:15:00,0.00865,0.00868,0.00861,0.00868,5556351.0
2023-10-15 08:30:00,0.00868,0.0087,0.00865,0.00866,4712899.0
2023-10-15 08:45:00,0.00866,0.00874,0.00865,0.00871,8435257.0
2023-10-15 09:00:00,0.00872,0.00873,0.00868,0.00872,3652123.0
2023-10-15 09:15:00,0.00872,0.00874,0.0087,0.00871,4234233.0
2023-10-15 09:30:00,0.00871,0.00871,0.00868,0.00869,3871987.0
2023-10-15 09:45:00,0.00869,0.00869,0.00865,0.00866,2762530.0
2023-10-15 10:00:00,0.00866,0.00871,0.00864,0.00871,3180958.0
2023-10-15 10:15:00,0.0087,0.00874,0.00869,0.0087,3260352.0
2023-10-15 10:30:00,0.0087,0.00872,0.0087,0.0087,875611.0
2023-10-15 10:45:00,0.00871,0.00875,0.0087,0.00872,1567969.0
2023-10-15 11:00:00,0.00872,0.00872,0.00864,0.00865,3608099.0
2023-10-15 11:15:00,0.00865,0.00869,0.00853,0.00858,31023205.0
2023-10-15 11:30:00,0.00858,0.00869,0.00846,0.00864,80851164.0
2023-10-15 11:45:00,0.00863,0.00863,0.0086,0.00861,6507305.0
2023-10-15 12:00:00,0.0086,0.00863,0.00858,0.00859,5853280.0
2023-10-15 12:15:00,0.00858,0.00863,0.00858,0.00861,3931245.0
2023-10-15 12:30:00,0.00862,0.00863,0.0086,0.0086,3038558.0
2023-10-15 12:45:00,0.00861,0.00861,0.00853,0.00854,8195105.0
2023-10-15 13:00:00,0.00854,0.00854,0.00837,0.00845,16905488.0
2023-10-15 13:15:00,0.00844,0.00848,0.00832,0.00844,22618102.0
2023-10-15 13:30:00,0.00844,0.00846,0.00825,0.0083,20127515.0
2023-10-15 13:45:00,0.00831,0.00831,0.00815,0.00822,23637035.0
2023-10-15 14:00:00,0.00822,0.00831,0.0082,0.00826,10192052.0
2023-10-15 14:15:00,0.00826,0.00829,0.00824,0.00828,5833310.0
2023-10-15 14:30:00,0.00828,0.0083,0.00826,0.00829,5456166.0
2023-10-15 14:45:00,0.00829,0.00833,0.00828,0.00828,4312471.0
2023-10-15 15:00:00,0.00828,0.00831,0.00824,0.00829,6576520.0
2023-10-15 15:15:00,0.0083,0.00834,0.00829,0.00832,6030694.0
2023-10-15 15:30:00,0.00832,0.00836,0.0083,0.00835,8267125.0
2023-10-15 15:45:00,0.00835,0.00837,0.00833,0.00834,3412917.0
2023-10-15 16:00:00,0.00834,0.00835,0.00827,0.00828,7839511.0
2023-10-15 16:15:00,0.00828,0.00833,0.00827,0.00832,1790187.0
2023-10-15 16:30:00,0.00832,0.00841,0.00832,0.00838,6966379.0
2023-10-15 16:45:00,0.00838,0.00839,0.00834,0.00834,3152977.0
2023-10-15 17:00:00,0.00835,0.00835,0.00831,0.00834,4287140.0
2023-10-15 17:15:00,0.00834,0.00839,0.00833,0.00837,2610287.0
2023-10-15 17:30:00,0.00837,0.00839,0.00835,0.00837,2129022.0
2023-10-15 17:45:00,0.00836,0.00841,0.00836,0.00841,3356505.0
2023-10-15 18:00:00,0.00841,0.00841,0.00838,0.0084,2538169.0
2023-10-15 18:15:00,0.0084,0.00842,0.00839,0.00842,1729933.0
2023-10-15 18:30:00,0.00842,0.00843,0.00838,0.00838,2921769.0
2023-10-15 18:45:00,0.00838,0.00841,0.00837,0.0084,1554196.0
2023-10-15 19:00:00,0.0084,0.00841,0.00837,0.00839,2362241.0
2023-10-15 19:15:00,0.00839,0.0084,0.00837,0.0084,1144845.0
2023-10-15 19:30:00,0.0084,0.00842,0.00836,0.00838,3558871.0
2023-10-15 19:45:00,0.00837,0.00842,0.00837,0.00841,1663104.0
2023-10-15 20:00:00,0.00842,0.00846,0.0084,0.00841,1506146.0
2023-10-15 20:15:00,0.0084,0.00842,0.00839,0.00841,1640078.0
2023-10-15 20:30:00,0.00842,0.00847,0.00839,0.00845,2824078.0
2023-10-15 20:45:00,0.00846,0.00847,0.00843,0.00844,1217080.0
2023-10-15 21:00:00,0.00844,0.00871,0.00844,0.00855,34921144.0
2023-10-15 21:15:00,0.00855,0.00863,0.00855,0.00863,4742900.0
2023-10-15 21:30:00,0.00862,0.00866,0.00861,0.00861,6600643.0
2023-10-15 21:45:00,0.00861,0.00863,0.00858,0.0086,3719470.0
2023-10-15 22:00:00,0.00861,0.00866,0.00861,0.00865,1734086.0
2023-10-15 22:15:00,0.00866,0.00873,0.00863,0.00869,7986392.0
2023-10-15 22:30:00,0.00868,0.00871,0.00864,0.00864,2186648.0
2023-10-15 22:45:00,0.00864,0.00866,0.00858,0.0086,6752214.0
2023-10-15 23:00:00,0.0086,0.00862,0.00854,0.00856,5596629.0
2023-10-15 23:15:00,0.00856,0.00857,0.00851,0.00852,7848825.0
2023-10-15 23:30:00,0.00852,0.00853,0.0085,0.00852,2884653.0
2023-10-15 23:45:00,0.00853,0.00854,0.00844,0.00847,9590697.0
2023-10-16 00:00:00,0.00847,0.00848,0.00839,0.00841,10194470.0
2023-10-16 00:15:00,0.00842,0.00845,0.0084,0.00844,2572705.0
2023-10-16 00:30:00,0.00844,0.00847,0.00843,0.00846,1415645.0
2023-10-16 00:45:00,0.00847,0.00851,0.00847,0.00849,2785879.0
2023-10-16 01:00:00,0.00849,0.00853,0.00848,0.00848,4189558.0
2023-10-16 01:15:00,0.00849,0.00855,0.00849,0.00855,1182233.0
2023-10-16 01:30:00,0.00855,0.00855,0.00851,0.00853,2256691.0
2023-10-16 01:45:00,0.00854,0.00858,0.00853,0.00853,2408905.0
2023-10-16 02:00:00,0.00854,0.00854,0.00847,0.00851,3904448.0
2023-10-16 02:15:00,0.0085,0.00853,0.0085,0.00853,543527.0
2023-10-16 02:30:00,0.00852,0.00855,0.00849,0.00851,3172401.0
2023-10-16 02:45:00,0.00851,0.00852,0.0085,0.0085,501586.0
2023-10-16 03:00:00,0.0085,0.0085,0.00844,0.00846,1667324.0
2023-10-16 03:15:00,0.00846,0.0085,0.00845,0.0085,675661.0
2023-10-16 03:30:00,0.0085,0.00856,0.0085,0.00854,2840377.0
2023-10-16 03:45:00,0.00854,0.00855,0.00851,0.00853,1320111.0
2023-10-16 04:00:00,0.00853,0.00858,0.00849,0.00852,5345956.0
2023-10-16 04:15:00,0.00852,0.00856,0.0085,0.00854,2571714.0
2023-10-16 04:30:00,0.00855,0.00861,0.00855,0.00858,2478754.0
2023-10-16 04:45:00,0.00859,0.00864,0.00859,0.00864,1696412.0
2023-10-16 05:00:00,0.00863,0.00868,0.00863,0.00867,3106918.0
2023-10-16 05:15:00,0.00868,0.00875,0.00866,0.0087,9435288.0
2023-10-16 05:30:00,0.00869,0.00875,0.00867,0.00874,5607612.0
2023-10-16 05:45:00,0.00874,0.00879,0.00872,0.00875,5041228.0
2023-10-16 06:00:00,0.00875,0.00876,0.00868,0.00875,3877209.0
2023-10-16 06:15:00,0.00875,0.00875,0.00869,0.00873,4448375.0
2023-10-16 06:30:00,0.00874,0.0088,0.00873,0.00879,4093682.0
2023-10-16 06:45:00,0.0088,0.00885,0.00878,0.0088,3112578.0
2023-10-16 07:00:00,0.00881,0.00882,0.00874,0.00877,2874646.0
2023-10-16 07:15:00,0.00877,0.00877,0.00872,0.00874,3971950.0
2023-10-16 07:30:00,0.00873,0.00874,0.00871,0.00871,3168861.0
2023-10-16 07:45:00,0.00871,0.00873,0.00869,0.00873,2983203.0
2023-10-16 08:00:00,0.00873,0.00878,0.00871,0.00878,2142121.0
2023-10-16 08:15:00,0.00878,0.0088,0.00872,0.00873,8909360.0
2023-10-16 08:30:00,0.00874,0.00878,0.00869,0.00872,2592858.0
2023-10-16 08:45:00,0.00872,0.00875,0.0087,0.00873,1941464.0
2023-10-16 09:00:00,0.00873,0.00874,0.0087,0.00874,922106.0
2023-10-16 09:15:00,0.00875,0.00878,0.00872,0.00878,2149226.0
2023-10-16 09:30:00,0.00878,0.0088,0.00877,0.0088,2172316.0
2023-10-16 09:45:00,0.00881,0.00885,0.0088,0.00882,5159282.0
2023-10-16 10:00:00,0.00882,0.00882,0.00876,0.0088,2143309.0
2023-10-16 10:15:00,0.00882,0.00886,0.00878,0.00881,5888232.0
2023-10-16 10:30:00,0.00882,0.00889,0.00882,0.00887,2378733.0
2023-10-16 10:45:00,0.00888,0.00888,0.00885,0.00885,1400193.0
2023-10-16 11:00:00,0.00886,0.00894,0.00884,0.00888,7254152.0
2023-10-16 11:15:00,0.00888,0.00892,0.00887,0.00889,2064852.0
2023-10-16 11:30:00,0.00888,0.00896,0.00888,0.00895,3096999.0
2023-10-16 11:45:00,0.00895,0.009,0.00877,0.00884,14408705.0
2023-10-16 12:00:00,0.00884,0.00888,0.00878,0.00886,5879857.0
2023-10-16 12:15:00,0.00887,0.00896,0.00886,0.00894,3922330.0
2023-10-16 12:30:00,0.00893,0.00896,0.00891,0.00892,2478458.0
2023-10-16 12:45:00,0.00892,0.00897,0.00891,0.00896,5996384.0
2023-10-16 13:00:00,0.00896,0.00898,0.00885,0.00888,9254177.0
2023-10-16 13:15:00,0.00888,0.00898,0.00882,0.00897,11771999.0
2023-10-16 13:30:00,0.00897,0.00904,0.00861,0.00869,27561651.0
2023-10-16 13:45:00,0.00869,0.00877,0.00851,0.00866,15780116.0
2023-10-16 14:00:00,0.00867,0.00873,0.00864,0.00869,5963928.0
2023-10-16 14:15:00,0.0087,0.00876,0.00869,0.00875,4067452.0
2023-10-16 14:30:00,0.00875,0.00878,0.00871,0.00874,5583541.0
2023-10-16 14:45:00,0.00874,0.00875,0.00871,0.00873,1481455.0
2023-10-16 15:00:00,0.00873,0.00875,0.0087,0.00874,2675140.0
2023-10-16 15:15:00,0.00875,0.00878,0.00869,0.00873,1633161.0
2023-10-16 15:30:00,0.00871,0.00873,0.00863,0.00866,7051781.0
2023-10-16 15:45:00,0.00865,0.00871,0.00865,0.0087,3159068.0
2023-10-16 16:00:00,0.0087,0.00875,0.0087,0.00875,1857970.0
2023-10-16 16:15:00,0.00875,0.00877,0.00873,0.00877,1597670.0
2023-10-16 16:30:00,0.00877,0.00878,0.00874,0.00875,1147660.0
2023-10-16 16:45:00,0.00875,0.00878,0.00875,0.00875,1020837.0
2023-10-16 17:00:00,0.00876,0.00882,0.00876,0.00881,1797888.0
2023-10-16 17:15:00,0.00881,0.00881,0.00875,0.00878,2728647.0
2023-10-16 17:30:00,0.00877,0.00878,0.00872,0.00874,3795891.0
2023-10-16 17:45:00,0.00874,0.00874,0.00871,0.00873,2053654.0
2023-10-16 18:00:00,0.00873,0.00879,0.00873,0.00877,1777970.0
2023-10-16 18:15:00,0.00877,0.00879,0.00876,0.00877,1702221.0
2023-10-16 18:30:00,0.00877,0.00877,0.00875,0.00876,472573.0
2023-10-16 18:45:00,0.00875,0.0088,0.00875,0.00879,1052668.0
2023-10-16 19:00:00,0.00878,0.00884,0.00878,0.00882,2005334.0
2023-10-16 19:15:00,0.00883,0.00886,0.00881,0.00885,2558467.0
2023-10-16 19:30:00,0.00885,0.00885,0.0088,0.00881,1260305.0
2023-10-16 19:45:00,0.00881,0.00883,0.00879,0.00881,1688338.0
2023-10-16 20:00:00,0.0088,0.00881,0.00876,0.0088,1472130.0
2023-10-16 20:15:00,0.00879,0.00882,0.00878,0.00881,1653021.0
2023-10-16 20:30:00,0.00881,0.00881,0.00877,0.00877,1678341.0
2023-10-16 20:45:00,0.00878,0.00879,0.00876,0.00878,472638.0
2023-10-16 21:00:00,0.00877,0.00878,0.00875,0.00876,998695.0
2023-10-16 21:15:00,0.00877,0.00881,0.00876,0.0088,302337.0
2023-10-16 21:30:00,0.00881,0.00884,0.00881,0.00884,696468.0
2023-10-16 21:45:00,0.00885,0.00888,0.00884,0.00888,1268828.0
2023-10-16 22:00:00,0.00888,0.0089,0.00888,0.0089,1333041.0
2023-10-16 22:15:00,0.0089,0.00891,0.00888,0.00889,2151784.0
2023-10-16 22:30:00,0.00888,0.00889,0.00886,0.00889,1104207.0
2023-10-16 22:45:00,0.00889,0.0089,0.00886,0.00887,655718.0
2023-10-16 23:00:00,0.00888,0.00891,0.00886,0.00889,1434079.0
2023-10-16 23:15:00,0.00889,0.0089,0.00888,0.0089,1234886.0
2023-10-16 23:30:00,0.00889,0.00895,0.00889,0.00892,3886619.0
2023-10-16 23:45:00,0.00891,0.00892,0.00889,0.0089,1227093.0
2023-10-17 00:00:00,0.0089,0.00892,0.00889,0.00892,1429611.0
2023-10-17 00:15:00,0.00891,0.00894,0.00889,0.00893,2633948.0
2023-10-17 00:30:00,0.00893,0.00895,0.00888,0.0089,1775567.0
2023-10-17 00:45:00,0.0089,0.0089,0.00885,0.00886,985427.0
2023-10-17 01:00:00,0.00886,0.00889,0.00886,0.00889,1260696.0
2023-10-17 01:15:00,0.00888,0.00892,0.00888,0.00891,606000.0
2023-10-17 01:30:00,0.00891,0.00892,0.00888,0.00888,1953882.0
2023-10-17 01:45:00,0.00888,0.0089,0.00886,0.00886,745826.0
2023-10-17 02:00:00,0.00886,0.00892,0.00886,0.00892,3438023.0
2023-10-17 02:15:00,0.00892,0.00893,0.00887,0.0089,1042344.0
2023-10-17 02:30:00,0.00891,0.00894,0.0089,0.00892,2914720.0
2023-10-17 02:45:00,0.00892,0.00893,0.00891,0.00892,1002628.0
2023-10-17 03:00:00,0.00891,0.00923,0.00891,0.00916,42893266.0
2023-10-17 03:15:00,0.00916,0.00921,0.00908,0.00918,12753162.0
2023-10-17 03:30:00,0.00919,0.0093,0.00912,0.00924,16252817.0
2023-10-17 03:45:00,0.00924,0.00925,0.00913,0.00916,12559651.0
2023-10-17 04:00:00,0.00916,0.00926,0.00915,0.00924,15130934.0
2023-10-17 04:15:00,0.00924,0.00932,0.00913,0.00917,18929228.0
2023-10-17 04:30:00,0.00916,0.00917,0.0091,0.00913,6745928.0
2023-10-17 04:45:00,0.00914,0.00914,0.00905,0.0091,9507509.0
2023-10-17 05:00:00,0.0091,0.00915,0.00909,0.00912,3633184.0
2023-10-17 05:15:00,0.00913,0.00921,0.0091,0.00916,11321659.0
2023-10-17 05:30:00,0.00915,0.00915,0.00897,0.00908,13422237.0
2023-10-17 05:45:00,0.00908,0.00914,0.00905,0.0091,3009894.0
2023-10-17 06:00:00,0.00911,0.00914,0.00906,0.00911,5525035.0
2023-10-17 06:15:00,0.00911,0.00915,0.00907,0.00909,5584133.0
2023-10-17 06:30:00,0.00909,0.00912,0.00906,0.00909,3281955.0
2023-10-17 06:45:00,0.0091,0.00916,0.00909,0.00915,3074516.0
2023-10-17 07:00:00,0.00915,0.00916,0.009,0.00905,6621288.0
2023-10-17 07:15:00,0.00906,0.0091,0.00904,0.00904,2984082.0
2023-10-17 07:30:00,0.00904,0.0091,0.00902,0.00909,6126805.0
2023-10-17 07:45:00,0.00909,0.00913,0.00908,0.00912,3641430.0
2023-10-17 08:00:00,0.00912,0.00912,0.00905,0.00908,2140567.0
2023-10-17 08:15:00,0.00907,0.00913,0.009,0.00904,6176814.0
2023-10-17 08:30:00,0.00904,0.00908,0.00902,0.00906,6910173.0
2023-10-17 08:45:00,0.00906,0.00908,0.00905,0.00908,2226214.0
2023-10-17 09:00:00,0.00908,0.0091,0.00906,0.00909,2430771.0
2023-10-17 09:15:00,0.0091,0.00914,0.00907,0.00907,8398935.0
2023-10-17 09:30:00,0.00907,0.00908,0.00904,0.00905,1850646.0
2023-10-17 09:45:00,0.00905,0.00906,0.00902,0.00904,2121636.0
2023-10-17 10:00:00,0.00903,0.00909,0.00903,0.00908,2532458.0
2023-10-17 10:15:00,0.00908,0.00918,0.00906,0.00917,22644782.0
2023-10-17 10:30:00,0.00916,0.00926,0.00912,0.00919,21898225.0
2023-10-17 10:45:00,0.00919,0.00922,0.00912,0.00913,7640988.0
2023-10-17 11:00:00,0.00914,0.00917,0.00907,0.00911,11192775.0
2023-10-17 11:15:00,0.00911,0.00912,0.00906,0.00908,7957648.0
2023-10-17 11:30:00,0.00908,0.00909,0.00904,0.00908,3765026.0
2023-10-17 11:45:00,0.00908,0.00915,0.00907,0.00908,5601549.0
2023-10-17 12:00:00,0.00909,0.0091,0.00898,0.00901,6074502.0
2023-10-17 12:15:00,0.00902,0.00902,0.00898,0.00899,3704207.0
2023-10-17 12:30:00,0.009,0.009,0.00888,0.0089,13827004.0
2023-10-17 12:45:00,0.00889,0.00893,0.00882,0.00889,14744309.0
2023-10-17 13:00:00,0.00889,0.0089,0.00883,0.00886,6681496.0
2023-10-17 13:15:00,0.00887,0.00891,0.00886,0.00887,4096190.0
2023-10-17 13:30:00,0.00888,0.00892,0.00877,0.00881,11628317.0
2023-10-17 13:45:00,0.00881,0.00883,0.00866,0.00877,20468240.0
2023-10-17 14:00:00,0.00877,0.00881,0.00872,0.00874,7483365.0
2023-10-17 14:15:00,0.00874,0.0088,0.00871,0.00879,5965314.0
2023-10-17 14:30:00,0.00878,0.00884,0.00875,0.00879,7102427.0
2023-10-17 14:45:00,0.0088,0.00881,0.00873,0.00876,5597005.0
2023-10-17 15:00:00,0.00877,0.0088,0.00876,0.00879,2026448.0
2023-10-17 15:15:00,0.00879,0.00885,0.00878,0.00882,2140071.0
2023-10-17 15:30:00,0.00882,0.00886,0.0088,0.00883,2476965.0
2023-10-17 15:45:00,0.00883,0.00888,0.00883,0.00886,3723114.0
2023-10-17 16:00:00,0.00886,0.0089,0.00885,0.00889,1575861.0
2023-10-17 16:15:00,0.0089,0.00891,0.00886,0.00887,2225391.0
2023-10-17 16:30:00,0.00888,0.00894,0.00888,0.00894,4693645.0
2023-10-17 16:45:00,0.00893,0.00893,0.00886,0.00888,5358040.0
2023-10-17 17:00:00,0.00889,0.00893,0.00885,0.0089,2026330.0
2023-10-17 17:15:00,0.00888,0.00893,0.00887,0.00888,1546151.0
2023-10-17 17:30:00,0.00888,0.00895,0.00888,0.00892,2330370.0
2023-10-17 17:45:00,0.00892,0.00894,0.0089,0.00892,1690922.0
2023-10-17 18:00:00,0.00893,0.00894,0.0086,0.00876,26706564.0
2023-10-17 18:15:00,0.00877,0.00889,0.00877,0.00888,9823136.0
2023-10-17 18:30:00,0.00888,0.00892,0.00885,0.0089,5228045.0
2023-10-17 18:45:00,0.00891,0.00895,0.00888,0.00888,2841085.0
2023-10-17 19:00:00,0.00888,0.00896,0.00886,0.00895,3987773.0
2023-10-17 19:15:00,0.00895,0.009,0.00894,0.00897,4132012.0
2023-10-17 19:30:00,0.00897,0.00904,0.00895,0.00902,3877707.0
2023-10-17 19:45:00,0.00901,0.00904,0.009,0.00903,3020293.0
2023-10-17 20:00:00,0.00903,0.00908,0.00902,0.00905,6361849.0
2023-10-17 20:15:00,0.00906,0.0091,0.00901,0.00907,3843825.0
2023-10-17 20:30:00,0.00906,0.00913,0.00905,0.0091,3209488.0
2023-10-17 20:45:00,0.0091,0.00912,0.00907,0.00909,2009428.0
2023-10-17 21:00:00,0.0091,0.00913,0.00908,0.00912,4396518.0
2023-10-17 21:15:00,0.00914,0.00915,0.00911,0.00914,1548762.0
2023-10-17 21:30:00,0.00914,0.00914,0.0091,0.00911,979232.0
2023-10-17 21:45:00,0.00911,0.00912,0.00909,0.00909,1794905.0
2023-10-17 22:00:00,0.0091,0.00913,0.00906,0.00912,4138614.0
2023-10-17 22:15:00,0.00911,0.00912,0.00906,0.00907,7046965.0
2023-10-17 22:30:00,0.00908,0.00908,0.00901,0.00904,3122651.0
2023-10-17 22:45:00,0.00904,0.00906,0.00901,0.00905,3541530.0
2023-10-17 23:00:00,0.00905,0.00911,0.00903,0.0091,1486036.0
2023-10-17 23:15:00,0.00909,0.00912,0.00908,0.00912,1240441.0
2023-10-17 23:30:00,0.00912,0.00914,0.00909,0.00909,2641731.0
2023-10-17 23:45:00,0.00909,0.00911,0.00905,0.00906,3283502.0
2023-10-18 00:00:00,0.00906,0.00906,0.00898,0.009,2973870.0
2023-10-18 00:15:00,0.009,0.009,0.00892,0.00894,6337651.0
2023-10-18 00:30:00,0.00893,0.00894,0.0088,0.0088,7641033.0
2023-10-18 00:45:00,0.0088,0.00885,0.00877,0.00884,2576443.0
2023-10-18 01:00:00,0.00884,0.00885,0.00879,0.00883,2233245.0
2023-10-18 01:15:00,0.00883,0.00883,0.00878,0.00882,2193531.0
2023-10-18 01:30:00,0.00882,0.00885,0.00878,0.00881,4823022.0
2023-10-18 01:45:00,0.0088,0.00885,0.00879,0.00881,772729.0
2023-10-18 02:00:00,0.00881,0.00882,0.00863,0.00863,7401849.0
2023-10-18 02:15:00,0.00863,0.00863,0.00852,0.00856,10479438.0
2023-10-18 02:30:00,0.00855,0.00863,0.00852,0.00855,5209256.0
2023-10-18 02:45:00,0.00855,0.0086,0.00852,0.0086,5817087.0
2023-10-18 03:00:00,0.00859,0.00863,0.00858,0.0086,5551062.0
2023-10-18 03:15:00,0.0086,0.00869,0.00859,0.00866,4943433.0
2023-10-18 03:30:00,0.00866,0.0087,0.00865,0.00869,1789302.0
2023-10-18 03:45:00,0.00869,0.00874,0.00868,0.00874,1130243.0
2023-10-18 04:00:00,0.00872,0.00878,0.00872,0.00876,2491003.0
2023-10-18 04:15:00,0.00876,0.00878,0.00869,0.00872,6683217.0
2023-10-18 04:30:00,0.00872,0.00873,0.00869,0.00872,992879.0
2023-10-18 04:45:00,0.00871,0.00877,0.00867,0.00873,5091323.0
2023-10-18 05:00:00,0.00872,0.00876,0.00867,0.00867,2651271.0
2023-10-18 05:15:00,0.00867,0.00869,0.00865,0.00866,4533510.0
2023-10-18 05:30:00,0.00867,0.00868,0.00862,0.00865,3336086.0
2023-10-18 05:45:00,0.00864,0.00867,0.00862,0.00867,3115052.0
2023-10-18 06:00:00,0.00866,0.00872,0.00865,0.00871,1757495.0
2023-10-18 06:15:00,0.00872,0.00877,0.00871,0.00876,3202485.0
2023-10-18 06:30:00,0.00875,0.00877,0.00872,0.00877,1660856.0
2023-10-18 06:45:00,0.00877,0.00885,0.00876,0.0088,4759221.0
2023-10-18 07:00:00,0.00881,0.00885,0.00877,0.00884,4554830.0
2023-10-18 07:15:00,0.00883,0.00884,0.00879,0.00881,3306435.0
2023-10-18 07:30:00,0.00881,0.00881,0.00872,0.00875,5245330.0
2023-10-18 07:45:00,0.00874,0.00874,0.00871,0.00872,2226180.0
2023-10-18 08:00:00,0.00872,0.00872,0.00868,0.00868,2053705.0
2023-10-18 08:15:00,0.00868,0.00868,0.00863,0.00866,2387629.0
2023-10-18 08:30:00,0.00867,0.00869,0.00861,0.00862,2864796.0
2023-10-18 08:45:00,0.00863,0.00867,0.00861,0.00864,2146021.0
2023-10-18 09:00:00,0.00864,0.00865,0.00861,0.00863,1720563.0
2023-10-18 09:15:00,0.00862,0.00862,0.00856,0.00858,4583961.0
2023-10-18 09:30:00,0.00858,0.0086,0.00856,0.00857,5853697.0
2023-10-18 09:45:00,0.00856,0.00856,0.00823,0.00828,33328478.0
2023-10-18 10:00:00,0.00828,0.0084,0.00828,0.00839,5899339.0
2023-10-18 10:15:00,0.00838,0.00847,0.00837,0.00839,3591165.0
2023-10-18 10:30:00,0.00839,0.00842,0.00837,0.0084,1844792.0
2023-10-18 10:45:00,0.00841,0.00843,0.00839,0.0084,747067.0
2023-10-18 11:00:00,0.0084,0.00842,0.00837,0.00839,1534434.0
2023-10-18 11:15:00,0.00839,0.00841,0.00835,0.00837,2456920.0
2023-10-18 11:30:00,0.00837,0.0084,0.00835,0.0084,3731200.0
2023-10-18 11:45:00,0.0084,0.00845,0.0084,0.00843,1739110.0
2023-10-18 12:00:00,0.00843,0.00845,0.00839,0.00839,1516079.0
2023-10-18 12:15:00,0.0084,0.00841,0.00838,0.00839,3040351.0
2023-10-18 12:30:00,0.00839,0.00841,0.00837,0.0084,2272846.0
2023-10-18 12:45:00,0.00841,0.00843,0.00838,0.00842,929196.0
2023-10-18 13:00:00,0.00841,0.00841,0.00838,0.0084,1574401.0
2023-10-18 13:15:00,0.00839,0.00841,0.008,0.00806,36621803.0
2023-10-18 13:30:00,0.00806,0.00816,0.00806,0.00807,18025360.0
2023-10-18 13:45:00,0.00808,0.00816,0.00806,0.00811,8105874.0
2023-10-18 14:00:00,0.00811,0.00813,0.00807,0.0081,4651280.0
2023-10-18 14:15:00,0.00809,0.00812,0.00806,0.00809,5926863.0
2023-10-18 14:30:00,0.00809,0.00812,0.00802,0.00808,11088151.0
2023-10-18 14:45:00,0.00809,0.00811,0.00805,0.0081,4771226.0
2023-10-18 15:00:00,0.0081,0.00816,0.00807,0.00812,9042541.0
2023-10-18 15:15:00,0.00812,0.00814,0.00809,0.00811,4030560.0
2023-10-18 15:30:00,0.00812,0.00814,0.00811,0.00813,1850351.0
2023-10-18 15:45:00,0.00813,0.00816,0.00813,0.00814,2000199.0
2023-10-18 16:00:00,0.00814,0.00817,0.00812,0.00815,1601675.0
2023-10-18 16:15:00,0.00816,0.00818,0.00813,0.00816,1309477.0
2023-10-18 16:30:00,0.00816,0.00818,0.0081,0.00811,4495119.0
2023-10-18 16:45:00,0.0081,0.00833,0.00808,0.0082,28383965.0
2023-10-18 17:00:00,0.00819,0.0082,0.00811,0.00814,4833485.0
2023-10-18 17:15:00,0.00813,0.00818,0.00812,0.00817,2889167.0
2023-10-18 17:30:00,0.00817,0.00818,0.00812,0.00814,2002995.0
2023-10-18 17:45:00,0.00814,0.00814,0.0081,0.00813,2907367.0
2023-10-18 18:00:00,0.00813,0.00813,0.00808,0.0081,1420838.0
2023-10-18 18:15:00,0.00809,0.00816,0.00807,0.00814,2680796.0
2023-10-18 18:30:00,0.00814,0.00817,0.00812,0.00816,2225345.0
2023-10-18 18:45:00,0.00817,0.00819,0.00812,0.00813,3654127.0
2023-10-18 19:00:00,0.00813,0.00815,0.00808,0.00811,2736756.0
2023-10-18 19:15:00,0.0081,0.0081,0.00807,0.00807,3372984.0
2023-10-18 19:30:00,0.00808,0.0081,0.00806,0.00809,2004125.0
2023-10-18 19:45:00,0.00808,0.00814,0.00808,0.00811,1688527.0
2023-10-18 20:00:00,0.00811,0.00817,0.00811,0.00816,2523927.0
2023-10-18 20:15:00,0.00816,0.00819,0.00815,0.00819,1600156.0
2023-10-18 20:30:00,0.00819,0.00819,0.00808,0.00809,3294320.0
2023-10-18 20:45:00,0.00808,0.00811,0.00807,0.00809,1289886.0
2023-10-18 21:00:00,0.00809,0.00811,0.00805,0.00806,615870.0
2023-10-18 21:15:00,0.00806,0.0081,0.00805,0.00809,1477421.0
2023-10-18 21:30:00,0.00809,0.00809,0.00805,0.00807,780059.0
2023-10-18 21:45:00,0.00807,0.00809,0.00807,0.00809,223953.0
2023-10-18 22:00:00,0.00809,0.00812,0.00809,0.00812,1025477.0
2023-10-18 22:15:00,0.00811,0.00814,0.0081,0.00813,397444.0
2023-10-18 22:30:00,0.00813,0.00814,0.0081,0.00814,1075201.0
2023-10-18 22:45:00,0.00814,0.00817,0.00813,0.00815,4155029.0
2023-10-18 23:00:00,0.00816,0.00816,0.00813,0.00814,1240990.0
2023-10-18 23:15:00,0.00814,0.00814,0.00811,0.00813,2154929.0
2023-10-18 23:30:00,0.00814,0.00815,0.00809,0.00811,2458392.0
2023-10-18 23:45:00,0.0081,0.0081,0.00806,0.00808,2053066.0
2023-10-19 00:00:00,0.00807,0.00815,0.00804,0.00805,9087245.0
2023-10-19 00:15:00,0.00804,0.00808,0.00795,0.00806,11564526.0
2023-10-19 00:30:00,0.00807,0.00808,0.00801,0.00806,1707839.0
2023-10-19 00:45:00,0.00806,0.00813,0.00806,0.00811,1920667.0
2023-10-19 01:00:00,0.00812,0.00814,0.0081,0.00811,2303675.0
2023-10-19 01:15:00,0.00812,0.00813,0.0081,0.00811,828004.0
2023-10-19 01:30:00,0.00811,0.00812,0.0079,0.00798,7436265.0
2023-10-19 01:45:00,0.00799,0.00803,0.00796,0.00799,7419735.0
2023-10-19 02:00:00,0.00799,0.008,0.00792,0.00796,8185303.0
2023-10-19 02:15:00,0.00795,0.008,0.00793,0.00797,1868489.0
2023-10-19 02:30:00,0.00797,0.00799,0.00796,0.00797,927085.0
2023-10-19 02:45:00,0.00797,0.008,0.00796,0.00798,2798055.0
2023-10-19 03:00:00,0.00798,0.00801,0.00794,0.00799,4020368.0
2023-10-19 03:15:00,0.00799,0.00803,0.00798,0.008,2193945.0
2023-10-19 03:30:00,0.008,0.00814,0.00792,0.00793,40875151.0
2023-10-19 03:45:00,0.00792,0.00795,0.00789,0.00792,7558738.0
2023-10-19 04:00:00,0.00792,0.00796,0.00787,0.00787,4089795.0
2023-10-19 04:15:00,0.00787,0.00791,0.00786,0.0079,6020545.0
2023-10-19 04:30:00,0.00789,0.00793,0.00782,0.00791,4072883.0
2023-10-19 04:45:00,0.00791,0.00796,0.0079,0.00795,2727919.0
2023-10-19 05:00:00,0.00796,0.008,0.00796,0.008,858033.0
2023-10-19 05:15:00,0.008,0.00802,0.00799,0.00802,683046.0
2023-10-19 05:30:00,0.00802,0.00804,0.008,0.008,1073421.0
2023-10-19 05:45:00,0.008,0.00806,0.008,0.00804,2687447.0
2023-10-19 06:00:00,0.00804,0.00806,0.00802,0.00803,2565165.0
2023-10-19 06:15:00,0.00803,0.00804,0.00802,0.00802,305577.0
2023-10-19 06:30:00,0.00802,0.00804,0.008,0.008,3348201.0
2023-10-19 06:45:00,0.008,0.00803,0.00799,0.00803,1251337.0
2023-10-19 07:00:00,0.00803,0.00803,0.00796,0.00796,1195123.0
2023-10-19 07:15:00,0.00797,0.00798,0.00796,0.00798,262312.0
2023-10-19 07:30:00,0.00798,0.00803,0.00798,0.00803,1576091.0
2023-10-19 07:45:00,0.00803,0.00806,0.00802,0.00804,992922.0
2023-10-19 08:00:00,0.00805,0.00807,0.00804,0.00805,560120.0
2023-10-19 08:15:00,0.00805,0.0081,0.00805,0.0081,2061081.0
2023-10-19 08:30:00,0.0081,0.00812,0.0081,0.0081,542853.0
2023-10-19 08:45:00,0.0081,0.00811,0.00806,0.00806,1234128.0
2023-10-19 09:00:00,0.00806,0.00811,0.00804,0.00808,2773787.0
2023-10-19 09:15:00,0.00808,0.0081,0.00806,0.00807,606216.0
2023-10-19 09:30:00,0.00807,0.00808,0.00801,0.00802,1049047.0
2023-10-19 09:45:00,0.00802,0.00803,0.00796,0.00799,2098499.0
2023-10-19 10:00:00,0.00799,0.00804,0.00796,0.00802,1285237.0
2023-10-19 10:15:00,0.00802,0.00802,0.00798,0.00799,1320540.0
2023-10-19 10:30:00,0.00799,0.00802,0.00797,0.00801,1299905.0
2023-10-19 10:45:00,0.00801,0.00805,0.00801,0.00805,2207394.0
2023-10-19 11:00:00,0.00806,0.00809,0.00806,0.00808,913876.0
2023-10-19 11:15:00,0.00807,0.00807,0.00804,0.00807,1457328.0
2023-10-19 11:30:00,0.00807,0.00812,0.00807,0.00811,2425257.0
2023-10-19 11:45:00,0.00811,0.00815,0.00809,0.00813,3737474.0
2023-10-19 12:00:00,0.00814,0.00815,0.00801,0.00805,5105463.0
2023-10-19 12:15:00,0.00805,0.00807,0.00803,0.00803,1285935.0
2023-10-19 12:30:00,0.00803,0.00808,0.00803,0.00807,1254994.0
2023-10-19 12:45:00,0.00808,0.00811,0.00807,0.00809,1254547.0
2023-10-19 13:00:00,0.00809,0.00811,0.00808,0.0081,484756.0
2023-10-19 13:15:00,0.00811,0.00815,0.00809,0.0081,4969836.0
2023-10-19 13:30:00,0.0081,0.00814,0.0081,0.00813,665437.0
2023-10-19 13:45:00,0.00813,0.00813,0.00809,0.00809,996570.0
2023-10-19 14:00:00,0.00808,0.00814,0.00807,0.00813,1834706.0
2023-10-19 14:15:00,0.00812,0.00812,0.00808,0.00808,1118531.0
2023-10-19 14:30:00,0.00808,0.00812,0.00808,0.00811,502780.0
2023-10-19 14:45:00,0.00811,0.00816,0.0081,0.00814,2200835.0
2023-10-19 15:00:00,0.00815,0.00816,0.00806,0.00807,2399382.0
2023-10-19 15:15:00,0.00807,0.00807,0.00801,0.00802,2346457.0
2023-10-19 15:30:00,0.00802,0.00805,0.008,0.00805,2618273.0
2023-10-19 15:45:00,0.00805,0.00806,0.00802,0.00803,1332556.0
2023-10-19 16:00:00,0.00803,0.00806,0.00803,0.00803,2418099.0
2023-10-19 16:15:00,0.00803,0.00809,0.00803,0.00804,1886414.0
2023-10-19 16:30:00,0.00804,0.00806,0.00801,0.00804,2329954.0
2023-10-19 16:45:00,0.00804,0.00804,0.00799,0.008,2232290.0
2023-10-19 17:00:00,0.008,0.008,0.00796,0.008,2399947.0
2023-10-19 17:15:00,0.008,0.008,0.00795,0.00795,948285.0
2023-10-19 17:30:00,0.00797,0.00798,0.00794,0.00795,2584774.0
2023-10-19 17:45:00,0.00797,0.00802,0.00797,0.00801,584496.0
2023-10-19 18:00:00,0.00802,0.00804,0.00802,0.00802,620616.0
2023-10-19 18:15:00,0.00802,0.00804,0.00802,0.00804,72512.0
2023-10-19 18:30:00,0.00804,0.00804,0.008,0.008,683743.0
2023-10-19 18:45:00,0.00801,0.00803,0.00799,0.00799,758673.0
2023-10-19 19:00:00,0.00798,0.00802,0.00798,0.00802,405701.0
2023-10-19 19:15:00,0.00801,0.00803,0.00801,0.00802,674992.0
2023-10-19 19:30:00,0.00803,0.00804,0.00802,0.00804,51074.0
2023-10-19 19:45:00,0.00804,0.00805,0.00802,0.00804,504632.0
2023-10-19 20:00:00,0.00805,0.00807,0.00804,0.00805,538436.0
2023-10-19 20:15:00,0.00805,0.00807,0.00805,0.00806,115362.0
2023-10-19 20:30:00,0.00806,0.00809,0.00802,0.00808,880283.0
2023-10-19 20:45:00,0.00807,0.00808,0.00804,0.00804,660600.0
2023-10-19 21:00:00,0.00804,0.00805,0.008,0.008,1095165.0
2023-10-19 21:15:00,0.008,0.00801,0.00794,0.00795,2719119.0
2023-10-19 21:30:00,0.00795,0.00796,0.00794,0.00795,1024418.0
2023-10-19 21:45:00,0.00796,0.00798,0.00795,0.00797,208677.0
2023-10-19 22:00:00,0.00797,0.00799,0.00797,0.00799,731851.0
2023-10-19 22:15:00,0.00799,0.00801,0.00799,0.008,270208.0
2023-10-19 22:30:00,0.00801,0.00802,0.00797,0.00797,391403.0
2023-10-19 22:45:00,0.00798,0.00798,0.00794,0.00796,782770.0
2023-10-19 23:00:00,0.00796,0.00797,0.00794,0.00795,377645.0
2023-10-19 23:15:00,0.00796,0.00797,0.00793,0.00795,1127460.0
2023-10-19 23:30:00,0.00795,0.00796,0.00792,0.00793,604698.0
2023-10-19 23:45:00,0.00794,0.00796,0.00793,0.00796,1126939.0
2023-10-20 00:00:00,0.00795,0.00796,0.00789,0.00791,1830874.0
2023-10-20 00:15:00,0.0079,0.00791,0.00786,0.00789,1583518.0
2023-10-20 00:30:00,0.00788,0.0079,0.00786,0.00789,676959.0
2023-10-20 00:45:00,0.00789,0.0079,0.00787,0.0079,1089041.0
2023-10-20 01:00:00,0.0079,0.00791,0.00786,0.0079,1338831.0
2023-10-20 01:15:00,0.00791,0.00795,0.0079,0.00795,1148092.0
2023-10-20 01:30:00,0.00795,0.00798,0.00794,0.00797,723431.0
2023-10-20 01:45:00,0.00797,0.00802,0.00797,0.00802,1049597.0
2023-10-20 02:00:00,0.00802,0.00805,0.00801,0.00804,972366.0
2023-10-20 02:15:00,0.00804,0.00807,0.00804,0.00804,614360.0
2023-10-20 02:30:00,0.00804,0.00806,0.00803,0.00804,702044.0
2023-10-20 02:45:00,0.00805,0.00808,0.00802,0.00806,2520694.0
2023-10-20 03:00:00,0.00806,0.00808,0.00803,0.00807,1476733.0
2023-10-20 03:15:00,0.00806,0.00809,0.00806,0.00806,5268457.0
2023-10-20 03:30:00,0.00806,0.00807,0.00804,0.00806,2160506.0
2023-10-20 03:45:00,0.00805,0.00807,0.00804,0.00806,474309.0
2023-10-20 04:00:00,0.00806,0.00809,0.00805,0.00806,4709872.0
2023-10-20 04:15:00,0.00805,0.0081,0.00804,0.00809,1747678.0
2023-10-20 04:30:00,0.00809,0.00813,0.00808,0.00812,2314418.0
2023-10-20 04:45:00,0.00811,0.00815,0.0081,0.00812,2517953.0
2023-10-20 05:00:00,0.00813,0.00816,0.00812,0.00814,4202412.0
2023-10-20 05:15:00,0.00814,0.00815,0.00812,0.00812,875849.0
2023-10-20 05:30:00,0.00812,0.00817,0.00811,0.00817,2165184.0
2023-10-20 05:45:00,0.00817,0.0082,0.00813,0.00813,4104600.0
2023-10-20 06:00:00,0.00813,0.00817,0.00812,0.00816,3014642.0
2023-10-20 06:15:00,0.00816,0.00817,0.00814,0.00816,2085191.0
2023-10-20 06:30:00,0.00816,0.00823,0.00815,0.0082,4781839.0
2023-10-20 06:45:00,0.0082,0.00823,0.00819,0.00821,1375284.0
2023-10-20 07:00:00,0.00821,0.00821,0.00819,0.00819,3758535.0
2023-10-20 07:15:00,0.00819,0.00819,0.00815,0.00816,1222921.0
2023-10-20 07:30:00,0.00816,0.00818,0.00814,0.00818,726190.0
2023-10-20 07:45:00,0.00818,0.00818,0.00812,0.00813,585454.0
2023-10-20 08:00:00,0.00813,0.00821,0.00813,0.00818,4223845.0
2023-10-20 08:15:00,0.00819,0.00823,0.00818,0.00822,2361429.0
2023-10-20 08:30:00,0.00822,0.00829,0.00821,0.00827,3167247.0
2023-10-20 08:45:00,0.00827,0.00827,0.00821,0.00824,8566470.0
2023-10-20 09:00:00,0.00824,0.00825,0.00821,0.00822,2063439.0
2023-10-20 09:15:00,0.00822,0.00824,0.0082,0.00823,1798481.0
2023-10-20 09:30:00,0.00823,0.00834,0.00823,0.00832,14446374.0
2023-10-20 09:45:00,0.00831,0.0085,0.00827,0.00844,23326609.0
2023-10-20 10:00:00,0.00844,0.00849,0.00841,0.00846,11553289.0
2023-10-20 10:15:00,0.00844,0.00845,0.00837,0.00839,8925114.0
2023-10-20 10:30:00,0.00839,0.00843,0.00836,0.00839,5779610.0
2023-10-20 10:45:00,0.00839,0.00839,0.00832,0.00833,3480718.0
2023-10-20 11:00:00,0.00834,0.00838,0.00832,0.00837,1379730.0
2023-10-20 11:15:00,0.00836,0.00837,0.00833,0.00833,1037199.0
2023-10-20 11:30:00,0.00833,0.00833,0.00826,0.0083,4781239.0
2023-10-20 11:45:00,0.00829,0.0083,0.00826,0.00827,1274830.0
2023-10-20 12:00:00,0.00826,0.00831,0.00826,0.0083,2289100.0
2023-10-20 12:15:00,0.0083,0.00832,0.00827,0.00827,2127334.0
2023-10-20 12:30:00,0.00827,0.00832,0.00827,0.00831,3156933.0
2023-10-20 12:45:00,0.00831,0.00832,0.00824,0.00828,1057838.0
2023-10-20 13:00:00,0.00828,0.0083,0.00826,0.00828,1048165.0
2023-10-20 13:15:00,0.00829,0.0083,0.00826,0.00827,577307.0
2023-10-20 13:30:00,0.00826,0.00829,0.00823,0.00827,3129702.0
2023-10-20 13:45:00,0.00828,0.00831,0.00828,0.0083,876296.0
2023-10-20 14:00:00,0.0083,0.00831,0.00826,0.00826,3137995.0
2023-10-20 14:15:00,0.00825,0.00831,0.00825,0.00829,1192305.0
2023-10-20 14:30:00,0.00829,0.00834,0.00829,0.00834,705398.0
2023-10-20 14:45:00,0.00834,0.00835,0.00833,0.00835,415256.0
2023-10-20 15:00:00,0.00834,0.00838,0.00832,0.00835,529147.0
2023-10-20 15:15:00,0.00836,0.00837,0.00833,0.00833,1066818.0
2023-10-20 15:30:00,0.00833,0.00834,0.00831,0.00831,1651527.0
2023-10-20 15:45:00,0.00831,0.00836,0.00831,0.00834,575951.0
2023-10-20 16:00:00,0.00835,0.00836,0.0083,0.00834,1007004.0
2023-10-20 16:15:00,0.00834,0.00836,0.0083,0.00831,4151965.0
2023-10-20 16:30:00,0.00831,0.00836,0.0083,0.00831,8633175.0
2023-10-20 16:45:00,0.00832,0.00833,0.00827,0.00828,3523764.0
2023-10-20 17:00:00,0.00828,0.00828,0.00823,0.00824,2757968.0
2023-10-20 17:15:00,0.00824,0.00826,0.00823,0.00825,1320020.0
2023-10-20 17:30:00,0.00826,0.0083,0.00826,0.00829,521569.0
2023-10-20 17:45:00,0.0083,0.00831,0.00829,0.0083,880603.0
2023-10-20 18:00:00,0.00831,0.00833,0.00829,0.0083,965660.0
2023-10-20 18:15:00,0.00831,0.00835,0.00831,0.00834,611733.0
2023-10-20 18:30:00,0.00834,0.00836,0.00833,0.00835,340840.0
2023-10-20 18:45:00,0.00836,0.00836,0.00833,0.00834,1232141.0
2023-10-20 19:00:00,0.00833,0.00835,0.00832,0.00834,745112.0
2023-10-20 19:15:00,0.00834,0.00838,0.00834,0.00837,1946942.0
2023-10-20 19:30:00,0.00838,0.0084,0.00836,0.00836,2218705.0
2023-10-20 19:45:00,0.00836,0.00839,0.00835,0.00838,700347.0
2023-10-20 20:00:00,0.00838,0.00839,0.00837,0.00837,280593.0
2023-10-20 20:15:00,0.00837,0.00839,0.00835,0.00835,513384.0
2023-10-20 20:30:00,0.00834,0.00836,0.00832,0.00836,1621449.0
2023-10-20 20:45:00,0.00835,0.00835,0.0083,0.0083,511454.0
2023-10-20 21:00:00,0.00831,0.00838,0.00831,0.00836,7380331.0
2023-10-20 21:15:00,0.00837,0.00839,0.00837,0.00838,3039988.0
2023-10-20 21:30:00,0.00838,0.00839,0.00837,0.00838,506869.0
2023-10-20 21:45:00,0.00837,0.00839,0.00837,0.00838,337815.0
2023-10-20 22:00:00,0.00839,0.00841,0.00838,0.00839,1018342.0
2023-10-20 22:15:00,0.00838,0.00838,0.00835,0.00838,395352.0
2023-10-20 22:30:00,0.00838,0.00838,0.00836,0.00837,221489.0
2023-10-20 22:45:00,0.00837,0.00838,0.00835,0.00835,624263.0
2023-10-20 23:00:00,0.00835,0.00838,0.00834,0.00836,274469.0
2023-10-20 23:15:00,0.00836,0.00836,0.00835,0.00836,219436.0
2023-10-20 23:30:00,0.00836,0.00837,0.00834,0.00836,839266.0
2023-10-20 23:45:00,0.00835,0.00836,0.00832,0.00833,430696.0
2023-10-21 00:00:00,0.00834,0.00836,0.00831,0.00832,772382.0
2023-10-21 00:15:00,0.00833,0.00836,0.00831,0.00835,207751.0
2023-10-21 00:30:00,0.00834,0.00834,0.00831,0.00831,727773.0
2023-10-21 00:45:00,0.00831,0.00835,0.0083,0.00834,535255.0
2023-10-21 01:00:00,0.00833,0.00837,0.00831,0.00837,2993019.0
2023-10-21 01:15:00,0.00837,0.00839,0.00836,0.00839,488043.0
2023-10-21 01:30:00,0.0084,0.0084,0.00836,0.00838,465065.0
2023-10-21 01:45:00,0.00838,0.0084,0.00835,0.00836,2748513.0
2023-10-21 02:00:00,0.00835,0.00836,0.00834,0.00835,137439.0
2023-10-21 02:15:00,0.00837,0.0084,0.00837,0.00839,855198.0
2023-10-21 02:30:00,0.00839,0.0084,0.00836,0.0084,1393934.0
2023-10-21 02:45:00,0.00841,0.00842,0.00839,0.00841,1398508.0
2023-10-21 03:00:00,0.00841,0.00842,0.00835,0.00837,800473.0
2023-10-21 03:15:00,0.00838,0.00841,0.00837,0.00838,503920.0
2023-10-21 03:30:00,0.00839,0.00842,0.00839,0.00842,914660.0
2023-10-21 03:45:00,0.00842,0.00843,0.00839,0.0084,608867.0
2023-10-21 04:00:00,0.00839,0.00839,0.00836,0.00837,620145.0
2023-10-21 04:15:00,0.00837,0.00837,0.00834,0.00836,890055.0
2023-10-21 04:30:00,0.00836,0.00838,0.00836,0.00836,292055.0
2023-10-21 04:45:00,0.00837,0.0084,0.00837,0.0084,615823.0
2023-10-21 05:00:00,0.00839,0.00842,0.00839,0.00841,393845.0
2023-10-21 05:15:00,0.00841,0.00844,0.00841,0.00843,328408.0
2023-10-21 05:30:00,0.00844,0.00847,0.00843,0.00846,1347268.0
2023-10-21 05:45:00,0.00846,0.00848,0.00845,0.00846,856788.0
2023-10-21 06:00:00,0.00846,0.00846,0.00844,0.00845,1170630.0
2023-10-21 06:15:00,0.00845,0.00848,0.00845,0.00848,836194.0
2023-10-21 06:30:00,0.00847,0.00852,0.00846,0.00848,5585483.0
2023-10-21 06:45:00,0.00848,0.00853,0.00847,0.00852,855860.0
2023-10-21 07:00:00,0.00852,0.00852,0.00844,0.00844,4890390.0
2023-10-21 07:15:00,0.00844,0.00847,0.00844,0.00846,527946.0
2023-10-21 07:30:00,0.00846,0.00847,0.00845,0.00846,130143.0
2023-10-21 07:45:00,0.00847,0.00851,0.00846,0.0085,1377028.0
2023-10-21 08:00:00,0.0085,0.0085,0.00845,0.00847,751767.0
2023-10-21 08:15:00,0.00846,0.00849,0.00845,0.00848,1165351.0
2023-10-21 08:30:00,0.00848,0.00848,0.00843,0.00845,1512027.0
2023-10-21 08:45:00,0.00845,0.00845,0.00841,0.00842,923611.0
2023-10-21 09:00:00,0.00843,0.00843,0.00841,0.00842,1058033.0
2023-10-21 09:15:00,0.00841,0.00843,0.00838,0.00843,2492632.0
2023-10-21 09:30:00,0.00842,0.00846,0.00842,0.00844,572255.0
2023-10-21 09:45:00,0.00845,0.00847,0.00844,0.00847,682554.0
2023-10-21 10:00:00,0.00847,0.00847,0.00842,0.00845,693654.0
2023-10-21 10:15:00,0.00845,0.00845,0.0084,0.0084,2447507.0
2023-10-21 10:30:00,0.0084,0.00844,0.0084,0.00843,657944.0
2023-10-21 10:45:00,0.00842,0.00844,0.0084,0.0084,1435498.0
2023-10-21 11:00:00,0.00841,0.00843,0.00841,0.00842,586567.0
2023-10-21 11:15:00,0.00842,0.00846,0.00842,0.00846,1850141.0
2023-10-21 11:30:00,0.00845,0.00848,0.00844,0.00845,1091491.0
2023-10-21 11:45:00,0.00845,0.00849,0.00845,0.00848,2006223.0
2023-10-21 12:00:00,0.00849,0.0085,0.00848,0.0085,1774976.0
2023-10-21 12:15:00,0.00849,0.0085,0.00847,0.00848,374383.0
2023-10-21 12:30:00,0.00848,0.00849,0.00847,0.00849,638062.0
2023-10-21 12:45:00,0.00848,0.0085,0.00848,0.00848,1052504.0
2023-10-21 13:00:00,0.00848,0.0085,0.00847,0.00848,1068689.0
2023-10-21 13:15:00,0.00848,0.0085,0.00846,0.00849,1370097.0
2023-10-21 13:30:00,0.00849,0.00853,0.00849,0.00853,2097072.0
2023-10-21 13:45:00,0.00853,0.00854,0.00849,0.00853,3554236.0
2023-10-21 14:00:00,0.00853,0.00853,0.00849,0.00851,2751871.0
2023-10-21 14:15:00,0.00852,0.00854,0.00852,0.00853,1069622.0
2023-10-21 14:30:00,0.00853,0.00855,0.0085,0.00853,1516261.0
2023-10-21 14:45:00,0.00853,0.00857,0.00852,0.00856,1554825.0
2023-10-21 15:00:00,0.00857,0.00858,0.0085,0.00851,2960213.0
2023-10-21 15:15:00,0.00849,0.00853,0.00844,0.00852,1547005.0
2023-10-21 15:30:00,0.00852,0.00854,0.00848,0.0085,1013469.0
2023-10-21 15:45:00,0.00851,0.00853,0.00851,0.00853,608976.0
2023-10-21 16:00:00,0.00853,0.00855,0.00846,0.0085,7990717.0
2023-10-21 16:15:00,0.00849,0.00851,0.00848,0.00849,3949617.0
2023-10-21 16:30:00,0.00848,0.00859,0.00847,0.00857,4215623.0
2023-10-21 16:45:00,0.00856,0.00857,0.00851,0.00853,2005569.0
2023-10-21 17:00:00,0.00853,0.00864,0.00852,0.00859,4219803.0
2023-10-21 17:15:00,0.00858,0.00861,0.00856,0.0086,584296.0
2023-10-21 17:30:00,0.0086,0.00861,0.00849,0.00856,14542504.0
2023-10-21 17:45:00,0.00857,0.00858,0.00851,0.00854,7426803.0
2023-10-21 18:00:00,0.00854,0.00857,0.00848,0.00849,2591363.0
2023-10-21 18:15:00,0.00849,0.00853,0.00849,0.00851,1768729.0
2023-10-21 18:30:00,0.00851,0.00851,0.00848,0.00849,336994.0
2023-10-21 18:45:00,0.0085,0.00854,0.0085,0.00854,914846.0
2023-10-21 19:00:00,0.00853,0.00855,0.00851,0.00851,1391382.0
2023-10-21 19:15:00,0.00851,0.00852,0.0085,0.00851,693238.0
2023-10-21 19:30:00,0.00852,0.00857,0.00852,0.00855,872479.0
2023-10-21 19:45:00,0.00855,0.00857,0.00855,0.00857,132603.0
2023-10-21 20:00:00,0.00857,0.00864,0.00857,0.00858,2645604.0
2023-10-21 20:15:00,0.00858,0.00862,0.00856,0.00861,3831666.0
2023-10-21 20:30:00,0.00861,0.00863,0.0086,0.00861,951835.0
2023-10-21 20:45:00,0.00862,0.00863,0.00861,0.00862,398468.0
2023-10-21 21:00:00,0.00861,0.00863,0.00861,0.00863,1345293.0
2023-10-21 21:15:00,0.00863,0.00865,0.00863,0.00865,1370810.0
2023-10-21 21:30:00,0.00865,0.00866,0.00859,0.00859,2579416.0
2023-10-21 21:45:00,0.00859,0.0086,0.00858,0.00859,552865.0
2023-10-21 22:00:00,0.0086,0.00863,0.0086,0.0086,449040.0
2023-10-21 22:15:00,0.0086,0.00861,0.00857,0.00858,2922226.0
2023-10-21 22:30:00,0.00857,0.00858,0.00857,0.00858,120303.0
2023-10-21 22:45:00,0.00859,0.00861,0.00859,0.00861,368415.0
2023-10-21 23:00:00,0.0086,0.00861,0.00856,0.00857,181589.0
2023-10-21 23:15:00,0.00856,0.00857,0.00854,0.00856,1724376.0
2023-10-21 23:30:00,0.00855,0.00855,0.0085,0.00851,4356058.0
2023-10-21 23:45:00,0.00851,0.00854,0.00851,0.00854,162287.0
2023-10-22 00:00:00,0.00854,0.00855,0.00851,0.00855,898359.0
2023-10-22 00:15:00,0.00856,0.00857,0.00855,0.00855,1575297.0
2023-10-22 00:30:00,0.00856,0.00856,0.00852,0.00854,641612.0
2023-10-22 00:45:00,0.00854,0.00859,0.00853,0.00855,758141.0
2023-10-22 01:00:00,0.00855,0.00866,0.00855,0.00865,1531243.0
2023-10-22 01:15:00,0.00866,0.00867,0.00856,0.00859,1728904.0
2023-10-22 01:30:00,0.00858,0.00861,0.00856,0.00859,937101.0
2023-10-22 01:45:00,0.00858,0.0086,0.00858,0.0086,530687.0
2023-10-22 02:00:00,0.00859,0.00861,0.00857,0.00857,613194.0
2023-10-22 02:15:00,0.00856,0.00856,0.00852,0.00852,639470.0
2023-10-22 02:30:00,0.00852,0.00853,0.00849,0.00852,3133399.0
2023-10-22 02:45:00,0.00851,0.00853,0.0085,0.00851,585399.0
2023-10-22 03:00:00,0.00852,0.00853,0.0085,0.00853,524413.0
2023-10-22 03:15:00,0.00854,0.00857,0.00853,0.00857,1371397.0
2023-10-22 03:30:00,0.00856,0.0086,0.00856,0.00859,951500.0
2023-10-22 03:45:00,0.00858,0.00858,0.00855,0.00857,698370.0
2023-10-22 04:00:00,0.00856,0.0086,0.00854,0.00858,1741200.0
2023-10-22 04:15:00,0.00858,0.0086,0.00858,0.0086,366922.0
2023-10-22 04:30:00,0.00861,0.00862,0.00859,0.00861,625896.0
2023-10-22 04:45:00,0.00862,0.00862,0.00861,0.00862,454780.0
2023-10-22 05:00:00,0.00862,0.00864,0.00861,0.00863,1164498.0
2023-10-22 05:15:00,0.00862,0.00865,0.0086,0.00861,4448985.0
2023-10-22 05:30:00,0.0086,0.00864,0.0086,0.0086,2148539.0
2023-10-22 05:45:00,0.0086,0.00868,0.0086,0.00866,1616409.0
2023-10-22 06:00:00,0.00866,0.00867,0.00864,0.00867,2198021.0
2023-10-22 06:15:00,0.00867,0.00876,0.00866,0.00873,13001518.0
2023-10-22 06:30:00,0.00873,0.00882,0.0087,0.00879,14107210.0
2023-10-22 06:45:00,0.00879,0.00882,0.00875,0.00877,4729691.0
2023-10-22 07:00:00,0.00878,0.00879,0.00872,0.00874,5070480.0
2023-10-22 07:15:00,0.00874,0.00875,0.00872,0.00872,1148780.0
2023-10-22 07:30:00,0.00872,0.00872,0.00845,0.00855,19445070.0
2023-10-22 07:45:00,0.00854,0.00861,0.00852,0.00858,2657607.0
2023-10-22 08:00:00,0.00858,0.00862,0.00856,0.00858,2373186.0
2023-10-22 08:15:00,0.00858,0.0086,0.00851,0.00851,3959913.0
2023-10-22 08:30:00,0.0085,0.00854,0.00847,0.00854,2054435.0
2023-10-22 08:45:00,0.00855,0.00857,0.00852,0.00852,4881536.0
2023-10-22 09:00:00,0.00852,0.0086,0.00852,0.00859,2274483.0
2023-10-22 09:15:00,0.00859,0.00863,0.00858,0.00861,6267069.0
2023-10-22 09:30:00,0.00862,0.00862,0.00858,0.0086,1212629.0
2023-10-22 09:45:00,0.0086,0.0086,0.00855,0.00855,2688726.0
2023-10-22 10:00:00,0.00855,0.00859,0.00854,0.00857,1236647.0
2023-10-22 10:15:00,0.00858,0.00859,0.00854,0.00854,800056.0
2023-10-22 10:30:00,0.00854,0.0086,0.00854,0.0086,2806925.0
2023-10-22 10:45:00,0.00861,0.00861,0.00857,0.00859,918734.0
2023-10-22 11:00:00,0.0086,0.0086,0.00856,0.00856,754591.0
2023-10-22 11:15:00,0.00857,0.00859,0.00851,0.00852,4565399.0
2023-10-22 11:30:00,0.00852,0.00852,0.00849,0.00852,5353681.0
2023-10-22 11:45:00,0.00852,0.00853,0.00847,0.0085,3896692.0
2023-10-22 12:00:00,0.00851,0.00856,0.0085,0.00856,806181.0
2023-10-22 12:15:00,0.00856,0.00856,0.00855,0.00856,417559.0
2023-10-22 12:30:00,0.00856,0.00856,0.00854,0.00854,418919.0
2023-10-22 12:45:00,0.00853,0.00853,0.00846,0.0085,11266443.0
2023-10-22 13:00:00,0.0085,0.00853,0.00849,0.00852,1387902.0
2023-10-22 13:15:00,0.00852,0.00855,0.00851,0.00855,668464.0
2023-10-22 13:30:00,0.00854,0.00856,0.00852,0.00855,1610646.0
2023-10-22 13:45:00,0.00855,0.00857,0.00855,0.00856,1641497.0
2023-10-22 14:00:00,0.00856,0.00857,0.00854,0.00857,1356619.0
2023-10-22 14:15:00,0.00856,0.00856,0.00851,0.00853,1311501.0
2023-10-22 14:30:00,0.00852,0.00857,0.00852,0.00856,5394096.0
2023-10-22 14:45:00,0.00856,0.00857,0.00852,0.00854,2296744.0
2023-10-22 15:00:00,0.00854,0.00855,0.0085,0.00851,4127930.0
2023-10-22 15:15:00,0.00851,0.00855,0.00851,0.00852,204014.0
2023-10-22 15:30:00,0.00852,0.00853,0.00849,0.0085,283755.0
2023-10-22 15:45:00,0.0085,0.00853,0.0085,0.00852,472225.0
2023-10-22 16:00:00,0.00852,0.00856,0.00852,0.00856,1255510.0
2023-10-22 16:15:00,0.00856,0.00863,0.00856,0.00862,2015430.0
2023-10-22 16:30:00,0.00863,0.00867,0.00862,0.00863,2747358.0
2023-10-22 16:45:00,0.00862,0.00864,0.0086,0.00864,735420.0
2023-10-22 17:00:00,0.00864,0.00866,0.00861,0.00866,596242.0
2023-10-22 17:15:00,0.00866,0.00867,0.00863,0.00865,1523004.0
2023-10-22 17:30:00,0.00866,0.00871,0.00866,0.0087,3359215.0
2023-10-22 17:45:00,0.00871,0.00877,0.0087,0.00873,3045731.0
2023-10-22 18:00:00,0.00874,0.0088,0.00874,0.00878,3711179.0
2023-10-22 18:15:00,0.00878,0.00891,0.00877,0.00885,18305586.0
2023-10-22 18:30:00,0.00884,0.00887,0.00874,0.00875,7635239.0
2023-10-22 18:45:00,0.00875,0.0088,0.00875,0.00876,2457703.0
2023-10-22 19:00:00,0.00877,0.00883,0.00877,0.00878,5505612.0
2023-10-22 19:15:00,0.00878,0.00881,0.00876,0.00877,4052293.0
2023-10-22 19:30:00,0.00877,0.00878,0.0087,0.00874,4144573.0
2023-10-22 19:45:00,0.00873,0.00875,0.00862,0.00865,22225817.0
2023-10-22 20:00:00,0.00865,0.00867,0.00863,0.00866,3547471.0
2023-10-22 20:15:00,0.00867,0.00868,0.00864,0.00865,2333275.0
2023-10-22 20:30:00,0.00865,0.00869,0.00864,0.00868,1124963.0
2023-10-22 20:45:00,0.00868,0.00871,0.00868,0.0087,1220549.0
2023-10-22 21:00:00,0.0087,0.0087,0.00866,0.00866,1192252.0
2023-10-22 21:15:00,0.00866,0.00867,0.00864,0.00865,359618.0
2023-10-22 21:30:00,0.00866,0.0087,0.00866,0.00869,688701.0
2023-10-22 21:45:00,0.0087,0.0087,0.00864,0.00866,725187.0
2023-10-22 22:00:00,0.00867,0.00874,0.00866,0.00874,1200287.0
2023-10-22 22:15:00,0.00874,0.00875,0.00873,0.00874,1153712.0
2023-10-22 22:30:00,0.00874,0.0088,0.00873,0.0088,2350612.0
2023-10-22 22:45:00,0.00881,0.00888,0.00879,0.00887,1491721.0
2023-10-22 23:00:00,0.00887,0.00887,0.00879,0.0088,2368269.0
2023-10-22 23:15:00,0.00879,0.00879,0.00876,0.00879,434397.0
2023-10-22 23:30:00,0.00878,0.00885,0.00878,0.00884,765533.0
2023-10-22 23:45:00,0.00884,0.00884,0.00881,0.00882,756998.0
2023-10-23 00:00:00,0.00883,0.00889,0.00878,0.0088,2787206.0
2023-10-23 00:15:00,0.0088,0.0088,0.00873,0.00876,869995.0
2023-10-23 00:30:00,0.00875,0.00877,0.00873,0.00877,765727.0
2023-10-23 00:45:00,0.00877,0.00883,0.00877,0.00881,1722125.0
2023-10-23 01:00:00,0.00881,0.00882,0.00877,0.00881,1143626.0
2023-10-23 01:15:00,0.00881,0.00886,0.00879,0.00885,3143302.0
2023-10-23 01:30:00,0.00886,0.00889,0.00884,0.00887,1582560.0
2023-10-23 01:45:00,0.00887,0.00889,0.00884,0.00889,410744.0
2023-10-23 02:00:00,0.00889,0.00891,0.00885,0.00886,3875805.0
2023-10-23 02:15:00,0.00887,0.00897,0.00887,0.00897,6871498.0
2023-10-23 02:30:00,0.00896,0.00902,0.00894,0.00895,4928199.0
2023-10-23 02:45:00,0.00895,0.00897,0.00894,0.00894,514523.0
2023-10-23 03:00:00,0.00895,0.00896,0.00886,0.00886,1478005.0
2023-10-23 03:15:00,0.00887,0.00889,0.00884,0.00886,4849179.0
2023-10-23 03:30:00,0.00886,0.00887,0.00884,0.00886,743666.0
2023-10-23 03:45:00,0.00888,0.00891,0.00877,0.00878,8341197.0
2023-10-23 04:00:00,0.00879,0.00881,0.00874,0.0088,6883745.0
2023-10-23 04:15:00,0.0088,0.00881,0.00879,0.0088,1410141.0
2023-10-23 04:30:00,0.00881,0.00882,0.00878,0.00879,643229.0
2023-10-23 04:45:00,0.00878,0.00882,0.00877,0.00882,472397.0
2023-10-23 05:00:00,0.00881,0.00881,0.00878,0.00881,355182.0
2023-10-23 05:15:00,0.00881,0.00881,0.00874,0.00877,1749438.0
2023-10-23 05:30:00,0.00878,0.00879,0.00875,0.00875,1057338.0
2023-10-23 05:45:00,0.00874,0.00875,0.00871,0.00873,2326960.0
2023-10-23 06:00:00,0.00873,0.00879,0.00873,0.00877,1417670.0
2023-10-23 06:15:00,0.00876,0.00876,0.00868,0.00869,3157340.0
2023-10-23 06:30:00,0.00869,0.00869,0.00867,0.00868,776138.0
2023-10-23 06:45:00,0.00869,0.0087,0.00866,0.00866,1697659.0
2023-10-23 07:00:00,0.00866,0.00868,0.00863,0.00864,762721.0
2023-10-23 07:15:00,0.00865,0.00869,0.00865,0.00867,2237451.0
2023-10-23 07:30:00,0.00868,0.00871,0.00868,0.00869,1329865.0
2023-10-23 07:45:00,0.0087,0.00871,0.00858,0.00864,2812984.0
2023-10-23 08:00:00,0.00864,0.00868,0.00863,0.00866,1703410.0
2023-10-23 08:15:00,0.00867,0.00868,0.00865,0.00868,1627212.0
2023-10-23 08:30:00,0.00868,0.0087,0.00867,0.00867,359744.0
2023-10-23 08:45:00,0.00868,0.00871,0.00868,0.0087,869869.0
2023-10-23 09:00:00,0.0087,0.0087,0.00867,0.00867,1033345.0
2023-10-23 09:15:00,0.00867,0.00867,0.00862,0.00862,689648.0
2023-10-23 09:30:00,0.00861,0.00862,0.00852,0.00854,3161135.0
2023-10-23 09:45:00,0.00854,0.00857,0.0085,0.00855,2095644.0
2023-10-23 10:00:00,0.00856,0.00856,0.00854,0.00856,1375495.0
2023-10-23 10:15:00,0.00857,0.0086,0.00856,0.00858,1830883.0
2023-10-23 10:30:00,0.00858,0.0086,0.00857,0.00859,495921.0
2023-10-23 10:45:00,0.00859,0.00859,0.00857,0.00857,393868.0
2023-10-23 11:00:00,0.00858,0.0086,0.00857,0.00857,363226.0
2023-10-23 11:15:00,0.00856,0.00859,0.00856,0.00859,296973.0
2023-10-23 11:30:00,0.00858,0.00863,0.00858,0.00862,484449.0
2023-10-23 11:45:00,0.00861,0.00861,0.00857,0.00858,1078201.0
2023-10-23 12:00:00,0.00858,0.00859,0.00857,0.00857,924632.0
2023-10-23 12:15:00,0.00858,0.00862,0.00858,0.00861,1228996.0
2023-10-23 12:30:00,0.00861,0.00862,0.00858,0.00859,1045795.0
2023-10-23 12:45:00,0.00859,0.00864,0.00859,0.00861,2506435.0
2023-10-23 13:00:00,0.00861,0.00862,0.00858,0.00859,2006783.0
2023-10-23 13:15:00,0.00859,0.00859,0.00848,0.00849,8707560.0
2023-10-23 13:30:00,0.0085,0.0085,0.00844,0.00849,3015846.0
2023-10-23 13:45:00,0.00849,0.00853,0.00849,0.00851,2502859.0
2023-10-23 14:00:00,0.0085,0.00854,0.0085,0.00853,339081.0
2023-10-23 14:15:00,0.00854,0.00855,0.0085,0.00853,1406592.0
2023-10-23 14:30:00,0.00853,0.00853,0.00848,0.00849,552394.0
2023-10-23 14:45:00,0.00848,0.00851,0.00846,0.00847,2792454.0
2023-10-23 15:00:00,0.00848,0.00849,0.00838,0.00845,7048929.0
2023-10-23 15:15:00,0.00844,0.00844,0.0084,0.00843,2045689.0
2023-10-23 15:30:00,0.00843,0.00843,0.0084,0.00843,2104783.0
2023-10-23 15:45:00,0.00843,0.00843,0.00834,0.00837,9617615.0
2023-10-23 16:00:00,0.00836,0.00839,0.00835,0.00837,1962648.0
2023-10-23 16:15:00,0.00838,0.00842,0.00838,0.00839,2218321.0
2023-10-23 16:30:00,0.0084,0.00848,0.00839,0.00846,2123846.0
2023-10-23 16:45:00,0.00847,0.00854,0.00845,0.00851,4739524.0
2023-10-23 17:00:00,0.00851,0.00856,0.00848,0.00855,3668066.0
2023-10-23 17:15:00,0.00854,0.00856,0.00846,0.00851,3452373.0
2023-10-23 17:30:00,0.00851,0.00854,0.00849,0.00854,846122.0
2023-10-23 17:45:00,0.00853,0.00855,0.00849,0.00854,1926015.0
2023-10-23 18:00:00,0.00853,0.00856,0.00853,0.00856,1225863.0
2023-10-23 18:15:00,0.00856,0.00857,0.00853,0.00853,522448.0
2023-10-23 18:30:00,0.00853,0.00854,0.00845,0.0085,3852248.0
2023-10-23 18:45:00,0.00849,0.00856,0.00847,0.00856,2554972.0
2023-10-23 19:00:00,0.00855,0.0086,0.00855,0.00859,1575005.0
2023-10-23 19:15:00,0.00859,0.0086,0.00854,0.00854,1947872.0
2023-10-23 19:30:00,0.00855,0.00857,0.00853,0.00856,1696707.0
2023-10-23 19:45:00,0.00856,0.00859,0.00855,0.00857,1133086.0
2023-10-23 20:00:00,0.00858,0.00861,0.00856,0.00856,647027.0
2023-10-23 20:15:00,0.00857,0.00859,0.00855,0.00856,907757.0
2023-10-23 20:30:00,0.00856,0.00859,0.00854,0.00856,1697687.0
2023-10-23 20:45:00,0.00856,0.00857,0.00849,0.00851,1885869.0
2023-10-23 21:00:00,0.00851,0.00853,0.00849,0.00851,884990.0
2023-10-23 21:15:00,0.0085,0.00853,0.00847,0.00852,1602538.0
2023-10-23 21:30:00,0.00852,0.00856,0.00852,0.00855,431927.0
2023-10-23 21:45:00,0.00856,0.00858,0.00856,0.00857,1127986.0
2023-10-23 22:00:00,0.00858,0.0086,0.00855,0.00858,1507178.0
2023-10-23 22:15:00,0.00857,0.00859,0.00854,0.00859,1570694.0
2023-10-23 22:30:00,0.0086,0.00891,0.00857,0.00881,33318055.0
2023-10-23 22:45:00,0.00881,0.0089,0.00869,0.00889,18394408.0
2023-10-23 23:00:00,0.00889,0.00896,0.00875,0.00881,12196126.0
2023-10-23 23:15:00,0.00881,0.00889,0.0088,0.00885,4562789.0
2023-10-23 23:30:00,0.00886,0.00889,0.00881,0.00882,4361553.0
2023-10-23 23:45:00,0.00882,0.00892,0.0088,0.00892,3606003.0
2023-10-24 00:00:00,0.00892,0.00897,0.00881,0.00883,3476139.0
2023-10-24 00:15:00,0.00884,0.00892,0.00883,0.00891,4526719.0
2023-10-24 00:30:00,0.00891,0.00899,0.00889,0.00899,5213957.0
2023-10-24 00:45:00,0.00898,0.00915,0.00897,0.00908,17911534.0
2023-10-24 01:00:00,0.00907,0.0091,0.00901,0.00906,4859511.0
2023-10-24 01:15:00,0.00905,0.00913,0.00897,0.00899,6973724.0
2023-10-24 01:30:00,0.009,0.009,0.00894,0.00896,4058589.0
2023-10-24 01:45:00,0.00896,0.00897,0.0089,0.00891,3987625.0
2023-10-24 02:00:00,0.00891,0.00898,0.0089,0.00896,2891005.0
2023-10-24 02:15:00,0.00896,0.00905,0.00873,0.00879,24553682.0
2023-10-24 02:30:00,0.00879,0.00892,0.0087,0.00891,15176474.0
2023-10-24 02:45:00,0.00892,0.00904,0.00892,0.009,7317816.0
2023-10-24 03:00:00,0.00899,0.00901,0.00891,0.00897,6715358.0
2023-10-24 03:15:00,0.00898,0.00899,0.0089,0.0089,3057458.0
2023-10-24 03:30:00,0.0089,0.00893,0.00881,0.00882,11836971.0
2023-10-24 03:45:00,0.00881,0.00885,0.00872,0.00873,7713475.0
2023-10-24 04:00:00,0.00872,0.00881,0.00872,0.00881,3936720.0
2023-10-24 04:15:00,0.00881,0.00885,0.0088,0.00885,1522085.0
2023-10-24 04:30:00,0.00885,0.00886,0.00875,0.00875,5531794.0
2023-10-24 04:45:00,0.00876,0.00882,0.00875,0.0088,3293222.0
2023-10-24 05:00:00,0.00879,0.00887,0.00879,0.00885,1921558.0
2023-10-24 05:15:00,0.00887,0.0089,0.00883,0.00888,2275658.0
2023-10-24 05:30:00,0.00888,0.00888,0.00883,0.00883,3797115.0
2023-10-24 05:45:00,0.00884,0.00885,0.00866,0.00871,10499958.0
2023-10-24 06:00:00,0.00871,0.00875,0.00869,0.00872,7361953.0
2023-10-24 06:15:00,0.00873,0.00873,0.00851,0.00851,8557557.0
2023-10-24 06:30:00,0.00851,0.00855,0.00845,0.00854,5410983.0
2023-10-24 06:45:00,0.00856,0.00859,0.00855,0.00857,3993085.0
2023-10-24 07:00:00,0.00857,0.00858,0.0085,0.00855,3283318.0
2023-10-24 07:15:00,0.00855,0.00861,0.0085,0.0085,12712936.0
2023-10-24 07:30:00,0.00851,0.00855,0.0085,0.00855,3191028.0
2023-10-24 07:45:00,0.00856,0.00856,0.00853,0.00855,2455649.0
2023-10-24 08:00:00,0.00855,0.00862,0.00854,0.0086,3926133.0
2023-10-24 08:15:00,0.00861,0.00862,0.00857,0.00862,3197382.0
2023-10-24 08:30:00,0.00862,0.00862,0.00853,0.00859,10281648.0
2023-10-24 08:45:00,0.00859,0.00863,0.00856,0.00861,4813077.0
2023-10-24 09:00:00,0.00862,0.00865,0.00858,0.00864,4723602.0
2023-10-24 09:15:00,0.00864,0.00869,0.00861,0.00866,4730667.0
2023-10-24 09:30:00,0.00865,0.00873,0.00864,0.00871,4749138.0
2023-10-24 09:45:00,0.00871,0.00883,0.00871,0.00878,15055777.0
2023-10-24 10:00:00,0.00879,0.00881,0.00874,0.00875,2070205.0
2023-10-24 10:15:00,0.00874,0.00876,0.00872,0.00874,1354065.0
2023-10-24 10:30:00,0.00874,0.00875,0.00864,0.0087,7055331.0
2023-10-24 10:45:00,0.00869,0.00873,0.00868,0.00872,3209520.0
2023-10-24 11:00:00,0.00872,0.0088,0.00871,0.00878,5288119.0
2023-10-24 11:15:00,0.00878,0.00878,0.0087,0.00875,4716038.0
2023-10-24 11:30:00,0.00875,0.00877,0.00846,0.0085,37093378.0
2023-10-24 11:45:00,0.00851,0.0086,0.0084,0.00848,26793605.0
2023-10-24 12:00:00,0.00848,0.00851,0.00818,0.00842,45761442.0
2023-10-24 12:15:00,0.00841,0.00846,0.0084,0.00844,6017829.0
2023-10-24 12:30:00,0.00844,0.00848,0.0083,0.00839,20255765.0
2023-10-24 12:45:00,0.00839,0.00845,0.00837,0.00845,10933073.0
2023-10-24 13:00:00,0.00846,0.00852,0.0084,0.00849,22136183.0
2023-10-24 13:15:00,0.0085,0.00858,0.00847,0.00855,36484157.0
2023-10-24 13:30:00,0.00854,0.00872,0.0085,0.00864,68215063.0
2023-10-24 13:45:00,0.00863,0.00874,0.00861,0.00873,72585768.0
2023-10-24 14:00:00,0.00872,0.0088,0.00858,0.00868,83802574.0
2023-10-24 14:15:00,0.00868,0.00875,0.00865,0.00872,41973036.0
2023-10-24 14:30:00,0.00872,0.00874,0.00866,0.00869,17440258.0
2023-10-24 14:45:00,0.00869,0.00872,0.00868,0.00872,19960616.0
2023-10-24 15:00:00,0.00872,0.00875,0.0087,0.00873,18878144.0
2023-10-24 15:15:00,0.00873,0.00879,0.00859,0.00862,118890346.0
2023-10-24 15:30:00,0.00862,0.0087,0.0086,0.00868,18173747.0
2023-10-24 15:45:00,0.00867,0.00894,0.00866,0.00885,29158221.0
2023-10-24 16:00:00,0.00884,0.00909,0.00873,0.00891,43278718.0
2023-10-24 16:15:00,0.00892,0.00906,0.00877,0.00879,41296851.0
2023-10-24 16:30:00,0.00879,0.00889,0.00877,0.0088,26437671.0
2023-10-24 16:45:00,0.0088,0.00883,0.00865,0.00872,38862119.0
2023-10-24 17:00:00,0.00872,0.00883,0.00867,0.00873,86478694.0
2023-10-24 17:15:00,0.00873,0.00877,0.00858,0.00861,22780553.0
2023-10-24 17:30:00,0.00861,0.00864,0.00846,0.00852,29994009.0
2023-10-24 17:45:00,0.00853,0.00854,0.0083,0.00834,26880826.0
2023-10-24 18:00:00,0.00834,0.00842,0.00827,0.00832,17781347.0
2023-10-24 18:15:00,0.00832,0.00833,0.00809,0.00813,38162668.0
2023-10-24 18:30:00,0.00813,0.00817,0.00804,0.00809,94282390.0
2023-10-24 18:45:00,0.00809,0.00814,0.00802,0.00812,88582334.0
2023-10-24 19:00:00,0.00812,0.0082,0.00806,0.00819,234670501.0
2023-10-24 19:15:00,0.00819,0.0082,0.0081,0.00817,13606667.0
2023-10-24 19:30:00,0.00819,0.00819,0.00814,0.00816,8162913.0
2023-10-24 19:45:00,0.00817,0.00818,0.00815,0.00815,4650186.0
2023-10-24 20:00:00,0.00815,0.00818,0.0081,0.00813,12733504.0
2023-10-24 20:15:00,0.00812,0.00816,0.00811,0.00815,7945471.0
2023-10-24 20:30:00,0.00815,0.00815,0.0081,0.0081,8231782.0
2023-10-24 20:45:00,0.00811,0.00812,0.00807,0.0081,10058317.0
2023-10-24 21:00:00,0.0081,0.00812,0.00807,0.00811,11697082.0
2023-10-24 21:15:00,0.00812,0.00813,0.0081,0.00812,2105717.0
2023-10-24 21:30:00,0.00813,0.00814,0.00809,0.0081,8330921.0
2023-10-24 21:45:00,0.0081,0.0082,0.0081,0.00819,10217062.0
2023-10-24 22:00:00,0.00818,0.0082,0.00816,0.00818,2653399.0
2023-10-24 22:15:00,0.00818,0.00818,0.00812,0.00813,4842624.0
2023-10-24 22:30:00,0.00813,0.0082,0.00813,0.00817,6027386.0
2023-10-24 22:45:00,0.00817,0.00822,0.00817,0.00822,9325676.0
2023-10-24 23:00:00,0.00823,0.00823,0.00818,0.00819,4265677.0
2023-10-24 23:15:00,0.0082,0.00821,0.00815,0.00817,9621182.0
2023-10-24 23:30:00,0.00817,0.00819,0.00812,0.00816,10090217.0
2023-10-24 23:45:00,0.00817,0.00819,0.00815,0.00816,4027457.0
2023-10-25 00:00:00,0.00815,0.00821,0.00812,0.00816,20277769.0
2023-10-25 00:15:00,0.00817,0.00821,0.00816,0.00817,3691592.0
2023-10-25 00:30:00,0.00818,0.00824,0.00816,0.00823,4535174.0
2023-10-25 00:45:00,0.00823,0.00837,0.00818,0.00818,37763308.0
2023-10-25 01:00:00,0.00819,0.00821,0.0081,0.00817,35702555.0
2023-10-25 01:15:00,0.00816,0.00827,0.00815,0.00826,16780516.0
2023-10-25 01:30:00,0.00826,0.0083,0.00822,0.00829,13246341.0
2023-10-25 01:45:00,0.00829,0.00832,0.0082,0.00821,10393347.0
2023-10-25 02:00:00,0.00821,0.00827,0.00821,0.00827,3817753.0
2023-10-25 02:15:00,0.00826,0.00827,0.00816,0.00818,10053610.0
2023-10-25 02:30:00,0.00819,0.00826,0.00819,0.00819,11387889.0
2023-10-25 02:45:00,0.0082,0.00821,0.00818,0.00821,2353447.0
2023-10-25 03:00:00,0.0082,0.00822,0.00816,0.0082,4265749.0
2023-10-25 03:15:00,0.00821,0.00827,0.00815,0.00821,20829306.0
2023-10-25 03:30:00,0.00821,0.00823,0.00818,0.0082,4881078.0
2023-10-25 03:45:00,0.0082,0.00821,0.00816,0.00817,4352591.0
2023-10-25 04:00:00,0.00817,0.00822,0.00815,0.00821,5941973.0
2023-10-25 04:15:00,0.0082,0.0083,0.0082,0.00826,11211765.0
2023-10-25 04:30:00,0.00825,0.00827,0.00823,0.00824,1762172.0
2023-10-25 04:45:00,0.00825,0.00832,0.00824,0.00832,3807176.0
2023-10-25 05:00:00,0.00832,0.00834,0.00828,0.00831,5159305.0
2023-10-25 05:15:00,0.00832,0.00834,0.00824,0.00826,5762139.0
2023-10-25 05:30:00,0.00826,0.00829,0.00824,0.00825,7470813.0
2023-10-25 05:45:00,0.00825,0.00827,0.00824,0.00826,3462229.0
2023-10-25 06:00:00,0.00825,0.00834,0.00825,0.00833,4613090.0
2023-10-25 06:15:00,0.00833,0.00835,0.00831,0.00834,3572012.0
2023-10-25 06:30:00,0.00833,0.00833,0.00825,0.00826,2747105.0
2023-10-25 06:45:00,0.00826,0.00829,0.00826,0.00828,1688022.0
2023-10-25 07:00:00,0.00829,0.00829,0.00816,0.00822,11991049.0
2023-10-25 07:15:00,0.00822,0.00823,0.00813,0.00813,15781724.0
2023-10-25 07:30:00,0.00814,0.00817,0.0081,0.00812,17084165.0
2023-10-25 07:45:00,0.00812,0.00817,0.00805,0.00814,16280537.0
2023-10-25 08:00:00,0.00813,0.00817,0.00809,0.0081,15304460.0
2023-10-25 08:15:00,0.00811,0.00817,0.00811,0.00816,10472220.0
2023-10-25 08:30:00,0.00817,0.00826,0.00817,0.00825,6293385.0
2023-10-25 08:45:00,0.00825,0.00834,0.00819,0.00825,34825074.0
2023-10-25 09:00:00,0.00825,0.00825,0.00812,0.00816,36855642.0
2023-10-25 09:15:00,0.00816,0.00823,0.00815,0.00823,10835376.0
2023-10-25 09:30:00,0.00822,0.00832,0.00819,0.00821,29853671.0
2023-10-25 09:45:00,0.00821,0.00825,0.00821,0.00824,9836853.0
2023-10-25 10:00:00,0.00824,0.00826,0.00819,0.00825,11292078.0
2023-10-25 10:15:00,0.00825,0.00828,0.00823,0.00825,3732439.0
2023-10-25 10:30:00,0.00826,0.00829,0.00825,0.00827,2196816.0
2023-10-25 10:45:00,0.00827,0.00834,0.00826,0.00833,14257809.0
2023-10-25 11:00:00,0.00833,0.00835,0.00829,0.00831,16278226.0
2023-10-25 11:15:00,0.00831,0.00835,0.00823,0.00829,46716149.0
2023-10-25 11:30:00,0.0083,0.00834,0.00828,0.00831,23769219.0
2023-10-25 11:45:00,0.00831,0.00845,0.00831,0.00838,52020713.0
2023-10-25 12:00:00,0.00837,0.0084,0.00831,0.00833,19022280.0
2023-10-25 12:15:00,0.00833,0.00834,0.00831,0.00833,9990631.0
2023-10-25 12:30:00,0.00833,0.00834,0.00831,0.00834,13186940.0
2023-10-25 12:45:00,0.00834,0.00836,0.00833,0.00834,7516886.0
2023-10-25 13:00:00,0.00834,0.00835,0.00832,0.00833,6636569.0
2023-10-25 13:15:00,0.00833,0.00836,0.00832,0.00834,8750033.0
2023-10-25 13:30:00,0.00833,0.00835,0.00832,0.00834,12511599.0
2023-10-25 13:45:00,0.00834,0.00835,0.00832,0.00833,12488067.0
2023-10-25 14:00:00,0.00833,0.00841,0.00833,0.00838,24571835.0
2023-10-25 14:15:00,0.00838,0.00841,0.00836,0.0084,12520621.0
2023-10-25 14:30:00,0.0084,0.00844,0.00837,0.00839,15203209.0
2023-10-25 14:45:00,0.00838,0.00841,0.00837,0.0084,9194298.0
2023-10-25 15:00:00,0.00839,0.0084,0.00832,0.00834,15786087.0
2023-10-25 15:15:00,0.00834,0.00841,0.00831,0.00838,20679182.0
2023-10-25 15:30:00,0.00839,0.00844,0.00835,0.00839,21605023.0
2023-10-25 15:45:00,0.00839,0.00842,0.00834,0.00835,16105956.0
2023-10-25 16:00:00,0.00836,0.00836,0.00811,0.00825,147898226.0
2023-10-25 16:15:00,0.00826,0.00833,0.00818,0.00825,176415717.0
2023-10-25 16:30:00,0.00825,0.00831,0.00818,0.00824,21907682.0
2023-10-25 16:45:00,0.00823,0.00826,0.0082,0.0082,5493547.0
2023-10-25 17:00:00,0.0082,0.00827,0.00815,0.00827,8347004.0
2023-10-25 17:15:00,0.00827,0.00829,0.00825,0.00828,3611195.0
2023-10-25 17:30:00,0.00828,0.00831,0.00827,0.00828,4329621.0
2023-10-25 17:45:00,0.00828,0.00832,0.00827,0.00831,4445454.0
2023-10-25 18:00:00,0.00831,0.00835,0.00831,0.00833,7052623.0
2023-10-25 18:15:00,0.00833,0.00836,0.00831,0.00835,5025878.0
2023-10-25 18:30:00,0.00834,0.00842,0.00834,0.00839,8353763.0
2023-10-25 18:45:00,0.00839,0.00841,0.00837,0.0084,4517182.0
2023-10-25 19:00:00,0.0084,0.00842,0.00838,0.00838,4249366.0
2023-10-25 19:15:00,0.00839,0.00844,0.00838,0.00843,3800028.0
2023-10-25 19:30:00,0.00843,0.00851,0.00842,0.00851,10453474.0
2023-10-25 19:45:00,0.00851,0.00864,0.00838,0.00844,26039459.0
2023-10-25 20:00:00,0.00845,0.00853,0.00838,0.00845,16816092.0
2023-10-25 20:15:00,0.00845,0.00847,0.00843,0.00845,4889874.0
2023-10-25 20:30:00,0.00846,0.00848,0.00835,0.0084,9844541.0
2023-10-25 20:45:00,0.0084,0.00841,0.00827,0.00833,16901311.0
2023-10-25 21:00:00,0.00832,0.00834,0.00827,0.00829,4982192.0
2023-10-25 21:15:00,0.00829,0.00831,0.00828,0.00831,1842719.0
2023-10-25 21:30:00,0.00831,0.00831,0.00823,0.00825,3929448.0
2023-10-25 21:45:00,0.00825,0.00829,0.00825,0.00827,3300640.0
2023-10-25 22:00:00,0.00827,0.00831,0.00826,0.00831,2727464.0
2023-10-25 22:15:00,0.00832,0.00834,0.0083,0.0083,2352977.0
2023-10-25 22:30:00,0.0083,0.00834,0.00828,0.00831,1659059.0
2023-10-25 22:45:00,0.00832,0.00835,0.0083,0.00833,2167241.0
2023-10-25 23:00:00,0.00834,0.00835,0.00826,0.0083,3786936.0
2023-10-25 23:15:00,0.0083,0.00837,0.00829,0.00832,3496473.0
2023-10-25 23:30:00,0.00831,0.00834,0.00831,0.00834,941762.0
2023-10-25 23:45:00,0.00835,0.00839,0.00834,0.00838,782372.0
2023-10-26 00:00:00,0.00839,0.00841,0.00832,0.00836,7518789.0
2023-10-26 00:15:00,0.00836,0.00842,0.00835,0.0084,2686266.0
2023-10-26 00:30:00,0.00841,0.00845,0.00838,0.0084,9221762.0
2023-10-26 00:45:00,0.0084,0.00843,0.00831,0.00842,3816429.0
2023-10-26 01:00:00,0.00841,0.00844,0.0084,0.00841,2636703.0
2023-10-26 01:15:00,0.00841,0.00844,0.00839,0.00844,1991588.0
2023-10-26 01:30:00,0.00843,0.00846,0.00834,0.00834,10641359.0
2023-10-26 01:45:00,0.00835,0.0084,0.0083,0.00838,5378337.0
2023-10-26 02:00:00,0.00838,0.0084,0.00833,0.00834,3480424.0
2023-10-26 02:15:00,0.00835,0.00838,0.00835,0.00838,755088.0
2023-10-26 02:30:00,0.00838,0.00841,0.00838,0.00841,2659546.0
2023-10-26 02:45:00,0.0084,0.00842,0.00838,0.00842,1917610.0
2023-10-26 03:00:00,0.00841,0.00844,0.00839,0.0084,3447222.0
2023-10-26 03:15:00,0.0084,0.00849,0.0084,0.00848,3156943.0
2023-10-26 03:30:00,0.00847,0.00849,0.00844,0.00848,5990036.0
2023-10-26 03:45:00,0.00847,0.00854,0.00846,0.00853,3041399.0
2023-10-26 04:00:00,0.00853,0.00856,0.00846,0.00847,7200657.0
2023-10-26 04:15:00,0.00847,0.00851,0.00844,0.00845,10430930.0
2023-10-26 04:30:00,0.00844,0.00846,0.00842,0.00844,4499382.0
2023-10-26 04:45:00,0.00844,0.00844,0.00841,0.00844,3140864.0
2023-10-26 05:00:00,0.00844,0.00844,0.00841,0.00844,7921903.0
2023-10-26 05:15:00,0.00845,0.00848,0.00845,0.00845,2105043.0
2023-10-26 05:30:00,0.00845,0.00847,0.00843,0.00845,3182479.0
2023-10-26 05:45:00,0.00845,0.00846,0.00833,0.00835,5517059.0
2023-10-26 06:00:00,0.00836,0.00838,0.00831,0.00837,4289849.0
2023-10-26 06:15:00,0.00837,0.0084,0.00836,0.00839,2433626.0
2023-10-26 06:30:00,0.00839,0.00848,0.00839,0.00847,2495937.0
2023-10-26 06:45:00,0.00847,0.00849,0.00845,0.00848,4357754.0
2023-10-26 07:00:00,0.00849,0.00855,0.00846,0.00851,14629074.0
2023-10-26 07:15:00,0.0085,0.00855,0.00849,0.00853,10218063.0
2023-10-26 07:30:00,0.00853,0.00861,0.00851,0.00855,13858611.0
2023-10-26 07:45:00,0.00855,0.00855,0.00849,0.00853,4607052.0
2023-10-26 08:00:00,0.00853,0.00859,0.00846,0.00851,11978675.0
2023-10-26 08:15:00,0.00851,0.00853,0.00847,0.00847,6762333.0
2023-10-26 08:30:00,0.00848,0.00851,0.00846,0.00848,3694713.0
2023-10-26 08:45:00,0.00849,0.00852,0.00848,0.00848,2147717.0
2023-10-26 09:00:00,0.00848,0.00857,0.00847,0.00848,13959952.0
2023-10-26 09:15:00,0.00848,0.00855,0.00841,0.00843,9913124.0
2023-10-26 09:30:00,0.00843,0.00847,0.00843,0.00843,1384956.0
2023-10-26 09:45:00,0.00844,0.00846,0.00843,0.00846,1459904.0
2023-10-26 10:00:00,0.00845,0.00845,0.00836,0.00841,5420164.0
2023-10-26 10:15:00,0.00841,0.00845,0.00839,0.00844,3264851.0
2023-10-26 10:30:00,0.00844,0.00845,0.0084,0.0084,3067378.0
2023-10-26 10:45:00,0.00839,0.0084,0.00831,0.00839,12775469.0
2023-10-26 11:00:00,0.0084,0.00842,0.00838,0.00841,1581911.0
2023-10-26 11:15:00,0.0084,0.00842,0.00837,0.00838,1810867.0
2023-10-26 11:30:00,0.00838,0.00839,0.00821,0.00827,15812783.0
2023-10-26 11:45:00,0.00826,0.00829,0.00821,0.00829,9437025.0
2023-10-26 12:00:00,0.00828,0.00836,0.00828,0.00836,2859201.0
2023-10-26 12:15:00,0.00835,0.00835,0.0083,0.00833,1152816.0
2023-10-26 12:30:00,0.00833,0.00835,0.00831,0.00835,3485465.0
2023-10-26 12:45:00,0.00835,0.00842,0.00835,0.00841,5133864.0
2023-10-26 13:00:00,0.00841,0.00841,0.00838,0.00838,727765.0
2023-10-26 13:15:00,0.00839,0.00839,0.00832,0.00832,3037305.0
2023-10-26 13:30:00,0.00832,0.00835,0.00827,0.00829,2816488.0
2023-10-26 13:45:00,0.0083,0.00831,0.00821,0.00822,8355020.0
2023-10-26 14:00:00,0.00822,0.00828,0.00821,0.00826,4148273.0
2023-10-26 14:15:00,0.00826,0.00826,0.0082,0.00822,5984755.0
2023-10-26 14:30:00,0.00823,0.00823,0.00784,0.00799,53194030.0
2023-10-26 14:45:00,0.00798,0.00808,0.00794,0.00807,13794942.0
2023-10-26 15:00:00,0.00807,0.00809,0.00793,0.00796,13555122.0
2023-10-26 15:15:00,0.00795,0.00795,0.0078,0.00784,21540313.0
2023-10-26 15:30:00,0.00785,0.00793,0.00781,0.00789,11756819.0
2023-10-26 15:45:00,0.00789,0.00796,0.00789,0.00793,5798044.0
2023-10-26 16:00:00,0.00793,0.00796,0.0079,0.00792,7696818.0
2023-10-26 16:15:00,0.00792,0.00797,0.00791,0.00796,3004279.0
2023-10-26 16:30:00,0.00795,0.00802,0.00791,0.00797,10585452.0
2023-10-26 16:45:00,0.00797,0.00802,0.00796,0.00799,8707540.0
2023-10-26 17:00:00,0.00798,0.00807,0.00796,0.00807,12305246.0
2023-10-26 17:15:00,0.00807,0.00809,0.00805,0.00808,5643999.0
2023-10-26 17:30:00,0.00808,0.00819,0.00808,0.00816,9527791.0
2023-10-26 17:45:00,0.00816,0.00821,0.00815,0.00819,9878601.0
2023-10-26 18:00:00,0.00819,0.00838,0.00805,0.00828,39688193.0
2023-10-26 18:15:00,0.00828,0.00834,0.00811,0.00813,61052984.0
2023-10-26 18:30:00,0.00813,0.00823,0.00813,0.00816,18558967.0
2023-10-26 18:45:00,0.00816,0.00817,0.00814,0.00816,1134287.0
2023-10-26 19:00:00,0.00815,0.0082,0.00812,0.00818,2768047.0
2023-10-26 19:15:00,0.00819,0.00819,0.00817,0.00818,1762042.0
2023-10-26 19:30:00,0.00818,0.0082,0.00815,0.00819,3722603.0
2023-10-26 19:45:00,0.0082,0.00821,0.00819,0.00819,818530.0
2023-10-26 20:00:00,0.00819,0.00824,0.00819,0.00823,2759544.0
2023-10-26 20:15:00,0.00823,0.00825,0.00823,0.00823,1595227.0
2023-10-26 20:30:00,0.00823,0.00823,0.00814,0.00818,7813586.0
2023-10-26 20:45:00,0.00818,0.00821,0.00815,0.0082,1869277.0
2023-10-26 21:00:00,0.0082,0.00822,0.00819,0.00822,1807876.0
2023-10-26 21:15:00,0.00821,0.00822,0.00818,0.0082,1929442.0
2023-10-26 21:30:00,0.0082,0.0082,0.00815,0.00819,1405332.0
2023-10-26 21:45:00,0.0082,0.00822,0.0082,0.00821,1584760.0
2023-10-26 22:00:00,0.00822,0.00825,0.00822,0.00824,1575731.0
2023-10-26 22:15:00,0.00824,0.00824,0.00821,0.00824,2019638.0
2023-10-26 22:30:00,0.00823,0.00825,0.00822,0.00824,1743209.0
2023-10-26 22:45:00,0.00824,0.00826,0.00823,0.00825,1159884.0
2023-10-26 23:00:00,0.00825,0.00827,0.00822,0.00827,2500530.0
2023-10-26 23:15:00,0.00827,0.00828,0.00823,0.00823,858315.0
2023-10-26 23:30:00,0.00823,0.00823,0.00819,0.00822,494468.0
2023-10-26 23:45:00,0.00821,0.00823,0.00821,0.00823,798525.0
2023-10-27 00:00:00,0.00823,0.00824,0.00818,0.0082,634460.0
2023-10-27 00:15:00,0.0082,0.00821,0.00817,0.0082,7500543.0
2023-10-27 00:30:00,0.0082,0.0082,0.00816,0.00818,2046344.0
2023-10-27 00:45:00,0.00817,0.00818,0.00815,0.00818,1567937.0
2023-10-27 01:00:00,0.00817,0.00818,0.00811,0.00815,2858648.0
2023-10-27 01:15:00,0.00815,0.00815,0.00802,0.00806,6557581.0
2023-10-27 01:30:00,0.00806,0.00814,0.00806,0.00812,5189810.0
2023-10-27 01:45:00,0.00811,0.00812,0.00801,0.00804,12237078.0
2023-10-27 02:00:00,0.00804,0.00811,0.00799,0.00809,6032516.0
2023-10-27 02:15:00,0.00809,0.00813,0.00808,0.0081,2438534.0
2023-10-27 02:30:00,0.0081,0.00814,0.0081,0.00813,2713408.0
2023-10-27 02:45:00,0.00814,0.00815,0.00805,0.00807,13105744.0
2023-10-27 03:00:00,0.00806,0.00806,0.00789,0.00798,17731737.0
2023-10-27 03:15:00,0.00799,0.00801,0.00796,0.00797,4817330.0
2023-10-27 03:30:00,0.00797,0.00801,0.00797,0.00801,1602752.0
2023-10-27 03:45:00,0.00801,0.00805,0.008,0.00805,1401831.0
2023-10-27 04:00:00,0.00804,0.00806,0.00802,0.00805,3482503.0
2023-10-27 04:15:00,0.00805,0.00806,0.008,0.00802,1607250.0
2023-10-27 04:30:00,0.00802,0.00802,0.008,0.008,277201.0
2023-10-27 04:45:00,0.008,0.00805,0.008,0.00805,3604153.0
2023-10-27 05:00:00,0.00804,0.00805,0.00802,0.00803,499150.0
2023-10-27 05:15:00,0.00803,0.00804,0.00793,0.00798,4175636.0
2023-10-27 05:30:00,0.00798,0.00804,0.00798,0.00802,3974933.0
2023-10-27 05:45:00,0.00802,0.00804,0.00801,0.00804,2307823.0
2023-10-27 06:00:00,0.00804,0.00811,0.00804,0.00811,5358069.0
2023-10-27 06:15:00,0.00811,0.00811,0.00807,0.00809,3216688.0
2023-10-27 06:30:00,0.0081,0.00813,0.0081,0.00811,2299500.0
2023-10-27 06:45:00,0.00811,0.00815,0.00811,0.00815,777238.0
2023-10-27 07:00:00,0.00815,0.00815,0.0081,0.00812,3222711.0
2023-10-27 07:15:00,0.00812,0.00814,0.00809,0.00809,3678550.0
2023-10-27 07:30:00,0.00809,0.00811,0.00804,0.00805,3544433.0
2023-10-27 07:45:00,0.00805,0.00806,0.00803,0.00803,1705223.0
2023-10-27 08:00:00,0.00803,0.00808,0.00802,0.00805,3143789.0
2023-10-27 08:15:00,0.00806,0.00809,0.00805,0.00806,3516363.0
2023-10-27 08:30:00,0.00807,0.00813,0.00806,0.00813,2655928.0
2023-10-27 08:45:00,0.00813,0.00816,0.00813,0.00815,5069811.0
2023-10-27 09:00:00,0.00814,0.00816,0.00814,0.00814,1559652.0
2023-10-27 09:15:00,0.00815,0.00816,0.00812,0.00812,7052507.0
2023-10-27 09:30:00,0.00813,0.00813,0.0081,0.00811,3511823.0
2023-10-27 09:45:00,0.00812,0.00814,0.00811,0.00813,4889664.0
2023-10-27 10:00:00,0.00814,0.00815,0.0081,0.0081,4849447.0
2023-10-27 10:15:00,0.00811,0.00814,0.00811,0.00813,5833454.0
2023-10-27 10:30:00,0.00812,0.00814,0.0081,0.00814,1748811.0
2023-10-27 10:45:00,0.00813,0.00815,0.00812,0.00812,2588931.0
2023-10-27 11:00:00,0.00812,0.00813,0.00806,0.00811,4176820.0
2023-10-27 11:15:00,0.00811,0.00811,0.00807,0.00809,3357623.0
2023-10-27 11:30:00,0.00808,0.0081,0.00805,0.00809,8437401.0
2023-10-27 11:45:00,0.0081,0.00815,0.0081,0.00814,2578801.0
2023-10-27 12:00:00,0.00815,0.00816,0.00813,0.00813,2218911.0
2023-10-27 12:15:00,0.00814,0.00816,0.00811,0.00812,1087776.0
2023-10-27 12:30:00,0.00812,0.00816,0.00812,0.00816,2791687.0
2023-10-27 12:45:00,0.00816,0.00822,0.00816,0.00818,4610938.0
2023-10-27 13:00:00,0.00818,0.00823,0.00818,0.0082,3028861.0
2023-10-27 13:15:00,0.00821,0.00822,0.00817,0.00822,3164558.0
2023-10-27 13:30:00,0.00821,0.00822,0.00819,0.00819,2602715.0
2023-10-27 13:45:00,0.0082,0.00822,0.00814,0.00816,7543594.0
2023-10-27 14:00:00,0.00816,0.00816,0.00813,0.00814,2645482.0
2023-10-27 14:15:00,0.00813,0.00814,0.0081,0.00812,6521219.0
2023-10-27 14:30:00,0.00811,0.00814,0.00805,0.00813,4976136.0
2023-10-27 14:45:00,0.00813,0.00815,0.0081,0.00813,2002479.0
2023-10-27 15:00:00,0.00813,0.00816,0.00809,0.00811,3883977.0
2023-10-27 15:15:00,0.00812,0.00815,0.00812,0.00814,1145927.0
2023-10-27 15:30:00,0.00815,0.00818,0.00814,0.00818,2031540.0
2023-10-27 15:45:00,0.00818,0.00819,0.00816,0.00817,1944613.0
2023-10-27 16:00:00,0.00816,0.0082,0.00814,0.0082,1877288.0
2023-10-27 16:15:00,0.00819,0.00821,0.00815,0.00817,4085679.0
2023-10-27 16:30:00,0.00817,0.00818,0.0081,0.00811,3570247.0
2023-10-27 16:45:00,0.00812,0.00814,0.00805,0.00813,10438080.0
2023-10-27 17:00:00,0.00813,0.00814,0.008,0.00805,15546827.0
2023-10-27 17:15:00,0.00804,0.00813,0.00802,0.0081,5208497.0
2023-10-27 17:30:00,0.0081,0.00812,0.00807,0.00809,2123049.0
2023-10-27 17:45:00,0.0081,0.00812,0.00807,0.00807,1354327.0
2023-10-27 18:00:00,0.00807,0.00809,0.00801,0.00802,6018769.0
2023-10-27 18:15:00,0.00802,0.00803,0.00795,0.00796,6672795.0
2023-10-27 18:30:00,0.00796,0.00804,0.00793,0.00802,5434209.0
2023-10-27 18:45:00,0.00802,0.00803,0.00796,0.00797,3144373.0
2023-10-27 19:00:00,0.00796,0.00802,0.00796,0.008,2534401.0
2023-10-27 19:15:00,0.008,0.00801,0.00799,0.00801,665538.0
2023-10-27 19:30:00,0.00801,0.00803,0.008,0.00801,1035345.0
2023-10-27 19:45:00,0.00801,0.00802,0.00799,0.00802,1272630.0
2023-10-27 20:00:00,0.00802,0.00811,0.008,0.00805,18815912.0
2023-10-27 20:15:00,0.00804,0.00809,0.00804,0.00807,3024363.0
2023-10-27 20:30:00,0.00807,0.00811,0.00806,0.00806,2124785.0
2023-10-27 20:45:00,0.00806,0.00808,0.00805,0.00808,1378490.0
2023-10-27 21:00:00,0.00808,0.00808,0.00805,0.00807,776311.0
2023-10-27 21:15:00,0.00808,0.00808,0.00804,0.00805,1827097.0
2023-10-27 21:30:00,0.00806,0.0081,0.00806,0.00806,1197887.0
2023-10-27 21:45:00,0.00806,0.00809,0.00806,0.00808,674147.0
2023-10-27 22:00:00,0.00809,0.00809,0.00807,0.00808,641719.0
2023-10-27 22:15:00,0.00808,0.00808,0.00804,0.00807,539541.0
2023-10-27 22:30:00,0.00807,0.00808,0.00804,0.00804,1183285.0
2023-10-27 22:45:00,0.00804,0.00807,0.00802,0.00803,674149.0
2023-10-27 23:00:00,0.00803,0.00807,0.00802,0.00806,1020995.0
2023-10-27 23:15:00,0.00806,0.00808,0.00806,0.00807,347918.0
2023-10-27 23:30:00,0.00806,0.00808,0.00804,0.00807,688567.0
2023-10-27 23:45:00,0.00807,0.00808,0.00805,0.00805,297461.0
2023-10-28 00:00:00,0.00804,0.00807,0.00802,0.00806,1372089.0
2023-10-28 00:15:00,0.00806,0.00807,0.00803,0.00807,379209.0
2023-10-28 00:30:00,0.00807,0.0081,0.00807,0.00808,1722223.0
2023-10-28 00:45:00,0.00808,0.0081,0.00805,0.00808,4287837.0
2023-10-28 01:00:00,0.00809,0.00812,0.00808,0.0081,1808882.0
2023-10-28 01:15:00,0.0081,0.00812,0.00808,0.00809,2384595.0
2023-10-28 01:30:00,0.0081,0.00814,0.00809,0.00812,1604864.0
2023-10-28 01:45:00,0.00813,0.00816,0.00813,0.00815,2408924.0
2023-10-28 02:00:00,0.00815,0.00816,0.00812,0.00812,4246077.0
2023-10-28 02:15:00,0.00813,0.00818,0.00812,0.00817,2578723.0
2023-10-28 02:30:00,0.00818,0.00818,0.00815,0.00818,2779629.0
2023-10-28 02:45:00,0.00818,0.00822,0.00818,0.00822,3042992.0
2023-10-28 03:00:00,0.00821,0.00822,0.00819,0.00819,4691211.0
2023-10-28 03:15:00,0.0082,0.0082,0.00816,0.00817,3179229.0
2023-10-28 03:30:00,0.00817,0.0082,0.00817,0.0082,1117541.0
2023-10-28 03:45:00,0.00821,0.00824,0.0082,0.00824,6897145.0
2023-10-28 04:00:00,0.00824,0.00826,0.00823,0.00823,3280879.0
2023-10-28 04:15:00,0.00823,0.00823,0.00819,0.00821,1795932.0
2023-10-28 04:30:00,0.00821,0.00831,0.00821,0.00831,7931230.0
2023-10-28 04:45:00,0.00831,0.00835,0.00829,0.00835,5403488.0
2023-10-28 05:00:00,0.00835,0.00836,0.00829,0.00835,7118807.0
2023-10-28 05:15:00,0.00835,0.00838,0.00832,0.00832,7757793.0
2023-10-28 05:30:00,0.00831,0.00832,0.00822,0.00828,5450240.0
2023-10-28 05:45:00,0.00828,0.00828,0.0082,0.00823,12445655.0
2023-10-28 06:00:00,0.00823,0.00824,0.00819,0.00821,4183863.0
2023-10-28 06:15:00,0.00822,0.00824,0.0082,0.00821,1347964.0
2023-10-28 06:30:00,0.0082,0.00825,0.00818,0.00824,1783191.0
2023-10-28 06:45:00,0.00824,0.00824,0.00821,0.00822,1088078.0
2023-10-28 07:00:00,0.00822,0.00823,0.0082,0.00821,2398434.0
2023-10-28 07:15:00,0.0082,0.00823,0.00819,0.00822,1571048.0
2023-10-28 07:30:00,0.00822,0.00827,0.00822,0.00825,2719203.0
2023-10-28 07:45:00,0.00825,0.00825,0.00822,0.00823,690275.0
2023-10-28 08:00:00,0.00823,0.00825,0.00821,0.00825,2096197.0
2023-10-28 08:15:00,0.00826,0.00827,0.00824,0.00826,1222002.0
2023-10-28 08:30:00,0.00826,0.00829,0.00826,0.00829,3151388.0
2023-10-28 08:45:00,0.00828,0.00829,0.00826,0.00827,3786706.0
2023-10-28 09:00:00,0.00827,0.00828,0.00823,0.00825,1420857.0
2023-10-28 09:15:00,0.00825,0.00825,0.00821,0.00822,1624054.0
2023-10-28 09:30:00,0.00822,0.00842,0.00822,0.00835,16426410.0
2023-10-28 09:45:00,0.00836,0.00838,0.00832,0.00836,4096613.0
2023-10-28 10:00:00,0.00836,0.00837,0.00831,0.00833,1758388.0
2023-10-28 10:15:00,0.00833,0.00836,0.00831,0.00835,758027.0
2023-10-28 10:30:00,0.00835,0.00835,0.0083,0.00833,1764555.0
2023-10-28 10:45:00,0.00832,0.00837,0.00832,0.00835,2467381.0
2023-10-28 11:00:00,0.00836,0.00838,0.00835,0.00835,2307710.0
2023-10-28 11:15:00,0.00834,0.00839,0.00833,0.00835,1825779.0
2023-10-28 11:30:00,0.00836,0.00837,0.00831,0.00832,1352940.0
2023-10-28 11:45:00,0.00833,0.00836,0.00831,0.00835,5210028.0
2023-10-28 12:00:00,0.00836,0.0084,0.00833,0.00834,2584153.0
2023-10-28 12:15:00,0.00834,0.00835,0.0083,0.00831,1032743.0
2023-10-28 12:30:00,0.00831,0.00832,0.00828,0.00831,1950276.0
2023-10-28 12:45:00,0.00831,0.00831,0.0082,0.00823,16372086.0
2023-10-28 13:00:00,0.00824,0.00828,0.00821,0.00825,4140380.0
2023-10-28 13:15:00,0.00825,0.00827,0.00824,0.00825,2241248.0
2023-10-28 13:30:00,0.00825,0.00828,0.00825,0.00827,1138617.0
2023-10-28 13:45:00,0.00827,0.00829,0.00826,0.00829,645889.0
2023-10-28 14:00:00,0.00829,0.00829,0.00825,0.00828,1997536.0
2023-10-28 14:15:00,0.00829,0.00829,0.00825,0.00826,5000577.0
2023-10-28 14:30:00,0.00826,0.00827,0.00824,0.00824,1305483.0
2023-10-28 14:45:00,0.00824,0.00825,0.00823,0.00824,2852059.0
2023-10-28 15:00:00,0.00826,0.00828,0.00823,0.00828,3753090.0
2023-10-28 15:15:00,0.00827,0.00832,0.00827,0.00832,2512555.0
2023-10-28 15:30:00,0.00831,0.00834,0.00831,0.00832,3363096.0
2023-10-28 15:45:00,0.00832,0.00832,0.0083,0.00832,1581584.0
2023-10-28 16:00:00,0.00832,0.00832,0.00825,0.00827,2880768.0
2023-10-28 16:15:00,0.00827,0.00831,0.00826,0.00831,1592061.0
2023-10-28 16:30:00,0.00831,0.00831,0.00828,0.0083,1233615.0
2023-10-28 16:45:00,0.0083,0.00835,0.00829,0.00833,2046649.0
2023-10-28 17:00:00,0.00833,0.00834,0.00829,0.00833,2739778.0
2023-10-28 17:15:00,0.00833,0.00838,0.00831,0.00837,3955864.0
2023-10-28 17:30:00,0.00837,0.00838,0.00834,0.00836,1966431.0
2023-10-28 17:45:00,0.00836,0.00837,0.00834,0.00835,2131389.0
2023-10-28 18:00:00,0.00835,0.00836,0.00831,0.00833,2199800.0
2023-10-28 18:15:00,0.00833,0.00835,0.00829,0.00829,2182036.0
2023-10-28 18:30:00,0.0083,0.00834,0.00829,0.00833,2234902.0
2023-10-28 18:45:00,0.00833,0.00834,0.00831,0.00833,972001.0
2023-10-28 19:00:00,0.00833,0.00834,0.00831,0.00833,829609.0
2023-10-28 19:15:00,0.00833,0.00833,0.00831,0.00832,869494.0
2023-10-28 19:30:00,0.00832,0.00833,0.00829,0.00829,339692.0
2023-10-28 19:45:00,0.0083,0.0083,0.00826,0.00827,1755889.0
2023-10-28 20:00:00,0.00827,0.00832,0.00826,0.0083,2077616.0
2023-10-28 20:15:00,0.00831,0.00832,0.00831,0.00832,884264.0
2023-10-28 20:30:00,0.00833,0.00834,0.0083,0.00831,2454909.0
2023-10-28 20:45:00,0.0083,0.00831,0.00829,0.0083,730166.0
2023-10-28 21:00:00,0.00829,0.00831,0.00829,0.00831,234138.0
2023-10-28 21:15:00,0.00832,0.00834,0.00831,0.00834,504221.0
2023-10-28 21:30:00,0.00834,0.00835,0.00832,0.00833,920738.0
2023-10-28 21:45:00,0.00834,0.00838,0.00834,0.00836,1923464.0
2023-10-28 22:00:00,0.00837,0.00838,0.00834,0.00835,3995438.0
2023-10-28 22:15:00,0.00834,0.00834,0.00829,0.00831,1599009.0
2023-10-28 22:30:00,0.00831,0.00832,0.00825,0.00832,1524602.0
2023-10-28 22:45:00,0.00831,0.00832,0.0083,0.00832,1504178.0
2023-10-28 23:00:00,0.00832,0.00833,0.00827,0.00828,925344.0
2023-10-28 23:15:00,0.00828,0.00832,0.00826,0.00832,1176183.0
2023-10-28 23:30:00,0.00832,0.00834,0.00831,0.00833,876537.0
2023-10-28 23:45:00,0.00833,0.00837,0.00833,0.00835,2015353.0
2023-10-29 00:00:00,0.00834,0.00835,0.00829,0.00832,2161932.0
2023-10-29 00:15:00,0.00832,0.00836,0.00832,0.00834,1902270.0
2023-10-29 00:30:00,0.00834,0.00839,0.00831,0.00838,3779812.0
2023-10-29 00:45:00,0.00838,0.00839,0.00831,0.00831,1996358.0
2023-10-29 01:00:00,0.00832,0.00833,0.00826,0.00827,1536041.0
2023-10-29 01:15:00,0.00828,0.00831,0.00821,0.00824,7828430.0
2023-10-29 01:30:00,0.00824,0.00829,0.00821,0.00829,1826745.0
2023-10-29 01:45:00,0.00829,0.00831,0.00829,0.00831,615090.0
2023-10-29 02:00:00,0.0083,0.00838,0.00828,0.00833,2768595.0
2023-10-29 02:15:00,0.00833,0.00834,0.00831,0.00834,1231880.0
2023-10-29 02:30:00,0.00833,0.00833,0.00829,0.0083,1828438.0
2023-10-29 02:45:00,0.00831,0.00834,0.0083,0.00834,903232.0
2023-10-29 03:00:00,0.00834,0.00835,0.00831,0.00832,1184862.0
2023-10-29 03:15:00,0.00833,0.00834,0.00826,0.00828,6178400.0
2023-10-29 03:30:00,0.00829,0.00829,0.00825,0.00826,1095901.0
2023-10-29 03:45:00,0.00826,0.00827,0.00815,0.0082,7808242.0
2023-10-29 04:00:00,0.0082,0.00823,0.00817,0.00823,2339547.0
2023-10-29 04:15:00,0.00823,0.00826,0.00821,0.00825,2899494.0
2023-10-29 04:30:00,0.00825,0.00827,0.00823,0.00827,1980239.0
2023-10-29 04:45:00,0.00828,0.00829,0.00827,0.00828,1488911.0
2023-10-29 05:00:00,0.00828,0.00829,0.00827,0.00829,980095.0
2023-10-29 05:15:00,0.00829,0.0083,0.00827,0.00829,1063999.0
2023-10-29 05:30:00,0.00828,0.00832,0.00828,0.00831,1399009.0
2023-10-29 05:45:00,0.00831,0.00832,0.00828,0.0083,1767860.0
2023-10-29 06:00:00,0.0083,0.00833,0.00829,0.00833,1508141.0
2023-10-29 06:15:00,0.00833,0.00835,0.00832,0.00835,3068018.0
2023-10-29 06:30:00,0.00834,0.00836,0.00833,0.00836,1304916.0
2023-10-29 06:45:00,0.00836,0.00837,0.0083,0.00833,2272320.0
2023-10-29 07:00:00,0.00833,0.00834,0.00831,0.00832,646448.0
2023-10-29 07:15:00,0.00832,0.00835,0.00831,0.00833,1386445.0
2023-10-29 07:30:00,0.00833,0.00835,0.00833,0.00835,633025.0
2023-10-29 07:45:00,0.00835,0.0084,0.00835,0.00838,6769325.0
2023-10-29 08:00:00,0.00839,0.00841,0.00837,0.00839,6034261.0
2023-10-29 08:15:00,0.00839,0.00841,0.00835,0.00837,2832327.0
2023-10-29 08:30:00,0.00837,0.00839,0.00837,0.00838,2255743.0
2023-10-29 08:45:00,0.00839,0.00848,0.00838,0.00846,16450233.0
2023-10-29 09:00:00,0.00846,0.00846,0.0084,0.0084,3465530.0
2023-10-29 09:15:00,0.00841,0.00843,0.0084,0.00843,1226382.0
2023-10-29 09:30:00,0.00842,0.00844,0.0084,0.0084,923000.0
2023-10-29 09:45:00,0.0084,0.00842,0.00838,0.00839,1118352.0
2023-10-29 10:00:00,0.00839,0.00839,0.00833,0.00836,2086357.0
2023-10-29 10:15:00,0.00836,0.00836,0.00833,0.00836,1342998.0
2023-10-29 10:30:00,0.00836,0.00837,0.00834,0.00837,1097984.0
2023-10-29 10:45:00,0.00836,0.00838,0.00835,0.00838,1797037.0
2023-10-29 11:00:00,0.00838,0.00839,0.00835,0.00839,2038989.0
2023-10-29 11:15:00,0.00839,0.0084,0.00838,0.0084,1187603.0
2023-10-29 11:30:00,0.00839,0.00839,0.00837,0.00838,1114063.0
2023-10-29 11:45:00,0.00838,0.00838,0.00834,0.00834,3708738.0
2023-10-29 12:00:00,0.00835,0.00836,0.00832,0.00832,3014963.0
2023-10-29 12:15:00,0.00832,0.00835,0.00832,0.00835,2293987.0
2023-10-29 12:30:00,0.00835,0.00837,0.00835,0.00837,269823.0
2023-10-29 12:45:00,0.00836,0.0084,0.00836,0.00836,2473084.0
2023-10-29 13:00:00,0.00836,0.00838,0.00834,0.00834,2430959.0
2023-10-29 13:15:00,0.00834,0.00841,0.00831,0.00839,2324704.0
2023-10-29 13:30:00,0.00838,0.00839,0.00833,0.00836,1379586.0
2023-10-29 13:45:00,0.00835,0.00837,0.00832,0.00836,1345843.0
2023-10-29 14:00:00,0.00836,0.00837,0.00832,0.00833,771394.0
2023-10-29 14:15:00,0.00833,0.00838,0.00832,0.00837,1679748.0
2023-10-29 14:30:00,0.00837,0.00842,0.00836,0.00841,2413708.0
2023-10-29 14:45:00,0.0084,0.00849,0.00839,0.00845,7595161.0
2023-10-29 15:00:00,0.00845,0.00846,0.0084,0.00842,5449296.0
2023-10-29 15:15:00,0.00842,0.00844,0.0084,0.00841,1953988.0
2023-10-29 15:30:00,0.00842,0.00847,0.00839,0.00842,7955934.0
2023-10-29 15:45:00,0.00842,0.0085,0.00842,0.00847,7270235.0
2023-10-29 16:00:00,0.00847,0.0085,0.00843,0.00849,2517735.0
2023-10-29 16:15:00,0.00849,0.00849,0.00843,0.00843,2156869.0
2023-10-29 16:30:00,0.00844,0.00849,0.00843,0.00846,3615605.0
2023-10-29 16:45:00,0.00846,0.00852,0.00846,0.00851,2457606.0
2023-10-29 17:00:00,0.0085,0.00858,0.00849,0.00851,5950121.0
2023-10-29 17:15:00,0.00852,0.00856,0.00852,0.00855,3114857.0
2023-10-29 17:30:00,0.00855,0.00859,0.00853,0.00854,2933233.0
2023-10-29 17:45:00,0.00854,0.00854,0.00847,0.0085,4068022.0
2023-10-29 18:00:00,0.0085,0.00857,0.00849,0.00855,2808973.0
2023-10-29 18:15:00,0.00855,0.00856,0.00853,0.00854,1391341.0
2023-10-29 18:30:00,0.00855,0.00857,0.00851,0.00852,1265819.0
2023-10-29 18:45:00,0.00853,0.00862,0.00853,0.00858,8518967.0
2023-10-29 19:00:00,0.00857,0.00858,0.00848,0.00851,8426953.0
2023-10-29 19:15:00,0.00851,0.00851,0.00845,0.00846,5145278.0
2023-10-29 19:30:00,0.00847,0.00851,0.00847,0.00851,802565.0
2023-10-29 19:45:00,0.00851,0.00851,0.00848,0.00849,821784.0
2023-10-29 20:00:00,0.00849,0.00853,0.00849,0.0085,944215.0
2023-10-29 20:15:00,0.0085,0.0085,0.00844,0.00845,1919190.0
2023-10-29 20:30:00,0.00846,0.0085,0.00846,0.0085,1312489.0
2023-10-29 20:45:00,0.0085,0.00851,0.00847,0.00848,1097732.0
2023-10-29 21:00:00,0.00849,0.00853,0.00848,0.00853,602391.0
2023-10-29 21:15:00,0.00852,0.00853,0.00849,0.00853,2972344.0
2023-10-29 21:30:00,0.00852,0.00854,0.0085,0.00852,1471279.0
2023-10-29 21:45:00,0.00851,0.00851,0.00845,0.00847,1043433.0
2023-10-29 22:00:00,0.00847,0.00852,0.00847,0.00851,1872083.0
2023-10-29 22:15:00,0.00851,0.00854,0.00851,0.00854,665685.0
2023-10-29 22:30:00,0.00854,0.00856,0.00854,0.00855,1184552.0
2023-10-29 22:45:00,0.00855,0.00858,0.00853,0.00853,2163272.0
2023-10-29 23:00:00,0.00854,0.00856,0.0085,0.0085,3609835.0
2023-10-29 23:15:00,0.0085,0.00852,0.00848,0.00849,4444228.0
2023-10-29 23:30:00,0.00849,0.00851,0.00847,0.00848,949318.0
2023-10-29 23:45:00,0.00848,0.00848,0.00843,0.00847,1184752.0
2023-10-30 00:00:00,0.00848,0.00852,0.00846,0.00849,2690532.0
2023-10-30 00:15:00,0.00849,0.00855,0.00849,0.00854,2744838.0
2023-10-30 00:30:00,0.00854,0.00854,0.00845,0.00849,1316463.0
2023-10-30 00:45:00,0.00849,0.00854,0.00847,0.00851,781159.0
2023-10-30 01:00:00,0.00853,0.0086,0.00852,0.00858,1566121.0
2023-10-30 01:15:00,0.00858,0.00862,0.00857,0.00861,617891.0
2023-10-30 01:30:00,0.0086,0.00879,0.00859,0.00876,30611943.0
2023-10-30 01:45:00,0.00877,0.0088,0.0087,0.0087,9760366.0
2023-10-30 02:00:00,0.00871,0.00871,0.00865,0.00867,4575017.0
2023-10-30 02:15:00,0.00866,0.00872,0.00865,0.00866,1989635.0
2023-10-30 02:30:00,0.00866,0.00874,0.00864,0.00873,10300260.0
2023-10-30 02:45:00,0.00873,0.00873,0.0087,0.00871,5296898.0
2023-10-30 03:00:00,0.0087,0.00872,0.00867,0.00867,2138766.0
2023-10-30 03:15:00,0.00868,0.00871,0.00866,0.0087,1334628.0
2023-10-30 03:30:00,0.0087,0.00877,0.00868,0.00874,2989600.0
2023-10-30 03:45:00,0.00874,0.00883,0.00872,0.00872,5818583.0
2023-10-30 04:00:00,0.00872,0.00877,0.00869,0.00874,5718190.0
2023-10-30 04:15:00,0.00874,0.00879,0.00873,0.00878,1629529.0
2023-10-30 04:30:00,0.00877,0.00879,0.00874,0.00876,1669582.0
2023-10-30 04:45:00,0.00876,0.00876,0.0087,0.00871,2904623.0
2023-10-30 05:00:00,0.00871,0.00877,0.0087,0.00872,2944850.0
2023-10-30 05:15:00,0.00871,0.00871,0.0086,0.00862,3954618.0
2023-10-30 05:30:00,0.00862,0.00865,0.00861,0.00864,1661612.0
2023-10-30 05:45:00,0.00865,0.00865,0.00861,0.00861,2433032.0
2023-10-30 06:00:00,0.00861,0.00862,0.00851,0.00853,6116807.0
2023-10-30 06:15:00,0.00854,0.00863,0.00854,0.00862,1864051.0
2023-10-30 06:30:00,0.00862,0.00863,0.00859,0.00859,950839.0
2023-10-30 06:45:00,0.0086,0.00867,0.0086,0.00867,3179706.0
2023-10-30 07:00:00,0.00866,0.00868,0.00865,0.00866,1188483.0
2023-10-30 07:15:00,0.00867,0.00868,0.00857,0.00862,12845794.0
2023-10-30 07:30:00,0.00862,0.00863,0.00856,0.00857,3602775.0
2023-10-30 07:45:00,0.00857,0.00863,0.00857,0.00859,1995743.0
2023-10-30 08:00:00,0.00858,0.0086,0.00848,0.00851,36952449.0
2023-10-30 08:15:00,0.00851,0.00853,0.00848,0.00853,6599883.0
2023-10-30 08:30:00,0.00852,0.00863,0.00849,0.0086,9955256.0
2023-10-30 08:45:00,0.0086,0.00863,0.00855,0.0086,8546636.0
2023-10-30 09:00:00,0.0086,0.00867,0.00858,0.00866,14545903.0
2023-10-30 09:15:00,0.00865,0.00869,0.00863,0.00867,2592450.0
2023-10-30 09:30:00,0.00868,0.00869,0.00862,0.00868,2487050.0
2023-10-30 09:45:00,0.00868,0.00868,0.00848,0.00849,10419745.0
2023-10-30 10:00:00,0.00851,0.00855,0.00845,0.00853,11396391.0
2023-10-30 10:15:00,0.00852,0.0086,0.00846,0.00858,14955994.0
2023-10-30 10:30:00,0.00857,0.00861,0.00857,0.00861,1672433.0
2023-10-30 10:45:00,0.0086,0.00863,0.00859,0.0086,1042716.0
2023-10-30 11:00:00,0.00861,0.00865,0.00859,0.00865,2864347.0
2023-10-30 11:15:00,0.00865,0.00865,0.00861,0.00865,2045960.0
2023-10-30 11:30:00,0.00864,0.00867,0.00862,0.00866,3718557.0
2023-10-30 11:45:00,0.00866,0.00868,0.00865,0.00866,2476250.0
2023-10-30 12:00:00,0.00867,0.00867,0.00863,0.00866,4955841.0
2023-10-30 12:15:00,0.00866,0.00869,0.00865,0.00867,3331412.0
2023-10-30 12:30:00,0.00867,0.00868,0.00861,0.00862,3745919.0
2023-10-30 12:45:00,0.00862,0.00863,0.00856,0.00859,2955302.0
2023-10-30 13:00:00,0.00858,0.00862,0.00854,0.00861,4188349.0
2023-10-30 13:15:00,0.00862,0.00865,0.00861,0.00864,2931988.0
2023-10-30 13:30:00,0.00864,0.00865,0.00862,0.00863,2524042.0
2023-10-30 13:45:00,0.00862,0.00865,0.00861,0.00864,3856257.0
2023-10-30 14:00:00,0.00864,0.00865,0.00861,0.00862,3518443.0
2023-10-30 14:15:00,0.00863,0.00864,0.00854,0.00857,3106853.0
2023-10-30 14:30:00,0.00856,0.00857,0.00851,0.00851,2351974.0
2023-10-30 14:45:00,0.00851,0.00857,0.0085,0.00855,1653745.0
2023-10-30 15:00:00,0.00855,0.00858,0.00851,0.00853,2363340.0
2023-10-30 15:15:00,0.00854,0.00857,0.00851,0.00853,4893359.0
2023-10-30 15:30:00,0.00854,0.00872,0.00854,0.00865,24448093.0
2023-10-30 15:45:00,0.00865,0.0087,0.00865,0.0087,5387442.0
2023-10-30 16:00:00,0.0087,0.0087,0.00865,0.00868,5429533.0
2023-10-30 16:15:00,0.00868,0.00868,0.00864,0.00865,2690640.0
2023-10-30 16:30:00,0.00865,0.00869,0.00865,0.00867,6557993.0
2023-10-30 16:45:00,0.00867,0.00877,0.00867,0.00873,11714590.0
2023-10-30 17:00:00,0.00873,0.00875,0.00856,0.00858,5862866.0
2023-10-30 17:15:00,0.00857,0.00861,0.00852,0.0086,8217471.0
2023-10-30 17:30:00,0.00861,0.00865,0.00861,0.00862,2505035.0
2023-10-30 17:45:00,0.00863,0.0087,0.00863,0.00869,4736058.0
2023-10-30 18:00:00,0.00869,0.00869,0.00867,0.00869,574856.0
2023-10-30 18:15:00,0.00869,0.00869,0.00865,0.00865,1431797.0
2023-10-30 18:30:00,0.00866,0.00868,0.00866,0.00867,831946.0
2023-10-30 18:45:00,0.00868,0.00871,0.00868,0.0087,1314781.0
2023-10-30 19:00:00,0.00871,0.00871,0.00866,0.00867,1729608.0
2023-10-30 19:15:00,0.00866,0.0087,0.00866,0.0087,738946.0
2023-10-30 19:30:00,0.00871,0.00872,0.00867,0.00869,1192294.0
2023-10-30 19:45:00,0.00868,0.0087,0.00865,0.00866,964781.0
2023-10-30 20:00:00,0.00867,0.00871,0.00866,0.00871,645105.0
2023-10-30 20:15:00,0.00871,0.00872,0.00866,0.00866,7985972.0
2023-10-30 20:30:00,0.00866,0.00872,0.00866,0.0087,2236167.0
2023-10-30 20:45:00,0.00871,0.00873,0.00871,0.00871,334111.0
2023-10-30 21:00:00,0.00873,0.00874,0.00868,0.00871,2403359.0
2023-10-30 21:15:00,0.00871,0.00873,0.00869,0.00871,1930272.0
2023-10-30 21:30:00,0.00872,0.00878,0.00872,0.00875,1395902.0
2023-10-30 21:45:00,0.00875,0.00878,0.00873,0.00873,631771.0
2023-10-30 22:00:00,0.00875,0.00875,0.0087,0.0087,2723484.0
2023-10-30 22:15:00,0.0087,0.00873,0.00868,0.00869,1771836.0
2023-10-30 22:30:00,0.00869,0.00872,0.00868,0.00869,851569.0
2023-10-30 22:45:00,0.0087,0.0087,0.00868,0.00869,59292.0
2023-10-30 23:00:00,0.00869,0.00874,0.00869,0.00873,600633.0
2023-10-30 23:15:00,0.00873,0.00874,0.0087,0.00872,1068367.0
2023-10-30 23:30:00,0.00872,0.00873,0.00871,0.00872,731345.0
2023-10-30 23:45:00,0.00872,0.00874,0.00871,0.00872,398537.0
2023-10-31 00:00:00,0.00872,0.0088,0.0087,0.00878,4631561.0
2023-10-31 00:15:00,0.00878,0.00892,0.00878,0.00892,5602892.0
2023-10-31 00:30:00,0.00892,0.00894,0.00883,0.00889,19043190.0
2023-10-31 00:45:00,0.00888,0.00893,0.00885,0.00886,4314736.0
2023-10-31 01:00:00,0.00887,0.0089,0.00878,0.00881,8222461.0
2023-10-31 01:15:00,0.00882,0.00883,0.00878,0.00881,2439380.0
2023-10-31 01:30:00,0.00881,0.00886,0.0088,0.00886,2247763.0
2023-10-31 01:45:00,0.00885,0.0089,0.0088,0.00888,4672843.0
2023-10-31 02:00:00,0.00888,0.00893,0.00887,0.00889,5386903.0
2023-10-31 02:15:00,0.00889,0.00889,0.00881,0.00886,2224038.0
2023-10-31 02:30:00,0.00886,0.00886,0.00874,0.00877,5949467.0
2023-10-31 02:45:00,0.00876,0.00877,0.00865,0.00873,4685081.0
2023-10-31 03:00:00,0.00873,0.00878,0.00872,0.00872,3468257.0
2023-10-31 03:15:00,0.00871,0.00873,0.00867,0.00871,3780985.0
2023-10-31 03:30:00,0.00872,0.00872,0.0086,0.00861,5742215.0
2023-10-31 03:45:00,0.00862,0.00866,0.00862,0.00865,7642092.0
2023-10-31 04:00:00,0.00866,0.00872,0.00866,0.00872,1813503.0
2023-10-31 04:15:00,0.00872,0.00875,0.00871,0.00875,4584234.0
2023-10-31 04:30:00,0.00874,0.0088,0.00874,0.00878,3333472.0
2023-10-31 04:45:00,0.00879,0.00879,0.00874,0.00876,2386449.0
2023-10-31 05:00:00,0.00876,0.00878,0.00872,0.00874,3495934.0
2023-10-31 05:15:00,0.00874,0.00879,0.00872,0.00879,2238704.0
2023-10-31 05:30:00,0.00879,0.00884,0.00879,0.00883,1692003.0
2023-10-31 05:45:00,0.00883,0.0089,0.00883,0.00887,3948662.0
2023-10-31 06:00:00,0.00887,0.00891,0.00886,0.00889,3186405.0
2023-10-31 06:15:00,0.00889,0.00889,0.00885,0.00885,3206938.0
2023-10-31 06:30:00,0.00885,0.00888,0.00878,0.00886,2457730.0
2023-10-31 06:45:00,0.00886,0.0089,0.00879,0.00882,5065331.0
2023-10-31 07:00:00,0.00883,0.00884,0.00879,0.00883,2740550.0
2023-10-31 07:15:00,0.00883,0.00885,0.00874,0.00876,5147217.0
2023-10-31 07:30:00,0.00874,0.00876,0.00871,0.00875,2020543.0
2023-10-31 07:45:00,0.00874,0.00875,0.0087,0.00871,6561221.0
2023-10-31 08:00:00,0.00871,0.00875,0.0086,0.00874,26700017.0
2023-10-31 08:15:00,0.00874,0.00879,0.00873,0.00878,4913938.0
2023-10-31 08:30:00,0.00878,0.00891,0.00878,0.00887,12882236.0
2023-10-31 08:45:00,0.00887,0.00888,0.00882,0.00884,3462878.0
2023-10-31 09:00:00,0.00884,0.00885,0.0088,0.00884,2926075.0
2023-10-31 09:15:00,0.00884,0.00884,0.00879,0.00881,1422953.0
2023-10-31 09:30:00,0.0088,0.00885,0.0088,0.00882,5249101.0
2023-10-31 09:45:00,0.00882,0.00887,0.00882,0.00885,2715818.0
2023-10-31 10:00:00,0.00885,0.00886,0.0088,0.00882,3242322.0
2023-10-31 10:15:00,0.00881,0.00888,0.00881,0.00886,3894457.0
2023-10-31 10:30:00,0.00886,0.00892,0.00886,0.00886,7347880.0
2023-10-31 10:45:00,0.00887,0.00889,0.00882,0.00882,5367220.0
2023-10-31 11:00:00,0.00882,0.00885,0.0088,0.00884,17984053.0
2023-10-31 11:15:00,0.00885,0.00887,0.00882,0.00884,1037560.0
2023-10-31 11:30:00,0.00883,0.0089,0.00883,0.00887,3869835.0
2023-10-31 11:45:00,0.00886,0.0089,0.00886,0.00888,3494198.0
2023-10-31 12:00:00,0.00888,0.0089,0.00883,0.00885,2488504.0
2023-10-31 12:15:00,0.00884,0.00886,0.00877,0.00877,16073456.0
2023-10-31 12:30:00,0.00878,0.00879,0.00866,0.00869,12311382.0
2023-10-31 12:45:00,0.00868,0.00869,0.00857,0.00862,25421235.0
2023-10-31 13:00:00,0.00863,0.00869,0.00861,0.00863,4735391.0
2023-10-31 13:15:00,0.00863,0.00867,0.00861,0.00865,2499850.0
2023-10-31 13:30:00,0.00865,0.00867,0.00857,0.00858,10846201.0
2023-10-31 13:45:00,0.00857,0.00861,0.00844,0.00853,12462477.0
2023-10-31 14:00:00,0.00853,0.00859,0.0085,0.00858,5374380.0
2023-10-31 14:15:00,0.00858,0.00861,0.00856,0.00857,2037504.0
2023-10-31 14:30:00,0.00856,0.00857,0.00847,0.00852,3674900.0
2023-10-31 14:45:00,0.00853,0.00854,0.00847,0.00852,3843325.0
2023-10-31 15:00:00,0.00853,0.00853,0.0082,0.00828,28223447.0
2023-10-31 15:15:00,0.00828,0.00828,0.00814,0.00824,17175339.0
2023-10-31 15:30:00,0.00823,0.00834,0.00817,0.00819,12932330.0
2023-10-31 15:45:00,0.0082,0.00827,0.0082,0.00823,5616355.0
2023-10-31 16:00:00,0.00823,0.00831,0.00818,0.00829,9799408.0
2023-10-31 16:15:00,0.00828,0.00835,0.00827,0.00835,2582070.0
2023-10-31 16:30:00,0.00834,0.00842,0.00831,0.00839,6918103.0
2023-10-31 16:45:00,0.00838,0.00841,0.00836,0.0084,3475605.0
2023-10-31 17:00:00,0.00839,0.00841,0.00836,0.00839,3221588.0
2023-10-31 17:15:00,0.0084,0.00842,0.00839,0.00842,2622525.0
2023-10-31 17:30:00,0.00842,0.00844,0.0084,0.00844,2774208.0
2023-10-31 17:45:00,0.00843,0.00847,0.00842,0.00842,4273114.0
2023-10-31 18:00:00,0.00842,0.00845,0.00841,0.00841,3251438.0
2023-10-31 18:15:00,0.00841,0.00842,0.00838,0.00838,4580495.0
2023-10-31 18:30:00,0.00839,0.0084,0.00836,0.00839,1772892.0
2023-10-31 18:45:00,0.00838,0.00842,0.00835,0.00841,1356934.0
2023-10-31 19:00:00,0.00841,0.00843,0.00837,0.00839,1572742.0
2023-10-31 19:15:00,0.00839,0.0084,0.00836,0.00839,1218894.0
2023-10-31 19:30:00,0.00839,0.00839,0.00833,0.00834,1021315.0
2023-10-31 19:45:00,0.00834,0.00838,0.00833,0.00838,3615741.0
2023-10-31 20:00:00,0.00837,0.00841,0.00835,0.0084,4017035.0
2023-10-31 20:15:00,0.0084,0.00848,0.0084,0.00846,3731177.0
2023-10-31 20:30:00,0.00846,0.00847,0.00843,0.00845,723929.0
2023-10-31 20:45:00,0.00846,0.00848,0.00842,0.00844,889791.0
2023-10-31 21:00:00,0.00844,0.00844,0.00842,0.00842,693230.0
2023-10-31 21:15:00,0.00843,0.00846,0.00841,0.00842,2172168.0
2023-10-31 21:30:00,0.00842,0.00842,0.00839,0.00839,955851.0
2023-10-31 21:45:00,0.00839,0.00841,0.00836,0.00841,670844.0
2023-10-31 22:00:00,0.0084,0.00843,0.00839,0.00842,487710.0
2023-10-31 22:15:00,0.00842,0.00845,0.00841,0.00845,507255.0
2023-10-31 22:30:00,0.00844,0.00849,0.00843,0.00847,3325868.0
2023-10-31 22:45:00,0.00848,0.00848,0.00844,0.00846,765416.0
2023-10-31 23:00:00,0.00845,0.00846,0.00842,0.00843,958934.0
2023-10-31 23:15:00,0.00843,0.00845,0.00841,0.00843,442209.0
2023-10-31 23:30:00,0.00844,0.00846,0.0084,0.00844,665092.0
2023-10-31 23:45:00,0.00843,0.00848,0.00842,0.00845,669192.0
2023-11-01 00:00:00,0.00845,0.00846,0.00839,0.00844,2073803.0
2023-11-01 00:15:00,0.00845,0.0085,0.00843,0.00844,1614380.0
2023-11-01 00:30:00,0.00845,0.0085,0.00843,0.0085,2381733.0
2023-11-01 00:45:00,0.00849,0.0085,0.00845,0.00846,576626.0
2023-11-01 01:00:00,0.00847,0.00847,0.00843,0.00845,1618883.0
2023-11-01 01:15:00,0.00845,0.00845,0.0084,0.00842,1273782.0
2023-11-01 01:30:00,0.00843,0.00845,0.00837,0.0084,3517412.0
2023-11-01 01:45:00,0.00839,0.00841,0.00836,0.00837,2616917.0
2023-11-01 02:00:00,0.00836,0.00842,0.00836,0.0084,2045691.0
2023-11-01 02:15:00,0.00843,0.00877,0.00843,0.00875,35620879.0
2023-11-01 02:30:00,0.00874,0.00886,0.00864,0.0087,16773890.0
2023-11-01 02:45:00,0.0087,0.00873,0.00864,0.00867,3404088.0
2023-11-01 03:00:00,0.00866,0.00872,0.00861,0.00862,4913360.0
2023-11-01 03:15:00,0.00861,0.00862,0.00857,0.00858,2331341.0
2023-11-01 03:30:00,0.00858,0.00861,0.00856,0.0086,1370755.0
2023-11-01 03:45:00,0.0086,0.00861,0.00857,0.00858,1091685.0
2023-11-01 04:00:00,0.00858,0.00859,0.00831,0.00839,23357542.0
2023-11-01 04:15:00,0.00839,0.00846,0.00839,0.00844,3399936.0
2023-11-01 04:30:00,0.00845,0.00847,0.00843,0.00844,1938728.0
2023-11-01 04:45:00,0.00844,0.00846,0.00841,0.00843,492185.0
2023-11-01 05:00:00,0.00843,0.00844,0.00836,0.00837,5395491.0
2023-11-01 05:15:00,0.00836,0.0084,0.00835,0.00839,1186762.0
2023-11-01 05:30:00,0.00839,0.00839,0.00831,0.00834,2299328.0
2023-11-01 05:45:00,0.00833,0.00835,0.00824,0.00826,7552487.0
2023-11-01 06:00:00,0.00825,0.00834,0.00822,0.00832,4867494.0
2023-11-01 06:15:00,0.00833,0.00835,0.00828,0.0083,2524754.0
2023-11-01 06:30:00,0.0083,0.00834,0.00828,0.00834,2264889.0
2023-11-01 06:45:00,0.00834,0.00836,0.00833,0.00834,1014128.0
2023-11-01 07:00:00,0.00834,0.00836,0.00831,0.00834,3632299.0
2023-11-01 07:15:00,0.00834,0.00835,0.0083,0.0083,2997248.0
2023-11-01 07:30:00,0.00831,0.00832,0.00827,0.00832,3087658.0
2023-11-01 07:45:00,0.00832,0.00832,0.0083,0.0083,1067188.0
2023-11-01 08:00:00,0.0083,0.00835,0.00828,0.00834,1696992.0
2023-11-01 08:15:00,0.00834,0.00836,0.00831,0.00835,1403431.0
2023-11-01 08:30:00,0.00834,0.00835,0.00832,0.00833,781555.0
2023-11-01 08:45:00,0.00833,0.00833,0.00831,0.00831,1349728.0
2023-11-01 09:00:00,0.00832,0.00832,0.00829,0.00832,3827210.0
2023-11-01 09:15:00,0.00832,0.00833,0.00829,0.0083,913775.0
2023-11-01 09:30:00,0.0083,0.00832,0.00828,0.00831,1169375.0
2023-11-01 09:45:00,0.00832,0.00832,0.00828,0.00829,1557923.0
2023-11-01 10:00:00,0.00829,0.00829,0.00825,0.00827,3037934.0
2023-11-01 10:15:00,0.00827,0.00828,0.00824,0.00824,1522955.0
2023-11-01 10:30:00,0.00824,0.00825,0.00818,0.0082,5506916.0
2023-11-01 10:45:00,0.0082,0.00821,0.00816,0.00817,3996212.0
2023-11-01 11:00:00,0.00818,0.00822,0.00815,0.00819,3268868.0
2023-11-01 11:15:00,0.00819,0.00821,0.00816,0.00821,1859154.0
2023-11-01 11:30:00,0.00821,0.00821,0.00819,0.00821,1885336.0
2023-11-01 11:45:00,0.0082,0.00825,0.00819,0.00822,2036215.0
2023-11-01 12:00:00,0.00824,0.00825,0.00819,0.00822,1251373.0
2023-11-01 12:15:00,0.00822,0.00824,0.00816,0.00818,2681318.0
2023-11-01 12:30:00,0.00817,0.00824,0.00816,0.00822,1303324.0
2023-11-01 12:45:00,0.00822,0.00836,0.00822,0.0083,9741842.0
2023-11-01 13:00:00,0.00831,0.00833,0.00827,0.00831,1592309.0
2023-11-01 13:15:00,0.00832,0.00838,0.00827,0.00828,6899647.0
2023-11-01 13:30:00,0.00829,0.0083,0.00822,0.00826,5742423.0
2023-11-01 13:45:00,0.00826,0.00826,0.00819,0.00825,2478587.0
2023-11-01 14:00:00,0.00826,0.00828,0.00821,0.00825,602459.0
2023-11-01 14:15:00,0.00824,0.00828,0.00824,0.00826,1507955.0
2023-11-01 14:30:00,0.00826,0.00831,0.00824,0.00828,2051632.0
2023-11-01 14:45:00,0.00828,0.00828,0.00811,0.00816,7930173.0
2023-11-01 15:00:00,0.00817,0.00823,0.00816,0.00817,2992416.0
2023-11-01 15:15:00,0.00819,0.00822,0.00819,0.0082,897162.0
2023-11-01 15:30:00,0.00819,0.0082,0.00814,0.00814,6782613.0
2023-11-01 15:45:00,0.00815,0.00819,0.00812,0.00818,2854620.0
2023-11-01 16:00:00,0.00817,0.00821,0.00814,0.00821,1389158.0
2023-11-01 16:15:00,0.0082,0.00829,0.00819,0.00827,6650160.0
2023-11-01 16:30:00,0.00827,0.00829,0.00824,0.00824,2576060.0
2023-11-01 16:45:00,0.00825,0.00826,0.00821,0.00823,1976032.0
2023-11-01 17:00:00,0.00822,0.00824,0.00821,0.00821,3042024.0
2023-11-01 17:15:00,0.00822,0.00825,0.0082,0.00821,1703521.0
2023-11-01 17:30:00,0.00821,0.00822,0.00816,0.00821,5529953.0
2023-11-01 17:45:00,0.00821,0.00826,0.00819,0.00826,3957562.0
2023-11-01 18:00:00,0.00826,0.0083,0.00825,0.00827,13407409.0
2023-11-01 18:15:00,0.00826,0.00829,0.00823,0.00826,5818516.0
2023-11-01 18:30:00,0.00826,0.00851,0.00824,0.00832,19455340.0
2023-11-01 18:45:00,0.00833,0.00836,0.0083,0.00835,4398684.0
2023-11-01 19:00:00,0.00835,0.00839,0.00834,0.00834,5919698.0
2023-11-01 19:15:00,0.00834,0.0087,0.00834,0.00865,40514791.0
2023-11-01 19:30:00,0.00865,0.0087,0.00851,0.00854,13880559.0
2023-11-01 19:45:00,0.00854,0.00866,0.00851,0.00861,16314049.0
2023-11-01 20:00:00,0.00861,0.0087,0.00861,0.00867,6457585.0
2023-11-01 20:15:00,0.00866,0.00871,0.00866,0.00867,4513770.0
2023-11-01 20:30:00,0.00868,0.00872,0.00867,0.00871,4714356.0
2023-11-01 20:45:00,0.00871,0.00871,0.00867,0.0087,2034485.0
2023-11-01 21:00:00,0.0087,0.00873,0.00863,0.00867,4374007.0
2023-11-01 21:15:00,0.00867,0.00869,0.00862,0.00866,2241584.0
2023-11-01 21:30:00,0.00866,0.00869,0.00864,0.00866,2875761.0
2023-11-01 21:45:00,0.00866,0.00875,0.00864,0.00872,2344998.0
2023-11-01 22:00:00,0.00875,0.00878,0.00871,0.00875,1524532.0
2023-11-01 22:15:00,0.00874,0.00875,0.00862,0.00865,16413476.0
2023-11-01 22:30:00,0.00865,0.00872,0.0086,0.00862,10378985.0
2023-11-01 22:45:00,0.00862,0.00863,0.00857,0.00859,4576369.0
2023-11-01 23:00:00,0.0086,0.00864,0.00858,0.00862,1342005.0
2023-11-01 23:15:00,0.00862,0.00866,0.00861,0.00865,2005766.0
2023-11-01 23:30:00,0.00866,0.00868,0.00862,0.00865,2211926.0
2023-11-01 23:45:00,0.00866,0.00899,0.00864,0.00893,32033259.0
2023-11-02 00:00:00,0.00893,0.00919,0.00893,0.00897,34149082.0
2023-11-02 00:15:00,0.00897,0.00903,0.00887,0.00893,12052287.0
2023-11-02 00:30:00,0.00892,0.00894,0.00878,0.0088,9028385.0
2023-11-02 00:45:00,0.0088,0.00888,0.00876,0.00878,24763229.0
2023-11-02 01:00:00,0.00878,0.00892,0.00877,0.00891,11883032.0
2023-11-02 01:15:00,0.00891,0.009,0.00891,0.00898,6677783.0
2023-11-02 01:30:00,0.00898,0.00899,0.00889,0.0089,4411789.0
2023-11-02 01:45:00,0.0089,0.00891,0.00885,0.00889,2074510.0
2023-11-02 02:00:00,0.00888,0.00889,0.00883,0.00884,3516516.0
2023-11-02 02:15:00,0.00884,0.00889,0.00884,0.00888,1550823.0
2023-11-02 02:30:00,0.00887,0.00907,0.00886,0.009,12295264.0
2023-11-02 02:45:00,0.009,0.00909,0.00894,0.00901,14173199.0
2023-11-02 03:00:00,0.00902,0.00904,0.00897,0.00903,4378199.0
2023-11-02 03:15:00,0.00903,0.00906,0.009,0.00902,2297789.0
2023-11-02 03:30:00,0.00902,0.00906,0.00901,0.00903,1928160.0
2023-11-02 03:45:00,0.00902,0.00903,0.00895,0.00898,2362452.0
2023-11-02 04:00:00,0.00899,0.00903,0.00889,0.00897,9101013.0
2023-11-02 04:15:00,0.00897,0.00898,0.00888,0.0089,6269952.0
2023-11-02 04:30:00,0.0089,0.00891,0.00885,0.00886,3554067.0
2023-11-02 04:45:00,0.00886,0.00891,0.0088,0.00885,22190569.0
2023-11-02 05:00:00,0.00886,0.00888,0.0088,0.00881,2456584.0
2023-11-02 05:15:00,0.00881,0.00883,0.00872,0.00876,4797051.0
2023-11-02 05:30:00,0.00875,0.00882,0.00875,0.00881,1944222.0
2023-11-02 05:45:00,0.00881,0.00882,0.00877,0.00877,1745111.0
2023-11-02 06:00:00,0.00878,0.00882,0.00876,0.00879,2741425.0
2023-11-02 06:15:00,0.00879,0.00885,0.00878,0.00884,2143363.0
2023-11-02 06:30:00,0.00883,0.00888,0.00882,0.00884,1128489.0
2023-11-02 06:45:00,0.00884,0.00887,0.00883,0.00887,1145514.0
2023-11-02 07:00:00,0.00886,0.00892,0.00886,0.0089,2858650.0
2023-11-02 07:15:00,0.0089,0.0089,0.00885,0.00885,1067161.0
2023-11-02 07:30:00,0.00886,0.00893,0.00885,0.0089,2140413.0
2023-11-02 07:45:00,0.0089,0.00892,0.00884,0.00886,4065815.0
2023-11-02 08:00:00,0.00888,0.00892,0.00879,0.00886,2648878.0
2023-11-02 08:15:00,0.00885,0.0089,0.00883,0.00886,872674.0
2023-11-02 08:30:00,0.00886,0.0089,0.00886,0.00886,2115907.0
2023-11-02 08:45:00,0.00887,0.0089,0.00885,0.0089,2612116.0
2023-11-02 09:00:00,0.00891,0.00892,0.00887,0.00888,1260091.0
2023-11-02 09:15:00,0.00889,0.00891,0.00884,0.00889,1902057.0
2023-11-02 09:30:00,0.00889,0.00896,0.00889,0.00892,7586586.0
2023-11-02 09:45:00,0.00892,0.00894,0.00889,0.00893,1888602.0
2023-11-02 10:00:00,0.00892,0.00896,0.0089,0.00895,2084557.0
2023-11-02 10:15:00,0.00894,0.00897,0.00893,0.00896,746388.0
2023-11-02 10:30:00,0.00896,0.00896,0.00892,0.00896,5569905.0
2023-11-02 10:45:00,0.00896,0.00896,0.0089,0.00891,3197842.0
2023-11-02 11:00:00,0.0089,0.00892,0.00885,0.00887,1842610.0
2023-11-02 11:15:00,0.00887,0.00891,0.00887,0.00891,748318.0
2023-11-02 11:30:00,0.0089,0.00899,0.00889,0.00898,2876309.0
2023-11-02 11:45:00,0.00898,0.00899,0.00893,0.00898,1211943.0
2023-11-02 12:00:00,0.00897,0.00897,0.00891,0.00895,2705366.0
2023-11-02 12:15:00,0.00895,0.00897,0.00891,0.00891,4117657.0
2023-11-02 12:30:00,0.00891,0.00897,0.00891,0.00895,1163273.0
2023-11-02 12:45:00,0.00896,0.00898,0.00893,0.00894,2981331.0
2023-11-02 13:00:00,0.00893,0.00896,0.00876,0.0088,9490707.0
2023-11-02 13:15:00,0.0088,0.00887,0.00879,0.00882,5780339.0
2023-11-02 13:30:00,0.00882,0.00888,0.0087,0.00876,6263464.0
2023-11-02 13:45:00,0.00877,0.00884,0.00873,0.0088,3493409.0
2023-11-02 14:00:00,0.0088,0.00884,0.00871,0.00875,2720595.0
2023-11-02 14:15:00,0.00875,0.00879,0.0087,0.00873,4232704.0
2023-11-02 14:30:00,0.00873,0.00874,0.00865,0.00872,5179803.0
2023-11-02 14:45:00,0.00871,0.00875,0.00869,0.00873,1818039.0
2023-11-02 15:00:00,0.00873,0.00873,0.00858,0.0086,5915334.0
2023-11-02 15:15:00,0.0086,0.00864,0.00845,0.00851,27008879.0
2023-11-02 15:30:00,0.00851,0.00859,0.00844,0.00856,10084447.0
2023-11-02 15:45:00,0.00856,0.00858,0.00849,0.00849,2702402.0
2023-11-02 16:00:00,0.0085,0.00859,0.00849,0.00857,3386329.0
2023-11-02 16:15:00,0.00857,0.00858,0.00846,0.0085,3672242.0
2023-11-02 16:30:00,0.00849,0.00855,0.0084,0.00853,4030092.0
2023-11-02 16:45:00,0.00854,0.00859,0.00853,0.00858,1956952.0
2023-11-02 17:00:00,0.00858,0.00861,0.00855,0.00857,3247797.0
2023-11-02 17:15:00,0.00856,0.0086,0.00855,0.0086,1311560.0
2023-11-02 17:30:00,0.0086,0.00866,0.0086,0.00864,1224864.0
2023-11-02 17:45:00,0.00865,0.00869,0.00862,0.00868,2305256.0
2023-11-02 18:00:00,0.00867,0.00868,0.00861,0.00865,3020505.0
2023-11-02 18:15:00,0.00865,0.00866,0.00861,0.00865,2008954.0
2023-11-02 18:30:00,0.00864,0.00866,0.00861,0.00864,1347433.0
2023-11-02 18:45:00,0.00864,0.00864,0.0086,0.00862,1038141.0
2023-11-02 19:00:00,0.00861,0.00864,0.0086,0.00862,1940985.0
2023-11-02 19:15:00,0.00863,0.00868,0.00862,0.00866,1157220.0
2023-11-02 19:30:00,0.00867,0.00869,0.00866,0.00869,974968.0
2023-11-02 19:45:00,0.00868,0.0087,0.00866,0.0087,996441.0
2023-11-02 20:00:00,0.00869,0.00871,0.00867,0.00868,708220.0
2023-11-02 20:15:00,0.00868,0.0087,0.00862,0.00863,1284525.0
2023-11-02 20:30:00,0.00863,0.00864,0.0086,0.00861,521580.0
2023-11-02 20:45:00,0.00861,0.00865,0.0086,0.00865,848997.0
2023-11-02 21:00:00,0.00864,0.00864,0.0086,0.00862,1190567.0
2023-11-02 21:15:00,0.00863,0.00865,0.0086,0.00861,1214307.0
2023-11-02 21:30:00,0.00861,0.00862,0.00859,0.0086,1179834.0
2023-11-02 21:45:00,0.0086,0.00865,0.0086,0.00865,755880.0
2023-11-02 22:00:00,0.00865,0.00865,0.00859,0.0086,1217569.0
2023-11-02 22:15:00,0.00859,0.00865,0.00859,0.00862,497244.0
2023-11-02 22:30:00,0.00862,0.00862,0.00858,0.00859,908688.0
2023-11-02 22:45:00,0.0086,0.00861,0.00859,0.0086,150430.0
2023-11-02 23:00:00,0.0086,0.00861,0.00857,0.00858,1266736.0
2023-11-02 23:15:00,0.00859,0.00863,0.00858,0.00862,1545019.0
2023-11-02 23:30:00,0.00862,0.00862,0.00855,0.0086,1495963.0
2023-11-02 23:45:00,0.00861,0.00862,0.00858,0.00859,2509095.0
2023-11-03 00:00:00,0.00858,0.00861,0.00856,0.00858,1974836.0
2023-11-03 00:15:00,0.00857,0.00858,0.00852,0.00852,3565002.0
2023-11-03 00:30:00,0.00852,0.00853,0.0085,0.00853,1369851.0
2023-11-03 00:45:00,0.00852,0.00853,0.00842,0.00847,5458950.0
2023-11-03 01:00:00,0.00847,0.00849,0.00839,0.00839,5105928.0
2023-11-03 01:15:00,0.0084,0.0084,0.00821,0.00832,15234213.0
2023-11-03 01:30:00,0.00832,0.00836,0.00826,0.00827,1985100.0
2023-11-03 01:45:00,0.00828,0.0083,0.00821,0.00829,3933714.0
2023-11-03 02:00:00,0.00828,0.00832,0.00823,0.00829,8274688.0
2023-11-03 02:15:00,0.0083,0.00833,0.00829,0.00831,1384792.0
2023-11-03 02:30:00,0.00831,0.00832,0.00827,0.00831,1260896.0
2023-11-03 02:45:00,0.00831,0.00832,0.00829,0.00832,740144.0
2023-11-03 03:00:00,0.00833,0.00834,0.00829,0.00829,2321582.0
2023-11-03 03:15:00,0.00829,0.00833,0.00829,0.00832,2537706.0
2023-11-03 03:30:00,0.00833,0.0084,0.00833,0.0084,1594529.0
2023-11-03 03:45:00,0.0084,0.00846,0.0084,0.00843,3775673.0
2023-11-03 04:00:00,0.00843,0.00844,0.00839,0.00839,1377258.0
2023-11-03 04:15:00,0.00839,0.00839,0.00834,0.00836,3236064.0
2023-11-03 04:30:00,0.00836,0.00836,0.00829,0.00829,1556795.0
2023-11-03 04:45:00,0.00829,0.0083,0.00824,0.0083,3287220.0
2023-11-03 05:00:00,0.00831,0.00833,0.00826,0.00831,1620626.0
2023-11-03 05:15:00,0.00832,0.00834,0.0083,0.00833,1159004.0
2023-11-03 05:30:00,0.00835,0.00837,0.00833,0.00835,4160484.0
2023-11-03 05:45:00,0.00835,0.00842,0.00835,0.00841,1798884.0
2023-11-03 06:00:00,0.0084,0.00845,0.0084,0.00844,924797.0
2023-11-03 06:15:00,0.00844,0.00846,0.00839,0.00846,4968861.0
2023-11-03 06:30:00,0.00845,0.00845,0.00842,0.00844,1479796.0
2023-11-03 06:45:00,0.00844,0.00849,0.00842,0.00844,6026866.0
2023-11-03 07:00:00,0.00843,0.00846,0.00839,0.00843,1211281.0
2023-11-03 07:15:00,0.00845,0.00847,0.00843,0.00844,1730782.0
2023-11-03 07:30:00,0.00844,0.00846,0.0084,0.00841,1082427.0
2023-11-03 07:45:00,0.0084,0.00843,0.0084,0.00841,682805.0
2023-11-03 08:00:00,0.00842,0.00844,0.00836,0.00843,3480851.0
2023-11-03 08:15:00,0.00843,0.00846,0.00842,0.00843,5142655.0
2023-11-03 08:30:00,0.00843,0.00843,0.00835,0.00836,2211194.0
2023-11-03 08:45:00,0.00836,0.00841,0.00831,0.00839,2776697.0
2023-11-03 09:00:00,0.0084,0.00841,0.00836,0.00839,2158532.0
2023-11-03 09:15:00,0.0084,0.00842,0.00839,0.00842,1022799.0
2023-11-03 09:30:00,0.00842,0.00842,0.00837,0.00839,2141623.0
2023-11-03 09:45:00,0.00839,0.00842,0.00833,0.00836,3208966.0
2023-11-03 10:00:00,0.00836,0.00836,0.00831,0.00831,2524698.0
2023-11-03 10:15:00,0.00831,0.00837,0.0083,0.00836,3262084.0
2023-11-03 10:30:00,0.00835,0.0084,0.00833,0.0084,1017438.0
2023-11-03 10:45:00,0.0084,0.00841,0.00838,0.00841,689742.0
2023-11-03 11:00:00,0.00841,0.00842,0.00839,0.0084,746412.0
2023-11-03 11:15:00,0.0084,0.00842,0.00839,0.00841,440474.0
2023-11-03 11:30:00,0.00841,0.00846,0.0084,0.00846,1341649.0
2023-11-03 11:45:00,0.00844,0.00846,0.00844,0.00845,862571.0
2023-11-03 12:00:00,0.00845,0.00845,0.00838,0.00839,1167388.0
2023-11-03 12:15:00,0.00839,0.00843,0.00839,0.00842,514822.0
2023-11-03 12:30:00,0.00843,0.00849,0.0084,0.00842,4285999.0
2023-11-03 12:45:00,0.00843,0.0085,0.00843,0.00845,4137608.0
2023-11-03 13:00:00,0.00845,0.0085,0.0084,0.00841,6631149.0
2023-11-03 13:15:00,0.00842,0.00843,0.0084,0.00841,3411357.0
2023-11-03 13:30:00,0.00841,0.00844,0.0084,0.0084,1046160.0
2023-11-03 13:45:00,0.00841,0.0085,0.00841,0.00849,3694925.0
2023-11-03 14:00:00,0.0085,0.00851,0.00847,0.00849,1853736.0
2023-11-03 14:15:00,0.00849,0.00855,0.00847,0.00855,1703229.0
2023-11-03 14:30:00,0.00854,0.00855,0.0085,0.00853,1618003.0
2023-11-03 14:45:00,0.00853,0.00853,0.00849,0.00851,1747671.0
2023-11-03 15:00:00,0.00851,0.00852,0.00847,0.0085,1523135.0
2023-11-03 15:15:00,0.00849,0.00853,0.00849,0.00852,208513.0
2023-11-03 15:30:00,0.00852,0.00855,0.0085,0.00853,3108413.0
2023-11-03 15:45:00,0.00853,0.00859,0.00851,0.00859,3083595.0
2023-11-03 16:00:00,0.00859,0.0086,0.00854,0.00857,6647311.0
2023-11-03 16:15:00,0.00857,0.00858,0.00852,0.00855,4281162.0
2023-11-03 16:30:00,0.00855,0.00869,0.00855,0.00867,12926551.0
2023-11-03 16:45:00,0.00866,0.00887,0.00866,0.00882,25994042.0
2023-11-03 17:00:00,0.00881,0.00891,0.00875,0.00876,16748467.0
2023-11-03 17:15:00,0.00876,0.00884,0.00873,0.00882,12604201.0
2023-11-03 17:30:00,0.00882,0.00888,0.00878,0.00885,6089514.0
2023-11-03 17:45:00,0.00885,0.00898,0.00882,0.00898,12399758.0
2023-11-03 18:00:00,0.00898,0.00912,0.00884,0.00888,38519342.0
2023-11-03 18:15:00,0.00888,0.00898,0.00884,0.00897,6278052.0
2023-11-03 18:30:00,0.00897,0.00907,0.00895,0.00896,12754483.0
2023-11-03 18:45:00,0.00896,0.00902,0.00896,0.00899,1562043.0
2023-11-03 19:00:00,0.00899,0.00907,0.00894,0.00895,9143452.0
2023-11-03 19:15:00,0.00895,0.00897,0.0089,0.00892,4627783.0
2023-11-03 19:30:00,0.00891,0.00894,0.00886,0.00889,5505124.0
2023-11-03 19:45:00,0.0089,0.00891,0.00886,0.0089,1770614.0
2023-11-03 20:00:00,0.0089,0.00892,0.00884,0.00886,9833435.0
2023-11-03 20:15:00,0.00887,0.00889,0.00886,0.00886,1921205.0
2023-11-03 20:30:00,0.00886,0.00891,0.00886,0.00888,2562179.0
2023-11-03 20:45:00,0.00889,0.00891,0.00887,0.00887,1021568.0
2023-11-03 21:00:00,0.00887,0.00893,0.00887,0.00891,3089015.0
2023-11-03 21:15:00,0.00892,0.00894,0.00892,0.00892,1280759.0
2023-11-03 21:30:00,0.00893,0.00902,0.00891,0.00899,7210537.0
2023-11-03 21:45:00,0.009,0.009,0.00897,0.00898,2384583.0
2023-11-03 22:00:00,0.00898,0.00904,0.00898,0.009,6602208.0
2023-11-03 22:15:00,0.009,0.00901,0.00896,0.00898,2986764.0
2023-11-03 22:30:00,0.00898,0.00901,0.00895,0.009,4145935.0
2023-11-03 22:45:00,0.00901,0.00907,0.00901,0.00903,7220985.0
2023-11-03 23:00:00,0.00905,0.00908,0.00901,0.00905,3201703.0
2023-11-03 23:15:00,0.00905,0.00905,0.00897,0.00899,2631682.0
2023-11-03 23:30:00,0.009,0.00904,0.00898,0.00902,3311400.0
2023-11-03 23:45:00,0.00903,0.00907,0.00901,0.00905,3586898.0
2023-11-04 00:00:00,0.00904,0.00913,0.009,0.00911,9758612.0
2023-11-04 00:15:00,0.0091,0.00918,0.00909,0.00916,6785308.0
2023-11-04 00:30:00,0.00916,0.00917,0.00903,0.00907,5314383.0
2023-11-04 00:45:00,0.00908,0.00909,0.00903,0.00908,1676050.0
2023-11-04 01:00:00,0.00908,0.00909,0.00904,0.00907,2054010.0
2023-11-04 01:15:00,0.00906,0.00908,0.00903,0.00907,3722361.0
2023-11-04 01:30:00,0.00907,0.00917,0.00907,0.00916,3426616.0
2023-11-04 01:45:00,0.00916,0.00929,0.0091,0.00928,11506778.0
2023-11-04 02:00:00,0.00928,0.00972,0.00928,0.00942,41576889.0
2023-11-04 02:15:00,0.0094,0.00953,0.00934,0.00937,22120792.0
2023-11-04 02:30:00,0.00937,0.00955,0.00937,0.0095,16317137.0
2023-11-04 02:45:00,0.00949,0.00955,0.00939,0.00942,7363853.0
2023-11-04 03:00:00,0.00942,0.00949,0.0094,0.00948,5754402.0
2023-11-04 03:15:00,0.00947,0.00953,0.00942,0.00951,10226710.0
2023-11-04 03:30:00,0.0095,0.00963,0.00946,0.00949,14011453.0
2023-11-04 03:45:00,0.00948,0.00953,0.00936,0.0095,17640747.0
2023-11-04 04:00:00,0.0095,0.00962,0.00944,0.00947,9335021.0
2023-11-04 04:15:00,0.00948,0.00949,0.00921,0.00921,14205482.0
2023-11-04 04:30:00,0.00921,0.00935,0.00921,0.00928,11169965.0
2023-11-04 04:45:00,0.00928,0.00932,0.00928,0.0093,3696081.0
2023-11-04 05:00:00,0.00931,0.00931,0.00915,0.00922,16842444.0
2023-11-04 05:15:00,0.00922,0.00922,0.00912,0.0092,16836661.0
2023-11-04 05:30:00,0.0092,0.00927,0.00918,0.00927,6405855.0
2023-11-04 05:45:00,0.00927,0.00933,0.00924,0.00929,6872267.0
2023-11-04 06:00:00,0.00929,0.00934,0.00929,0.00929,4274078.0
2023-11-04 06:15:00,0.00929,0.00934,0.00927,0.00927,5162412.0
2023-11-04 06:30:00,0.00927,0.00929,0.0092,0.00924,12498884.0
2023-11-04 06:45:00,0.00924,0.00932,0.00923,0.00931,6755955.0
2023-11-04 07:00:00,0.00931,0.00939,0.0093,0.00936,4100383.0
2023-11-04 07:15:00,0.00936,0.00943,0.00935,0.00941,6473218.0
2023-11-04 07:30:00,0.00942,0.00943,0.00932,0.00938,6575954.0
2023-11-04 07:45:00,0.00938,0.00941,0.00932,0.00935,8701498.0
2023-11-04 08:00:00,0.00935,0.00937,0.0092,0.00926,9930399.0
2023-11-04 08:15:00,0.00926,0.0093,0.00923,0.00927,7299705.0
2023-11-04 08:30:00,0.00928,0.00941,0.00926,0.00939,8583406.0
2023-11-04 08:45:00,0.00939,0.00951,0.00936,0.00946,10393715.0
2023-11-04 09:00:00,0.00947,0.00947,0.00941,0.00943,4969432.0
2023-11-04 09:15:00,0.00943,0.00943,0.00933,0.00939,17455616.0
2023-11-04 09:30:00,0.00939,0.00944,0.00936,0.00938,4172997.0
2023-11-04 09:45:00,0.00938,0.00944,0.00938,0.00939,3906587.0
2023-11-04 10:00:00,0.00938,0.00953,0.00932,0.00952,19648177.0
2023-11-04 10:15:00,0.00952,0.00963,0.00944,0.00962,21341689.0
2023-11-04 10:30:00,0.00962,0.00974,0.00958,0.00964,28970861.0
2023-11-04 10:45:00,0.00965,0.00969,0.00958,0.00963,12234594.0
2023-11-04 11:00:00,0.00962,0.00978,0.00958,0.00974,28464419.0
2023-11-04 11:15:00,0.00973,0.00974,0.00963,0.00969,14688254.0
2023-11-04 11:30:00,0.0097,0.0099,0.00965,0.00988,27431179.0
2023-11-04 11:45:00,0.00988,0.00999,0.0096,0.00968,47478771.0
2023-11-04 12:00:00,0.00967,0.00971,0.00951,0.00958,21959546.0
2023-11-04 12:15:00,0.00957,0.00964,0.00954,0.00954,14825095.0
2023-11-04 12:30:00,0.00954,0.00963,0.00953,0.00963,7773553.0
2023-11-04 12:45:00,0.00962,0.00962,0.00957,0.00959,4965142.0
2023-11-04 13:00:00,0.00959,0.0096,0.00945,0.0095,10078817.0
2023-11-04 13:15:00,0.0095,0.00962,0.00948,0.00959,7584253.0
2023-11-04 13:30:00,0.00958,0.00958,0.0095,0.00951,6578277.0
2023-11-04 13:45:00,0.00951,0.00954,0.00935,0.00943,15393014.0
2023-11-04 14:00:00,0.00942,0.00945,0.00932,0.00937,9660512.0
2023-11-04 14:15:00,0.00937,0.00942,0.00931,0.00937,12051915.0
2023-11-04 14:30:00,0.00937,0.00942,0.00934,0.00936,6776001.0
2023-11-04 14:45:00,0.00937,0.00939,0.00935,0.00939,2719011.0
2023-11-04 15:00:00,0.00939,0.00943,0.00922,0.00927,13078349.0
2023-11-04 15:15:00,0.00927,0.00932,0.0092,0.00931,9127132.0
2023-11-04 15:30:00,0.00931,0.00939,0.00929,0.00938,7821344.0
2023-11-04 15:45:00,0.00938,0.00943,0.00936,0.0094,2881420.0
2023-11-04 16:00:00,0.0094,0.00956,0.00934,0.00946,16438001.0
2023-11-04 16:15:00,0.00946,0.0097,0.00946,0.00963,15769413.0
2023-11-04 16:30:00,0.00964,0.00967,0.00952,0.00959,15051296.0
2023-11-04 16:45:00,0.00959,0.00965,0.00957,0.00963,11228936.0
2023-11-04 17:00:00,0.00961,0.00966,0.00958,0.00961,2868053.0
2023-11-04 17:15:00,0.00961,0.00968,0.0096,0.00964,4146111.0
2023-11-04 17:30:00,0.00963,0.00963,0.00958,0.00962,4077451.0
2023-11-04 17:45:00,0.00962,0.00964,0.00957,0.00963,1953685.0
2023-11-04 18:00:00,0.00963,0.00969,0.00956,0.00968,6261501.0
2023-11-04 18:15:00,0.00968,0.00969,0.00958,0.00962,3457713.0
2023-11-04 18:30:00,0.00962,0.00968,0.0096,0.00963,3034441.0
2023-11-04 18:45:00,0.00964,0.0097,0.00962,0.00966,2752562.0
2023-11-04 19:00:00,0.00966,0.00971,0.00964,0.00968,2539843.0
2023-11-04 19:15:00,0.00967,0.00967,0.00964,0.00965,1375492.0
2023-11-04 19:30:00,0.00965,0.00966,0.00961,0.00962,1696425.0
2023-11-04 19:45:00,0.00962,0.00967,0.00961,0.00964,3821560.0
2023-11-04 20:00:00,0.00964,0.00968,0.00958,0.00968,1660041.0
2023-11-04 20:15:00,0.00968,0.00968,0.00962,0.00964,1056272.0
2023-11-04 20:30:00,0.00963,0.00963,0.0096,0.00961,1302081.0
2023-11-04 20:45:00,0.00961,0.00963,0.00959,0.00963,886948.0
2023-11-04 21:00:00,0.00963,0.00964,0.0096,0.00963,2958574.0
2023-11-04 21:15:00,0.00963,0.00968,0.00963,0.00968,3655196.0
2023-11-04 21:30:00,0.00967,0.00967,0.00963,0.00966,1455357.0
2023-11-04 21:45:00,0.00966,0.00971,0.00966,0.00968,1345782.0
2023-11-04 22:00:00,0.00969,0.00969,0.00965,0.00965,452044.0
2023-11-04 22:15:00,0.00965,0.00972,0.00963,0.0097,3581217.0
2023-11-04 22:30:00,0.0097,0.00971,0.00965,0.00971,861184.0
2023-11-04 22:45:00,0.0097,0.00977,0.00969,0.00973,2126402.0
2023-11-04 23:00:00,0.00974,0.00977,0.00966,0.00969,4411803.0
2023-11-04 23:15:00,0.00969,0.00971,0.00967,0.00968,1668447.0
2023-11-04 23:30:00,0.00968,0.0097,0.00962,0.00964,3195161.0
2023-11-04 23:45:00,0.00964,0.00965,0.00959,0.00964,2200353.0
2023-11-05 00:00:00,0.00964,0.00966,0.00946,0.00954,10237487.0
2023-11-05 00:15:00,0.00954,0.00956,0.00948,0.00951,7619940.0
2023-11-05 00:30:00,0.0095,0.00958,0.00949,0.00958,1068129.0
2023-11-05 00:45:00,0.00957,0.00957,0.00946,0.00954,3851274.0
2023-11-05 01:00:00,0.00953,0.00956,0.00948,0.0095,1827856.0
2023-11-05 01:15:00,0.0095,0.00951,0.00941,0.00944,5716300.0
2023-11-05 01:30:00,0.00943,0.00947,0.00941,0.00943,2457927.0
2023-11-05 01:45:00,0.00942,0.00947,0.00942,0.00947,3559285.0
2023-11-05 02:00:00,0.00947,0.00948,0.00943,0.00945,2709284.0
2023-11-05 02:15:00,0.00945,0.00951,0.00941,0.0095,3493709.0
2023-11-05 02:30:00,0.0095,0.0096,0.0095,0.00956,2832868.0
2023-11-05 02:45:00,0.00956,0.00959,0.00953,0.00954,3088506.0
2023-11-05 03:00:00,0.00955,0.00955,0.00946,0.00947,2895041.0
2023-11-05 03:15:00,0.00947,0.0095,0.00939,0.00941,5294834.0
2023-11-05 03:30:00,0.00941,0.00949,0.00939,0.00949,3103107.0
2023-11-05 03:45:00,0.00948,0.00961,0.00947,0.00958,2173704.0
2023-11-05 04:00:00,0.00957,0.00963,0.00952,0.00963,4185497.0
2023-11-05 04:15:00,0.00963,0.00967,0.00961,0.00961,3077994.0
2023-11-05 04:30:00,0.00962,0.00962,0.00949,0.00954,3758524.0
2023-11-05 04:45:00,0.00954,0.00962,0.00954,0.0096,1126006.0
2023-11-05 05:00:00,0.0096,0.00965,0.00957,0.00964,507366.0
2023-11-05 05:15:00,0.00964,0.00964,0.00959,0.0096,1899512.0
2023-11-05 05:30:00,0.0096,0.00961,0.00951,0.00955,6290821.0
2023-11-05 05:45:00,0.00954,0.00957,0.00953,0.00956,1189438.0
2023-11-05 06:00:00,0.00957,0.0096,0.00951,0.00956,5020853.0
2023-11-05 06:15:00,0.00956,0.00958,0.00954,0.00956,694731.0
2023-11-05 06:30:00,0.00956,0.00957,0.0095,0.0095,2788621.0
2023-11-05 06:45:00,0.0095,0.00954,0.00943,0.00951,5082813.0
2023-11-05 07:00:00,0.0095,0.00958,0.0095,0.00954,2216571.0
2023-11-05 07:15:00,0.00953,0.00956,0.00951,0.00955,1390471.0
2023-11-05 07:30:00,0.00955,0.00955,0.00947,0.00952,6296038.0
2023-11-05 07:45:00,0.00951,0.00951,0.00948,0.00949,3514779.0
2023-11-05 08:00:00,0.00949,0.00951,0.00949,0.00949,532885.0
2023-11-05 08:15:00,0.00949,0.00952,0.00947,0.0095,1731076.0
2023-11-05 08:30:00,0.0095,0.00952,0.00946,0.00948,3410868.0
2023-11-05 08:45:00,0.00949,0.00949,0.0093,0.00934,14163043.0
2023-11-05 09:00:00,0.00935,0.00938,0.00932,0.00934,3437682.0
2023-11-05 09:15:00,0.00934,0.0094,0.00934,0.00938,1857205.0
2023-11-05 09:30:00,0.00938,0.00943,0.00934,0.0094,2499779.0
2023-11-05 09:45:00,0.0094,0.00941,0.00937,0.00938,1281200.0
2023-11-05 10:00:00,0.00939,0.0094,0.00935,0.00936,2048983.0
2023-11-05 10:15:00,0.00937,0.0094,0.00936,0.00936,1052412.0
2023-11-05 10:30:00,0.00936,0.00937,0.00933,0.00935,3575680.0
2023-11-05 10:45:00,0.00936,0.00942,0.00936,0.00942,1080998.0
2023-11-05 11:00:00,0.00942,0.00942,0.00932,0.00934,4313179.0
2023-11-05 11:15:00,0.00934,0.00937,0.0093,0.00936,7240212.0
2023-11-05 11:30:00,0.00936,0.00939,0.00934,0.00937,4499402.0
2023-11-05 11:45:00,0.00937,0.0094,0.00934,0.00936,3816614.0
2023-11-05 12:00:00,0.00937,0.00942,0.00936,0.0094,2300811.0
2023-11-05 12:15:00,0.00938,0.00939,0.00931,0.00938,4198440.0
2023-11-05 12:30:00,0.00937,0.00937,0.00933,0.00935,1146065.0
2023-11-05 12:45:00,0.00935,0.00937,0.00933,0.00936,1079013.0
2023-11-05 13:00:00,0.00936,0.00938,0.00934,0.00934,2326334.0
2023-11-05 13:15:00,0.00933,0.00933,0.00919,0.0092,9083438.0
2023-11-05 13:30:00,0.0092,0.00925,0.00912,0.00919,8622008.0
2023-11-05 13:45:00,0.00919,0.00926,0.00898,0.00903,16971492.0
2023-11-05 14:00:00,0.00902,0.00912,0.00894,0.00907,11004162.0
2023-11-05 14:15:00,0.00907,0.0091,0.00901,0.00907,5830504.0
2023-11-05 14:30:00,0.00908,0.00911,0.009,0.00908,4548863.0
2023-11-05 14:45:00,0.00907,0.00912,0.00904,0.00908,2873887.0
2023-11-05 15:00:00,0.00908,0.00915,0.00905,0.00906,6796113.0
2023-11-05 15:15:00,0.00906,0.00912,0.00902,0.00909,2881220.0
2023-11-05 15:30:00,0.00911,0.00911,0.00904,0.0091,4743618.0
2023-11-05 15:45:00,0.00909,0.00916,0.00906,0.00915,4218903.0
2023-11-05 16:00:00,0.00915,0.00917,0.00911,0.00914,1697792.0
2023-11-05 16:15:00,0.00914,0.00915,0.00912,0.00915,2215680.0
2023-11-05 16:30:00,0.00914,0.00918,0.00914,0.00916,6079669.0
2023-11-05 16:45:00,0.00916,0.00917,0.00912,0.00914,2458188.0
2023-11-05 17:00:00,0.00914,0.0092,0.0091,0.00917,5401605.0
2023-11-05 17:15:00,0.00917,0.00917,0.00909,0.00913,4379950.0
2023-11-05 17:30:00,0.00913,0.00914,0.00908,0.00913,1953396.0
2023-11-05 17:45:00,0.00913,0.00918,0.00912,0.00914,2276069.0
2023-11-05 18:00:00,0.00913,0.00919,0.00911,0.00918,1874152.0
2023-11-05 18:15:00,0.00917,0.00917,0.00897,0.00904,14303869.0
2023-11-05 18:30:00,0.00904,0.0091,0.00904,0.00907,2972696.0
2023-11-05 18:45:00,0.00907,0.0091,0.00906,0.00907,3239478.0
2023-11-05 19:00:00,0.00907,0.00909,0.00906,0.00909,1811803.0
2023-11-05 19:15:00,0.0091,0.0091,0.00905,0.00908,2398335.0
2023-11-05 19:30:00,0.00908,0.00908,0.00902,0.00906,1381608.0
2023-11-05 19:45:00,0.00907,0.0091,0.00906,0.00907,1407972.0
2023-11-05 20:00:00,0.00906,0.00912,0.00906,0.00911,1493500.0
2023-11-05 20:15:00,0.00912,0.00915,0.0091,0.00915,3224428.0
2023-11-05 20:30:00,0.00915,0.00915,0.0091,0.00912,4487676.0
2023-11-05 20:45:00,0.00911,0.00912,0.00906,0.0091,1877365.0
2023-11-05 21:00:00,0.0091,0.0091,0.00903,0.00905,1947504.0
2023-11-05 21:15:00,0.00905,0.00907,0.00901,0.00902,3554579.0
2023-11-05 21:30:00,0.00903,0.00908,0.00902,0.00908,3479474.0
2023-11-05 21:45:00,0.00908,0.00908,0.00891,0.00904,8671744.0
2023-11-05 22:00:00,0.00903,0.00907,0.00902,0.00904,1272525.0
2023-11-05 22:15:00,0.00905,0.00912,0.00905,0.00911,3385790.0
2023-11-05 22:30:00,0.00912,0.00914,0.00909,0.00909,1722629.0
2023-11-05 22:45:00,0.00909,0.00916,0.00909,0.00916,947043.0
2023-11-05 23:00:00,0.00916,0.00922,0.00916,0.00919,3824687.0
2023-11-05 23:15:00,0.0092,0.00922,0.00918,0.00918,2535833.0
2023-11-05 23:30:00,0.0092,0.00921,0.00917,0.00917,1688836.0
2023-11-05 23:45:00,0.00917,0.00918,0.00915,0.00915,904397.0
2023-11-06 00:00:00,0.00915,0.00918,0.00902,0.00902,7414914.0
2023-11-06 00:15:00,0.00903,0.00911,0.00903,0.00909,2469931.0
2023-11-06 00:30:00,0.00909,0.00913,0.00907,0.00911,4334463.0
2023-11-06 00:45:00,0.00911,0.00918,0.00911,0.00918,1809699.0
2023-11-06 01:00:00,0.00919,0.00925,0.00918,0.00923,2587374.0
2023-11-06 01:15:00,0.00924,0.00925,0.0092,0.00925,2463958.0
2023-11-06 01:30:00,0.00925,0.00926,0.00913,0.00916,4288471.0
2023-11-06 01:45:00,0.00915,0.00916,0.00908,0.00911,1850588.0
2023-11-06 02:00:00,0.00911,0.00919,0.00911,0.00915,1690689.0
2023-11-06 02:15:00,0.00915,0.00923,0.00913,0.00921,1980737.0
2023-11-06 02:30:00,0.0092,0.00923,0.00917,0.00922,1881414.0
2023-11-06 02:45:00,0.00921,0.00925,0.00919,0.0092,17800141.0
2023-11-06 03:00:00,0.0092,0.0092,0.00914,0.00917,5859224.0
2023-11-06 03:15:00,0.00916,0.00917,0.00911,0.00915,3487671.0
2023-11-06 03:30:00,0.00916,0.00921,0.00916,0.00916,1403876.0
2023-11-06 03:45:00,0.00917,0.0092,0.00917,0.0092,1384638.0
2023-11-06 04:00:00,0.0092,0.00921,0.00912,0.00912,3242657.0
2023-11-06 04:15:00,0.00912,0.00915,0.00906,0.00908,4070713.0
2023-11-06 04:30:00,0.00908,0.00912,0.00903,0.00903,4496033.0
2023-11-06 04:45:00,0.00903,0.00907,0.00899,0.00904,6339732.0
2023-11-06 05:00:00,0.00904,0.00911,0.00904,0.0091,1615925.0
2023-11-06 05:15:00,0.00909,0.00909,0.00894,0.00897,7571098.0
2023-11-06 05:30:00,0.00897,0.00903,0.00895,0.00902,3074618.0
2023-11-06 05:45:00,0.00902,0.00905,0.00902,0.00904,1272540.0
2023-11-06 06:00:00,0.00905,0.00906,0.00899,0.00902,2898634.0
2023-11-06 06:15:00,0.00902,0.00905,0.009,0.00905,936797.0
2023-11-06 06:30:00,0.00905,0.00908,0.00903,0.00908,793198.0
2023-11-06 06:45:00,0.00908,0.0091,0.00904,0.00905,2323881.0
2023-11-06 07:00:00,0.00906,0.00908,0.00905,0.00906,2539329.0
2023-11-06 07:15:00,0.00906,0.00907,0.009,0.00902,1615102.0
2023-11-06 07:30:00,0.00902,0.00906,0.00901,0.00906,927240.0
2023-11-06 07:45:00,0.00907,0.0091,0.00905,0.00908,2026330.0
2023-11-06 08:00:00,0.00907,0.00907,0.00901,0.00902,1390009.0
2023-11-06 08:15:00,0.00902,0.00903,0.00898,0.00901,2358962.0
2023-11-06 08:30:00,0.00901,0.00905,0.00899,0.00905,1208238.0
2023-11-06 08:45:00,0.00904,0.00911,0.00903,0.00911,3235975.0
2023-11-06 09:00:00,0.0091,0.00915,0.00908,0.00915,4791616.0
2023-11-06 09:15:00,0.00915,0.00915,0.00909,0.00912,5612918.0
2023-11-06 09:30:00,0.00913,0.00916,0.00912,0.00916,1794375.0
2023-11-06 09:45:00,0.00915,0.00917,0.00912,0.00916,2903720.0
2023-11-06 10:00:00,0.00915,0.00917,0.0091,0.00917,5534113.0
2023-11-06 10:15:00,0.00916,0.00919,0.00915,0.00918,2671308.0
2023-11-06 10:30:00,0.00918,0.00922,0.00917,0.00919,3422633.0
2023-11-06 10:45:00,0.00919,0.00923,0.00916,0.0092,1355074.0
2023-11-06 11:00:00,0.00919,0.00921,0.00915,0.00917,1883332.0
2023-11-06 11:15:00,0.00918,0.00919,0.00916,0.00919,899109.0
2023-11-06 11:30:00,0.00919,0.00921,0.00918,0.00919,1440028.0
2023-11-06 11:45:00,0.00919,0.00923,0.00917,0.00923,1480406.0
2023-11-06 12:00:00,0.00923,0.00923,0.00915,0.00916,5220517.0
2023-11-06 12:15:00,0.00916,0.00944,0.00914,0.00936,36935632.0
2023-11-06 12:30:00,0.00936,0.00953,0.00936,0.00947,22858495.0
2023-11-06 12:45:00,0.00947,0.00961,0.00946,0.00954,22668752.0
2023-11-06 13:00:00,0.00954,0.00986,0.00954,0.00966,57448133.0
2023-11-06 13:15:00,0.00967,0.0097,0.00939,0.00947,62037148.0
2023-11-06 13:30:00,0.00948,0.00951,0.00941,0.00947,9334654.0
2023-11-06 13:45:00,0.00947,0.00949,0.00936,0.00947,5228269.0
2023-11-06 14:00:00,0.00947,0.00951,0.00944,0.00946,11169006.0
2023-11-06 14:15:00,0.00947,0.00954,0.00945,0.00952,5116544.0
2023-11-06 14:30:00,0.00951,0.00951,0.00932,0.00943,13739005.0
2023-11-06 14:45:00,0.00943,0.00947,0.0094,0.00941,5769587.0
2023-11-06 15:00:00,0.00942,0.00944,0.00932,0.00934,16945911.0
2023-11-06 15:15:00,0.00934,0.00939,0.00932,0.00937,3963507.0
2023-11-06 15:30:00,0.00936,0.00938,0.0093,0.00935,5297023.0
2023-11-06 15:45:00,0.00935,0.00938,0.00929,0.00938,5192712.0
2023-11-06 16:00:00,0.00939,0.00945,0.00934,0.00936,4050912.0
2023-11-06 16:15:00,0.00936,0.0094,0.00934,0.00938,2043616.0
2023-11-06 16:30:00,0.00938,0.00942,0.00938,0.0094,1495967.0
2023-11-06 16:45:00,0.00941,0.00953,0.00939,0.00948,10458506.0
2023-11-06 17:00:00,0.00947,0.00959,0.00946,0.00958,12173279.0
2023-11-06 17:15:00,0.00958,0.00961,0.00949,0.00951,5696827.0
2023-11-06 17:30:00,0.00952,0.00953,0.00945,0.00947,1078860.0
2023-11-06 17:45:00,0.00947,0.00949,0.00938,0.00949,11085933.0
2023-11-06 18:00:00,0.00949,0.0095,0.00939,0.00944,4971170.0
2023-11-06 18:15:00,0.00943,0.00945,0.0094,0.00941,6490595.0
2023-11-06 18:30:00,0.00941,0.00943,0.00938,0.00943,1124625.0
2023-11-06 18:45:00,0.00943,0.00948,0.00942,0.00947,741488.0
2023-11-06 19:00:00,0.00947,0.00947,0.00944,0.00945,1430555.0
2023-11-06 19:15:00,0.00945,0.0095,0.00944,0.00949,797591.0
2023-11-06 19:30:00,0.00949,0.00954,0.00948,0.00953,713456.0
2023-11-06 19:45:00,0.00954,0.00954,0.00951,0.00953,490351.0
2023-11-06 20:00:00,0.00953,0.00955,0.00945,0.00945,1667295.0
2023-11-06 20:15:00,0.00946,0.00949,0.00941,0.00941,1621796.0
2023-11-06 20:30:00,0.00942,0.00945,0.00941,0.00941,933598.0
2023-11-06 20:45:00,0.00942,0.00959,0.00942,0.00958,2052128.0
2023-11-06 21:00:00,0.00958,0.00961,0.00954,0.00957,6145223.0
2023-11-06 21:15:00,0.00957,0.00957,0.00947,0.00956,4059846.0
2023-11-06 21:30:00,0.00956,0.00961,0.00952,0.00953,3951967.0
2023-11-06 21:45:00,0.00954,0.00959,0.00954,0.00957,1088859.0
2023-11-06 22:00:00,0.00958,0.00959,0.00955,0.00957,1234266.0
2023-11-06 22:15:00,0.00957,0.0096,0.00957,0.00959,583959.0
2023-11-06 22:30:00,0.00958,0.00964,0.00958,0.00963,2364646.0
2023-11-06 22:45:00,0.00962,0.00965,0.00962,0.00965,1864504.0
2023-11-06 23:00:00,0.00964,0.00964,0.00958,0.00962,1921693.0
2023-11-06 23:15:00,0.00961,0.00961,0.00956,0.00957,1545690.0
2023-11-06 23:30:00,0.00958,0.00962,0.00956,0.00956,2967721.0
2023-11-06 23:45:00,0.00957,0.00961,0.00953,0.0096,971573.0
2023-11-07 00:00:00,0.00961,0.00961,0.0095,0.00955,3949571.0
2023-11-07 00:15:00,0.00954,0.00956,0.0095,0.0095,2359426.0
2023-11-07 00:30:00,0.00951,0.00952,0.00936,0.00942,9589551.0
2023-11-07 00:45:00,0.00941,0.00949,0.00941,0.00948,1282668.0
2023-11-07 01:00:00,0.00949,0.00962,0.00947,0.00962,3430076.0
2023-11-07 01:15:00,0.0096,0.00966,0.00956,0.00958,8636181.0
2023-11-07 01:30:00,0.00957,0.00965,0.00956,0.00959,3323464.0
2023-11-07 01:45:00,0.00961,0.00966,0.00959,0.00961,2969162.0
2023-11-07 02:00:00,0.00961,0.00968,0.0096,0.00968,2636319.0
2023-11-07 02:15:00,0.00968,0.0097,0.00957,0.00964,3264799.0
2023-11-07 02:30:00,0.00964,0.00966,0.00954,0.00956,3561216.0
2023-11-07 02:45:00,0.00956,0.00959,0.00939,0.00943,3168843.0
2023-11-07 03:00:00,0.00943,0.00964,0.00941,0.00964,11688684.0
2023-11-07 03:15:00,0.00964,0.00972,0.00963,0.00969,5213432.0
2023-11-07 03:30:00,0.0097,0.00975,0.00964,0.00965,8133390.0
2023-11-07 03:45:00,0.00964,0.00971,0.00962,0.0097,3200755.0
2023-11-07 04:00:00,0.0097,0.00971,0.00962,0.00964,4072058.0
2023-11-07 04:15:00,0.00964,0.00969,0.00961,0.00962,2495913.0
2023-11-07 04:30:00,0.00962,0.00964,0.00952,0.00952,3599578.0
2023-11-07 04:45:00,0.00952,0.00958,0.00952,0.00957,1622882.0
2023-11-07 05:00:00,0.00958,0.00959,0.00949,0.0095,4491142.0
2023-11-07 05:15:00,0.00952,0.00952,0.00946,0.00948,1825213.0
2023-11-07 05:30:00,0.00947,0.00955,0.00947,0.00953,1610512.0
2023-11-07 05:45:00,0.00953,0.00957,0.00952,0.00956,738592.0
2023-11-07 06:00:00,0.00957,0.00957,0.00952,0.00953,1039787.0
2023-11-07 06:15:00,0.00954,0.00959,0.00954,0.00956,2053109.0
2023-11-07 06:30:00,0.00956,0.00969,0.00955,0.00969,3119782.0
2023-11-07 06:45:00,0.00968,0.00968,0.00962,0.00962,2408972.0
2023-11-07 07:00:00,0.00963,0.00969,0.00962,0.00963,3921160.0
2023-11-07 07:15:00,0.00961,0.00966,0.00961,0.00961,1947649.0
2023-11-07 07:30:00,0.00962,0.00968,0.00957,0.00967,2166007.0
2023-11-07 07:45:00,0.00968,0.00968,0.00963,0.00965,4277543.0
2023-11-07 08:00:00,0.00964,0.00966,0.00959,0.00966,4868242.0
2023-11-07 08:15:00,0.00965,0.00966,0.00958,0.00959,2979945.0
2023-11-07 08:30:00,0.00959,0.00963,0.00952,0.00954,4316473.0
2023-11-07 08:45:00,0.00954,0.00957,0.00952,0.00953,3541276.0
2023-11-07 09:00:00,0.00954,0.00955,0.00946,0.00947,8167638.0
2023-11-07 09:15:00,0.00946,0.00956,0.00945,0.00948,5727760.0
2023-11-07 09:30:00,0.00947,0.00947,0.0093,0.00936,16076748.0
2023-11-07 09:45:00,0.00937,0.00946,0.00937,0.00939,3679023.0
2023-11-07 10:00:00,0.00939,0.00939,0.00928,0.00932,17026612.0
2023-11-07 10:15:00,0.00932,0.00939,0.00931,0.00938,8878508.0
2023-11-07 10:30:00,0.00939,0.00941,0.00936,0.00937,4505015.0
2023-11-07 10:45:00,0.00938,0.00939,0.00929,0.00932,5117529.0
2023-11-07 11:00:00,0.00932,0.00938,0.00932,0.00937,1798481.0
2023-11-07 11:15:00,0.00937,0.00941,0.00936,0.00941,2556286.0
2023-11-07 11:30:00,0.0094,0.00942,0.00938,0.0094,2643380.0
2023-11-07 11:45:00,0.00941,0.00943,0.00936,0.00937,1231992.0
2023-11-07 12:00:00,0.00937,0.00939,0.00921,0.00928,9390037.0
2023-11-07 12:15:00,0.00928,0.00936,0.00927,0.00929,8820149.0
2023-11-07 12:30:00,0.00929,0.00936,0.00926,0.00934,4505715.0
2023-11-07 12:45:00,0.00933,0.00937,0.0093,0.00934,4562263.0
2023-11-07 13:00:00,0.00934,0.00935,0.00928,0.0093,2407520.0
2023-11-07 13:15:00,0.0093,0.00933,0.00922,0.00925,4805776.0
2023-11-07 13:30:00,0.00925,0.00926,0.00916,0.00919,8526093.0
2023-11-07 13:45:00,0.0092,0.00926,0.00919,0.00925,1920532.0
2023-11-07 14:00:00,0.00925,0.00927,0.00922,0.00924,2680347.0
2023-11-07 14:15:00,0.00925,0.0093,0.00923,0.00928,4239447.0
2023-11-07 14:30:00,0.00928,0.00929,0.00915,0.00921,6580021.0
2023-11-07 14:45:00,0.0092,0.00923,0.00918,0.00921,1217359.0
2023-11-07 15:00:00,0.00921,0.00923,0.00917,0.0092,3304414.0
2023-11-07 15:15:00,0.00921,0.00921,0.00904,0.00906,17600049.0
2023-11-07 15:30:00,0.00906,0.00906,0.00887,0.00895,21736797.0
2023-11-07 15:45:00,0.00894,0.00905,0.00891,0.00903,9770010.0
2023-11-07 16:00:00,0.00903,0.00907,0.009,0.00903,4935625.0
2023-11-07 16:15:00,0.00904,0.00907,0.00903,0.00907,2644541.0
2023-11-07 16:30:00,0.00906,0.00909,0.00906,0.00906,5256714.0
2023-11-07 16:45:00,0.00906,0.00906,0.00898,0.00898,3000887.0
2023-11-07 17:00:00,0.00897,0.00897,0.00884,0.00892,16241185.0
2023-11-07 17:15:00,0.00892,0.00897,0.00891,0.00893,5231165.0
2023-11-07 17:30:00,0.00893,0.00899,0.00892,0.00898,1498379.0
2023-11-07 17:45:00,0.00898,0.00909,0.00898,0.00908,3659046.0
2023-11-07 18:00:00,0.00908,0.00923,0.00908,0.00922,9331705.0
2023-11-07 18:15:00,0.00922,0.00925,0.00916,0.0092,9284650.0
2023-11-07 18:30:00,0.00921,0.00922,0.00917,0.00918,2856564.0
2023-11-07 18:45:00,0.00919,0.00925,0.00919,0.0092,2428838.0
2023-11-07 19:00:00,0.00921,0.00925,0.00918,0.00922,1592017.0
2023-11-07 19:15:00,0.00923,0.00924,0.0091,0.00914,4655867.0
2023-11-07 19:30:00,0.00914,0.00919,0.00913,0.00916,2181376.0
2023-11-07 19:45:00,0.00916,0.00918,0.0091,0.00917,1228785.0
2023-11-07 20:00:00,0.00917,0.00925,0.00916,0.00918,8321531.0
2023-11-07 20:15:00,0.00918,0.0092,0.00917,0.00918,1195170.0
2023-11-07 20:30:00,0.00919,0.00928,0.00919,0.00926,3676906.0
2023-11-07 20:45:00,0.00927,0.00933,0.00926,0.00928,10779442.0
2023-11-07 21:00:00,0.00928,0.00931,0.00923,0.00923,3989730.0
2023-11-07 21:15:00,0.00923,0.00926,0.00921,0.00924,866646.0
2023-11-07 21:30:00,0.00923,0.00925,0.00922,0.00924,355588.0
2023-11-07 21:45:00,0.00924,0.00927,0.00921,0.00927,1468743.0
2023-11-07 22:00:00,0.00927,0.00928,0.0092,0.00922,2239158.0
2023-11-07 22:15:00,0.00921,0.00922,0.00915,0.0092,1886871.0
2023-11-07 22:30:00,0.0092,0.00921,0.00911,0.00916,2300378.0
2023-11-07 22:45:00,0.00917,0.00922,0.00917,0.00918,2030371.0
2023-11-07 23:00:00,0.00918,0.00923,0.00916,0.00921,1016680.0
2023-11-07 23:15:00,0.00921,0.00921,0.00917,0.00919,1375080.0
2023-11-07 23:30:00,0.00919,0.00921,0.00917,0.00921,974390.0
2023-11-07 23:45:00,0.0092,0.0092,0.00915,0.00918,792048.0
2023-11-08 00:00:00,0.00917,0.00917,0.00911,0.00914,2171588.0
2023-11-08 00:15:00,0.00914,0.00914,0.00908,0.00909,2542375.0
2023-11-08 00:30:00,0.00909,0.00911,0.00904,0.0091,1914281.0
2023-11-08 00:45:00,0.00911,0.00913,0.0091,0.00913,948937.0
2023-11-08 01:00:00,0.00914,0.00918,0.00912,0.00916,2764800.0
2023-11-08 01:15:00,0.00915,0.00919,0.00913,0.00919,1599732.0
2023-11-08 01:30:00,0.0092,0.00926,0.00918,0.00921,8292608.0
2023-11-08 01:45:00,0.00922,0.00924,0.00921,0.00922,1259164.0
2023-11-08 02:00:00,0.00922,0.00923,0.00918,0.00921,5894645.0
2023-11-08 02:15:00,0.00921,0.00924,0.00919,0.00922,1383741.0
2023-11-08 02:30:00,0.00922,0.00923,0.00919,0.00923,2733676.0
2023-11-08 02:45:00,0.00922,0.00926,0.00922,0.00923,2738627.0
2023-11-08 03:00:00,0.00924,0.00926,0.00921,0.00924,1731640.0
2023-11-08 03:15:00,0.00924,0.00931,0.00923,0.00926,2784972.0
2023-11-08 03:30:00,0.00924,0.00927,0.00923,0.00925,805174.0
2023-11-08 03:45:00,0.00924,0.00925,0.00921,0.00925,645199.0
2023-11-08 04:00:00,0.00924,0.00928,0.00923,0.00925,2908343.0
2023-11-08 04:15:00,0.00924,0.00924,0.0092,0.0092,1258165.0
2023-11-08 04:30:00,0.0092,0.00928,0.0092,0.00928,1890336.0
2023-11-08 04:45:00,0.00928,0.00929,0.00923,0.00927,2011618.0
2023-11-08 05:00:00,0.00927,0.00927,0.0092,0.00924,1403570.0
2023-11-08 05:15:00,0.00923,0.00923,0.0092,0.00923,1064390.0
2023-11-08 05:30:00,0.00924,0.00924,0.0092,0.00922,1218172.0
2023-11-08 05:45:00,0.00924,0.00924,0.00919,0.00924,1039675.0
2023-11-08 06:00:00,0.00924,0.00924,0.00919,0.0092,1090647.0
2023-11-08 06:15:00,0.00921,0.00924,0.00917,0.00924,1408713.0
2023-11-08 06:30:00,0.00925,0.00932,0.00925,0.00931,1375540.0
2023-11-08 06:45:00,0.00932,0.00934,0.00931,0.00931,1374425.0
2023-11-08 07:00:00,0.00932,0.00934,0.0093,0.00934,1558733.0
2023-11-08 07:15:00,0.00934,0.00938,0.00931,0.00938,2014009.0
2023-11-08 07:30:00,0.00939,0.00943,0.00935,0.00943,2478309.0
2023-11-08 07:45:00,0.00942,0.00944,0.00934,0.00936,3548452.0
2023-11-08 08:00:00,0.00935,0.00937,0.00931,0.00934,3425844.0
2023-11-08 08:15:00,0.00934,0.00934,0.00929,0.00932,805523.0
2023-11-08 08:30:00,0.00931,0.00937,0.00931,0.00936,676055.0
2023-11-08 08:45:00,0.00936,0.00938,0.00934,0.00934,641716.0
2023-11-08 09:00:00,0.00935,0.0094,0.00934,0.00938,1599615.0
2023-11-08 09:15:00,0.00938,0.00938,0.00933,0.00935,4960495.0
2023-11-08 09:30:00,0.00935,0.00945,0.00935,0.00942,9864637.0
2023-11-08 09:45:00,0.00942,0.00944,0.00937,0.00939,4372521.0
2023-11-08 10:00:00,0.00939,0.00944,0.00939,0.00942,3157407.0
2023-11-08 10:15:00,0.00943,0.00945,0.0094,0.0094,2882621.0
2023-11-08 10:30:00,0.00941,0.00945,0.00939,0.00943,2002876.0
2023-11-08 10:45:00,0.00942,0.00944,0.00941,0.00943,596386.0
2023-11-08 11:00:00,0.00941,0.00942,0.00935,0.00935,3746615.0
2023-11-08 11:15:00,0.00935,0.00936,0.00933,0.00934,2743109.0
2023-11-08 11:30:00,0.00934,0.00934,0.00931,0.00931,1362545.0
2023-11-08 11:45:00,0.00931,0.00935,0.00931,0.00934,2093643.0
2023-11-08 12:00:00,0.00934,0.00935,0.00931,0.00934,5510179.0
2023-11-08 12:15:00,0.00935,0.00936,0.00933,0.00935,1550127.0
2023-11-08 12:30:00,0.00934,0.00934,0.00928,0.00929,3748153.0
2023-11-08 12:45:00,0.0093,0.00932,0.00927,0.00929,1477001.0
2023-11-08 13:00:00,0.00929,0.00933,0.00929,0.00931,2153437.0
2023-11-08 13:15:00,0.0093,0.0093,0.00921,0.00924,5331591.0
2023-11-08 13:30:00,0.00924,0.00926,0.00921,0.00924,3042143.0
2023-11-08 13:45:00,0.00925,0.00931,0.00924,0.0093,3123567.0
2023-11-08 14:00:00,0.00931,0.00933,0.00929,0.00931,1402102.0
2023-11-08 14:15:00,0.0093,0.00932,0.00929,0.00929,4121415.0
2023-11-08 14:30:00,0.00929,0.00932,0.00923,0.00926,4210918.0
2023-11-08 14:45:00,0.00925,0.00926,0.00922,0.00924,3960106.0
2023-11-08 15:00:00,0.00924,0.00925,0.00916,0.00921,6055735.0
2023-11-08 15:15:00,0.0092,0.00926,0.00916,0.00921,3337065.0
2023-11-08 15:30:00,0.00921,0.00924,0.00919,0.00923,1482224.0
2023-11-08 15:45:00,0.00923,0.00927,0.00923,0.00927,2066973.0
2023-11-08 16:00:00,0.00927,0.00932,0.00927,0.00932,4716258.0
2023-11-08 16:15:00,0.00931,0.00933,0.00929,0.00933,2183173.0
2023-11-08 16:30:00,0.00933,0.0094,0.00932,0.00937,1838654.0
2023-11-08 16:45:00,0.00937,0.00943,0.00937,0.0094,7719093.0
2023-11-08 17:00:00,0.0094,0.00942,0.00938,0.00939,3613318.0
2023-11-08 17:15:00,0.00939,0.0094,0.00937,0.00937,1805632.0
2023-11-08 17:30:00,0.00936,0.00936,0.00925,0.00935,12137706.0
2023-11-08 17:45:00,0.00935,0.00941,0.00935,0.00937,2182009.0
2023-11-08 18:00:00,0.00937,0.00946,0.00936,0.00945,1670600.0
2023-11-08 18:15:00,0.00944,0.00945,0.00939,0.00939,2536353.0
2023-11-08 18:30:00,0.00939,0.00943,0.00938,0.00942,2130416.0
2023-11-08 18:45:00,0.00943,0.00946,0.00942,0.00944,1066392.0
2023-11-08 19:00:00,0.00944,0.00949,0.00943,0.00949,2950656.0
2023-11-08 19:15:00,0.00949,0.0095,0.00942,0.00942,1326229.0
2023-11-08 19:30:00,0.00942,0.00948,0.00941,0.00946,2613810.0
2023-11-08 19:45:00,0.00946,0.00949,0.00942,0.00944,1811076.0
2023-11-08 20:00:00,0.00944,0.00945,0.00941,0.00943,743918.0
2023-11-08 20:15:00,0.00941,0.00943,0.00939,0.0094,791368.0
2023-11-08 20:30:00,0.0094,0.00942,0.00936,0.0094,1193568.0
2023-11-08 20:45:00,0.00941,0.00944,0.00941,0.00942,693539.0
2023-11-08 21:00:00,0.00942,0.00946,0.00942,0.00943,1032780.0
2023-11-08 21:15:00,0.00942,0.00942,0.00932,0.00934,3896071.0
2023-11-08 21:30:00,0.00934,0.00938,0.00932,0.00936,976047.0
2023-11-08 21:45:00,0.00937,0.00941,0.00937,0.0094,178128.0
2023-11-08 22:00:00,0.0094,0.00944,0.00939,0.00941,1584107.0
2023-11-08 22:15:00,0.00941,0.00943,0.00939,0.00939,610262.0
2023-11-08 22:30:00,0.00939,0.00942,0.00939,0.00942,391627.0
2023-11-08 22:45:00,0.00942,0.00945,0.0094,0.00942,866915.0
2023-11-08 23:00:00,0.00942,0.00943,0.0094,0.0094,589936.0
2023-11-08 23:15:00,0.00941,0.00943,0.00941,0.00943,308042.0
2023-11-08 23:30:00,0.00942,0.00946,0.0094,0.00946,297283.0
2023-11-08 23:45:00,0.00946,0.00949,0.0094,0.0094,3848946.0
2023-11-09 00:00:00,0.00941,0.00943,0.00933,0.00936,2185612.0
2023-11-09 00:15:00,0.00937,0.00941,0.00935,0.0094,1343723.0
2023-11-09 00:30:00,0.0094,0.0095,0.0094,0.0095,6264814.0
2023-11-09 00:45:00,0.00949,0.0095,0.00945,0.00947,4160113.0
2023-11-09 01:00:00,0.00947,0.00948,0.00943,0.00947,1580313.0
2023-11-09 01:15:00,0.00947,0.00949,0.00945,0.00948,968159.0
2023-11-09 01:30:00,0.00948,0.00952,0.00947,0.00951,2300176.0
2023-11-09 01:45:00,0.0095,0.00953,0.00948,0.00948,4504735.0
2023-11-09 02:00:00,0.00949,0.00956,0.00946,0.00956,6131954.0
2023-11-09 02:15:00,0.00955,0.00961,0.00953,0.00957,3426154.0
2023-11-09 02:30:00,0.00957,0.00962,0.00956,0.00959,1921376.0
2023-11-09 02:45:00,0.00959,0.0096,0.00951,0.00954,3051841.0
2023-11-09 03:00:00,0.00955,0.00957,0.00945,0.00949,4876616.0
2023-11-09 03:15:00,0.00949,0.00953,0.00948,0.00952,2090255.0
2023-11-09 03:30:00,0.00953,0.00955,0.00951,0.00955,1679652.0
2023-11-09 03:45:00,0.00954,0.00955,0.0095,0.00953,2867397.0
2023-11-09 04:00:00,0.00953,0.00956,0.00953,0.00955,2759836.0
2023-11-09 04:15:00,0.00955,0.00957,0.00953,0.00956,990130.0
2023-11-09 04:30:00,0.00956,0.00956,0.00952,0.00953,3206326.0
2023-11-09 04:45:00,0.00953,0.00956,0.00952,0.00953,736194.0
2023-11-09 05:00:00,0.00952,0.00953,0.0095,0.0095,1488394.0
2023-11-09 05:15:00,0.00951,0.00951,0.00947,0.00947,2143846.0
2023-11-09 05:30:00,0.00947,0.0095,0.00943,0.0095,6405460.0
2023-11-09 05:45:00,0.0095,0.00952,0.00949,0.00951,1601811.0
2023-11-09 06:00:00,0.00951,0.00954,0.00951,0.00951,1183584.0
2023-11-09 06:15:00,0.0095,0.00957,0.0095,0.00957,2745977.0
2023-11-09 06:30:00,0.00956,0.00963,0.00955,0.00962,4486632.0
2023-11-09 06:45:00,0.00961,0.00962,0.00957,0.00959,4086207.0
2023-11-09 07:00:00,0.00958,0.00958,0.0095,0.00951,3356506.0
2023-11-09 07:15:00,0.00952,0.00957,0.00952,0.00954,4095336.0
2023-11-09 07:30:00,0.00953,0.00954,0.00939,0.00943,7674039.0
2023-11-09 07:45:00,0.00944,0.00948,0.00943,0.00946,2907240.0
2023-11-09 08:00:00,0.00946,0.00951,0.00946,0.00951,1453792.0
2023-11-09 08:15:00,0.00951,0.00952,0.00949,0.00952,1546780.0
2023-11-09 08:30:00,0.00952,0.00962,0.00952,0.00961,4242897.0
2023-11-09 08:45:00,0.0096,0.0096,0.00957,0.00958,3143443.0
2023-11-09 09:00:00,0.00957,0.00959,0.00954,0.00957,2391005.0
2023-11-09 09:15:00,0.00957,0.00961,0.00955,0.0096,2545587.0
2023-11-09 09:30:00,0.0096,0.00963,0.0096,0.00961,1950907.0
2023-11-09 09:45:00,0.00961,0.00961,0.00959,0.00959,1343575.0
2023-11-09 10:00:00,0.00959,0.0096,0.00956,0.00959,1926447.0
2023-11-09 10:15:00,0.00959,0.00961,0.00957,0.00959,1114010.0
2023-11-09 10:30:00,0.00959,0.00959,0.00955,0.00957,591123.0
2023-11-09 10:45:00,0.00958,0.00958,0.00951,0.00953,1814945.0
2023-11-09 11:00:00,0.00953,0.00955,0.00945,0.00946,3950443.0
2023-11-09 11:15:00,0.00947,0.0095,0.00943,0.00946,4674383.0
2023-11-09 11:30:00,0.00945,0.00951,0.00943,0.0095,3043604.0
2023-11-09 11:45:00,0.0095,0.0095,0.00946,0.00949,2594306.0
2023-11-09 12:00:00,0.00948,0.00953,0.00945,0.00952,3170352.0
2023-11-09 12:15:00,0.00952,0.00957,0.00952,0.00955,2155713.0
2023-11-09 12:30:00,0.00954,0.00955,0.00946,0.00949,3741310.0
2023-11-09 12:45:00,0.00948,0.00951,0.00946,0.00947,2130485.0
2023-11-09 13:00:00,0.00946,0.0095,0.00943,0.00949,2545576.0
2023-11-09 13:15:00,0.00948,0.0095,0.00945,0.00946,3688026.0
2023-11-09 13:30:00,0.00945,0.00945,0.00935,0.00942,8462835.0
2023-11-09 13:45:00,0.00942,0.00945,0.0094,0.00945,2943757.0
2023-11-09 14:00:00,0.00944,0.00951,0.00944,0.00951,6623583.0
2023-11-09 14:15:00,0.00951,0.00958,0.00947,0.00956,6124407.0
2023-11-09 14:30:00,0.00955,0.0096,0.00954,0.00958,7139291.0
2023-11-09 14:45:00,0.00959,0.00971,0.00955,0.00967,13018689.0
2023-11-09 15:00:00,0.00967,0.00973,0.00959,0.00965,19122590.0
2023-11-09 15:15:00,0.00966,0.0097,0.00935,0.00942,19813968.0
2023-11-09 15:30:00,0.00942,0.00953,0.00942,0.00946,9429742.0
2023-11-09 15:45:00,0.00946,0.00948,0.00936,0.00937,9473205.0
2023-11-09 16:00:00,0.00937,0.00945,0.00757,0.00823,65383263.0
2023-11-09 16:15:00,0.00823,0.00843,0.00818,0.00836,60215766.0
2023-11-09 16:30:00,0.00836,0.00839,0.00806,0.00835,32220810.0
2023-11-09 16:45:00,0.00835,0.00847,0.00834,0.00841,22438945.0
2023-11-09 17:00:00,0.00841,0.00851,0.00841,0.00848,18814408.0
2023-11-09 17:15:00,0.00847,0.00851,0.00833,0.00839,10619497.0
2023-11-09 17:30:00,0.00838,0.00847,0.00836,0.00847,4328373.0
2023-11-09 17:45:00,0.00846,0.0085,0.00846,0.00846,7926104.0
2023-11-09 18:00:00,0.00846,0.00847,0.00835,0.0084,7234628.0
2023-11-09 18:15:00,0.0084,0.00842,0.00836,0.00838,3670852.0
2023-11-09 18:30:00,0.00837,0.0084,0.00835,0.00839,3969551.0
2023-11-09 18:45:00,0.00839,0.00842,0.00834,0.00836,10936355.0
2023-11-09 19:00:00,0.00836,0.00837,0.00825,0.00829,7944399.0
2023-11-09 19:15:00,0.00829,0.00831,0.00824,0.00826,4842108.0
2023-11-09 19:30:00,0.00827,0.0083,0.00819,0.00821,8250056.0
2023-11-09 19:45:00,0.00822,0.00831,0.00821,0.00831,3588004.0
2023-11-09 20:00:00,0.00831,0.00835,0.00823,0.00825,16340845.0
2023-11-09 20:15:00,0.00825,0.00826,0.00814,0.0082,7713497.0
2023-11-09 20:30:00,0.0082,0.00821,0.00813,0.0082,3469631.0
2023-11-09 20:45:00,0.0082,0.00831,0.0082,0.0083,2531567.0
2023-11-09 21:00:00,0.0083,0.00831,0.0082,0.00828,17588668.0
2023-11-09 21:15:00,0.00828,0.00836,0.00824,0.00834,3330320.0
2023-11-09 21:30:00,0.00834,0.00837,0.00828,0.00828,4379190.0
2023-11-09 21:45:00,0.00828,0.0083,0.00824,0.00829,1822887.0
2023-11-09 22:00:00,0.00828,0.00835,0.00826,0.00833,3998987.0
2023-11-09 22:15:00,0.00833,0.00836,0.00828,0.0083,4664565.0
2023-11-09 22:30:00,0.0083,0.00839,0.0083,0.00838,3463104.0
2023-11-09 22:45:00,0.00838,0.0085,0.00838,0.00849,5706672.0
2023-11-09 23:00:00,0.00849,0.0085,0.00845,0.0085,3697934.0
2023-11-09 23:15:00,0.0085,0.00852,0.00845,0.00848,3386211.0
2023-11-09 23:30:00,0.00848,0.00852,0.00847,0.0085,3490757.0
2023-11-09 23:45:00,0.00851,0.00855,0.0085,0.00852,2245381.0
2023-11-10 00:00:00,0.00852,0.00857,0.00847,0.00856,4392582.0
2023-11-10 00:15:00,0.00857,0.00864,0.00856,0.00862,9311778.0
2023-11-10 00:30:00,0.00863,0.00868,0.00858,0.0086,21042083.0
2023-11-10 00:45:00,0.0086,0.00865,0.00858,0.0086,9190064.0
2023-11-10 01:00:00,0.00859,0.00859,0.00849,0.00854,10502046.0
2023-11-10 01:15:00,0.00854,0.00859,0.00853,0.00857,3554244.0
2023-11-10 01:30:00,0.00858,0.00861,0.00852,0.00853,5586876.0
2023-11-10 01:45:00,0.00853,0.00867,0.00853,0.00865,5665946.0
2023-11-10 02:00:00,0.00864,0.00869,0.00861,0.00862,9716211.0
2023-11-10 02:15:00,0.00863,0.00868,0.00862,0.00868,2872382.0
2023-11-10 02:30:00,0.00869,0.00874,0.00869,0.00872,2522366.0
2023-11-10 02:45:00,0.00872,0.00884,0.00872,0.00882,5626515.0
2023-11-10 03:00:00,0.00882,0.00883,0.00877,0.0088,6801208.0
2023-11-10 03:15:00,0.0088,0.0088,0.00866,0.00869,4182989.0
2023-11-10 03:30:00,0.00869,0.0087,0.00863,0.00863,3321018.0
2023-11-10 03:45:00,0.00864,0.00868,0.00861,0.00863,2020501.0
2023-11-10 04:00:00,0.00863,0.00868,0.00861,0.00865,3553963.0
2023-11-10 04:15:00,0.00866,0.0087,0.00861,0.00868,5109330.0
2023-11-10 04:30:00,0.00868,0.00872,0.00864,0.00865,4693323.0
2023-11-10 04:45:00,0.00864,0.00869,0.00862,0.00869,1795461.0
2023-11-10 05:00:00,0.00869,0.00869,0.00863,0.00865,2353943.0
2023-11-10 05:15:00,0.00866,0.00867,0.00863,0.00867,2816743.0
2023-11-10 05:30:00,0.00866,0.0087,0.00864,0.00868,3734098.0
2023-11-10 05:45:00,0.00869,0.00874,0.00865,0.00873,991159.0
2023-11-10 06:00:00,0.00873,0.00874,0.00869,0.00871,3181729.0
2023-11-10 06:15:00,0.00872,0.00872,0.00858,0.00863,6290192.0
2023-11-10 06:30:00,0.00862,0.00864,0.0086,0.00862,948092.0
2023-11-10 06:45:00,0.00861,0.00872,0.00861,0.00865,4225956.0
2023-11-10 07:00:00,0.00865,0.00871,0.00858,0.0086,6758445.0
2023-11-10 07:15:00,0.0086,0.00865,0.00852,0.00854,6014404.0
2023-11-10 07:30:00,0.00854,0.00863,0.00854,0.0086,5360971.0
2023-11-10 07:45:00,0.00861,0.00863,0.0086,0.0086,2652731.0
2023-11-10 08:00:00,0.00861,0.00864,0.00852,0.00852,3483741.0
2023-11-10 08:15:00,0.00852,0.00859,0.00844,0.00854,10912204.0
2023-11-10 08:30:00,0.00855,0.0086,0.00853,0.00858,5609181.0
2023-11-10 08:45:00,0.00858,0.00865,0.00857,0.00865,4044698.0
2023-11-10 09:00:00,0.00865,0.00869,0.00864,0.00865,2607760.0
2023-11-10 09:15:00,0.00866,0.00871,0.00863,0.0087,6682074.0
2023-11-10 09:30:00,0.0087,0.00875,0.00869,0.00875,4601923.0
2023-11-10 09:45:00,0.00875,0.00879,0.00873,0.00873,5339279.0
2023-11-10 10:00:00,0.00874,0.00874,0.00869,0.00872,4906561.0
2023-11-10 10:15:00,0.00872,0.00873,0.00869,0.0087,1651961.0
2023-11-10 10:30:00,0.0087,0.00875,0.00866,0.00868,5082678.0
2023-11-10 10:45:00,0.00868,0.00874,0.00866,0.00873,5416266.0
2023-11-10 11:00:00,0.00873,0.00877,0.00869,0.00877,9745114.0
2023-11-10 11:15:00,0.00876,0.00877,0.00867,0.0087,2645480.0
2023-11-10 11:30:00,0.0087,0.0088,0.00869,0.00874,5630419.0
2023-11-10 11:45:00,0.00875,0.00877,0.00872,0.00876,3446831.0
2023-11-10 12:00:00,0.00876,0.00876,0.00852,0.00861,9051588.0
2023-11-10 12:15:00,0.00862,0.00868,0.00858,0.00867,4358923.0
2023-11-10 12:30:00,0.00867,0.00869,0.00866,0.00867,1391772.0
2023-11-10 12:45:00,0.00867,0.0087,0.00867,0.0087,3329396.0
2023-11-10 13:00:00,0.00869,0.0087,0.00866,0.00867,4840770.0
2023-11-10 13:15:00,0.00868,0.00871,0.00862,0.00864,2462742.0
2023-11-10 13:30:00,0.00864,0.00866,0.0086,0.00862,2914010.0
2023-11-10 13:45:00,0.00862,0.00864,0.00847,0.0085,17386956.0
2023-11-10 14:00:00,0.0085,0.00855,0.0083,0.0084,19986807.0
2023-11-10 14:15:00,0.0084,0.00847,0.00838,0.00841,7429830.0
2023-11-10 14:30:00,0.00841,0.00847,0.00838,0.00845,5703989.0
2023-11-10 14:45:00,0.00845,0.00847,0.00838,0.0084,4137560.0
2023-11-10 15:00:00,0.0084,0.00847,0.00839,0.00847,2936027.0
2023-11-10 15:15:00,0.00847,0.00849,0.00846,0.00849,1706022.0
2023-11-10 15:30:00,0.00848,0.00854,0.00844,0.00847,6975328.0
2023-11-10 15:45:00,0.00846,0.0085,0.00841,0.00848,3428776.0
2023-11-10 16:00:00,0.00847,0.00856,0.00846,0.00854,5210982.0
2023-11-10 16:15:00,0.00854,0.0086,0.00851,0.0086,2912482.0
2023-11-10 16:30:00,0.0086,0.00863,0.00855,0.0086,3861023.0
2023-11-10 16:45:00,0.0086,0.00862,0.00853,0.00862,3915874.0
2023-11-10 17:00:00,0.00862,0.0087,0.00862,0.00868,5138581.0
2023-11-10 17:15:00,0.00869,0.00885,0.00864,0.00879,21970369.0
2023-11-10 17:30:00,0.00879,0.00888,0.00876,0.00883,20115298.0
2023-11-10 17:45:00,0.00883,0.00884,0.00881,0.00881,5553929.0
2023-11-10 18:00:00,0.00882,0.00883,0.00871,0.00875,9815959.0
2023-11-10 18:15:00,0.00875,0.00879,0.00873,0.00879,2093898.0
2023-11-10 18:30:00,0.00878,0.00879,0.00872,0.00875,3537363.0
2023-11-10 18:45:00,0.00874,0.00875,0.0087,0.00875,2251342.0
2023-11-10 19:00:00,0.00875,0.00878,0.00872,0.00875,1715027.0
2023-11-10 19:15:00,0.00875,0.00876,0.00874,0.00875,1738098.0
2023-11-10 19:30:00,0.00875,0.00876,0.00873,0.00874,3406299.0
2023-11-10 19:45:00,0.00875,0.00877,0.00874,0.00875,1667485.0
2023-11-10 20:00:00,0.00876,0.00877,0.00869,0.00871,1515941.0
2023-11-10 20:15:00,0.0087,0.00876,0.0087,0.00875,2096129.0
2023-11-10 20:30:00,0.00875,0.00879,0.00872,0.00874,2874369.0
2023-11-10 20:45:00,0.00874,0.0088,0.00874,0.0088,1937060.0
2023-11-10 21:00:00,0.00879,0.00883,0.00876,0.00883,3113886.0
2023-11-10 21:15:00,0.00883,0.00885,0.0088,0.00884,4021110.0
2023-11-10 21:30:00,0.00885,0.00888,0.00883,0.00888,2956328.0
2023-11-10 21:45:00,0.00887,0.00892,0.00887,0.0089,4820345.0
2023-11-10 22:00:00,0.0089,0.00896,0.00889,0.00896,6273204.0
2023-11-10 22:15:00,0.00895,0.00897,0.00894,0.00895,2154864.0
2023-11-10 22:30:00,0.00895,0.00897,0.00886,0.00886,3624607.0
2023-11-10 22:45:00,0.00886,0.00901,0.00886,0.00895,6671044.0
2023-11-10 23:00:00,0.00895,0.00902,0.00894,0.00895,5300979.0
2023-11-10 23:15:00,0.00894,0.00899,0.00893,0.00894,3446550.0
2023-11-10 23:30:00,0.00894,0.00895,0.00891,0.00892,1232558.0
2023-11-10 23:45:00,0.00892,0.00896,0.00889,0.00892,4335152.0
2023-11-11 00:00:00,0.00893,0.00899,0.00891,0.00899,3942120.0
2023-11-11 00:15:00,0.00899,0.00912,0.00898,0.00901,8989760.0
2023-11-11 00:30:00,0.00901,0.00902,0.0089,0.00895,10321537.0
2023-11-11 00:45:00,0.00895,0.00896,0.00887,0.00895,4756969.0
2023-11-11 01:00:00,0.00896,0.00906,0.00895,0.00901,8711272.0
2023-11-11 01:15:00,0.00901,0.00903,0.00883,0.00888,11339022.0
2023-11-11 01:30:00,0.00888,0.00898,0.00883,0.00893,12567052.0
2023-11-11 01:45:00,0.00893,0.00894,0.00876,0.00885,14802284.0
2023-11-11 02:00:00,0.00885,0.00892,0.00882,0.00886,7020068.0
2023-11-11 02:15:00,0.00886,0.00888,0.00873,0.00884,6373564.0
2023-11-11 02:30:00,0.00884,0.00894,0.00881,0.00892,4501794.0
2023-11-11 02:45:00,0.00892,0.009,0.00891,0.00899,3545384.0
2023-11-11 03:00:00,0.00899,0.00901,0.00891,0.00899,4409988.0
2023-11-11 03:15:00,0.00898,0.00901,0.0089,0.00895,4570218.0
2023-11-11 03:30:00,0.00894,0.00898,0.00885,0.00887,8479683.0
2023-11-11 03:45:00,0.00887,0.00887,0.00876,0.00878,6343103.0
2023-11-11 04:00:00,0.00878,0.0088,0.0087,0.00879,5193009.0
2023-11-11 04:15:00,0.00879,0.0088,0.0086,0.00863,12783081.0
2023-11-11 04:30:00,0.00863,0.00879,0.00858,0.00877,6012653.0
2023-11-11 04:45:00,0.00877,0.00879,0.00872,0.00875,1535703.0
2023-11-11 05:00:00,0.00875,0.00881,0.00873,0.00879,3759198.0
2023-11-11 05:15:00,0.00879,0.00885,0.00879,0.00884,3409751.0
2023-11-11 05:30:00,0.00884,0.00885,0.0088,0.0088,2702694.0
2023-11-11 05:45:00,0.0088,0.00884,0.00879,0.00881,3298801.0
2023-11-11 06:00:00,0.0088,0.00881,0.0087,0.0087,3653787.0
2023-11-11 06:15:00,0.00871,0.00875,0.00869,0.00875,1940594.0
2023-11-11 06:30:00,0.00874,0.00879,0.00873,0.00878,1829352.0
2023-11-11 06:45:00,0.00879,0.00882,0.00874,0.00875,4459483.0
2023-11-11 07:00:00,0.00875,0.00879,0.00872,0.00878,7644816.0
2023-11-11 07:15:00,0.00878,0.00882,0.00877,0.00881,5045440.0
2023-11-11 07:30:00,0.00882,0.00885,0.00878,0.00878,3776425.0
2023-11-11 07:45:00,0.00879,0.0088,0.0087,0.00874,2963486.0
2023-11-11 08:00:00,0.00874,0.00876,0.00865,0.00871,4795175.0
2023-11-11 08:15:00,0.00871,0.00874,0.00868,0.00871,4698852.0
2023-11-11 08:30:00,0.0087,0.00873,0.00865,0.00866,2882133.0
2023-11-11 08:45:00,0.00867,0.0087,0.00866,0.0087,2274313.0
2023-11-11 09:00:00,0.0087,0.00872,0.00868,0.0087,3499774.0
2023-11-11 09:15:00,0.00871,0.0088,0.00871,0.00879,2368547.0
2023-11-11 09:30:00,0.00879,0.00883,0.00879,0.0088,2967319.0
2023-11-11 09:45:00,0.00881,0.00883,0.00879,0.00883,2434588.0
2023-11-11 10:00:00,0.00883,0.00884,0.0088,0.00882,977397.0
2023-11-11 10:15:00,0.00882,0.00883,0.00879,0.00879,2963414.0
2023-11-11 10:30:00,0.00879,0.00886,0.00879,0.00885,757512.0
2023-11-11 10:45:00,0.00885,0.00888,0.00885,0.00888,3084485.0
2023-11-11 11:00:00,0.00889,0.00892,0.00884,0.00885,11316373.0
2023-11-11 11:15:00,0.00885,0.00889,0.00882,0.00883,2491502.0
2023-11-11 11:30:00,0.00883,0.00884,0.0088,0.00881,2334880.0
2023-11-11 11:45:00,0.0088,0.00881,0.00877,0.00879,3874389.0
2023-11-11 12:00:00,0.00878,0.00881,0.00872,0.00881,4590173.0
2023-11-11 12:15:00,0.00881,0.00889,0.0088,0.00889,1946799.0
2023-11-11 12:30:00,0.00888,0.00889,0.00885,0.00887,4869314.0
2023-11-11 12:45:00,0.00887,0.00894,0.00887,0.00891,3215052.0
2023-11-11 13:00:00,0.00892,0.00892,0.00887,0.00889,3377938.0
2023-11-11 13:15:00,0.00889,0.00891,0.00887,0.00888,2911535.0
2023-11-11 13:30:00,0.00888,0.00893,0.00888,0.00893,2154931.0
2023-11-11 13:45:00,0.00894,0.00894,0.0089,0.00892,1726072.0
2023-11-11 14:00:00,0.00892,0.00893,0.00888,0.00893,3844417.0
2023-11-11 14:15:00,0.00892,0.00893,0.00887,0.00893,3633423.0
2023-11-11 14:30:00,0.00893,0.00894,0.0088,0.00888,6273831.0
2023-11-11 14:45:00,0.00889,0.00891,0.00888,0.0089,2348804.0
2023-11-11 15:00:00,0.00889,0.00913,0.00888,0.00907,18443656.0
2023-11-11 15:15:00,0.00908,0.00908,0.00898,0.00899,4073677.0
2023-11-11 15:30:00,0.00899,0.009,0.00894,0.00898,4946277.0
2023-11-11 15:45:00,0.00898,0.00898,0.00883,0.00891,19094694.0
2023-11-11 16:00:00,0.00892,0.00899,0.00892,0.00897,2812837.0
2023-11-11 16:15:00,0.00898,0.00903,0.00896,0.00903,2619799.0
2023-11-11 16:30:00,0.00903,0.00903,0.00897,0.00897,1808912.0
2023-11-11 16:45:00,0.00898,0.00902,0.00891,0.00901,10334110.0
2023-11-11 17:00:00,0.00902,0.00904,0.00888,0.00894,9037912.0
2023-11-11 17:15:00,0.00894,0.00897,0.00886,0.00896,6471334.0
2023-11-11 17:30:00,0.00896,0.00896,0.0089,0.00895,3279728.0
2023-11-11 17:45:00,0.00895,0.00906,0.00894,0.00899,5461905.0
2023-11-11 18:00:00,0.00899,0.00904,0.00896,0.009,2164835.0
2023-11-11 18:15:00,0.00899,0.00899,0.00894,0.00895,3244431.0
2023-11-11 18:30:00,0.00895,0.009,0.00895,0.00899,1649530.0
2023-11-11 18:45:00,0.00898,0.00901,0.00895,0.00895,1205633.0
2023-11-11 19:00:00,0.00896,0.009,0.00894,0.00899,2767384.0
2023-11-11 19:15:00,0.00899,0.00902,0.00897,0.00902,1361947.0
2023-11-11 19:30:00,0.00903,0.00906,0.00902,0.00906,1443583.0
2023-11-11 19:45:00,0.00905,0.00909,0.00905,0.00905,1719630.0
2023-11-11 20:00:00,0.00906,0.00907,0.00898,0.009,2408076.0
2023-11-11 20:15:00,0.00901,0.00903,0.00899,0.00901,2685353.0
2023-11-11 20:30:00,0.00901,0.00902,0.00892,0.00902,3566834.0
2023-11-11 20:45:00,0.00903,0.00904,0.00896,0.00897,2596116.0
2023-11-11 21:00:00,0.00896,0.00902,0.00894,0.00898,4072576.0
2023-11-11 21:15:00,0.00898,0.00901,0.00895,0.00895,1577943.0
2023-11-11 21:30:00,0.00896,0.009,0.00889,0.00899,4558645.0
2023-11-11 21:45:00,0.009,0.00902,0.00888,0.00893,4466042.0
2023-11-11 22:00:00,0.00894,0.00897,0.00883,0.00886,7792291.0
2023-11-11 22:15:00,0.00886,0.00902,0.00886,0.00899,6184739.0
2023-11-11 22:30:00,0.00899,0.00901,0.00897,0.00901,1256710.0
2023-11-11 22:45:00,0.009,0.00903,0.00897,0.00899,2637917.0
2023-11-11 23:00:00,0.00899,0.00902,0.00896,0.00898,993373.0
2023-11-11 23:15:00,0.00899,0.00901,0.00888,0.00894,3362231.0
2023-11-11 23:30:00,0.00894,0.00894,0.00884,0.00891,2797900.0
2023-11-11 23:45:00,0.0089,0.00902,0.0089,0.00901,2179901.0
2023-11-12 00:00:00,0.00901,0.00903,0.00895,0.00896,1983294.0
2023-11-12 00:15:00,0.00897,0.00901,0.00885,0.00885,11883215.0
2023-11-12 00:30:00,0.00885,0.00885,0.00855,0.00863,27727632.0
2023-11-12 00:45:00,0.00864,0.00869,0.00851,0.00868,10899474.0
2023-11-12 01:00:00,0.00868,0.00871,0.00864,0.00866,7718224.0
2023-11-12 01:15:00,0.00866,0.00876,0.00866,0.00876,3794230.0
2023-11-12 01:30:00,0.00877,0.00886,0.00872,0.00884,3942800.0
2023-11-12 01:45:00,0.00884,0.00887,0.00877,0.00886,5128978.0
2023-11-12 02:00:00,0.00886,0.00887,0.00877,0.0088,2179371.0
2023-11-12 02:15:00,0.00879,0.00879,0.00871,0.00873,4468075.0
2023-11-12 02:30:00,0.00873,0.00877,0.0087,0.00877,1933340.0
2023-11-12 02:45:00,0.00877,0.00878,0.00872,0.00875,2374609.0
2023-11-12 03:00:00,0.00876,0.00882,0.00873,0.00882,1954443.0
2023-11-12 03:15:00,0.00882,0.00882,0.00876,0.00881,1820301.0
2023-11-12 03:30:00,0.00881,0.00888,0.00879,0.00887,2186265.0
2023-11-12 03:45:00,0.00886,0.00888,0.00885,0.00887,2022006.0
2023-11-12 04:00:00,0.00887,0.00895,0.00886,0.00893,3745062.0
2023-11-12 04:15:00,0.00893,0.00896,0.00885,0.00889,4043719.0
2023-11-12 04:30:00,0.00889,0.00889,0.0088,0.00887,1680510.0
2023-11-12 04:45:00,0.00887,0.0089,0.00884,0.0089,3984670.0
2023-11-12 05:00:00,0.00889,0.00889,0.00881,0.00885,3304316.0
2023-11-12 05:15:00,0.00886,0.00891,0.00886,0.00888,3576242.0
2023-11-12 05:30:00,0.00889,0.00891,0.00887,0.00891,1619921.0
2023-11-12 05:45:00,0.00892,0.00896,0.0089,0.00893,4617122.0
2023-11-12 06:00:00,0.00893,0.00894,0.00889,0.00893,2197026.0
2023-11-12 06:15:00,0.00892,0.00897,0.00891,0.00897,4047722.0
2023-11-12 06:30:00,0.00898,0.00903,0.00896,0.00902,1319593.0
2023-11-12 06:45:00,0.00903,0.00905,0.009,0.00903,1878006.0
2023-11-12 07:00:00,0.00904,0.00908,0.00901,0.00903,5309899.0
2023-11-12 07:15:00,0.00904,0.00911,0.00904,0.00907,4001566.0
2023-11-12 07:30:00,0.00906,0.00912,0.00902,0.0091,8356968.0
2023-11-12 07:45:00,0.00911,0.00912,0.00904,0.00904,14836137.0
2023-11-12 08:00:00,0.00905,0.00906,0.00896,0.00899,5817164.0
2023-11-12 08:15:00,0.00899,0.00904,0.00894,0.00903,4544081.0
2023-11-12 08:30:00,0.00904,0.00905,0.009,0.00903,2561243.0
2023-11-12 08:45:00,0.00904,0.00905,0.00901,0.00902,1044573.0
2023-11-12 09:00:00,0.00904,0.00905,0.00898,0.00904,5696783.0
2023-11-12 09:15:00,0.00903,0.00907,0.00902,0.00904,2336680.0
2023-11-12 09:30:00,0.00905,0.00906,0.00891,0.00894,8447975.0
2023-11-12 09:45:00,0.00894,0.00898,0.00892,0.00897,3554106.0
2023-11-12 10:00:00,0.00897,0.00899,0.00896,0.00898,3719529.0
2023-11-12 10:15:00,0.00898,0.00899,0.00892,0.00898,2993234.0
2023-11-12 10:30:00,0.00898,0.00903,0.00896,0.00897,3932149.0
2023-11-12 10:45:00,0.00898,0.00901,0.00895,0.00898,5001672.0
2023-11-12 11:00:00,0.00897,0.00901,0.00897,0.009,912805.0
2023-11-12 11:15:00,0.00899,0.00901,0.00898,0.00901,299299.0
2023-11-12 11:30:00,0.009,0.009,0.00896,0.009,1249725.0
2023-11-12 11:45:00,0.009,0.00901,0.00896,0.00896,1153544.0
2023-11-12 12:00:00,0.00896,0.00897,0.00892,0.00895,6476463.0
2023-11-12 12:15:00,0.00894,0.00895,0.00881,0.00884,8643318.0
2023-11-12 12:30:00,0.00885,0.00888,0.00884,0.00885,4353199.0
2023-11-12 12:45:00,0.00886,0.00889,0.00883,0.00887,5964510.0
2023-11-12 13:00:00,0.00887,0.00888,0.00875,0.00887,19523594.0
2023-11-12 13:15:00,0.00887,0.00894,0.00882,0.00885,9171833.0
2023-11-12 13:30:00,0.00885,0.00887,0.00882,0.00883,2502701.0
2023-11-12 13:45:00,0.00882,0.00887,0.00882,0.00886,2729146.0
2023-11-12 14:00:00,0.00886,0.00891,0.00886,0.00891,1914170.0
2023-11-12 14:15:00,0.00892,0.00895,0.0089,0.00892,2369025.0
2023-11-12 14:30:00,0.00892,0.00895,0.00891,0.00895,4190564.0
2023-11-12 14:45:00,0.00894,0.00894,0.0089,0.00893,2719460.0
2023-11-12 15:00:00,0.00894,0.00897,0.00885,0.00886,15115950.0
2023-11-12 15:15:00,0.00887,0.00891,0.00885,0.00886,12580189.0
2023-11-12 15:30:00,0.00886,0.00891,0.00886,0.00889,7053361.0
2023-11-12 15:45:00,0.0089,0.00891,0.00886,0.00887,1898080.0
2023-11-12 16:00:00,0.00887,0.0089,0.00883,0.00883,1676821.0
2023-11-12 16:15:00,0.00882,0.00887,0.00881,0.00886,2934997.0
2023-11-12 16:30:00,0.00887,0.00891,0.00885,0.00889,1884865.0
2023-11-12 16:45:00,0.0089,0.00891,0.00887,0.00889,3748798.0
2023-11-12 17:00:00,0.00889,0.00889,0.00885,0.00886,1042062.0
2023-11-12 17:15:00,0.00886,0.00888,0.00884,0.00886,2520576.0
2023-11-12 17:30:00,0.00886,0.00889,0.00882,0.00889,1747952.0
2023-11-12 17:45:00,0.00889,0.00892,0.00883,0.00887,3911814.0
2023-11-12 18:00:00,0.00886,0.00889,0.00883,0.00885,1012831.0
2023-11-12 18:15:00,0.00887,0.00887,0.00881,0.00883,1869390.0
2023-11-12 18:30:00,0.00885,0.00893,0.00885,0.00891,3822931.0
2023-11-12 18:45:00,0.00892,0.00896,0.00889,0.0089,3750215.0
2023-11-12 19:00:00,0.00891,0.00894,0.00891,0.00893,3420602.0
2023-11-12 19:15:00,0.00893,0.00898,0.00891,0.00892,3662624.0
2023-11-12 19:30:00,0.00892,0.00893,0.00887,0.00889,1981542.0
2023-11-12 19:45:00,0.00889,0.00894,0.00889,0.00893,710415.0
2023-11-12 20:00:00,0.00893,0.00898,0.00891,0.00898,635400.0
2023-11-12 20:15:00,0.00898,0.00898,0.00896,0.00896,2518254.0
2023-11-12 20:30:00,0.00896,0.00902,0.00896,0.00902,1087816.0
2023-11-12 20:45:00,0.00903,0.00905,0.00899,0.00903,1546003.0
2023-11-12 21:00:00,0.00903,0.00905,0.00899,0.00903,2311572.0
2023-11-12 21:15:00,0.00902,0.00905,0.00901,0.00905,1728714.0
2023-11-12 21:30:00,0.00904,0.00904,0.009,0.00903,1210849.0
2023-11-12 21:45:00,0.00902,0.00904,0.00901,0.00903,869700.0
2023-11-12 22:00:00,0.00903,0.00905,0.009,0.00902,1456059.0
2023-11-12 22:15:00,0.00902,0.00902,0.00896,0.00899,1491746.0
2023-11-12 22:30:00,0.00899,0.00901,0.00897,0.009,763376.0
2023-11-12 22:45:00,0.009,0.00901,0.009,0.00901,539695.0
2023-11-12 23:00:00,0.00902,0.00905,0.00895,0.00897,1489137.0
2023-11-12 23:15:00,0.00898,0.00898,0.00885,0.00892,2547468.0
2023-11-12 23:30:00,0.00892,0.00892,0.00887,0.00889,1145187.0
2023-11-12 23:45:00,0.00889,0.00898,0.00889,0.00898,2250095.0
2023-11-13 00:00:00,0.00898,0.00898,0.00888,0.00891,3165304.0
2023-11-13 00:15:00,0.00892,0.00898,0.00885,0.00889,2504425.0
2023-11-13 00:30:00,0.00888,0.00901,0.00887,0.00901,4940213.0
2023-11-13 00:45:00,0.00901,0.00912,0.00901,0.00909,10357080.0
2023-11-13 01:00:00,0.0091,0.00922,0.00909,0.0092,13284143.0
2023-11-13 01:15:00,0.00921,0.00925,0.00917,0.0092,7161362.0
2023-11-13 01:30:00,0.0092,0.0092,0.00912,0.00916,4314421.0
2023-11-13 01:45:00,0.00916,0.00919,0.00913,0.00914,1496447.0
2023-11-13 02:00:00,0.00913,0.00923,0.0091,0.00916,7629797.0
2023-11-13 02:15:00,0.00916,0.00922,0.00916,0.0092,3176205.0
2023-11-13 02:30:00,0.00919,0.00919,0.00913,0.00913,4118981.0
2023-11-13 02:45:00,0.00914,0.0092,0.00908,0.0091,5378820.0
2023-11-13 03:00:00,0.0091,0.00912,0.0089,0.00895,12344827.0
2023-11-13 03:15:00,0.00895,0.0095,0.00893,0.00947,91715730.0
2023-11-13 03:30:00,0.00947,0.00947,0.00901,0.00912,58827633.0
2023-11-13 03:45:00,0.0091,0.00928,0.009,0.00904,35233554.0
2023-11-13 04:00:00,0.00904,0.00923,0.00904,0.00909,12087323.0
2023-11-13 04:15:00,0.00909,0.00927,0.00906,0.00913,16704268.0
2023-11-13 04:30:00,0.00914,0.00919,0.00905,0.00912,9924556.0
2023-11-13 04:45:00,0.00911,0.00911,0.00894,0.00902,13688662.0
2023-11-13 05:00:00,0.00902,0.00902,0.00891,0.00892,13257466.0
2023-11-13 05:15:00,0.00892,0.00903,0.00887,0.00903,14477344.0
2023-11-13 05:30:00,0.00903,0.00909,0.00902,0.00905,7099791.0
2023-11-13 05:45:00,0.00906,0.00907,0.00896,0.00902,7382802.0
2023-11-13 06:00:00,0.00902,0.00903,0.00895,0.009,3791586.0
2023-11-13 06:15:00,0.00899,0.009,0.00886,0.00887,4991190.0
2023-11-13 06:30:00,0.00888,0.00894,0.00881,0.00893,13790841.0
2023-11-13 06:45:00,0.00893,0.00895,0.0089,0.00894,3399925.0
2023-11-13 07:00:00,0.00894,0.00898,0.00891,0.00897,3452051.0
2023-11-13 07:15:00,0.00899,0.00902,0.00897,0.00901,4647581.0
2023-11-13 07:30:00,0.00901,0.00905,0.009,0.00904,2588758.0
2023-11-13 07:45:00,0.00904,0.00905,0.00899,0.00901,5011494.0
2023-11-13 08:00:00,0.00901,0.00902,0.00895,0.009,7742300.0
2023-11-13 08:15:00,0.00899,0.00907,0.00899,0.00907,3998530.0
2023-11-13 08:30:00,0.00906,0.00915,0.00905,0.00909,5724388.0
2023-11-13 08:45:00,0.0091,0.00918,0.0091,0.00915,6962801.0
2023-11-13 09:00:00,0.00916,0.00919,0.00911,0.00913,3890457.0
2023-11-13 09:15:00,0.00913,0.00914,0.00909,0.00913,4457290.0
2023-11-13 09:30:00,0.00914,0.00921,0.00911,0.00915,5565701.0
2023-11-13 09:45:00,0.00916,0.00919,0.00915,0.00918,3289373.0
2023-11-13 10:00:00,0.00918,0.00919,0.00911,0.00911,4597943.0
2023-11-13 10:15:00,0.00911,0.00913,0.00907,0.00907,3049241.0
2023-11-13 10:30:00,0.00907,0.00912,0.00907,0.0091,2522773.0
2023-11-13 10:45:00,0.0091,0.00919,0.0091,0.00917,3594708.0
2023-11-13 11:00:00,0.00918,0.00918,0.00907,0.0091,5438184.0
2023-11-13 11:15:00,0.0091,0.00912,0.00902,0.00904,2923060.0
2023-11-13 11:30:00,0.00904,0.00906,0.00895,0.00897,9188826.0
2023-11-13 11:45:00,0.00896,0.00909,0.00893,0.00907,8194689.0
2023-11-13 12:00:00,0.00907,0.0091,0.00901,0.00906,2956543.0
2023-11-13 12:15:00,0.00906,0.00908,0.00893,0.00901,8280254.0
2023-11-13 12:30:00,0.00903,0.00915,0.00903,0.00914,5747732.0
2023-11-13 12:45:00,0.00914,0.00919,0.00913,0.00919,3428559.0
2023-11-13 13:00:00,0.00919,0.00935,0.00916,0.00923,35716673.0
2023-11-13 13:15:00,0.00924,0.00934,0.00917,0.00928,17325428.0
2023-11-13 13:30:00,0.00927,0.00937,0.00925,0.00936,15477705.0
2023-11-13 13:45:00,0.00936,0.0095,0.00933,0.00944,33318466.0
2023-11-13 14:00:00,0.00944,0.00948,0.00936,0.00942,16388771.0
2023-11-13 14:15:00,0.00942,0.00953,0.00939,0.0095,16698308.0
2023-11-13 14:30:00,0.00951,0.00958,0.00928,0.00934,39461430.0
2023-11-13 14:45:00,0.00934,0.00958,0.00921,0.00956,32904796.0
2023-11-13 15:00:00,0.00956,0.00968,0.00943,0.00955,35962015.0
2023-11-13 15:15:00,0.00955,0.00963,0.00937,0.00942,28861568.0
2023-11-13 15:30:00,0.00942,0.00948,0.00936,0.0094,13284981.0
2023-11-13 15:45:00,0.0094,0.00948,0.00937,0.00942,4864134.0
2023-11-13 16:00:00,0.00942,0.00951,0.00939,0.00949,7921728.0
2023-11-13 16:15:00,0.00948,0.00951,0.00941,0.00946,8766138.0
2023-11-13 16:30:00,0.00946,0.00946,0.00927,0.00934,13387629.0
2023-11-13 16:45:00,0.00933,0.00934,0.00924,0.00932,7848535.0
2023-11-13 17:00:00,0.00932,0.00933,0.0092,0.0092,9199855.0
2023-11-13 17:15:00,0.00921,0.00929,0.00915,0.00926,8284555.0
2023-11-13 17:30:00,0.00926,0.00926,0.00916,0.00916,3292374.0
2023-11-13 17:45:00,0.00917,0.00923,0.00915,0.00921,4089466.0
2023-11-13 18:00:00,0.00921,0.00923,0.00908,0.00915,8582051.0
2023-11-13 18:15:00,0.00915,0.00924,0.00913,0.00923,5303344.0
2023-11-13 18:30:00,0.00923,0.00929,0.00923,0.00929,2148696.0
2023-11-13 18:45:00,0.00929,0.0093,0.00923,0.00927,3375836.0
2023-11-13 19:00:00,0.00927,0.00927,0.00923,0.00925,2065972.0
2023-11-13 19:15:00,0.00925,0.0093,0.00922,0.00928,2513733.0
2023-11-13 19:30:00,0.00929,0.00936,0.00929,0.00935,3244459.0
2023-11-13 19:45:00,0.00935,0.00939,0.00931,0.00932,3093548.0
2023-11-13 20:00:00,0.00933,0.00934,0.00926,0.00927,3510953.0
2023-11-13 20:15:00,0.00927,0.00931,0.00925,0.00928,867215.0
2023-11-13 20:30:00,0.00927,0.00929,0.00922,0.00927,1443343.0
2023-11-13 20:45:00,0.00927,0.00932,0.00922,0.00924,2587276.0
2023-11-13 21:00:00,0.00924,0.00925,0.00901,0.00911,15101777.0
2023-11-13 21:15:00,0.0091,0.00915,0.00901,0.00912,7945534.0
2023-11-13 21:30:00,0.00912,0.00913,0.00888,0.00894,24367084.0
2023-11-13 21:45:00,0.00894,0.00901,0.00891,0.00894,6187709.0
2023-11-13 22:00:00,0.00895,0.00911,0.00895,0.00905,7500715.0
2023-11-13 22:15:00,0.00904,0.00909,0.009,0.00903,10576447.0
2023-11-13 22:30:00,0.00904,0.0091,0.00896,0.00897,7659667.0
2023-11-13 22:45:00,0.00899,0.00906,0.00893,0.00895,8495606.0
2023-11-13 23:00:00,0.00894,0.00905,0.00891,0.00902,4731259.0
2023-11-13 23:15:00,0.009,0.00906,0.009,0.00904,2833401.0
2023-11-13 23:30:00,0.00904,0.00906,0.00894,0.00896,2183225.0
2023-11-13 23:45:00,0.00895,0.009,0.00889,0.0089,3950339.0
2023-11-14 00:00:00,0.0089,0.00896,0.00869,0.00873,25994953.0
2023-11-14 00:15:00,0.00873,0.0088,0.00865,0.00876,16157057.0
2023-11-14 00:30:00,0.00875,0.00883,0.00871,0.00872,6811924.0
2023-11-14 00:45:00,0.00872,0.00876,0.00866,0.00869,6824008.0
2023-11-14 01:00:00,0.00869,0.00886,0.00869,0.00884,8617272.0
2023-11-14 01:15:00,0.00884,0.00888,0.00881,0.00885,2203789.0
2023-11-14 01:30:00,0.00886,0.00888,0.00884,0.00887,2060917.0
2023-11-14 01:45:00,0.00887,0.00888,0.00882,0.00882,2281146.0
2023-11-14 02:00:00,0.00882,0.00894,0.00882,0.00893,2199355.0
2023-11-14 02:15:00,0.00894,0.00895,0.00886,0.00889,1186548.0
2023-11-14 02:30:00,0.00888,0.00894,0.00887,0.00894,2370431.0
2023-11-14 02:45:00,0.00893,0.00899,0.00892,0.00897,4005262.0
2023-11-14 03:00:00,0.00896,0.00902,0.00894,0.00901,4922759.0
2023-11-14 03:15:00,0.00901,0.00904,0.00895,0.00899,9478402.0
2023-11-14 03:30:00,0.00899,0.00904,0.00898,0.00904,3990000.0
2023-11-14 03:45:00,0.00904,0.00905,0.00899,0.00899,3578202.0
2023-11-14 04:00:00,0.00899,0.00905,0.00898,0.00903,1611076.0
2023-11-14 04:15:00,0.00903,0.00908,0.00902,0.00904,2178269.0
2023-11-14 04:30:00,0.00904,0.00916,0.00903,0.00915,6124495.0
2023-11-14 04:45:00,0.00915,0.00921,0.00912,0.00918,6202951.0
2023-11-14 05:00:00,0.00918,0.0092,0.00914,0.00916,2756368.0
2023-11-14 05:15:00,0.00916,0.00918,0.00912,0.00914,2130264.0
2023-11-14 05:30:00,0.00914,0.00915,0.00909,0.00913,4893959.0
2023-11-14 05:45:00,0.00913,0.0092,0.00911,0.00918,3720308.0
2023-11-14 06:00:00,0.00918,0.0092,0.00914,0.00919,3176319.0
2023-11-14 06:15:00,0.00919,0.00923,0.00916,0.00922,4524602.0
2023-11-14 06:30:00,0.00921,0.00924,0.00918,0.00921,1654375.0
2023-11-14 06:45:00,0.00922,0.00927,0.00922,0.00927,3747122.0
2023-11-14 07:00:00,0.00927,0.00933,0.00919,0.00923,9528260.0
2023-11-14 07:15:00,0.00923,0.00926,0.00922,0.00924,2858216.0
2023-11-14 07:30:00,0.00925,0.00929,0.00924,0.00927,1287395.0
2023-11-14 07:45:00,0.00926,0.00926,0.00918,0.0092,8337938.0
2023-11-14 08:00:00,0.00919,0.0092,0.00913,0.00917,5094412.0
2023-11-14 08:15:00,0.00917,0.0092,0.00913,0.00918,5411858.0
2023-11-14 08:30:00,0.00918,0.00919,0.00913,0.00915,1715511.0
2023-11-14 08:45:00,0.00917,0.00926,0.00914,0.00923,5606758.0
2023-11-14 09:00:00,0.00923,0.00924,0.00913,0.00916,2936368.0
2023-11-14 09:15:00,0.00915,0.00916,0.00909,0.00911,2781487.0
2023-11-14 09:30:00,0.00911,0.00914,0.00905,0.00906,7358604.0
2023-11-14 09:45:00,0.00907,0.00908,0.009,0.00902,3180882.0
2023-11-14 10:00:00,0.00902,0.00903,0.00897,0.009,5213503.0
2023-11-14 10:15:00,0.00901,0.00907,0.00901,0.00905,2694836.0
2023-11-14 10:30:00,0.00905,0.00906,0.0089,0.00895,4569031.0
2023-11-14 10:45:00,0.00895,0.00898,0.00893,0.00897,2272836.0
2023-11-14 11:00:00,0.00897,0.00898,0.00883,0.00885,8613076.0
2023-11-14 11:15:00,0.00885,0.00886,0.0087,0.00871,8366728.0
2023-11-14 11:30:00,0.00872,0.0088,0.00869,0.00871,13372528.0
2023-11-14 11:45:00,0.00871,0.00882,0.00871,0.00878,8024286.0
2023-11-14 12:00:00,0.00878,0.00884,0.00877,0.00884,4678017.0
2023-11-14 12:15:00,0.00883,0.00885,0.00878,0.00882,1358374.0
2023-11-14 12:30:00,0.00881,0.00882,0.00873,0.00879,3494617.0
2023-11-14 12:45:00,0.00879,0.00885,0.00875,0.00883,5279269.0
2023-11-14 13:00:00,0.00882,0.00892,0.00881,0.0089,15246811.0
2023-11-14 13:15:00,0.00889,0.00891,0.00882,0.00886,3144796.0
2023-11-14 13:30:00,0.00886,0.00908,0.00886,0.00898,27526484.0
2023-11-14 13:45:00,0.00899,0.00903,0.00896,0.00899,6571011.0
2023-11-14 14:00:00,0.00899,0.00902,0.00896,0.00901,5993264.0
2023-11-14 14:15:00,0.00901,0.00907,0.00899,0.00901,5431873.0
2023-11-14 14:30:00,0.00901,0.00903,0.00894,0.009,6936896.0
2023-11-14 14:45:00,0.009,0.00904,0.00898,0.00899,5319075.0
2023-11-14 15:00:00,0.009,0.00902,0.00891,0.00893,5695928.0
2023-11-14 15:15:00,0.00893,0.00893,0.0088,0.00883,6315541.0
2023-11-14 15:30:00,0.00884,0.00892,0.00878,0.00891,8560667.0
2023-11-14 15:45:00,0.00891,0.00894,0.00891,0.00892,1537786.0
2023-11-14 16:00:00,0.00893,0.00899,0.00891,0.00897,3031013.0
2023-11-14 16:15:00,0.00897,0.00899,0.00895,0.00897,1120219.0
2023-11-14 16:30:00,0.00897,0.00903,0.00896,0.00901,2508306.0
2023-11-14 16:45:00,0.00902,0.00902,0.00898,0.00898,2131034.0
2023-11-14 17:00:00,0.00899,0.00901,0.00889,0.00891,5336940.0
2023-11-14 17:15:00,0.0089,0.00896,0.00885,0.00893,6483544.0
2023-11-14 17:30:00,0.00892,0.00895,0.0089,0.00891,3507864.0
2023-11-14 17:45:00,0.00891,0.00892,0.00875,0.00879,8212436.0
2023-11-14 18:00:00,0.00879,0.00885,0.00873,0.00874,15764621.0
2023-11-14 18:15:00,0.00874,0.00876,0.00866,0.00873,6273469.0
2023-11-14 18:30:00,0.00873,0.00876,0.0084,0.0085,24703970.0
2023-11-14 18:45:00,0.00851,0.00855,0.00808,0.00833,52883910.0
2023-11-14 19:00:00,0.00833,0.00847,0.00829,0.00842,17604981.0
2023-11-14 19:15:00,0.00842,0.00844,0.00834,0.00842,12276995.0
2023-11-14 19:30:00,0.00841,0.00848,0.00838,0.00846,6309175.0
2023-11-14 19:45:00,0.00846,0.00846,0.00837,0.0084,4817488.0
2023-11-14 20:00:00,0.0084,0.00848,0.00837,0.00847,4129160.0
2023-11-14 20:15:00,0.00848,0.00852,0.00844,0.00844,3881187.0
2023-11-14 20:30:00,0.00845,0.00849,0.00843,0.00844,5038796.0
2023-11-14 20:45:00,0.00844,0.00844,0.00838,0.00841,2051489.0
2023-11-14 21:00:00,0.00841,0.00848,0.0084,0.00844,5314495.0
2023-11-14 21:15:00,0.00843,0.00848,0.00842,0.00846,3654293.0
2023-11-14 21:30:00,0.00846,0.00851,0.00845,0.00849,2135858.0
2023-11-14 21:45:00,0.00849,0.00854,0.00847,0.00851,4981395.0
2023-11-14 22:00:00,0.00852,0.00855,0.00847,0.00849,7653341.0
2023-11-14 22:15:00,0.00849,0.0085,0.00845,0.00846,1507086.0
2023-11-14 22:30:00,0.00846,0.00853,0.00843,0.00852,2669147.0
2023-11-14 22:45:00,0.00852,0.00856,0.0085,0.00853,3308057.0
2023-11-14 23:00:00,0.00852,0.00854,0.00849,0.00851,2129248.0
2023-11-14 23:15:00,0.00852,0.00857,0.00851,0.00856,1886574.0
2023-11-14 23:30:00,0.00856,0.00857,0.00852,0.00855,1242419.0
2023-11-14 23:45:00,0.00854,0.00857,0.0085,0.00853,2576907.0
2023-11-15 00:00:00,0.00854,0.0086,0.00853,0.00859,3762905.0
2023-11-15 00:15:00,0.00859,0.00868,0.00859,0.00862,4977895.0
2023-11-15 00:30:00,0.00864,0.00864,0.00857,0.0086,3001969.0
2023-11-15 00:45:00,0.00861,0.00863,0.00859,0.0086,5276383.0
2023-11-15 01:00:00,0.0086,0.00864,0.0086,0.00863,3261702.0
2023-11-15 01:15:00,0.00863,0.00865,0.0086,0.00861,1518757.0
2023-11-15 01:30:00,0.0086,0.0086,0.00855,0.00855,4654869.0
2023-11-15 01:45:00,0.00856,0.00857,0.00853,0.00854,1789395.0
2023-11-15 02:00:00,0.00854,0.00858,0.00854,0.00856,1628840.0
2023-11-15 02:15:00,0.00856,0.00859,0.00852,0.00852,2492675.0
2023-11-15 02:30:00,0.00852,0.00855,0.0085,0.0085,7654243.0
2023-11-15 02:45:00,0.00851,0.00857,0.00851,0.00854,3217534.0
2023-11-15 03:00:00,0.00855,0.00857,0.00852,0.00855,4272995.0
2023-11-15 03:15:00,0.00854,0.00858,0.00852,0.00858,2036042.0
2023-11-15 03:30:00,0.00857,0.00858,0.00849,0.00851,2070988.0
2023-11-15 03:45:00,0.00852,0.00855,0.00848,0.00848,1499674.0
2023-11-15 04:00:00,0.00849,0.00853,0.00849,0.00852,1591861.0
2023-11-15 04:15:00,0.00852,0.00857,0.00852,0.00854,2120178.0
2023-11-15 04:30:00,0.00854,0.00856,0.00853,0.00855,344815.0
2023-11-15 04:45:00,0.00855,0.00861,0.00854,0.00861,3384803.0
2023-11-15 05:00:00,0.00861,0.00862,0.00858,0.00859,1607453.0
2023-11-15 05:15:00,0.00859,0.00861,0.00858,0.00859,1061143.0
2023-11-15 05:30:00,0.00859,0.00863,0.00858,0.00863,1837608.0
2023-11-15 05:45:00,0.00863,0.0087,0.00862,0.00869,5876968.0
2023-11-15 06:00:00,0.0087,0.00872,0.00864,0.00869,4133908.0
2023-11-15 06:15:00,0.0087,0.00872,0.00868,0.00869,3021891.0
2023-11-15 06:30:00,0.00868,0.00872,0.00867,0.0087,3914332.0
2023-11-15 06:45:00,0.0087,0.00875,0.00869,0.00872,6324827.0
2023-11-15 07:00:00,0.00872,0.00873,0.00869,0.00871,6119834.0
2023-11-15 07:15:00,0.00871,0.00876,0.00868,0.00876,4667784.0
2023-11-15 07:30:00,0.00876,0.00884,0.00876,0.00878,8817364.0
2023-11-15 07:45:00,0.00877,0.00881,0.00875,0.0088,4858597.0
2023-11-15 08:00:00,0.00881,0.00883,0.00879,0.0088,2234647.0
2023-11-15 08:15:00,0.00879,0.00885,0.00878,0.00885,3908094.0
2023-11-15 08:30:00,0.00885,0.00887,0.00882,0.00883,3578000.0
2023-11-15 08:45:00,0.00883,0.00887,0.00883,0.00883,2114983.0
2023-11-15 09:00:00,0.00884,0.00885,0.00873,0.00883,7488333.0
2023-11-15 09:15:00,0.00882,0.00883,0.00879,0.00883,2919057.0
2023-11-15 09:30:00,0.00884,0.00884,0.00877,0.00877,3138706.0
2023-11-15 09:45:00,0.00877,0.00879,0.00872,0.00873,3577213.0
2023-11-15 10:00:00,0.00873,0.00877,0.00873,0.00874,2293284.0
2023-11-15 10:15:00,0.00875,0.00879,0.00875,0.00878,4525258.0
2023-11-15 10:30:00,0.00878,0.0088,0.00876,0.00877,6170266.0
2023-11-15 10:45:00,0.00876,0.0088,0.00875,0.0088,2289203.0
2023-11-15 11:00:00,0.00881,0.00882,0.00878,0.0088,7320300.0
2023-11-15 11:15:00,0.0088,0.00888,0.00879,0.00887,5021134.0
2023-11-15 11:30:00,0.00887,0.0089,0.00886,0.00889,2487978.0
2023-11-15 11:45:00,0.00889,0.0089,0.00885,0.00888,4707736.0
2023-11-15 12:00:00,0.00888,0.0089,0.00883,0.00887,2413078.0
2023-11-15 12:15:00,0.00885,0.00888,0.00884,0.00887,1681458.0
2023-11-15 12:30:00,0.00887,0.00888,0.00884,0.00885,1590299.0
2023-11-15 12:45:00,0.00885,0.00886,0.00882,0.00882,2011028.0
2023-11-15 13:00:00,0.00882,0.00886,0.00876,0.0088,3451384.0
2023-11-15 13:15:00,0.0088,0.00881,0.00876,0.00878,2593894.0
2023-11-15 13:30:00,0.00877,0.0088,0.00874,0.00875,2243703.0
2023-11-15 13:45:00,0.00876,0.00879,0.00875,0.00877,3574588.0
2023-11-15 14:00:00,0.00878,0.00887,0.00877,0.00883,5426310.0
2023-11-15 14:15:00,0.00884,0.00896,0.00883,0.00895,19940046.0
2023-11-15 14:30:00,0.00895,0.00897,0.00884,0.00886,6393888.0
2023-11-15 14:45:00,0.00885,0.0089,0.00884,0.00885,1577312.0
2023-11-15 15:00:00,0.00885,0.00892,0.00884,0.00884,2458167.0
2023-11-15 15:15:00,0.00884,0.00888,0.00884,0.00886,2374353.0
2023-11-15 15:30:00,0.00886,0.0089,0.00885,0.00889,1825073.0
2023-11-15 15:45:00,0.00889,0.00892,0.00889,0.00891,1897807.0
2023-11-15 16:00:00,0.00891,0.00894,0.00886,0.00887,3009412.0
2023-11-15 16:15:00,0.00887,0.00901,0.00885,0.00901,15160063.0
2023-11-15 16:30:00,0.009,0.00903,0.00897,0.00901,3281290.0
2023-11-15 16:45:00,0.009,0.00904,0.00899,0.009,3910434.0
2023-11-15 17:00:00,0.00901,0.00902,0.00882,0.00892,8971311.0
2023-11-15 17:15:00,0.00891,0.00893,0.00888,0.00893,2625360.0
2023-11-15 17:30:00,0.00893,0.00898,0.00892,0.00893,571504.0
2023-11-15 17:45:00,0.00893,0.00896,0.00891,0.00892,2684319.0
2023-11-15 18:00:00,0.00892,0.00902,0.00888,0.00899,6670998.0
2023-11-15 18:15:00,0.009,0.00906,0.00892,0.00897,12080878.0
2023-11-15 18:30:00,0.00898,0.009,0.00891,0.009,3573978.0
2023-11-15 18:45:00,0.00899,0.00904,0.00898,0.00902,3479354.0
2023-11-15 19:00:00,0.00902,0.00907,0.009,0.00901,4374250.0
2023-11-15 19:15:00,0.00901,0.00907,0.00898,0.00907,2950908.0
2023-11-15 19:30:00,0.00907,0.00915,0.00907,0.00912,4969106.0
2023-11-15 19:45:00,0.00912,0.00918,0.00911,0.00916,4819266.0
2023-11-15 20:00:00,0.00916,0.00919,0.00913,0.00913,5009759.0
2023-11-15 20:15:00,0.00914,0.00918,0.0091,0.00917,8868375.0
2023-11-15 20:30:00,0.00918,0.00918,0.00915,0.00915,6340318.0
2023-11-15 20:45:00,0.00915,0.00917,0.00912,0.00915,14882400.0
2023-11-15 21:00:00,0.00915,0.00915,0.00907,0.00909,1911591.0
2023-11-15 21:15:00,0.00908,0.0091,0.00906,0.00909,1954628.0
2023-11-15 21:30:00,0.00909,0.0091,0.00903,0.00906,5083534.0
2023-11-15 21:45:00,0.00906,0.00909,0.00904,0.00906,1012687.0
2023-11-15 22:00:00,0.00906,0.00913,0.00904,0.00913,1569038.0
2023-11-15 22:15:00,0.00912,0.00914,0.00909,0.00914,2921745.0
2023-11-15 22:30:00,0.00914,0.00917,0.00912,0.00913,2555259.0
2023-11-15 22:45:00,0.00913,0.00914,0.0091,0.0091,1003677.0
2023-11-15 23:00:00,0.00911,0.00915,0.0091,0.00911,4381029.0
2023-11-15 23:15:00,0.00911,0.00914,0.00902,0.00908,10580748.0
2023-11-15 23:30:00,0.00908,0.00915,0.00908,0.00913,1300699.0
2023-11-15 23:45:00,0.00913,0.00916,0.00912,0.00914,2194750.0
2023-11-16 00:00:00,0.00914,0.00915,0.00907,0.0091,4235091.0
2023-11-16 00:15:00,0.0091,0.00911,0.009,0.00908,14834924.0
2023-11-16 00:30:00,0.00908,0.00912,0.00905,0.00911,5462650.0
2023-11-16 00:45:00,0.00912,0.00917,0.00912,0.00915,6260006.0
2023-11-16 01:00:00,0.00916,0.00918,0.00912,0.00912,1425039.0
2023-11-16 01:15:00,0.00912,0.00912,0.00903,0.00906,6300967.0
2023-11-16 01:30:00,0.00906,0.00913,0.00903,0.00913,6915378.0
2023-11-16 01:45:00,0.00913,0.00913,0.00908,0.00911,2802306.0
2023-11-16 02:00:00,0.0091,0.00922,0.00907,0.00921,4840292.0
2023-11-16 02:15:00,0.00922,0.00925,0.00921,0.00922,2719296.0
2023-11-16 02:30:00,0.00923,0.00925,0.00919,0.00922,2349825.0
2023-11-16 02:45:00,0.00922,0.00924,0.0092,0.00923,1682903.0
2023-11-16 03:00:00,0.00924,0.00924,0.00915,0.00921,2496635.0
2023-11-16 03:15:00,0.0092,0.0092,0.00914,0.00915,4011238.0
2023-11-16 03:30:00,0.00915,0.00919,0.00915,0.00918,532921.0
2023-11-16 03:45:00,0.00918,0.0092,0.00914,0.00919,2325541.0
2023-11-16 04:00:00,0.00919,0.00921,0.00914,0.00915,1502415.0
2023-11-16 04:15:00,0.00917,0.00919,0.00911,0.00914,1597817.0
2023-11-16 04:30:00,0.00914,0.00916,0.00913,0.00913,2139189.0
2023-11-16 04:45:00,0.00914,0.00915,0.00913,0.00915,868355.0
2023-11-16 05:00:00,0.00915,0.00919,0.00906,0.00919,11394981.0
2023-11-16 05:15:00,0.00919,0.00927,0.00919,0.00921,12317935.0
2023-11-16 05:30:00,0.00921,0.00928,0.0092,0.00925,3391965.0
2023-11-16 05:45:00,0.00924,0.00926,0.00922,0.00925,1347538.0
2023-11-16 06:00:00,0.00925,0.00929,0.00924,0.00928,7041838.0
2023-11-16 06:15:00,0.00929,0.00937,0.00927,0.00936,9002957.0
2023-11-16 06:30:00,0.00936,0.00937,0.0093,0.00933,2332977.0
2023-11-16 06:45:00,0.00933,0.00937,0.0093,0.00935,2032345.0
2023-11-16 07:00:00,0.00936,0.00944,0.00934,0.00941,8011406.0
2023-11-16 07:15:00,0.00941,0.00956,0.00936,0.00945,22747717.0
2023-11-16 07:30:00,0.00944,0.00946,0.00934,0.00935,4681081.0
2023-11-16 07:45:00,0.00936,0.00937,0.00924,0.0093,14289758.0
2023-11-16 08:00:00,0.00931,0.00936,0.00927,0.00927,4821397.0
2023-11-16 08:15:00,0.00927,0.0093,0.00913,0.00917,10487280.0
2023-11-16 08:30:00,0.00918,0.00929,0.00915,0.00927,4224214.0
2023-11-16 08:45:00,0.00927,0.0093,0.00922,0.00922,2856132.0
2023-11-16 09:00:00,0.00922,0.00924,0.00911,0.00917,8969135.0
2023-11-16 09:15:00,0.00918,0.00922,0.00916,0.00918,8924025.0
2023-11-16 09:30:00,0.00919,0.0092,0.00907,0.00907,3747646.0
2023-11-16 09:45:00,0.00908,0.00923,0.00906,0.00918,6691777.0
2023-11-16 10:00:00,0.00918,0.0092,0.00916,0.00919,2844730.0
2023-11-16 10:15:00,0.00919,0.0092,0.00915,0.00919,3596417.0
2023-11-16 10:30:00,0.00918,0.00922,0.00916,0.00922,2442223.0
2023-11-16 10:45:00,0.00921,0.00923,0.00913,0.00913,5335465.0
2023-11-16 11:00:00,0.00913,0.00924,0.00912,0.00921,4754008.0
2023-11-16 11:15:00,0.00921,0.00924,0.00918,0.00921,1610221.0
2023-11-16 11:30:00,0.0092,0.00922,0.00915,0.00916,1927815.0
2023-11-16 11:45:00,0.00917,0.0092,0.00911,0.00913,3287605.0
2023-11-16 12:00:00,0.00913,0.00914,0.009,0.00909,8107562.0
2023-11-16 12:15:00,0.0091,0.0091,0.00892,0.00894,6612786.0
2023-11-16 12:30:00,0.00895,0.00901,0.00893,0.00899,8659780.0
2023-11-16 12:45:00,0.00898,0.00901,0.00893,0.00896,3475270.0
2023-11-16 13:00:00,0.00896,0.00902,0.00886,0.00889,8730164.0
2023-11-16 13:15:00,0.00889,0.00889,0.00875,0.00886,13154678.0
2023-11-16 13:30:00,0.00887,0.00892,0.00883,0.00886,6130930.0
2023-11-16 13:45:00,0.00887,0.00896,0.00884,0.00892,2914282.0
2023-11-16 14:00:00,0.00891,0.00896,0.00886,0.0089,3081723.0
2023-11-16 14:15:00,0.00891,0.00893,0.0088,0.00885,7318730.0
2023-11-16 14:30:00,0.00884,0.00892,0.00881,0.00891,3482376.0
2023-11-16 14:45:00,0.00891,0.00894,0.00889,0.00893,2742912.0
2023-11-16 15:00:00,0.00892,0.009,0.00891,0.00896,4970628.0
2023-11-16 15:15:00,0.00896,0.00899,0.00895,0.00898,1944195.0
2023-11-16 15:30:00,0.00898,0.00899,0.00877,0.00884,7059111.0
2023-11-16 15:45:00,0.00884,0.00884,0.00866,0.00875,17812906.0
2023-11-16 16:00:00,0.00876,0.00882,0.00871,0.00873,5976638.0
2023-11-16 16:15:00,0.00872,0.00878,0.00871,0.00871,4251050.0
2023-11-16 16:30:00,0.00871,0.00878,0.0087,0.00874,4247454.0
2023-11-16 16:45:00,0.00875,0.00879,0.00873,0.00878,1586659.0
2023-11-16 17:00:00,0.00878,0.00879,0.00867,0.00871,7877883.0
2023-11-16 17:15:00,0.00871,0.00876,0.00871,0.00875,3391538.0
2023-11-16 17:30:00,0.00875,0.00878,0.00874,0.00875,893838.0
2023-11-16 17:45:00,0.00875,0.00878,0.00863,0.00866,4398701.0
2023-11-16 18:00:00,0.00866,0.0087,0.00863,0.00868,3108756.0
2023-11-16 18:15:00,0.00868,0.00868,0.00856,0.00863,4651802.0
2023-11-16 18:30:00,0.00864,0.00864,0.00859,0.0086,2192083.0
2023-11-16 18:45:00,0.0086,0.0086,0.00856,0.0086,1856010.0
2023-11-16 19:00:00,0.0086,0.00862,0.00842,0.00846,5597721.0
2023-11-16 19:15:00,0.00846,0.00852,0.00833,0.00843,10891380.0
2023-11-16 19:30:00,0.00843,0.00851,0.00837,0.0085,13440610.0
2023-11-16 19:45:00,0.0085,0.00858,0.0085,0.00858,2589462.0
2023-11-16 20:00:00,0.00858,0.00864,0.00853,0.00856,9258485.0
2023-11-16 20:15:00,0.00855,0.00857,0.00853,0.00856,3710179.0
2023-11-16 20:30:00,0.00857,0.00862,0.00856,0.00858,1776654.0
2023-11-16 20:45:00,0.00857,0.00857,0.0085,0.00851,933772.0
2023-11-16 21:00:00,0.00851,0.00852,0.00845,0.00847,2913147.0
2023-11-16 21:15:00,0.00847,0.00852,0.00847,0.00847,2539063.0
2023-11-16 21:30:00,0.00848,0.00853,0.00848,0.0085,622416.0
2023-11-16 21:45:00,0.0085,0.00856,0.0085,0.00852,3405241.0
2023-11-16 22:00:00,0.00851,0.00857,0.00849,0.00856,1060425.0
2023-11-16 22:15:00,0.00857,0.00862,0.00857,0.0086,3553922.0
2023-11-16 22:30:00,0.0086,0.00861,0.00858,0.0086,2534631.0
2023-11-16 22:45:00,0.00861,0.00864,0.0086,0.0086,787806.0
2023-11-16 23:00:00,0.0086,0.00861,0.00853,0.00854,1141570.0
2023-11-16 23:15:00,0.00853,0.00853,0.00844,0.00847,4146330.0
2023-11-16 23:30:00,0.00846,0.00854,0.00845,0.00853,1970515.0
2023-11-16 23:45:00,0.00854,0.00856,0.00851,0.00851,1442644.0
2023-11-17 00:00:00,0.00852,0.00857,0.00852,0.00855,2735312.0
2023-11-17 00:15:00,0.00855,0.00863,0.00855,0.00862,2952904.0
2023-11-17 00:30:00,0.00862,0.00869,0.00859,0.00867,9606803.0
2023-11-17 00:45:00,0.00867,0.0087,0.00865,0.0087,7132781.0
2023-11-17 01:00:00,0.0087,0.00872,0.00866,0.00868,4085015.0
2023-11-17 01:15:00,0.00868,0.00872,0.00867,0.00872,953618.0
2023-11-17 01:30:00,0.00871,0.00878,0.00871,0.00877,3585533.0
2023-11-17 01:45:00,0.00877,0.00879,0.00875,0.00878,2458413.0
2023-11-17 02:00:00,0.00878,0.00879,0.00874,0.00875,2077411.0
2023-11-17 02:15:00,0.00876,0.0088,0.00872,0.00878,2809981.0
2023-11-17 02:30:00,0.00878,0.0088,0.00872,0.00873,3547596.0
2023-11-17 02:45:00,0.00873,0.00874,0.00869,0.00871,1946932.0
2023-11-17 03:00:00,0.00871,0.00872,0.00867,0.00868,2528262.0
2023-11-17 03:15:00,0.00867,0.00871,0.00864,0.00871,1776891.0
2023-11-17 03:30:00,0.00871,0.00877,0.00869,0.00873,1841437.0
2023-11-17 03:45:00,0.00873,0.00875,0.00872,0.00873,1199924.0
2023-11-17 04:00:00,0.00873,0.00874,0.00868,0.00869,3679971.0
2023-11-17 04:15:00,0.00869,0.00871,0.00867,0.00868,1517017.0
2023-11-17 04:30:00,0.00868,0.0087,0.00866,0.00867,529785.0
2023-11-17 04:45:00,0.00867,0.0087,0.00865,0.00867,1479432.0
2023-11-17 05:00:00,0.00867,0.00868,0.00864,0.00864,691308.0
2023-11-17 05:15:00,0.00864,0.00869,0.00862,0.00866,2332985.0
2023-11-17 05:30:00,0.00866,0.00867,0.00864,0.00865,1504451.0
2023-11-17 05:45:00,0.00865,0.00869,0.00864,0.00868,2226047.0
2023-11-17 06:00:00,0.00869,0.00871,0.00865,0.00867,1519707.0
2023-11-17 06:15:00,0.00867,0.00872,0.00867,0.0087,5463913.0
2023-11-17 06:30:00,0.00869,0.00871,0.00865,0.00865,5549008.0
2023-11-17 06:45:00,0.00865,0.00866,0.00861,0.00862,2865435.0
2023-11-17 07:00:00,0.00862,0.00862,0.00856,0.00856,3726721.0
2023-11-17 07:15:00,0.00857,0.00859,0.00854,0.00854,7738225.0
2023-11-17 07:30:00,0.00854,0.00856,0.00851,0.00853,3177441.0
2023-11-17 07:45:00,0.00853,0.00853,0.00849,0.00851,3180182.0
2023-11-17 08:00:00,0.00851,0.00857,0.0085,0.0085,1988096.0
2023-11-17 08:15:00,0.0085,0.00856,0.00849,0.00855,1901454.0
2023-11-17 08:30:00,0.00856,0.00858,0.00856,0.00857,2195607.0
2023-11-17 08:45:00,0.00857,0.00858,0.00855,0.00857,2559771.0
2023-11-17 09:00:00,0.00857,0.00859,0.00854,0.00855,847870.0
2023-11-17 09:15:00,0.00856,0.00858,0.0085,0.00851,2718872.0
2023-11-17 09:30:00,0.00851,0.00852,0.00845,0.00848,2356825.0
2023-11-17 09:45:00,0.00847,0.0085,0.00845,0.00848,3109389.0
2023-11-17 10:00:00,0.00848,0.00848,0.00836,0.00837,6767068.0
2023-11-17 10:15:00,0.00837,0.00838,0.00827,0.00833,8952945.0
2023-11-17 10:30:00,0.00833,0.00838,0.00832,0.00833,5782224.0
2023-11-17 10:45:00,0.00833,0.00837,0.00829,0.00837,2588732.0
2023-11-17 11:00:00,0.00836,0.0084,0.00834,0.00838,2210874.0
2023-11-17 11:15:00,0.00838,0.0084,0.00834,0.0084,4561984.0
2023-11-17 11:30:00,0.0084,0.0084,0.00836,0.00838,1953525.0
2023-11-17 11:45:00,0.00837,0.00838,0.00833,0.00834,3902863.0
2023-11-17 12:00:00,0.00834,0.00836,0.0083,0.00831,1744243.0
2023-11-17 12:15:00,0.00831,0.00831,0.00822,0.00826,10272149.0
2023-11-17 12:30:00,0.00827,0.00832,0.00824,0.0083,6198495.0
2023-11-17 12:45:00,0.0083,0.00836,0.0083,0.00836,2980778.0
2023-11-17 13:00:00,0.00837,0.00845,0.00837,0.00845,3611266.0
2023-11-17 13:15:00,0.00844,0.00846,0.0084,0.00841,2094768.0
2023-11-17 13:30:00,0.00841,0.00843,0.00839,0.00841,1881171.0
2023-11-17 13:45:00,0.0084,0.0084,0.00832,0.00833,3997604.0
2023-11-17 14:00:00,0.00833,0.00837,0.00829,0.00831,3432377.0
2023-11-17 14:15:00,0.00832,0.00835,0.00829,0.00831,1584343.0
2023-11-17 14:30:00,0.00832,0.00833,0.00822,0.00823,2577386.0
2023-11-17 14:45:00,0.00823,0.00823,0.00811,0.00819,12012926.0
2023-11-17 15:00:00,0.00818,0.00823,0.00813,0.00822,5048552.0
2023-11-17 15:15:00,0.00822,0.00822,0.00799,0.00805,16045837.0
2023-11-17 15:30:00,0.00805,0.00811,0.00801,0.00802,7578721.0
2023-11-17 15:45:00,0.00802,0.00803,0.0079,0.00795,13456876.0
2023-11-17 16:00:00,0.00796,0.00809,0.00791,0.00807,9186287.0
2023-11-17 16:15:00,0.00807,0.0081,0.00805,0.00809,6182597.0
2023-11-17 16:30:00,0.00808,0.00809,0.008,0.00804,3387430.0
2023-11-17 16:45:00,0.00803,0.00805,0.00801,0.00803,3121917.0
2023-11-17 17:00:00,0.00802,0.00822,0.00802,0.00816,9327425.0
2023-11-17 17:15:00,0.00816,0.00819,0.00812,0.00815,4924278.0
2023-11-17 17:30:00,0.00813,0.00825,0.00812,0.00824,10010718.0
2023-11-17 17:45:00,0.00824,0.00829,0.00823,0.00828,4223079.0
2023-11-17 18:00:00,0.00827,0.00833,0.00825,0.00833,7522169.0
2023-11-17 18:15:00,0.00834,0.00834,0.00829,0.00831,3181239.0
2023-11-17 18:30:00,0.00831,0.00833,0.00828,0.0083,1439682.0
2023-11-17 18:45:00,0.0083,0.00834,0.00828,0.00833,839976.0
2023-11-17 19:00:00,0.00832,0.00834,0.00828,0.00829,839364.0
2023-11-17 19:15:00,0.00829,0.0083,0.00824,0.00824,2170452.0
2023-11-17 19:30:00,0.00824,0.00828,0.00822,0.00822,1553184.0
2023-11-17 19:45:00,0.00823,0.00825,0.00822,0.00823,682434.0
2023-11-17 20:00:00,0.00823,0.00832,0.00822,0.00828,1264647.0
2023-11-17 20:15:00,0.00829,0.00829,0.00825,0.00826,1418583.0
2023-11-17 20:30:00,0.00825,0.00825,0.0082,0.0082,1659825.0
2023-11-17 20:45:00,0.0082,0.00824,0.00819,0.0082,1131089.0
2023-11-17 21:00:00,0.0082,0.00825,0.00819,0.00824,882861.0
2023-11-17 21:15:00,0.00824,0.00824,0.00817,0.0082,1649592.0
2023-11-17 21:30:00,0.0082,0.00823,0.00819,0.00821,799870.0
2023-11-17 21:45:00,0.0082,0.00824,0.0082,0.00822,604078.0
2023-11-17 22:00:00,0.00822,0.00826,0.00821,0.00824,557294.0
2023-11-17 22:15:00,0.00825,0.00829,0.00823,0.00828,633834.0
2023-11-17 22:30:00,0.00828,0.0083,0.00826,0.00826,262118.0
2023-11-17 22:45:00,0.00828,0.00834,0.00828,0.00834,1618714.0
2023-11-17 23:00:00,0.00834,0.00837,0.00834,0.00836,2640233.0
2023-11-17 23:15:00,0.00836,0.00837,0.0083,0.0083,1366304.0
2023-11-17 23:30:00,0.0083,0.00833,0.0083,0.00831,958021.0
2023-11-17 23:45:00,0.00831,0.00834,0.0083,0.00834,794070.0
2023-11-18 00:00:00,0.00834,0.00835,0.00829,0.00831,5474119.0
2023-11-18 00:15:00,0.00831,0.00833,0.00828,0.00831,11539039.0
2023-11-18 00:30:00,0.00831,0.00838,0.00827,0.00827,6341055.0
2023-11-18 00:45:00,0.00827,0.00833,0.00826,0.00831,5469577.0
2023-11-18 01:00:00,0.00831,0.00835,0.00828,0.00828,3482036.0
2023-11-18 01:15:00,0.00828,0.00832,0.00828,0.0083,1943945.0
2023-11-18 01:30:00,0.00831,0.00834,0.0083,0.00832,1528216.0
2023-11-18 01:45:00,0.00832,0.00832,0.00827,0.00828,899319.0
2023-11-18 02:00:00,0.00829,0.00832,0.00828,0.0083,2898234.0
2023-11-18 02:15:00,0.0083,0.00831,0.00829,0.0083,1578495.0
2023-11-18 02:30:00,0.00831,0.00831,0.00827,0.00829,1987969.0
2023-11-18 02:45:00,0.00828,0.0083,0.00826,0.00826,823861.0
2023-11-18 03:00:00,0.00826,0.00828,0.00823,0.00824,1522449.0
2023-11-18 03:15:00,0.00824,0.00824,0.00813,0.00815,9116524.0
2023-11-18 03:30:00,0.00816,0.00818,0.00813,0.00817,1968607.0
2023-11-18 03:45:00,0.00818,0.00818,0.00808,0.00811,4599515.0
2023-11-18 04:00:00,0.00812,0.00819,0.00811,0.00818,3632650.0
2023-11-18 04:15:00,0.00817,0.00821,0.00816,0.0082,3240860.0
2023-11-18 04:30:00,0.00821,0.00821,0.00817,0.00819,934197.0
2023-11-18 04:45:00,0.00819,0.00819,0.00813,0.00813,1582830.0
2023-11-18 05:00:00,0.00814,0.00814,0.00808,0.00808,1433108.0
2023-11-18 05:15:00,0.00808,0.00809,0.00802,0.00803,3448576.0
2023-11-18 05:30:00,0.00803,0.00807,0.00802,0.00806,2700593.0
2023-11-18 05:45:00,0.00805,0.00806,0.00797,0.00799,6057339.0
2023-11-18 06:00:00,0.00799,0.00811,0.00798,0.00808,5887538.0
2023-11-18 06:15:00,0.00807,0.0081,0.00806,0.00809,1525548.0
2023-11-18 06:30:00,0.0081,0.00811,0.00804,0.00806,2667188.0
2023-11-18 06:45:00,0.00807,0.00807,0.00797,0.00798,9423347.0
2023-11-18 07:00:00,0.00797,0.008,0.00784,0.00795,18119935.0
2023-11-18 07:15:00,0.00795,0.008,0.00795,0.008,4585074.0
2023-11-18 07:30:00,0.00799,0.00809,0.00798,0.00803,16241853.0
2023-11-18 07:45:00,0.00802,0.00808,0.00802,0.00808,10960346.0
2023-11-18 08:00:00,0.00807,0.0081,0.00804,0.00809,6439177.0
2023-11-18 08:15:00,0.00808,0.00809,0.00806,0.00808,2566563.0
2023-11-18 08:30:00,0.00808,0.00813,0.00808,0.00813,1154421.0
2023-11-18 08:45:00,0.00813,0.00813,0.00808,0.00808,1332762.0
2023-11-18 09:00:00,0.00808,0.00811,0.00807,0.00809,1583526.0
2023-11-18 09:15:00,0.00809,0.00812,0.00809,0.00812,828099.0
2023-11-18 09:30:00,0.00811,0.00814,0.0081,0.00812,1113415.0
2023-11-18 09:45:00,0.00812,0.00812,0.0081,0.00811,2012334.0
2023-11-18 10:00:00,0.00811,0.00817,0.00809,0.00817,2651685.0
2023-11-18 10:15:00,0.00817,0.00818,0.00815,0.00817,1281011.0
2023-11-18 10:30:00,0.00817,0.00818,0.00815,0.00815,2412259.0
2023-11-18 10:45:00,0.00815,0.00823,0.00813,0.00821,4660021.0
2023-11-18 11:00:00,0.00821,0.00822,0.00818,0.00822,1837936.0
2023-11-18 11:15:00,0.00822,0.00822,0.00817,0.00817,2032865.0
2023-11-18 11:30:00,0.00818,0.0082,0.00815,0.00816,1721800.0
2023-11-18 11:45:00,0.00816,0.00816,0.00813,0.00813,780461.0
2023-11-18 12:00:00,0.00812,0.00813,0.0081,0.00811,2867923.0
2023-11-18 12:15:00,0.00811,0.00817,0.00811,0.00816,1194076.0
2023-11-18 12:30:00,0.00816,0.00818,0.00815,0.00816,1300953.0
2023-11-18 12:45:00,0.00817,0.00818,0.00814,0.00814,2047729.0
2023-11-18 13:00:00,0.00815,0.00817,0.00809,0.0081,2027713.0
2023-11-18 13:15:00,0.0081,0.00812,0.008,0.0081,7792563.0
2023-11-18 13:30:00,0.0081,0.00812,0.00806,0.00809,1942189.0
2023-11-18 13:45:00,0.00809,0.0081,0.00803,0.00804,5921507.0
2023-11-18 14:00:00,0.00806,0.0081,0.00804,0.00808,1742311.0
2023-11-18 14:15:00,0.00809,0.00819,0.00809,0.00814,2760276.0
2023-11-18 14:30:00,0.00815,0.00816,0.00809,0.00811,2910921.0
2023-11-18 14:45:00,0.00811,0.00814,0.0081,0.00812,1485942.0
2023-11-18 15:00:00,0.00812,0.0082,0.00811,0.0082,2784085.0
2023-11-18 15:15:00,0.00819,0.00824,0.00817,0.00822,5939474.0
2023-11-18 15:30:00,0.00822,0.00824,0.0082,0.00823,1433812.0
2023-11-18 15:45:00,0.00823,0.00828,0.00822,0.00826,1075840.0
2023-11-18 16:00:00,0.00825,0.00832,0.00824,0.00831,3042024.0
2023-11-18 16:15:00,0.00831,0.00831,0.00824,0.00827,3531414.0
2023-11-18 16:30:00,0.00826,0.00826,0.00821,0.00825,2328574.0
2023-11-18 16:45:00,0.00825,0.00825,0.00822,0.00822,1617174.0
2023-11-18 17:00:00,0.00823,0.00824,0.00817,0.00824,1748818.0
2023-11-18 17:15:00,0.00824,0.00827,0.00824,0.00825,925023.0
2023-11-18 17:30:00,0.00824,0.00835,0.00821,0.00823,7197501.0
2023-11-18 17:45:00,0.00823,0.00828,0.00823,0.00827,1636762.0
2023-11-18 18:00:00,0.00827,0.00828,0.00824,0.00825,1001186.0
2023-11-18 18:15:00,0.00824,0.00828,0.00823,0.00826,1306366.0
2023-11-18 18:30:00,0.00827,0.00832,0.00827,0.00832,1397645.0
2023-11-18 18:45:00,0.00831,0.00833,0.0083,0.00832,2523389.0
2023-11-18 19:00:00,0.00832,0.00835,0.0083,0.0083,3361083.0
2023-11-18 19:15:00,0.0083,0.00833,0.0083,0.00833,739657.0
2023-11-18 19:30:00,0.00833,0.00833,0.0083,0.0083,854577.0
2023-11-18 19:45:00,0.0083,0.00835,0.00829,0.00831,2825864.0
2023-11-18 20:00:00,0.00832,0.00834,0.00827,0.00828,1704731.0
2023-11-18 20:15:00,0.00828,0.0083,0.00827,0.00829,625106.0
2023-11-18 20:30:00,0.0083,0.00835,0.0083,0.00832,1590118.0
2023-11-18 20:45:00,0.00832,0.00833,0.00829,0.00829,921849.0
2023-11-18 21:00:00,0.00829,0.00832,0.00829,0.0083,1327009.0
2023-11-18 21:15:00,0.00831,0.00831,0.00827,0.00828,1137368.0
2023-11-18 21:30:00,0.00828,0.00829,0.00826,0.00827,613750.0
2023-11-18 21:45:00,0.00829,0.0083,0.00826,0.00827,212130.0
2023-11-18 22:00:00,0.00827,0.0083,0.00824,0.00824,412319.0
2023-11-18 22:15:00,0.00824,0.00826,0.00822,0.00825,344671.0
2023-11-18 22:30:00,0.00825,0.00827,0.00824,0.00827,732012.0
2023-11-18 22:45:00,0.00828,0.00831,0.00828,0.00831,359181.0
2023-11-18 23:00:00,0.0083,0.00831,0.00826,0.00827,391443.0
2023-11-18 23:15:00,0.00827,0.00831,0.00827,0.00828,548740.0
2023-11-18 23:30:00,0.00829,0.0083,0.00828,0.0083,461857.0
2023-11-18 23:45:00,0.00829,0.0083,0.00829,0.00829,218213.0
2023-11-19 00:00:00,0.00829,0.00829,0.00821,0.00823,1607500.0
2023-11-19 00:15:00,0.00822,0.00826,0.00821,0.00825,1742291.0
2023-11-19 00:30:00,0.00825,0.00827,0.00819,0.00822,3692959.0
2023-11-19 00:45:00,0.00823,0.00825,0.00813,0.00815,13926246.0
2023-11-19 01:00:00,0.00815,0.00817,0.00811,0.00814,2303200.0
2023-11-19 01:15:00,0.00813,0.00815,0.00803,0.00807,2774506.0
2023-11-19 01:30:00,0.00807,0.00809,0.00802,0.00807,8834975.0
2023-11-19 01:45:00,0.00808,0.00813,0.00808,0.00813,5347906.0
2023-11-19 02:00:00,0.00812,0.00815,0.00805,0.00807,4727409.0
2023-11-19 02:15:00,0.00806,0.0081,0.00803,0.0081,1317218.0
2023-11-19 02:30:00,0.0081,0.00812,0.00808,0.00811,1319633.0
2023-11-19 02:45:00,0.00812,0.00814,0.00811,0.00812,666049.0
2023-11-19 03:00:00,0.00811,0.00812,0.0081,0.00812,521621.0
2023-11-19 03:15:00,0.00812,0.00812,0.00808,0.00808,871448.0
2023-11-19 03:30:00,0.00807,0.00814,0.00807,0.00812,1866424.0
2023-11-19 03:45:00,0.00813,0.00821,0.00812,0.0082,2325491.0
2023-11-19 04:00:00,0.0082,0.0082,0.00817,0.0082,1353132.0
2023-11-19 04:15:00,0.0082,0.0082,0.00817,0.00818,703548.0
2023-11-19 04:30:00,0.00818,0.00819,0.00816,0.00817,647629.0
2023-11-19 04:45:00,0.00817,0.0083,0.00817,0.00822,12458676.0
2023-11-19 05:00:00,0.00822,0.00827,0.00822,0.00827,1614694.0
2023-11-19 05:15:00,0.00826,0.00829,0.00824,0.00826,2258810.0
2023-11-19 05:30:00,0.00826,0.00826,0.00821,0.00824,1288394.0
2023-11-19 05:45:00,0.00823,0.00824,0.0082,0.00822,1760419.0
2023-11-19 06:00:00,0.00823,0.00827,0.00822,0.00825,1815846.0
2023-11-19 06:15:00,0.00825,0.00827,0.00824,0.00825,1520755.0
2023-11-19 06:30:00,0.00825,0.00829,0.00823,0.00828,884674.0
2023-11-19 06:45:00,0.00828,0.0083,0.00826,0.00829,938055.0
2023-11-19 07:00:00,0.00829,0.00831,0.00827,0.0083,2820543.0
2023-11-19 07:15:00,0.0083,0.00842,0.00827,0.00833,11390815.0
2023-11-19 07:30:00,0.00832,0.00833,0.0083,0.00833,636318.0
2023-11-19 07:45:00,0.00832,0.00833,0.00829,0.0083,2062018.0
2023-11-19 08:00:00,0.00831,0.00835,0.0083,0.00834,1156965.0
2023-11-19 08:15:00,0.00834,0.00838,0.00833,0.00837,1959528.0
2023-11-19 08:30:00,0.00836,0.00841,0.00835,0.00836,2884795.0
2023-11-19 08:45:00,0.00835,0.00835,0.00827,0.00829,2434017.0
2023-11-19 09:00:00,0.0083,0.00831,0.00826,0.00827,1787891.0
2023-11-19 09:15:00,0.00827,0.00831,0.00826,0.0083,1747311.0
2023-11-19 09:30:00,0.0083,0.00834,0.0083,0.00834,889442.0
2023-11-19 09:45:00,0.00834,0.00836,0.00832,0.00835,2016671.0
2023-11-19 10:00:00,0.00836,0.00836,0.00831,0.00832,1274396.0
2023-11-19 10:15:00,0.00832,0.00832,0.00825,0.00826,4481441.0
2023-11-19 10:30:00,0.00826,0.00828,0.00825,0.00826,3724379.0
2023-11-19 10:45:00,0.00827,0.00832,0.00823,0.00825,10719763.0
2023-11-19 11:00:00,0.00825,0.00825,0.00822,0.00823,1879458.0
2023-11-19 11:15:00,0.00823,0.00823,0.00816,0.00817,5579389.0
2023-11-19 11:30:00,0.00816,0.00823,0.00816,0.00823,2336955.0
2023-11-19 11:45:00,0.00823,0.00824,0.00821,0.00823,737132.0
2023-11-19 12:00:00,0.00823,0.00825,0.00821,0.00825,961556.0
2023-11-19 12:15:00,0.00824,0.00824,0.00818,0.00819,888324.0
2023-11-19 12:30:00,0.00819,0.0082,0.00816,0.00818,1263001.0
2023-11-19 12:45:00,0.00818,0.00821,0.00817,0.00821,398683.0
2023-11-19 13:00:00,0.00821,0.00825,0.00821,0.00822,1115493.0
2023-11-19 13:15:00,0.00823,0.00824,0.00823,0.00824,820129.0
2023-11-19 13:30:00,0.00824,0.00828,0.00823,0.00826,1126429.0
2023-11-19 13:45:00,0.00826,0.00826,0.00824,0.00824,465619.0
2023-11-19 14:00:00,0.00824,0.00826,0.00817,0.0082,2145745.0
2023-11-19 14:15:00,0.0082,0.00825,0.0082,0.00824,950784.0
2023-11-19 14:30:00,0.00823,0.00824,0.00823,0.00823,393844.0
2023-11-19 14:45:00,0.00824,0.00824,0.00819,0.00821,790257.0
2023-11-19 15:00:00,0.00821,0.00821,0.00815,0.00815,2109099.0
2023-11-19 15:15:00,0.00816,0.00825,0.00816,0.00825,2455991.0
2023-11-19 15:30:00,0.00826,0.00827,0.00824,0.00825,1470836.0
2023-11-19 15:45:00,0.00826,0.00827,0.00824,0.00827,442150.0
2023-11-19 16:00:00,0.00826,0.0083,0.00825,0.0083,749763.0
2023-11-19 16:15:00,0.00829,0.00829,0.00822,0.00823,1022225.0
2023-11-19 16:30:00,0.00824,0.00826,0.00823,0.00824,926054.0
2023-11-19 16:45:00,0.00824,0.00825,0.00823,0.00823,1512839.0
2023-11-19 17:00:00,0.00823,0.00826,0.00822,0.00824,1120691.0
2023-11-19 17:15:00,0.00824,0.00825,0.00823,0.00825,987070.0
2023-11-19 17:30:00,0.00826,0.00829,0.00826,0.00827,712982.0
2023-11-19 17:45:00,0.00827,0.00827,0.00824,0.00826,586514.0
2023-11-19 18:00:00,0.00826,0.00829,0.00826,0.00827,376786.0
2023-11-19 18:15:00,0.00828,0.00832,0.00828,0.00831,2805651.0
2023-11-19 18:30:00,0.0083,0.00834,0.00828,0.00833,1711019.0
2023-11-19 18:45:00,0.00834,0.00836,0.0083,0.00834,3048720.0
2023-11-19 19:00:00,0.00834,0.00836,0.00829,0.00831,1819983.0
2023-11-19 19:15:00,0.00831,0.00833,0.0083,0.00832,240750.0
2023-11-19 19:30:00,0.00832,0.00835,0.00831,0.00834,2807786.0
2023-11-19 19:45:00,0.00834,0.00837,0.00833,0.00837,942272.0
2023-11-19 20:00:00,0.00837,0.00838,0.00832,0.00832,1950269.0
2023-11-19 20:15:00,0.00833,0.00834,0.00829,0.0083,1590529.0
2023-11-19 20:30:00,0.00829,0.00833,0.00828,0.00833,1106886.0
2023-11-19 20:45:00,0.00833,0.00833,0.00831,0.00832,892615.0
2023-11-19 21:00:00,0.00832,0.00832,0.00828,0.00828,1783273.0
2023-11-19 21:15:00,0.00828,0.00831,0.00828,0.00831,607932.0
2023-11-19 21:30:00,0.00831,0.00831,0.00826,0.00826,2998888.0
2023-11-19 21:45:00,0.00828,0.00829,0.00827,0.00829,330661.0
2023-11-19 22:00:00,0.00829,0.00831,0.00825,0.00825,2126085.0
2023-11-19 22:15:00,0.00825,0.00826,0.00825,0.00825,270689.0
2023-11-19 22:30:00,0.00825,0.00826,0.00823,0.00824,793035.0
2023-11-19 22:45:00,0.00824,0.00824,0.00823,0.00824,375601.0
2023-11-19 23:00:00,0.00825,0.00834,0.00825,0.00834,3777085.0
2023-11-19 23:15:00,0.00834,0.00837,0.00831,0.00834,2072962.0
2023-11-19 23:30:00,0.00835,0.00839,0.00835,0.00838,1179764.0
2023-11-19 23:45:00,0.00838,0.0084,0.00833,0.00837,3625680.0
2023-11-20 00:00:00,0.00837,0.00842,0.00833,0.00842,3439652.0
2023-11-20 00:15:00,0.00842,0.00845,0.00837,0.00837,7318704.0
2023-11-20 00:30:00,0.00837,0.00842,0.00834,0.00841,2521205.0
2023-11-20 00:45:00,0.00841,0.00842,0.00839,0.00842,2635604.0
2023-11-20 01:00:00,0.00841,0.00843,0.00839,0.0084,1040509.0
2023-11-20 01:15:00,0.00841,0.00843,0.00839,0.00841,984489.0
2023-11-20 01:30:00,0.00842,0.00843,0.0084,0.0084,664733.0
2023-11-20 01:45:00,0.0084,0.0084,0.00835,0.00838,970982.0
2023-11-20 02:00:00,0.00838,0.00839,0.00835,0.00835,1660290.0
2023-11-20 02:15:00,0.00834,0.00847,0.00834,0.00837,7859784.0
2023-11-20 02:30:00,0.00836,0.00841,0.00834,0.00839,5150004.0
2023-11-20 02:45:00,0.00839,0.00839,0.00837,0.00839,1200446.0
2023-11-20 03:00:00,0.00839,0.0084,0.00836,0.00836,1776095.0
2023-11-20 03:15:00,0.00837,0.00837,0.00834,0.00837,2079040.0
2023-11-20 03:30:00,0.00837,0.00837,0.00831,0.00831,1063248.0
2023-11-20 03:45:00,0.00831,0.00833,0.00831,0.00833,271849.0
2023-11-20 04:00:00,0.00833,0.00839,0.00831,0.00836,6553514.0
2023-11-20 04:15:00,0.00836,0.00838,0.00828,0.00837,5830223.0
2023-11-20 04:30:00,0.00837,0.0084,0.00837,0.00839,2075875.0
2023-11-20 04:45:00,0.00839,0.00839,0.00834,0.00836,4149890.0
2023-11-20 05:00:00,0.00835,0.00835,0.00829,0.00832,5668851.0
2023-11-20 05:15:00,0.00832,0.00833,0.00827,0.00829,1753714.0
2023-11-20 05:30:00,0.0083,0.0083,0.00826,0.00828,1865182.0
2023-11-20 05:45:00,0.00828,0.0083,0.00827,0.00829,2275098.0
2023-11-20 06:00:00,0.0083,0.00831,0.00827,0.00828,1120636.0
2023-11-20 06:15:00,0.00828,0.00831,0.00828,0.00829,1001380.0
2023-11-20 06:30:00,0.00829,0.0083,0.00827,0.0083,1296312.0
2023-11-20 06:45:00,0.0083,0.00833,0.0083,0.00833,526958.0
2023-11-20 07:00:00,0.00832,0.00834,0.00831,0.00833,1277611.0
2023-11-20 07:15:00,0.00833,0.00835,0.0083,0.00832,2357816.0
2023-11-20 07:30:00,0.00833,0.00836,0.00831,0.00835,3373637.0
2023-11-20 07:45:00,0.00835,0.00836,0.00831,0.00835,3265474.0
2023-11-20 08:00:00,0.00836,0.00837,0.00834,0.00834,1208517.0
2023-11-20 08:15:00,0.00834,0.0084,0.00834,0.0084,1658255.0
2023-11-20 08:30:00,0.00839,0.00839,0.00834,0.00834,1149231.0
2023-11-20 08:45:00,0.00835,0.00837,0.00835,0.00836,542294.0
2023-11-20 09:00:00,0.00836,0.00839,0.00835,0.00839,756074.0
2023-11-20 09:15:00,0.00839,0.00841,0.00838,0.00841,1866127.0
2023-11-20 09:30:00,0.00841,0.00842,0.00839,0.00841,1688659.0
2023-11-20 09:45:00,0.0084,0.00846,0.0084,0.00844,4242267.0
2023-11-20 10:00:00,0.00844,0.00846,0.00843,0.00846,1919643.0
2023-11-20 10:15:00,0.00845,0.00845,0.00842,0.00843,1820967.0
2023-11-20 10:30:00,0.00843,0.00845,0.00842,0.00845,1275749.0
2023-11-20 10:45:00,0.00845,0.00846,0.00843,0.00844,1184373.0
2023-11-20 11:00:00,0.00844,0.00845,0.00842,0.00845,844332.0
2023-11-20 11:15:00,0.00844,0.00845,0.00842,0.00842,1021448.0
2023-11-20 11:30:00,0.00842,0.00842,0.00835,0.00837,1904151.0
2023-11-20 11:45:00,0.00837,0.00837,0.00832,0.00836,2636629.0
2023-11-20 12:00:00,0.00835,0.00838,0.00832,0.00837,2058704.0
2023-11-20 12:15:00,0.00837,0.00837,0.00832,0.00832,2085684.0
2023-11-20 12:30:00,0.00832,0.00835,0.00832,0.00833,948471.0
2023-11-20 12:45:00,0.00833,0.00841,0.00833,0.00841,4016958.0
2023-11-20 13:00:00,0.00841,0.00842,0.00834,0.00838,5307894.0
2023-11-20 13:15:00,0.00837,0.00839,0.00837,0.00839,1360121.0
2023-11-20 13:30:00,0.00838,0.00839,0.00834,0.00835,1081515.0
2023-11-20 13:45:00,0.00834,0.00835,0.00831,0.00831,986277.0
2023-11-20 14:00:00,0.00831,0.00834,0.0082,0.00822,8434525.0
2023-11-20 14:15:00,0.00822,0.00833,0.00822,0.00831,2438848.0
2023-11-20 14:30:00,0.00832,0.00836,0.00832,0.00835,2857831.0
2023-11-20 14:45:00,0.00835,0.00839,0.00834,0.00839,786109.0
2023-11-20 15:00:00,0.00838,0.00841,0.00835,0.00841,1066323.0
2023-11-20 15:15:00,0.0084,0.0084,0.00836,0.00837,852077.0
2023-11-20 15:30:00,0.00837,0.00837,0.00833,0.00834,871311.0
2023-11-20 15:45:00,0.00835,0.00837,0.00835,0.00835,572945.0
2023-11-20 16:00:00,0.00836,0.00841,0.00835,0.00836,3335652.0
2023-11-20 16:15:00,0.00836,0.00837,0.00831,0.00832,2408126.0
2023-11-20 16:30:00,0.00833,0.00833,0.00829,0.00831,1958665.0
2023-11-20 16:45:00,0.00831,0.00831,0.00823,0.00825,2128006.0
2023-11-20 17:00:00,0.00825,0.00831,0.00824,0.0083,1425116.0
2023-11-20 17:15:00,0.00831,0.00832,0.00825,0.00829,2028591.0
2023-11-20 17:30:00,0.00828,0.00841,0.00825,0.00839,5537664.0
2023-11-20 17:45:00,0.00839,0.00844,0.00839,0.00842,4706375.0
2023-11-20 18:00:00,0.00842,0.00844,0.00838,0.00839,1795340.0
2023-11-20 18:15:00,0.00839,0.00843,0.00835,0.0084,4151636.0
2023-11-20 18:30:00,0.0084,0.0084,0.00833,0.00833,1764528.0
2023-11-20 18:45:00,0.00833,0.00837,0.00831,0.00835,1386049.0
2023-11-20 19:00:00,0.00835,0.00838,0.00831,0.00831,2197672.0
2023-11-20 19:15:00,0.0083,0.00836,0.00829,0.00836,1407852.0
2023-11-20 19:30:00,0.00836,0.00838,0.00833,0.00835,641041.0
2023-11-20 19:45:00,0.00834,0.00834,0.00831,0.00832,355525.0
2023-11-20 20:00:00,0.00831,0.00833,0.0083,0.00832,1186007.0
2023-11-20 20:15:00,0.00833,0.00836,0.00832,0.00836,517985.0
2023-11-20 20:30:00,0.00836,0.00837,0.00829,0.0083,1015713.0
2023-11-20 20:45:00,0.0083,0.00831,0.0083,0.0083,370899.0
2023-11-20 21:00:00,0.0083,0.0083,0.00821,0.00823,3221208.0
2023-11-20 21:15:00,0.00822,0.00822,0.00811,0.00818,8176997.0
2023-11-20 21:30:00,0.00817,0.00822,0.00816,0.00821,858908.0
2023-11-20 21:45:00,0.00821,0.00823,0.0082,0.00822,812315.0
2023-11-20 22:00:00,0.00822,0.00826,0.00822,0.00826,1094427.0
2023-11-20 22:15:00,0.00827,0.00831,0.00827,0.00831,991651.0
2023-11-20 22:30:00,0.00831,0.00831,0.00824,0.00824,1650881.0
2023-11-20 22:45:00,0.00824,0.00825,0.00821,0.00824,955201.0
2023-11-20 23:00:00,0.00826,0.00829,0.00825,0.00827,323366.0
2023-11-20 23:15:00,0.00827,0.00828,0.00823,0.00823,478670.0
2023-11-20 23:30:00,0.00823,0.00825,0.00822,0.00823,456720.0
2023-11-20 23:45:00,0.00823,0.00823,0.0082,0.00821,560296.0
2023-11-21 00:00:00,0.00821,0.00825,0.00815,0.00824,5952206.0
2023-11-21 00:15:00,0.00824,0.00831,0.00824,0.0083,2424773.0
2023-11-21 00:30:00,0.0083,0.00831,0.00828,0.00829,362248.0
2023-11-21 00:45:00,0.00829,0.00833,0.00826,0.00833,1113426.0
2023-11-21 01:00:00,0.00833,0.00834,0.00831,0.00833,954107.0
2023-11-21 01:15:00,0.00833,0.00834,0.00828,0.00828,818826.0
2023-11-21 01:30:00,0.00828,0.00841,0.00828,0.0084,1319200.0
2023-11-21 01:45:00,0.0084,0.00843,0.00838,0.0084,2368437.0
2023-11-21 02:00:00,0.0084,0.00841,0.00833,0.00837,1767870.0
2023-11-21 02:15:00,0.00836,0.00838,0.00825,0.00827,2297914.0
2023-11-21 02:30:00,0.00827,0.00832,0.00826,0.00826,927925.0
2023-11-21 02:45:00,0.00826,0.00826,0.00816,0.00818,4050263.0
2023-11-21 03:00:00,0.00818,0.00825,0.00817,0.00823,1486673.0
2023-11-21 03:15:00,0.00823,0.00824,0.00821,0.00822,1112797.0
2023-11-21 03:30:00,0.00822,0.00822,0.00818,0.00819,999951.0
2023-11-21 03:45:00,0.00819,0.00831,0.00819,0.00826,11689887.0
2023-11-21 04:00:00,0.00825,0.00826,0.00822,0.00822,609979.0
2023-11-21 04:15:00,0.00823,0.00824,0.0082,0.00823,554891.0
2023-11-21 04:30:00,0.00824,0.00825,0.00822,0.00823,835547.0
2023-11-21 04:45:00,0.00823,0.00825,0.00822,0.00824,646590.0
2023-11-21 05:00:00,0.00824,0.00825,0.00822,0.00824,1056638.0
2023-11-21 05:15:00,0.00824,0.00825,0.00819,0.00821,793853.0
2023-11-21 05:30:00,0.00821,0.00821,0.00816,0.00818,920324.0
2023-11-21 05:45:00,0.00818,0.00823,0.00818,0.00822,2026711.0
2023-11-21 06:00:00,0.00822,0.00823,0.0082,0.00822,897708.0
2023-11-21 06:15:00,0.00822,0.00826,0.00821,0.00826,691443.0
2023-11-21 06:30:00,0.00825,0.00826,0.00823,0.00823,987556.0
2023-11-21 06:45:00,0.00823,0.00824,0.00822,0.00823,372782.0
2023-11-21 07:00:00,0.00822,0.00822,0.00814,0.00816,2588463.0
2023-11-21 07:15:00,0.00817,0.00817,0.0081,0.0081,2699197.0
2023-11-21 07:30:00,0.0081,0.00813,0.0081,0.0081,597353.0
2023-11-21 07:45:00,0.00812,0.00812,0.00807,0.00809,2005929.0
2023-11-21 08:00:00,0.00809,0.00812,0.00807,0.0081,844495.0
2023-11-21 08:15:00,0.00811,0.00814,0.0081,0.00812,3438326.0
2023-11-21 08:30:00,0.00813,0.00814,0.00809,0.00809,930347.0
2023-11-21 08:45:00,0.0081,0.00816,0.00809,0.00815,659446.0
2023-11-21 09:00:00,0.00815,0.00819,0.00815,0.00819,2815325.0
2023-11-21 09:15:00,0.00818,0.00819,0.00816,0.00818,1581387.0
2023-11-21 09:30:00,0.00817,0.00818,0.00815,0.00817,1456388.0
2023-11-21 09:45:00,0.00817,0.00817,0.00814,0.00814,1826398.0
2023-11-21 10:00:00,0.00814,0.00815,0.00812,0.00815,1060169.0
2023-11-21 10:15:00,0.00814,0.00818,0.00814,0.00818,1167468.0
2023-11-21 10:30:00,0.00818,0.00819,0.00816,0.00818,1081013.0
2023-11-21 10:45:00,0.00817,0.00818,0.00815,0.00817,611228.0
2023-11-21 11:00:00,0.00818,0.00818,0.00814,0.00814,972275.0
2023-11-21 11:15:00,0.00814,0.00814,0.00809,0.00811,2106490.0
2023-11-21 11:30:00,0.00811,0.00814,0.00811,0.00811,1339468.0
2023-11-21 11:45:00,0.00812,0.00813,0.00809,0.0081,850692.0
2023-11-21 12:00:00,0.00811,0.00813,0.0081,0.00813,1704366.0
2023-11-21 12:15:00,0.00813,0.00814,0.0081,0.00813,1377953.0
2023-11-21 12:30:00,0.00812,0.00814,0.00812,0.00813,1073470.0
2023-11-21 12:45:00,0.00813,0.00814,0.0081,0.00814,1377854.0
2023-11-21 13:00:00,0.00813,0.00814,0.00808,0.00809,1873206.0
2023-11-21 13:15:00,0.0081,0.00813,0.00808,0.00812,1793753.0
2023-11-21 13:30:00,0.00813,0.00813,0.00808,0.00808,1920583.0
2023-11-21 13:45:00,0.00809,0.00809,0.00805,0.00806,3621674.0
2023-11-21 14:00:00,0.00806,0.00806,0.00795,0.00799,10360937.0
2023-11-21 14:15:00,0.00799,0.00804,0.00799,0.00801,4268210.0
2023-11-21 14:30:00,0.00801,0.00804,0.008,0.00802,3147515.0
2023-11-21 14:45:00,0.00802,0.00804,0.00798,0.00803,2798664.0
2023-11-21 15:00:00,0.00804,0.00805,0.0078,0.00789,17186026.0
2023-11-21 15:15:00,0.00789,0.00792,0.00782,0.00786,10852576.0
2023-11-21 15:30:00,0.00787,0.00791,0.00783,0.00789,7583668.0
2023-11-21 15:45:00,0.0079,0.00808,0.00789,0.00802,13395153.0
2023-11-21 16:00:00,0.00803,0.0081,0.00797,0.00808,3397522.0
2023-11-21 16:15:00,0.00809,0.00812,0.00804,0.00811,11483847.0
2023-11-21 16:30:00,0.00811,0.00812,0.00803,0.00804,2035749.0
2023-11-21 16:45:00,0.00804,0.00813,0.00803,0.00807,2355983.0
2023-11-21 17:00:00,0.00806,0.00807,0.00803,0.00807,2176381.0
2023-11-21 17:15:00,0.00807,0.0081,0.00803,0.00803,2824777.0
2023-11-21 17:30:00,0.00803,0.00803,0.0078,0.0078,11435466.0
2023-11-21 17:45:00,0.0078,0.00782,0.00768,0.00776,11911631.0
2023-11-21 18:00:00,0.00776,0.00777,0.00749,0.0076,39336107.0
2023-11-21 18:15:00,0.00759,0.00764,0.00754,0.00762,13166722.0
2023-11-21 18:30:00,0.00762,0.00769,0.00759,0.00761,16312235.0
2023-11-21 18:45:00,0.0076,0.00762,0.00757,0.0076,3635284.0
2023-11-21 19:00:00,0.00761,0.00765,0.00759,0.00764,4333742.0
2023-11-21 19:15:00,0.00765,0.00775,0.00764,0.00775,3429279.0
2023-11-21 19:30:00,0.00773,0.00773,0.00769,0.0077,1850924.0
2023-11-21 19:45:00,0.0077,0.00772,0.00765,0.00767,1578081.0
2023-11-21 20:00:00,0.00768,0.00769,0.00762,0.00764,2050489.0
2023-11-21 20:15:00,0.00764,0.0077,0.00763,0.00768,1959038.0
2023-11-21 20:30:00,0.00767,0.00779,0.00766,0.00779,4202485.0
2023-11-21 20:45:00,0.00779,0.0078,0.00773,0.00773,3258061.0
2023-11-21 21:00:00,0.00773,0.00777,0.00773,0.00777,936225.0
2023-11-21 21:15:00,0.00777,0.0078,0.00774,0.00776,4937427.0
2023-11-21 21:30:00,0.00776,0.00778,0.00771,0.00773,4026253.0
2023-11-21 21:45:00,0.00772,0.00772,0.00767,0.00769,1871225.0
2023-11-21 22:00:00,0.00769,0.0077,0.00763,0.00763,1236265.0
2023-11-21 22:15:00,0.00762,0.00763,0.00743,0.00749,7065708.0
2023-11-21 22:30:00,0.00748,0.00756,0.00745,0.00747,11554816.0
2023-11-21 22:45:00,0.00747,0.00747,0.00721,0.00729,20657291.0
2023-11-21 23:00:00,0.00729,0.00739,0.00725,0.00737,13469945.0
2023-11-21 23:15:00,0.00738,0.00741,0.00734,0.0074,3842967.0
2023-11-21 23:30:00,0.0074,0.00742,0.00738,0.00739,7510715.0
2023-11-21 23:45:00,0.0074,0.00742,0.0073,0.00731,4406422.0
2023-11-22 00:00:00,0.00731,0.00741,0.0073,0.00741,3877126.0
2023-11-22 00:15:00,0.0074,0.00746,0.00739,0.00745,1153056.0
2023-11-22 00:30:00,0.00744,0.00745,0.0074,0.00743,932166.0
2023-11-22 00:45:00,0.00742,0.00746,0.00741,0.00746,1039486.0
2023-11-22 01:00:00,0.00746,0.00748,0.00744,0.00745,1742515.0
2023-11-22 01:15:00,0.00746,0.0075,0.00746,0.00749,2587728.0
2023-11-22 01:30:00,0.00749,0.0075,0.00746,0.0075,1772109.0
2023-11-22 01:45:00,0.0075,0.00751,0.00747,0.00747,951858.0
2023-11-22 02:00:00,0.00747,0.00748,0.00744,0.00745,3737794.0
2023-11-22 02:15:00,0.00745,0.00748,0.00744,0.00748,1242547.0
2023-11-22 02:30:00,0.00748,0.00752,0.00747,0.00751,1878670.0
2023-11-22 02:45:00,0.00752,0.00756,0.00752,0.00755,1557495.0
2023-11-22 03:00:00,0.00756,0.00756,0.00751,0.00754,1748244.0
2023-11-22 03:15:00,0.00754,0.00758,0.00753,0.00757,1491596.0
2023-11-22 03:30:00,0.00758,0.00758,0.00755,0.00756,1418903.0
2023-11-22 03:45:00,0.00757,0.0076,0.00757,0.00759,517067.0
2023-11-22 04:00:00,0.00759,0.00759,0.00756,0.00758,3280633.0
2023-11-22 04:15:00,0.00758,0.00758,0.00753,0.00754,1330877.0
2023-11-22 04:30:00,0.00753,0.00758,0.00752,0.00757,4531628.0
2023-11-22 04:45:00,0.00757,0.00757,0.00754,0.00756,961101.0
2023-11-22 05:00:00,0.00756,0.00759,0.00755,0.00757,2869605.0
2023-11-22 05:15:00,0.00757,0.00757,0.00754,0.00754,1061763.0
2023-11-22 05:30:00,0.00754,0.00756,0.00751,0.00753,1188824.0
2023-11-22 05:45:00,0.00753,0.00753,0.0075,0.00751,446665.0
2023-11-22 06:00:00,0.00751,0.00758,0.00751,0.00758,1381910.0
2023-11-22 06:15:00,0.00758,0.00759,0.00753,0.00754,2041054.0
2023-11-22 06:30:00,0.00754,0.00761,0.00754,0.0076,1470092.0
2023-11-22 06:45:00,0.00759,0.00761,0.00758,0.00759,3264410.0
2023-11-22 07:00:00,0.00758,0.00761,0.00753,0.00754,3780398.0
2023-11-22 07:15:00,0.00754,0.00757,0.00754,0.00756,1358967.0
2023-11-22 07:30:00,0.00757,0.00758,0.00755,0.00756,1373000.0
2023-11-22 07:45:00,0.00755,0.00756,0.00751,0.00752,1558053.0
2023-11-22 08:00:00,0.00752,0.00754,0.00752,0.00754,1025143.0
2023-11-22 08:15:00,0.00755,0.00756,0.00753,0.00755,931831.0
2023-11-22 08:30:00,0.00755,0.00756,0.00754,0.00755,1018136.0
2023-11-22 08:45:00,0.00756,0.00757,0.00753,0.00757,610734.0
2023-11-22 09:00:00,0.00757,0.00758,0.00755,0.00756,368665.0
2023-11-22 09:15:00,0.00756,0.00757,0.00753,0.00755,270194.0
2023-11-22 09:30:00,0.00755,0.00759,0.00755,0.00759,939284.0
2023-11-22 09:45:00,0.00759,0.00761,0.00757,0.0076,4901098.0
2023-11-22 10:00:00,0.0076,0.00761,0.00758,0.00758,780422.0
2023-11-22 10:15:00,0.00759,0.00759,0.00755,0.00755,1208792.0
2023-11-22 10:30:00,0.00754,0.00757,0.00752,0.00756,1169334.0
2023-11-22 10:45:00,0.00757,0.00758,0.00754,0.00758,1014830.0
2023-11-22 11:00:00,0.00758,0.00759,0.00754,0.00754,1730681.0
2023-11-22 11:15:00,0.00754,0.00756,0.00753,0.00754,1060767.0
2023-11-22 11:30:00,0.00755,0.00756,0.00751,0.00753,2059386.0
2023-11-22 11:45:00,0.00753,0.00754,0.00748,0.00748,3726251.0
2023-11-22 12:00:00,0.00749,0.00753,0.00749,0.00752,2646617.0
2023-11-22 12:15:00,0.00751,0.00754,0.0075,0.0075,3525795.0
2023-11-22 12:30:00,0.0075,0.00753,0.00749,0.0075,1221844.0
2023-11-22 12:45:00,0.00751,0.00755,0.00751,0.00754,760641.0
2023-11-22 13:00:00,0.00753,0.00756,0.0075,0.00751,2601605.0
2023-11-22 13:15:00,0.00751,0.00752,0.00749,0.00749,919796.0
2023-11-22 13:30:00,0.00749,0.00756,0.00749,0.00753,4741189.0
2023-11-22 13:45:00,0.00754,0.00757,0.00754,0.00757,3117881.0
2023-11-22 14:00:00,0.00756,0.00759,0.00756,0.00757,1696829.0
2023-11-22 14:15:00,0.00757,0.00758,0.00754,0.00756,1883588.0
2023-11-22 14:30:00,0.00756,0.00757,0.00752,0.00752,1804278.0
2023-11-22 14:45:00,0.00752,0.00752,0.00746,0.00749,3506784.0
2023-11-22 15:00:00,0.00749,0.00749,0.00745,0.00747,2224987.0
2023-11-22 15:15:00,0.00748,0.00755,0.00747,0.00754,1824085.0
2023-11-22 15:30:00,0.00754,0.00756,0.00753,0.00754,1384808.0
2023-11-22 15:45:00,0.00753,0.00754,0.00752,0.00752,586676.0
2023-11-22 16:00:00,0.00751,0.00757,0.0075,0.00756,1092051.0
2023-11-22 16:15:00,0.00755,0.00755,0.00751,0.00751,1377588.0
2023-11-22 16:30:00,0.0075,0.00754,0.00749,0.0075,2335007.0
2023-11-22 16:45:00,0.0075,0.0075,0.00746,0.0075,1308418.0
2023-11-22 17:00:00,0.00751,0.00754,0.0075,0.00751,1979392.0
2023-11-22 17:15:00,0.00751,0.00755,0.00751,0.00753,648797.0
2023-11-22 17:30:00,0.00753,0.00757,0.00753,0.00753,542279.0
2023-11-22 17:45:00,0.00753,0.00755,0.00753,0.00754,545286.0
2023-11-22 18:00:00,0.00756,0.00757,0.00755,0.00757,964431.0
2023-11-22 18:15:00,0.00756,0.00769,0.00756,0.00768,8536634.0
2023-11-22 18:30:00,0.00768,0.00771,0.00767,0.00771,4700186.0
2023-11-22 18:45:00,0.00771,0.00777,0.0077,0.00775,2047517.0
2023-11-22 19:00:00,0.00775,0.00775,0.00772,0.00773,1807473.0
2023-11-22 19:15:00,0.00774,0.00775,0.00771,0.00771,1677492.0
2023-11-22 19:30:00,0.00771,0.00776,0.00769,0.00775,2197955.0
2023-11-22 19:45:00,0.00775,0.00776,0.00772,0.00775,3429607.0
2023-11-22 20:00:00,0.00774,0.00774,0.00771,0.00771,2129613.0
2023-11-22 20:15:00,0.0077,0.00777,0.0077,0.00775,1365347.0
2023-11-22 20:30:00,0.00775,0.00779,0.00772,0.00777,2164331.0
2023-11-22 20:45:00,0.00776,0.0078,0.00776,0.00779,811295.0
2023-11-22 21:00:00,0.00779,0.0078,0.00775,0.00779,1705092.0
2023-11-22 21:15:00,0.00779,0.0078,0.00774,0.0078,2211224.0
2023-11-22 21:30:00,0.0078,0.00781,0.00773,0.00774,2414242.0
2023-11-22 21:45:00,0.00774,0.00775,0.00771,0.00773,4194807.0
2023-11-22 22:00:00,0.00774,0.00777,0.00774,0.00775,1572031.0
2023-11-22 22:15:00,0.00775,0.00776,0.0077,0.00771,497454.0
2023-11-22 22:30:00,0.00771,0.00771,0.00767,0.0077,897944.0
2023-11-22 22:45:00,0.0077,0.00771,0.00769,0.00771,839655.0
2023-11-22 23:00:00,0.00771,0.00771,0.00766,0.00767,355420.0
2023-11-22 23:15:00,0.00767,0.0077,0.00767,0.00767,487712.0
2023-11-22 23:30:00,0.00768,0.00772,0.00768,0.0077,4054646.0
2023-11-22 23:45:00,0.0077,0.00772,0.00769,0.0077,892048.0
2023-11-23 00:00:00,0.00771,0.00775,0.00771,0.00774,3187881.0
2023-11-23 00:15:00,0.00773,0.00773,0.00769,0.00773,6095713.0
2023-11-23 00:30:00,0.00773,0.00775,0.00769,0.00771,4524771.0
2023-11-23 00:45:00,0.00771,0.00773,0.00769,0.00772,1570716.0
2023-11-23 01:00:00,0.00773,0.0078,0.00772,0.0078,4148297.0
2023-11-23 01:15:00,0.0078,0.00788,0.0078,0.00785,8122582.0
2023-11-23 01:30:00,0.00785,0.00785,0.00781,0.00783,1736422.0
2023-11-23 01:45:00,0.00783,0.00783,0.0078,0.00782,2094578.0
2023-11-23 02:00:00,0.00782,0.00783,0.00777,0.00777,873091.0
2023-11-23 02:15:00,0.00777,0.00781,0.00777,0.00779,688876.0
2023-11-23 02:30:00,0.00779,0.00785,0.00779,0.00783,3102230.0
2023-11-23 02:45:00,0.00784,0.00785,0.0078,0.00782,1647360.0
2023-11-23 03:00:00,0.00781,0.00783,0.00777,0.00778,1223535.0
2023-11-23 03:15:00,0.00778,0.00782,0.00778,0.00782,592422.0
2023-11-23 03:30:00,0.00781,0.00781,0.00779,0.00781,404923.0
2023-11-23 03:45:00,0.00779,0.00781,0.00777,0.00778,2483264.0
2023-11-23 04:00:00,0.00777,0.0078,0.00776,0.00779,1643488.0
2023-11-23 04:15:00,0.00779,0.00782,0.00777,0.00781,1103099.0
2023-11-23 04:30:00,0.0078,0.00783,0.0078,0.00783,2105145.0
2023-11-23 04:45:00,0.00783,0.00783,0.00781,0.00781,545972.0
2023-11-23 05:00:00,0.00781,0.00782,0.0078,0.00782,272519.0
2023-11-23 05:15:00,0.00782,0.00782,0.00779,0.00781,736370.0
2023-11-23 05:30:00,0.00781,0.00782,0.00779,0.00779,522954.0
2023-11-23 05:45:00,0.0078,0.0078,0.00778,0.00779,287027.0
2023-11-23 06:00:00,0.00778,0.00779,0.00777,0.00777,518179.0
2023-11-23 06:15:00,0.00777,0.00779,0.00777,0.00779,1948287.0
2023-11-23 06:30:00,0.00778,0.00778,0.00775,0.00776,1354308.0
2023-11-23 06:45:00,0.00777,0.00778,0.00776,0.00777,297765.0
2023-11-23 07:00:00,0.00778,0.00782,0.00778,0.00781,1089889.0
2023-11-23 07:15:00,0.00782,0.00782,0.0078,0.0078,746975.0
2023-11-23 07:30:00,0.00779,0.0078,0.00777,0.00777,339469.0
2023-11-23 07:45:00,0.00777,0.00779,0.00777,0.00778,589435.0
2023-11-23 08:00:00,0.00779,0.00781,0.00778,0.00779,1134041.0
2023-11-23 08:15:00,0.00779,0.0078,0.00777,0.00779,917200.0
2023-11-23 08:30:00,0.00779,0.00781,0.00778,0.00781,3211143.0
2023-11-23 08:45:00,0.0078,0.00783,0.00778,0.00783,3095217.0
2023-11-23 09:00:00,0.00783,0.00783,0.00779,0.0078,688107.0
2023-11-23 09:15:00,0.0078,0.00781,0.00779,0.00779,103278.0
2023-11-23 09:30:00,0.00779,0.0078,0.00779,0.0078,113098.0
2023-11-23 09:45:00,0.0078,0.00782,0.0078,0.00782,1290821.0
2023-11-23 10:00:00,0.00782,0.00782,0.00777,0.00779,1770939.0
2023-11-23 10:15:00,0.00778,0.00778,0.00775,0.00777,641533.0
2023-11-23 10:30:00,0.00777,0.00778,0.00774,0.00774,1859387.0
2023-11-23 10:45:00,0.00774,0.00774,0.00771,0.00772,1377095.0
2023-11-23 11:00:00,0.00772,0.00772,0.00764,0.00766,3297000.0
2023-11-23 11:15:00,0.00766,0.00766,0.00759,0.00765,4990738.0
2023-11-23 11:30:00,0.00765,0.00767,0.00764,0.00766,688361.0
2023-11-23 11:45:00,0.00765,0.00766,0.00762,0.00765,1377700.0
2023-11-23 12:00:00,0.00765,0.00768,0.00763,0.00768,1580834.0
2023-11-23 12:15:00,0.00767,0.00769,0.00766,0.00768,1173022.0
2023-11-23 12:30:00,0.00767,0.00768,0.00764,0.00764,2116223.0
2023-11-23 12:45:00,0.00764,0.00764,0.0076,0.00761,1232404.0
2023-11-23 13:00:00,0.00761,0.00764,0.00761,0.00762,498491.0
2023-11-23 13:15:00,0.00763,0.00765,0.00763,0.00764,868780.0
2023-11-23 13:30:00,0.00764,0.00765,0.00762,0.00763,973000.0
2023-11-23 13:45:00,0.00763,0.00763,0.00759,0.00761,2567760.0
2023-11-23 14:00:00,0.00761,0.00765,0.0076,0.00764,2841974.0
2023-11-23 14:15:00,0.00764,0.00765,0.0076,0.00761,1495090.0
2023-11-23 14:30:00,0.00762,0.00764,0.0076,0.00763,1669319.0
2023-11-23 14:45:00,0.00762,0.00763,0.00758,0.0076,2143485.0
2023-11-23 15:00:00,0.00761,0.00762,0.00759,0.00759,765604.0
2023-11-23 15:15:00,0.00759,0.00759,0.00748,0.00753,11321863.0
2023-11-23 15:30:00,0.00752,0.00755,0.0075,0.00755,2858365.0
2023-11-23 15:45:00,0.00755,0.00755,0.00752,0.00754,2250015.0
2023-11-23 16:00:00,0.00753,0.00759,0.00753,0.00758,1840081.0
2023-11-23 16:15:00,0.00758,0.00762,0.00758,0.00761,453577.0
2023-11-23 16:30:00,0.00761,0.00761,0.00758,0.00759,1807074.0
2023-11-23 16:45:00,0.00759,0.00761,0.00758,0.00759,1567113.0
2023-11-23 17:00:00,0.0076,0.00763,0.0076,0.00763,749122.0
2023-11-23 17:15:00,0.00762,0.00763,0.00762,0.00763,653177.0
2023-11-23 17:30:00,0.00763,0.00763,0.00758,0.0076,2631592.0
2023-11-23 17:45:00,0.00761,0.00762,0.0076,0.0076,395834.0
2023-11-23 18:00:00,0.00761,0.00764,0.00759,0.00762,503789.0
2023-11-23 18:15:00,0.00762,0.00763,0.0076,0.0076,483664.0
2023-11-23 18:30:00,0.0076,0.00762,0.00759,0.00759,466039.0
2023-11-23 18:45:00,0.00759,0.00762,0.00759,0.00761,148642.0
2023-11-23 19:00:00,0.00761,0.00762,0.00754,0.00756,3072538.0
2023-11-23 19:15:00,0.00756,0.00759,0.00756,0.00757,532532.0
2023-11-23 19:30:00,0.00756,0.00759,0.00756,0.00757,628382.0
2023-11-23 19:45:00,0.00758,0.00759,0.00757,0.00757,1012812.0
2023-11-23 20:00:00,0.00757,0.00759,0.00757,0.00758,239574.0
2023-11-23 20:15:00,0.00759,0.00762,0.00759,0.00762,1679695.0
2023-11-23 20:30:00,0.00761,0.00761,0.00757,0.00758,829585.0
2023-11-23 20:45:00,0.00758,0.0076,0.00757,0.0076,640272.0
2023-11-23 21:00:00,0.00759,0.00763,0.00759,0.00762,1377600.0
2023-11-23 21:15:00,0.00762,0.00762,0.0076,0.00761,801821.0
2023-11-23 21:30:00,0.00761,0.00763,0.00758,0.0076,2920726.0
2023-11-23 21:45:00,0.00761,0.00762,0.00759,0.00761,270036.0
2023-11-23 22:00:00,0.0076,0.00761,0.00759,0.0076,126654.0
2023-11-23 22:15:00,0.0076,0.00762,0.00759,0.00761,406551.0
2023-11-23 22:30:00,0.00762,0.00763,0.00762,0.00763,502815.0
2023-11-23 22:45:00,0.00763,0.00766,0.00763,0.00766,493894.0
2023-11-23 23:00:00,0.00766,0.00769,0.00765,0.00768,961642.0
2023-11-23 23:15:00,0.00768,0.00769,0.00766,0.00767,1877073.0
2023-11-23 23:30:00,0.00767,0.00769,0.00765,0.00766,653856.0
2023-11-23 23:45:00,0.00766,0.00768,0.00766,0.00766,452955.0
2023-11-24 00:00:00,0.00767,0.00771,0.00766,0.00767,2295867.0
2023-11-24 00:15:00,0.00766,0.0078,0.00765,0.00777,9876608.0
2023-11-24 00:30:00,0.00776,0.00778,0.00775,0.00776,1262327.0
2023-11-24 00:45:00,0.00775,0.00779,0.00774,0.00778,2582107.0
2023-11-24 01:00:00,0.00777,0.00781,0.00771,0.00779,5420065.0
2023-11-24 01:15:00,0.00779,0.0078,0.00779,0.00779,600158.0
2023-11-24 01:30:00,0.00779,0.00779,0.00775,0.00775,821994.0
2023-11-24 01:45:00,0.00775,0.00777,0.00773,0.00773,3663076.0
2023-11-24 02:00:00,0.00774,0.00776,0.00772,0.00775,1116704.0
2023-11-24 02:15:00,0.00775,0.00777,0.00775,0.00777,294183.0
2023-11-24 02:30:00,0.00777,0.0078,0.00777,0.00778,3221226.0
2023-11-24 02:45:00,0.00778,0.00778,0.00776,0.00777,966023.0
2023-11-24 03:00:00,0.00776,0.00777,0.00775,0.00777,230504.0
2023-11-24 03:15:00,0.00776,0.00782,0.00776,0.0078,2687912.0
2023-11-24 03:30:00,0.0078,0.0078,0.00777,0.00778,1450545.0
2023-11-24 03:45:00,0.00778,0.0078,0.00778,0.0078,169849.0
2023-11-24 04:00:00,0.00779,0.00781,0.00778,0.00778,715462.0
2023-11-24 04:15:00,0.00778,0.00779,0.00777,0.00777,381558.0
2023-11-24 04:30:00,0.00777,0.00777,0.00776,0.00777,273721.0
2023-11-24 04:45:00,0.00777,0.0078,0.00777,0.00779,1469117.0
2023-11-24 05:00:00,0.00779,0.00779,0.00774,0.00778,1554898.0
2023-11-24 05:15:00,0.00778,0.00779,0.00777,0.00779,403740.0
2023-11-24 05:30:00,0.0078,0.0078,0.00779,0.0078,432102.0
2023-11-24 05:45:00,0.00779,0.0078,0.00778,0.0078,602732.0
2023-11-24 06:00:00,0.0078,0.00782,0.00779,0.00782,472390.0
2023-11-24 06:15:00,0.00782,0.00784,0.00781,0.00783,520655.0
2023-11-24 06:30:00,0.00784,0.00786,0.00783,0.00784,3102461.0
2023-11-24 06:45:00,0.00784,0.00784,0.0078,0.00781,2603676.0
2023-11-24 07:00:00,0.00781,0.00782,0.00779,0.0078,700574.0
2023-11-24 07:15:00,0.0078,0.00781,0.00779,0.00781,1229389.0
2023-11-24 07:30:00,0.00782,0.00787,0.00778,0.00783,8661392.0
2023-11-24 07:45:00,0.00784,0.0079,0.00783,0.00789,7469656.0
2023-11-24 08:00:00,0.00789,0.00789,0.00786,0.00786,1467669.0
2023-11-24 08:15:00,0.00786,0.00789,0.00782,0.00785,3368940.0
2023-11-24 08:30:00,0.00786,0.00786,0.00784,0.00786,498452.0
2023-11-24 08:45:00,0.00785,0.00785,0.00782,0.00783,3021146.0
2023-11-24 09:00:00,0.00783,0.00786,0.0078,0.00786,1232042.0
2023-11-24 09:15:00,0.00786,0.00789,0.00783,0.00785,7989979.0
2023-11-24 09:30:00,0.00785,0.00788,0.00784,0.00788,3280571.0
2023-11-24 09:45:00,0.00789,0.00789,0.00785,0.00786,941038.0
2023-11-24 10:00:00,0.00786,0.00786,0.00785,0.00786,536985.0
2023-11-24 10:15:00,0.00786,0.00789,0.00784,0.00786,1331090.0
2023-11-24 10:30:00,0.00787,0.0079,0.0078,0.00782,2017074.0
2023-11-24 10:45:00,0.00781,0.00784,0.00779,0.0078,1648145.0
2023-11-24 11:00:00,0.00781,0.00783,0.00779,0.00782,2005683.0
2023-11-24 11:15:00,0.00783,0.00783,0.00781,0.00781,365196.0
2023-11-24 11:30:00,0.00782,0.00785,0.0078,0.00781,3067783.0
2023-11-24 11:45:00,0.00781,0.00782,0.00777,0.00778,1740448.0
2023-11-24 12:00:00,0.00778,0.00782,0.00776,0.00782,2092879.0
2023-11-24 12:15:00,0.00782,0.00786,0.00782,0.00784,3761081.0
2023-11-24 12:30:00,0.00784,0.00785,0.00782,0.00785,2835753.0
2023-11-24 12:45:00,0.00785,0.00785,0.00783,0.00783,1657224.0
2023-11-24 13:00:00,0.00783,0.00785,0.00781,0.00785,1698489.0
2023-11-24 13:15:00,0.00785,0.00786,0.00782,0.00782,3086479.0
2023-11-24 13:30:00,0.00784,0.00784,0.00782,0.00784,1125450.0
2023-11-24 13:45:00,0.00784,0.00787,0.00784,0.00786,1084610.0
2023-11-24 14:00:00,0.00786,0.00787,0.00784,0.00785,1567666.0
2023-11-24 14:15:00,0.00785,0.00786,0.00781,0.00781,4151879.0
2023-11-24 14:30:00,0.00781,0.00786,0.00781,0.00784,1472471.0
2023-11-24 14:45:00,0.00784,0.00788,0.00784,0.00787,1339314.0
2023-11-24 15:00:00,0.00787,0.0079,0.00787,0.00789,2419328.0
2023-11-24 15:15:00,0.00789,0.00794,0.00788,0.00793,2845343.0
2023-11-24 15:30:00,0.00793,0.00799,0.0079,0.00797,5568285.0
2023-11-24 15:45:00,0.00797,0.00797,0.00793,0.00795,2987413.0
2023-11-24 16:00:00,0.00795,0.008,0.00794,0.008,6464224.0
2023-11-24 16:15:00,0.008,0.00801,0.00796,0.00799,2477007.0
2023-11-24 16:30:00,0.00798,0.008,0.00795,0.00796,1500516.0
2023-11-24 16:45:00,0.00797,0.00797,0.00786,0.00789,5589192.0
2023-11-24 17:00:00,0.00789,0.00794,0.00788,0.00794,2847588.0
2023-11-24 17:15:00,0.00794,0.00796,0.00793,0.00796,2203230.0
2023-11-24 17:30:00,0.00796,0.00797,0.00793,0.00793,772895.0
2023-11-24 17:45:00,0.00793,0.00793,0.00791,0.00792,1320131.0
2023-11-24 18:00:00,0.00791,0.00793,0.00789,0.00791,657840.0
2023-11-24 18:15:00,0.0079,0.0079,0.00786,0.00787,2051902.0
2023-11-24 18:30:00,0.00787,0.00787,0.00784,0.00785,1034027.0
2023-11-24 18:45:00,0.00785,0.00788,0.00785,0.00788,1383127.0
2023-11-24 19:00:00,0.00787,0.00787,0.00785,0.00786,513328.0
2023-11-24 19:15:00,0.00786,0.00786,0.00783,0.00785,1255130.0
2023-11-24 19:30:00,0.00785,0.00786,0.00783,0.00786,356524.0
2023-11-24 19:45:00,0.00786,0.00788,0.00786,0.00787,448621.0
2023-11-24 20:00:00,0.00787,0.00788,0.00785,0.00788,291797.0
2023-11-24 20:15:00,0.00787,0.00787,0.00784,0.00787,522959.0
2023-11-24 20:30:00,0.00788,0.00789,0.00787,0.00789,250571.0
2023-11-24 20:45:00,0.00789,0.00791,0.00788,0.00791,857037.0
2023-11-24 21:00:00,0.00791,0.00794,0.0079,0.00793,642086.0
2023-11-24 21:15:00,0.00793,0.00795,0.0079,0.00792,2536588.0
2023-11-24 21:30:00,0.00791,0.00791,0.00788,0.00789,897192.0
2023-11-24 21:45:00,0.0079,0.00791,0.00786,0.00787,767118.0
2023-11-24 22:00:00,0.00787,0.00789,0.00781,0.00783,5438356.0
2023-11-24 22:15:00,0.00783,0.00786,0.00783,0.00785,622138.0
2023-11-24 22:30:00,0.00786,0.00788,0.00786,0.00788,780902.0
2023-11-24 22:45:00,0.00788,0.00788,0.00785,0.00785,1007822.0
2023-11-24 23:00:00,0.00785,0.00785,0.00778,0.00781,1716203.0
2023-11-24 23:15:00,0.0078,0.00783,0.0078,0.00783,1290063.0
2023-11-24 23:30:00,0.00783,0.00787,0.00782,0.00787,868914.0
2023-11-24 23:45:00,0.00787,0.00788,0.00786,0.00787,328351.0
2023-11-25 00:00:00,0.00787,0.0079,0.00782,0.00789,1744370.0
2023-11-25 00:15:00,0.00789,0.0079,0.00787,0.00789,818380.0
2023-11-25 00:30:00,0.00789,0.00789,0.00789,0.00789,193781.0
2023-11-25 00:45:00,0.00789,0.00791,0.00789,0.00789,569805.0
2023-11-25 01:00:00,0.00789,0.00796,0.00789,0.00795,4114824.0
2023-11-25 01:15:00,0.00795,0.00796,0.00794,0.00796,1313271.0
2023-11-25 01:30:00,0.00796,0.008,0.00796,0.008,3319292.0
2023-11-25 01:45:00,0.00799,0.00802,0.00799,0.00802,1041431.0
2023-11-25 02:00:00,0.00801,0.00802,0.00799,0.00799,1301438.0
2023-11-25 02:15:00,0.00799,0.00799,0.00797,0.00799,774209.0
2023-11-25 02:30:00,0.00799,0.00801,0.00799,0.008,471828.0
2023-11-25 02:45:00,0.008,0.00803,0.008,0.00802,1006996.0
2023-11-25 03:00:00,0.00802,0.00804,0.008,0.00803,460516.0
2023-11-25 03:15:00,0.00803,0.00805,0.00803,0.00804,1658595.0
2023-11-25 03:30:00,0.00804,0.00806,0.00803,0.00806,1253673.0
2023-11-25 03:45:00,0.00805,0.00805,0.00802,0.00803,1358585.0
2023-11-25 04:00:00,0.00804,0.00806,0.00801,0.00802,620490.0
2023-11-25 04:15:00,0.00803,0.00806,0.00802,0.00805,531770.0
2023-11-25 04:30:00,0.00804,0.00805,0.00802,0.00802,1897108.0
2023-11-25 04:45:00,0.00802,0.00807,0.00801,0.00806,2809322.0
2023-11-25 05:00:00,0.00805,0.00806,0.00804,0.00804,433157.0
2023-11-25 05:15:00,0.00804,0.00805,0.00801,0.00805,1088693.0
2023-11-25 05:30:00,0.00804,0.00806,0.00803,0.00804,2155406.0
2023-11-25 05:45:00,0.00804,0.00804,0.00802,0.00803,428907.0
2023-11-25 06:00:00,0.00802,0.00806,0.00802,0.00805,883655.0
2023-11-25 06:15:00,0.00804,0.00806,0.00804,0.00806,2078867.0
2023-11-25 06:30:00,0.00806,0.00807,0.00805,0.00807,683579.0
2023-11-25 06:45:00,0.00807,0.00808,0.00806,0.00806,159745.0
2023-11-25 07:00:00,0.00806,0.00807,0.00805,0.00806,2480219.0
2023-11-25 07:15:00,0.00806,0.00812,0.00806,0.00811,4647274.0
2023-11-25 07:30:00,0.0081,0.00815,0.0081,0.00812,5399736.0
2023-11-25 07:45:00,0.00812,0.00813,0.00809,0.00811,1055966.0
2023-11-25 08:00:00,0.00811,0.00813,0.00811,0.00811,851954.0
2023-11-25 08:15:00,0.00812,0.00812,0.00809,0.0081,319799.0
2023-11-25 08:30:00,0.00811,0.00812,0.00808,0.00809,1159285.0
2023-11-25 08:45:00,0.00809,0.0081,0.00806,0.00807,1116704.0
2023-11-25 09:00:00,0.00807,0.00809,0.00806,0.00807,824736.0
2023-11-25 09:15:00,0.00808,0.00809,0.00803,0.00807,3804692.0
2023-11-25 09:30:00,0.00807,0.00807,0.00804,0.00806,414261.0
2023-11-25 09:45:00,0.00807,0.00808,0.00806,0.00807,416473.0
2023-11-25 10:00:00,0.00806,0.00808,0.00805,0.00806,354253.0
2023-11-25 10:15:00,0.00806,0.00806,0.00803,0.00804,2035172.0
2023-11-25 10:30:00,0.00804,0.00804,0.00798,0.00799,2549639.0
2023-11-25 10:45:00,0.00798,0.00802,0.00797,0.008,2039248.0
2023-11-25 11:00:00,0.008,0.00801,0.00799,0.00801,478924.0
2023-11-25 11:15:00,0.00801,0.00804,0.00794,0.00795,34129483.0
2023-11-25 11:30:00,0.00795,0.00797,0.00787,0.00788,10625829.0
2023-11-25 11:45:00,0.00788,0.00792,0.00788,0.00791,1982226.0
2023-11-25 12:00:00,0.0079,0.00796,0.0079,0.00796,2043648.0
2023-11-25 12:15:00,0.00795,0.00798,0.00795,0.00797,813767.0
2023-11-25 12:30:00,0.00798,0.00798,0.00796,0.00798,990520.0
2023-11-25 12:45:00,0.00797,0.00799,0.00797,0.00799,330674.0
2023-11-25 13:00:00,0.00799,0.008,0.00797,0.00799,2275443.0
2023-11-25 13:15:00,0.00799,0.00799,0.00796,0.00798,2149612.0
2023-11-25 13:30:00,0.00798,0.00801,0.00798,0.00801,1874780.0
2023-11-25 13:45:00,0.00801,0.00803,0.00801,0.00803,1863120.0
2023-11-25 14:00:00,0.00802,0.00802,0.008,0.008,624905.0
2023-11-25 14:15:00,0.008,0.008,0.00798,0.00799,434289.0
2023-11-25 14:30:00,0.008,0.00802,0.008,0.00801,821395.0
2023-11-25 14:45:00,0.00801,0.00804,0.008,0.00802,639822.0
2023-11-25 15:00:00,0.00803,0.00804,0.00801,0.00802,1427149.0
2023-11-25 15:15:00,0.00802,0.00803,0.00797,0.008,1632944.0
2023-11-25 15:30:00,0.008,0.00802,0.00799,0.008,1408766.0
2023-11-25 15:45:00,0.00801,0.00805,0.00801,0.00803,897015.0
2023-11-25 16:00:00,0.00803,0.00806,0.00803,0.00804,1036035.0
2023-11-25 16:15:00,0.00804,0.00804,0.00802,0.00802,323245.0
2023-11-25 16:30:00,0.00802,0.00802,0.008,0.00801,169883.0
2023-11-25 16:45:00,0.00801,0.00803,0.00801,0.00802,92657.0
2023-11-25 17:00:00,0.00802,0.00806,0.00802,0.00804,950677.0
2023-11-25 17:15:00,0.00804,0.00805,0.00803,0.00804,374514.0
2023-11-25 17:30:00,0.00804,0.00805,0.00803,0.00804,1015590.0
2023-11-25 17:45:00,0.00804,0.00804,0.00802,0.00803,799128.0
2023-11-25 18:00:00,0.00802,0.00803,0.00801,0.00801,426138.0
2023-11-25 18:15:00,0.00801,0.00803,0.00798,0.00803,2841128.0
2023-11-25 18:30:00,0.00802,0.00805,0.00802,0.00802,997650.0
2023-11-25 18:45:00,0.00802,0.00802,0.00801,0.00801,125791.0
2023-11-25 19:00:00,0.00801,0.00803,0.00801,0.00802,1571629.0
2023-11-25 19:15:00,0.00801,0.00801,0.00799,0.008,539233.0
2023-11-25 19:30:00,0.008,0.008,0.00798,0.008,696149.0
2023-11-25 19:45:00,0.00799,0.008,0.00798,0.00799,364712.0
2023-11-25 20:00:00,0.00799,0.00801,0.00798,0.00799,1039084.0
2023-11-25 20:15:00,0.008,0.008,0.00796,0.00796,1736774.0
2023-11-25 20:30:00,0.00796,0.00797,0.00795,0.00795,1637591.0
2023-11-25 20:45:00,0.00796,0.00798,0.00795,0.00798,896391.0
2023-11-25 21:00:00,0.00798,0.00799,0.00797,0.00798,723737.0
2023-11-25 21:15:00,0.00799,0.00802,0.00799,0.00801,2035152.0
2023-11-25 21:30:00,0.00801,0.00803,0.00801,0.00801,816757.0
2023-11-25 21:45:00,0.00801,0.00805,0.00801,0.00804,1462584.0
2023-11-25 22:00:00,0.00804,0.00807,0.00803,0.00803,1948332.0
2023-11-25 22:15:00,0.00804,0.00806,0.00803,0.00805,3725441.0
2023-11-25 22:30:00,0.00804,0.00804,0.00802,0.00803,883083.0
2023-11-25 22:45:00,0.00803,0.00803,0.00802,0.00802,238435.0
2023-11-25 23:00:00,0.00802,0.00806,0.00802,0.00803,587608.0
2023-11-25 23:15:00,0.00803,0.00804,0.00802,0.00803,128366.0
2023-11-25 23:30:00,0.00803,0.00804,0.00802,0.00804,579400.0
2023-11-25 23:45:00,0.00804,0.00806,0.00804,0.00806,392893.0
2023-11-26 00:00:00,0.00805,0.00806,0.00801,0.00802,9685086.0
2023-11-26 00:15:00,0.00803,0.00808,0.008,0.00805,7772443.0
2023-11-26 00:30:00,0.00805,0.00807,0.00804,0.00807,4526164.0
2023-11-26 00:45:00,0.00807,0.00807,0.00806,0.00806,219477.0
2023-11-26 01:00:00,0.00805,0.00806,0.00803,0.00803,986694.0
2023-11-26 01:15:00,0.00802,0.00802,0.00798,0.008,2358135.0
2023-11-26 01:30:00,0.008,0.00802,0.00798,0.00802,1108231.0
2023-11-26 01:45:00,0.00801,0.00802,0.00795,0.00795,1222262.0
2023-11-26 02:00:00,0.00796,0.008,0.00795,0.008,2347826.0
2023-11-26 02:15:00,0.008,0.00801,0.00799,0.00801,842890.0
2023-11-26 02:30:00,0.00801,0.00802,0.00799,0.00801,703090.0
2023-11-26 02:45:00,0.008,0.00802,0.008,0.00801,186291.0
2023-11-26 03:00:00,0.008,0.00802,0.00799,0.008,1208670.0
2023-11-26 03:15:00,0.008,0.008,0.00798,0.00798,603698.0
2023-11-26 03:30:00,0.00799,0.008,0.00796,0.00796,1302088.0
2023-11-26 03:45:00,0.00796,0.00797,0.00795,0.00796,466367.0
2023-11-26 04:00:00,0.00797,0.00797,0.00793,0.00794,407559.0
2023-11-26 04:15:00,0.00795,0.00795,0.00794,0.00795,705453.0
2023-11-26 04:30:00,0.00796,0.00798,0.00796,0.00798,725827.0
2023-11-26 04:45:00,0.00798,0.008,0.00797,0.00798,1656728.0
2023-11-26 05:00:00,0.00798,0.008,0.00798,0.008,370474.0
2023-11-26 05:15:00,0.00801,0.00802,0.008,0.00802,968364.0
2023-11-26 05:30:00,0.00802,0.00802,0.008,0.00801,652980.0
2023-11-26 05:45:00,0.00801,0.00803,0.00801,0.00802,594205.0
2023-11-26 06:00:00,0.00802,0.00802,0.00801,0.00801,1409997.0
2023-11-26 06:15:00,0.00801,0.00801,0.00799,0.00799,909722.0
2023-11-26 06:30:00,0.00799,0.00801,0.00798,0.008,1306924.0
2023-11-26 06:45:00,0.008,0.00803,0.008,0.00801,956600.0
2023-11-26 07:00:00,0.00801,0.00802,0.008,0.00801,671284.0
2023-11-26 07:15:00,0.00801,0.00803,0.008,0.00801,2871173.0
2023-11-26 07:30:00,0.00802,0.00802,0.008,0.008,1061116.0
2023-11-26 07:45:00,0.00801,0.00802,0.008,0.00801,921033.0
2023-11-26 08:00:00,0.008,0.008,0.00798,0.008,1552769.0
2023-11-26 08:15:00,0.008,0.00801,0.008,0.00801,348593.0
2023-11-26 08:30:00,0.00801,0.00804,0.00799,0.00801,7697761.0
2023-11-26 08:45:00,0.008,0.00811,0.008,0.00804,22660487.0
2023-11-26 09:00:00,0.00804,0.0081,0.00804,0.00806,5295231.0
2023-11-26 09:15:00,0.00806,0.00806,0.00804,0.00805,2715317.0
2023-11-26 09:30:00,0.00805,0.00805,0.00803,0.00805,1084371.0
2023-11-26 09:45:00,0.00805,0.00808,0.00804,0.00808,1525760.0
2023-11-26 10:00:00,0.00807,0.0081,0.00807,0.00807,3228797.0
2023-11-26 10:15:00,0.00807,0.00808,0.00806,0.00807,531007.0
2023-11-26 10:30:00,0.00807,0.00809,0.00807,0.00807,772230.0
2023-11-26 10:45:00,0.00807,0.00807,0.00801,0.00801,2537216.0
2023-11-26 11:00:00,0.00802,0.00807,0.00802,0.00803,1230077.0
2023-11-26 11:15:00,0.00804,0.00808,0.00804,0.00805,1891537.0
2023-11-26 11:30:00,0.00804,0.00806,0.00804,0.00806,821204.0
2023-11-26 11:45:00,0.00805,0.00805,0.008,0.00802,1850676.0
2023-11-26 12:00:00,0.00802,0.00804,0.008,0.00801,1895320.0
2023-11-26 12:15:00,0.00801,0.00803,0.00799,0.00803,4430569.0
2023-11-26 12:30:00,0.00803,0.00811,0.00802,0.00809,3184278.0
2023-11-26 12:45:00,0.00809,0.0082,0.00809,0.00819,16455825.0
2023-11-26 13:00:00,0.00819,0.00819,0.00816,0.00817,1661624.0
2023-11-26 13:15:00,0.00817,0.00817,0.00811,0.00813,2723132.0
2023-11-26 13:30:00,0.00813,0.00814,0.00806,0.00807,2890592.0
2023-11-26 13:45:00,0.00807,0.00814,0.00807,0.00813,1280533.0
2023-11-26 14:00:00,0.00813,0.00815,0.00809,0.0081,2172579.0
2023-11-26 14:15:00,0.0081,0.0081,0.00801,0.00802,4878535.0
2023-11-26 14:30:00,0.00802,0.00812,0.008,0.0081,12351482.0
2023-11-26 14:45:00,0.0081,0.0081,0.00804,0.00804,1011727.0
2023-11-26 15:00:00,0.00804,0.0081,0.00802,0.00809,1626943.0
2023-11-26 15:15:00,0.00808,0.00808,0.00804,0.00807,1793423.0
2023-11-26 15:30:00,0.00808,0.00811,0.00804,0.00804,3011908.0
2023-11-26 15:45:00,0.00804,0.00804,0.00795,0.00798,7959685.0
2023-11-26 16:00:00,0.00797,0.00801,0.00796,0.00798,1975046.0
2023-11-26 16:15:00,0.00797,0.008,0.00772,0.00783,18288326.0
2023-11-26 16:30:00,0.00783,0.00793,0.00781,0.00793,8782121.0
2023-11-26 16:45:00,0.00792,0.00799,0.00791,0.00799,4252898.0
2023-11-26 17:00:00,0.00798,0.00807,0.00796,0.00801,9455355.0
2023-11-26 17:15:00,0.00801,0.00803,0.00797,0.008,2101787.0
2023-11-26 17:30:00,0.008,0.00817,0.008,0.00811,37441412.0
2023-11-26 17:45:00,0.00811,0.00811,0.00807,0.00808,2429822.0
2023-11-26 18:00:00,0.00807,0.00821,0.00805,0.00819,24399297.0
2023-11-26 18:15:00,0.00818,0.0082,0.00803,0.00808,15148768.0
2023-11-26 18:30:00,0.00808,0.00834,0.00808,0.00824,38429919.0
2023-11-26 18:45:00,0.00824,0.00835,0.00822,0.00831,40947034.0
2023-11-26 19:00:00,0.00831,0.00854,0.0083,0.00846,33996904.0
2023-11-26 19:15:00,0.00846,0.00855,0.00844,0.00854,57166076.0
2023-11-26 19:30:00,0.00854,0.0086,0.0085,0.00854,15069242.0
2023-11-26 19:45:00,0.00855,0.00869,0.0085,0.00868,27973472.0
2023-11-26 20:00:00,0.00867,0.00889,0.00859,0.00871,113786626.0
2023-11-26 20:15:00,0.00871,0.00879,0.00852,0.00856,31056342.0
2023-11-26 20:30:00,0.00855,0.00862,0.00844,0.00859,48591260.0
2023-11-26 20:45:00,0.00858,0.00861,0.00847,0.00852,32343863.0
2023-11-26 21:00:00,0.00852,0.00863,0.0085,0.00862,32020608.0
2023-11-26 21:15:00,0.00862,0.00862,0.00851,0.00852,9648343.0
2023-11-26 21:30:00,0.00852,0.00853,0.00825,0.00827,89282518.0
2023-11-26 21:45:00,0.00827,0.00831,0.00814,0.00827,86233293.0
2023-11-26 22:00:00,0.00827,0.00836,0.00821,0.00827,84969192.0
2023-11-26 22:15:00,0.00828,0.00837,0.00825,0.00832,32378335.0
2023-11-26 22:30:00,0.00832,0.00837,0.00829,0.00836,4980304.0
2023-11-26 22:45:00,0.00836,0.00842,0.00835,0.00839,3444590.0
2023-11-26 23:00:00,0.00839,0.00839,0.00832,0.00835,4148815.0
2023-11-26 23:15:00,0.00835,0.00839,0.00831,0.00836,2698498.0
2023-11-26 23:30:00,0.00836,0.00838,0.00833,0.00834,1984369.0
2023-11-26 23:45:00,0.00834,0.00838,0.00833,0.00835,2227246.0
2023-11-27 00:00:00,0.00834,0.00834,0.00828,0.00831,3727490.0
2023-11-27 00:15:00,0.00831,0.00841,0.0083,0.0084,6382982.0
2023-11-27 00:30:00,0.0084,0.0084,0.00836,0.00839,1698423.0
2023-11-27 00:45:00,0.00839,0.00846,0.00839,0.0084,6168961.0
2023-11-27 01:00:00,0.0084,0.00846,0.0084,0.00845,2868076.0
2023-11-27 01:15:00,0.00845,0.00846,0.00836,0.0084,3552873.0
2023-11-27 01:30:00,0.00839,0.00839,0.00831,0.00832,5105236.0
2023-11-27 01:45:00,0.00833,0.00837,0.0083,0.00837,2526983.0
2023-11-27 02:00:00,0.00836,0.00837,0.00822,0.00827,10607876.0
2023-11-27 02:15:00,0.00826,0.0083,0.00826,0.00828,2484713.0
2023-11-27 02:30:00,0.00828,0.00828,0.00823,0.00824,1825508.0
2023-11-27 02:45:00,0.00824,0.0083,0.00822,0.00827,3417458.0
2023-11-27 03:00:00,0.00827,0.00828,0.00817,0.00817,7261829.0
2023-11-27 03:15:00,0.00817,0.00818,0.00811,0.00813,5250565.0
2023-11-27 03:30:00,0.00813,0.00815,0.00805,0.00812,9330067.0
2023-11-27 03:45:00,0.00812,0.0082,0.00811,0.00819,5548451.0
2023-11-27 04:00:00,0.00819,0.00821,0.00816,0.0082,1473860.0
2023-11-27 04:15:00,0.0082,0.0082,0.00815,0.00819,1968383.0
2023-11-27 04:30:00,0.00819,0.0082,0.00816,0.00816,1406934.0
2023-11-27 04:45:00,0.00816,0.00821,0.00816,0.00819,2346344.0
2023-11-27 05:00:00,0.00819,0.0082,0.00818,0.0082,1900563.0
2023-11-27 05:15:00,0.0082,0.00821,0.00811,0.00814,3947706.0
2023-11-27 05:30:00,0.00814,0.00815,0.00805,0.00809,6368192.0
2023-11-27 05:45:00,0.00809,0.00812,0.00807,0.00808,2237199.0
2023-11-27 06:00:00,0.00809,0.00812,0.00801,0.00808,19693685.0
2023-11-27 06:15:00,0.00809,0.00811,0.00804,0.00806,8500462.0
2023-11-27 06:30:00,0.00806,0.00807,0.008,0.00801,9415531.0
2023-11-27 06:45:00,0.00801,0.00803,0.00793,0.00793,14075756.0
2023-11-27 07:00:00,0.00792,0.00798,0.00792,0.00796,7220495.0
2023-11-27 07:15:00,0.00797,0.00799,0.00786,0.00789,10963589.0
2023-11-27 07:30:00,0.0079,0.00797,0.00786,0.00796,8729868.0
2023-11-27 07:45:00,0.00796,0.00801,0.00796,0.00798,6347020.0
2023-11-27 08:00:00,0.00798,0.00802,0.00797,0.00802,3123794.0
2023-11-27 08:15:00,0.00802,0.00802,0.00799,0.00801,1972838.0
2023-11-27 08:30:00,0.00801,0.00802,0.00797,0.00799,561022.0
2023-11-27 08:45:00,0.00799,0.008,0.00793,0.00795,2951214.0
2023-11-27 09:00:00,0.00794,0.00797,0.00793,0.00797,1905985.0
2023-11-27 09:15:00,0.00798,0.00801,0.00795,0.00797,2558368.0
2023-11-27 09:30:00,0.00797,0.008,0.00796,0.00799,7474690.0
2023-11-27 09:45:00,0.00799,0.00802,0.00798,0.00798,2419491.0
2023-11-27 10:00:00,0.00798,0.00802,0.00794,0.00796,11394575.0
2023-11-27 10:15:00,0.00796,0.00797,0.00788,0.00791,2584128.0
2023-11-27 10:30:00,0.00791,0.00793,0.00785,0.00791,5495338.0
2023-11-27 10:45:00,0.0079,0.00791,0.00781,0.00786,6088013.0
2023-11-27 11:00:00,0.00787,0.00793,0.00784,0.00787,5929849.0
2023-11-27 11:15:00,0.00787,0.00792,0.00785,0.00788,4497788.0
2023-11-27 11:30:00,0.00788,0.00791,0.00783,0.00791,5004087.0
2023-11-27 11:45:00,0.00791,0.00793,0.0079,0.0079,1310753.0
2023-11-27 12:00:00,0.0079,0.00792,0.00788,0.00789,2590579.0
2023-11-27 12:15:00,0.00788,0.00789,0.00784,0.00785,4713546.0
2023-11-27 12:30:00,0.00784,0.00786,0.00781,0.00783,3374269.0
2023-11-27 12:45:00,0.00783,0.00787,0.00781,0.00781,2303610.0
2023-11-27 13:00:00,0.00782,0.00786,0.0078,0.00784,2975714.0
2023-11-27 13:15:00,0.00783,0.00787,0.0078,0.00786,3154556.0
2023-11-27 13:30:00,0.00785,0.00786,0.00781,0.00782,1072415.0
2023-11-27 13:45:00,0.00782,0.00785,0.00776,0.00785,5403898.0
2023-11-27 14:00:00,0.00785,0.00787,0.00783,0.00783,1605627.0
2023-11-27 14:15:00,0.00782,0.00782,0.00776,0.00777,1995257.0
2023-11-27 14:30:00,0.00777,0.0078,0.00774,0.00777,1947017.0
2023-11-27 14:45:00,0.00777,0.00779,0.00772,0.00775,4114687.0
2023-11-27 15:00:00,0.00775,0.00784,0.00772,0.00778,9075442.0
2023-11-27 15:15:00,0.00779,0.00782,0.00779,0.00779,2015934.0
2023-11-27 15:30:00,0.00779,0.0078,0.00776,0.00777,2309620.0
2023-11-27 15:45:00,0.00777,0.00777,0.00768,0.00769,9118432.0
2023-11-27 16:00:00,0.00768,0.00771,0.00765,0.0077,6742956.0
2023-11-27 16:15:00,0.00769,0.00773,0.00769,0.00772,3409654.0
2023-11-27 16:30:00,0.00772,0.00776,0.00769,0.00776,1509497.0
2023-11-27 16:45:00,0.00776,0.00779,0.00774,0.00778,2503076.0
2023-11-27 17:00:00,0.00779,0.00781,0.00776,0.00781,2105241.0
2023-11-27 17:15:00,0.0078,0.0078,0.00778,0.00779,1796643.0
2023-11-27 17:30:00,0.00778,0.00779,0.00774,0.00776,4008088.0
2023-11-27 17:45:00,0.00775,0.00775,0.00771,0.00772,2296655.0
2023-11-27 18:00:00,0.00772,0.00774,0.00772,0.00774,861439.0
2023-11-27 18:15:00,0.00774,0.00776,0.00773,0.00774,1099500.0
2023-11-27 18:30:00,0.00775,0.00776,0.00771,0.00773,1374227.0
2023-11-27 18:45:00,0.00772,0.00773,0.00767,0.00768,3675346.0
2023-11-27 19:00:00,0.00768,0.0077,0.00763,0.00769,4565295.0
2023-11-27 19:15:00,0.00769,0.00771,0.00768,0.00771,4461452.0
2023-11-27 19:30:00,0.0077,0.00772,0.00759,0.00762,5538512.0
2023-11-27 19:45:00,0.00762,0.00765,0.00755,0.00763,6264444.0
2023-11-27 20:00:00,0.00763,0.00769,0.00762,0.00767,9476205.0
2023-11-27 20:15:00,0.00767,0.00768,0.0076,0.0076,6809045.0
2023-11-27 20:30:00,0.0076,0.00762,0.00759,0.00762,2717194.0
2023-11-27 20:45:00,0.00762,0.00764,0.00761,0.00762,1241449.0
2023-11-27 21:00:00,0.00762,0.00769,0.00761,0.00768,3328185.0
2023-11-27 21:15:00,0.00768,0.00771,0.00768,0.0077,1893873.0
2023-11-27 21:30:00,0.0077,0.00774,0.00769,0.00771,1877726.0
2023-11-27 21:45:00,0.00771,0.00772,0.00769,0.00771,596842.0
2023-11-27 22:00:00,0.00771,0.00772,0.00768,0.0077,3977828.0
2023-11-27 22:15:00,0.00769,0.00772,0.00767,0.00771,1608747.0
2023-11-27 22:30:00,0.00772,0.00773,0.00771,0.00773,3448433.0
2023-11-27 22:45:00,0.00773,0.00775,0.00773,0.00775,1682287.0
2023-11-27 23:00:00,0.00775,0.00778,0.00774,0.00776,1410415.0
2023-11-27 23:15:00,0.00777,0.00779,0.00776,0.00777,730069.0
2023-11-27 23:30:00,0.00778,0.00779,0.00777,0.00778,270751.0
2023-11-27 23:45:00,0.00778,0.0078,0.00777,0.00778,2534414.0
2023-11-28 00:00:00,0.00779,0.0078,0.00775,0.00775,1161903.0
2023-11-28 00:15:00,0.00776,0.00782,0.00776,0.00782,1223670.0
2023-11-28 00:30:00,0.00782,0.00785,0.00781,0.00785,1260286.0
2023-11-28 00:45:00,0.00785,0.00786,0.00782,0.00783,2424584.0
2023-11-28 01:00:00,0.00783,0.00783,0.00778,0.00781,949035.0
2023-11-28 01:15:00,0.0078,0.00781,0.00778,0.0078,420670.0
2023-11-28 01:30:00,0.00779,0.00785,0.00773,0.00785,5952357.0
2023-11-28 01:45:00,0.00784,0.00787,0.00783,0.00785,5604452.0
2023-11-28 02:00:00,0.00785,0.00785,0.00776,0.0078,3440311.0
2023-11-28 02:15:00,0.0078,0.00787,0.00779,0.00786,3006933.0
2023-11-28 02:30:00,0.00786,0.00789,0.00784,0.00786,1861440.0
2023-11-28 02:45:00,0.00786,0.00788,0.00786,0.00787,2313815.0
2023-11-28 03:00:00,0.00787,0.00792,0.00784,0.00785,6603384.0
2023-11-28 03:15:00,0.00785,0.00787,0.00783,0.00787,1637552.0
2023-11-28 03:30:00,0.00787,0.00787,0.00783,0.00784,900032.0
2023-11-28 03:45:00,0.00784,0.00785,0.00781,0.00782,875171.0
2023-11-28 04:00:00,0.00782,0.00782,0.00778,0.0078,1763489.0
2023-11-28 04:15:00,0.0078,0.00781,0.00776,0.00777,380918.0
2023-11-28 04:30:00,0.00776,0.00776,0.00771,0.00775,4951985.0
2023-11-28 04:45:00,0.00774,0.00775,0.00772,0.00772,748307.0
2023-11-28 05:00:00,0.00773,0.00774,0.00763,0.00769,3159318.0
2023-11-28 05:15:00,0.00768,0.00769,0.00765,0.00766,925953.0
2023-11-28 05:30:00,0.00766,0.00766,0.00759,0.00763,2637892.0
2023-11-28 05:45:00,0.00763,0.00764,0.00761,0.00762,1296858.0
2023-11-28 06:00:00,0.00761,0.00766,0.0076,0.00766,4444920.0
2023-11-28 06:15:00,0.00766,0.00768,0.00766,0.00768,3161390.0
2023-11-28 06:30:00,0.00768,0.00772,0.00768,0.00771,2240882.0
2023-11-28 06:45:00,0.00771,0.00772,0.00768,0.00771,1526913.0
2023-11-28 07:00:00,0.00771,0.00772,0.00764,0.00766,6165381.0
2023-11-28 07:15:00,0.00766,0.00766,0.00756,0.00758,6869122.0
2023-11-28 07:30:00,0.00758,0.00763,0.00757,0.00762,3471091.0
2023-11-28 07:45:00,0.00763,0.00767,0.00761,0.00766,1359185.0
2023-11-28 08:00:00,0.00766,0.00766,0.00762,0.00763,2141155.0
2023-11-28 08:15:00,0.00763,0.00767,0.00761,0.00765,1172071.0
2023-11-28 08:30:00,0.00766,0.00768,0.00764,0.00764,2574567.0
2023-11-28 08:45:00,0.00765,0.00766,0.00763,0.00764,882546.0
2023-11-28 09:00:00,0.00763,0.00765,0.00758,0.0076,8361727.0
2023-11-28 09:15:00,0.00761,0.00762,0.00759,0.00761,8388577.0
2023-11-28 09:30:00,0.00762,0.00766,0.00759,0.00766,3789373.0
2023-11-28 09:45:00,0.00766,0.00767,0.00764,0.00765,1209462.0
2023-11-28 10:00:00,0.00765,0.00765,0.00761,0.00764,1596169.0
2023-11-28 10:15:00,0.00764,0.00766,0.0076,0.0076,879004.0
2023-11-28 10:30:00,0.00761,0.00765,0.0076,0.00764,1129828.0
2023-11-28 10:45:00,0.00764,0.00768,0.00763,0.00768,1203666.0
2023-11-28 11:00:00,0.00768,0.00768,0.00766,0.00768,2089390.0
2023-11-28 11:15:00,0.00767,0.00769,0.00767,0.00769,4810244.0
2023-11-28 11:30:00,0.00769,0.00771,0.00768,0.00769,1201390.0
2023-11-28 11:45:00,0.00769,0.00774,0.00769,0.00773,2155860.0
2023-11-28 12:00:00,0.00773,0.00774,0.0077,0.00772,3108414.0
2023-11-28 12:15:00,0.00771,0.00772,0.00765,0.00766,21714438.0
2023-11-28 12:30:00,0.00766,0.00769,0.00765,0.00769,2794237.0
2023-11-28 12:45:00,0.00768,0.00769,0.00766,0.00768,3553453.0
2023-11-28 13:00:00,0.00769,0.00769,0.00762,0.00765,2317881.0
2023-11-28 13:15:00,0.00766,0.00769,0.00766,0.00769,1010883.0
2023-11-28 13:30:00,0.0077,0.00772,0.00769,0.00771,2311336.0
2023-11-28 13:45:00,0.00771,0.00775,0.00771,0.00775,2022517.0
2023-11-28 14:00:00,0.00774,0.00775,0.00772,0.00773,1347027.0
2023-11-28 14:15:00,0.00773,0.00776,0.00771,0.00776,1253804.0
2023-11-28 14:30:00,0.00775,0.00778,0.00774,0.00776,2158214.0
2023-11-28 14:45:00,0.00777,0.00779,0.00775,0.00778,4575118.0
2023-11-28 15:00:00,0.00778,0.00779,0.00775,0.00777,1854508.0
2023-11-28 15:15:00,0.00777,0.00778,0.00776,0.00776,1742000.0
2023-11-28 15:30:00,0.00775,0.0078,0.00773,0.00778,3680411.0
2023-11-28 15:45:00,0.00779,0.00782,0.00777,0.0078,6046815.0
2023-11-28 16:00:00,0.0078,0.00783,0.00777,0.00778,2985204.0
2023-11-28 16:15:00,0.00778,0.00779,0.00777,0.00777,499738.0
2023-11-28 16:30:00,0.00776,0.00784,0.00776,0.00783,5963214.0
2023-11-28 16:45:00,0.00783,0.00787,0.00783,0.00786,3521969.0
2023-11-28 17:00:00,0.00786,0.00788,0.00782,0.00785,4474512.0
2023-11-28 17:15:00,0.00786,0.00791,0.00784,0.00788,2741281.0
2023-11-28 17:30:00,0.00788,0.0079,0.00787,0.00789,3141537.0
2023-11-28 17:45:00,0.0079,0.0079,0.00786,0.00789,1166733.0
2023-11-28 18:00:00,0.00789,0.0079,0.00784,0.00786,2970037.0
2023-11-28 18:15:00,0.00786,0.00789,0.00785,0.00787,1301566.0
2023-11-28 18:30:00,0.00787,0.00788,0.00786,0.00787,706150.0
2023-11-28 18:45:00,0.00787,0.00788,0.00781,0.00785,1377945.0
2023-11-28 19:00:00,0.00785,0.00788,0.00784,0.00787,2874773.0
2023-11-28 19:15:00,0.00787,0.00789,0.00784,0.00787,3321775.0
2023-11-28 19:30:00,0.00788,0.00794,0.00788,0.00791,4049631.0
2023-11-28 19:45:00,0.00791,0.00791,0.00787,0.00788,1975784.0
2023-11-28 20:00:00,0.00789,0.00791,0.00788,0.00791,1341411.0
2023-11-28 20:15:00,0.00791,0.00791,0.00789,0.00789,4035088.0
2023-11-28 20:30:00,0.00789,0.00793,0.00788,0.00792,1441526.0
2023-11-28 20:45:00,0.00793,0.00795,0.00793,0.00794,3459404.0
2023-11-28 21:00:00,0.00794,0.00794,0.00791,0.00791,2475860.0
2023-11-28 21:15:00,0.00792,0.00794,0.0079,0.0079,1421173.0
2023-11-28 21:30:00,0.00791,0.00792,0.00788,0.00789,673025.0
2023-11-28 21:45:00,0.00788,0.0079,0.00787,0.00788,3181403.0
2023-11-28 22:00:00,0.00789,0.0079,0.00787,0.0079,2223372.0
2023-11-28 22:15:00,0.0079,0.0079,0.00788,0.00788,1002945.0
2023-11-28 22:30:00,0.00788,0.00789,0.00787,0.00788,246014.0
2023-11-28 22:45:00,0.00788,0.00789,0.00783,0.00786,1622465.0
2023-11-28 23:00:00,0.00786,0.00791,0.00785,0.00791,1093690.0
2023-11-28 23:15:00,0.00791,0.00791,0.00789,0.00789,468717.0
2023-11-28 23:30:00,0.0079,0.0079,0.00788,0.0079,996886.0
2023-11-28 23:45:00,0.00791,0.00791,0.00789,0.00791,877226.0
2023-11-29 00:00:00,0.00791,0.00792,0.00787,0.00787,1901905.0
2023-11-29 00:15:00,0.00786,0.0079,0.00786,0.00789,674465.0
2023-11-29 00:30:00,0.00789,0.00795,0.00789,0.00794,1292051.0
2023-11-29 00:45:00,0.00794,0.00794,0.00791,0.00792,554240.0
2023-11-29 01:00:00,0.00793,0.00794,0.00792,0.00793,2322296.0
2023-11-29 01:15:00,0.00793,0.00794,0.00791,0.00793,448472.0
2023-11-29 01:30:00,0.00794,0.00794,0.00791,0.00793,699157.0
2023-11-29 01:45:00,0.00792,0.00792,0.00788,0.0079,732207.0
2023-11-29 02:00:00,0.00789,0.00791,0.00788,0.00791,995146.0
2023-11-29 02:15:00,0.00792,0.00793,0.0079,0.00791,2106278.0
2023-11-29 02:30:00,0.00791,0.00792,0.00789,0.00791,371774.0
2023-11-29 02:45:00,0.00791,0.00792,0.00789,0.00789,325491.0
2023-11-29 03:00:00,0.0079,0.0079,0.00786,0.00789,1246506.0
2023-11-29 03:15:00,0.00789,0.00791,0.00788,0.00791,4114869.0
2023-11-29 03:30:00,0.00791,0.00792,0.00788,0.0079,1326778.0
2023-11-29 03:45:00,0.00789,0.00791,0.00789,0.00791,564862.0
2023-11-29 04:00:00,0.00791,0.00793,0.0079,0.00791,3859663.0
2023-11-29 04:15:00,0.00791,0.00791,0.00789,0.0079,1175478.0
2023-11-29 04:30:00,0.0079,0.00792,0.00789,0.00792,605573.0
2023-11-29 04:45:00,0.00792,0.00792,0.0079,0.00791,748537.0
2023-11-29 05:00:00,0.00791,0.00794,0.0079,0.00793,900117.0
2023-11-29 05:15:00,0.00793,0.00793,0.00791,0.00791,587874.0
2023-11-29 05:30:00,0.00791,0.00791,0.00789,0.00789,500526.0
2023-11-29 05:45:00,0.0079,0.00793,0.0079,0.00792,440573.0
2023-11-29 06:00:00,0.00793,0.00793,0.00792,0.00793,161848.0
2023-11-29 06:15:00,0.00793,0.00795,0.00792,0.00794,684786.0
2023-11-29 06:30:00,0.00794,0.00797,0.00794,0.00796,3518592.0
2023-11-29 06:45:00,0.00795,0.00798,0.00795,0.00797,4391167.0
2023-11-29 07:00:00,0.00797,0.00798,0.00797,0.00798,341160.0
2023-11-29 07:15:00,0.00797,0.00798,0.00796,0.00798,603183.0
2023-11-29 07:30:00,0.00798,0.00798,0.00792,0.00794,2804795.0
2023-11-29 07:45:00,0.00794,0.00794,0.00792,0.00793,889050.0
2023-11-29 08:00:00,0.00793,0.00794,0.00789,0.0079,9962014.0
2023-11-29 08:15:00,0.0079,0.00792,0.00788,0.00792,2287778.0
2023-11-29 08:30:00,0.00792,0.00794,0.00792,0.00793,7353300.0
2023-11-29 08:45:00,0.00793,0.00796,0.00792,0.00796,4841895.0
2023-11-29 09:00:00,0.00796,0.00798,0.00795,0.00798,3879619.0
2023-11-29 09:15:00,0.00798,0.00799,0.00794,0.00794,6448006.0
2023-11-29 09:30:00,0.00793,0.00793,0.00788,0.00789,6769983.0
2023-11-29 09:45:00,0.00789,0.00793,0.00789,0.00789,5443210.0
2023-11-29 10:00:00,0.0079,0.00792,0.00786,0.0079,2296777.0
2023-11-29 10:15:00,0.00789,0.00789,0.00784,0.00785,4476401.0
2023-11-29 10:30:00,0.00785,0.00787,0.00779,0.00779,2479839.0
2023-11-29 10:45:00,0.00779,0.00784,0.00779,0.00782,1847375.0
2023-11-29 11:00:00,0.00782,0.00785,0.00773,0.00781,8689342.0
2023-11-29 11:15:00,0.00782,0.00782,0.00778,0.00778,2805813.0
2023-11-29 11:30:00,0.00778,0.00781,0.00778,0.00779,1107647.0
2023-11-29 11:45:00,0.00779,0.0078,0.00776,0.00777,1036956.0
2023-11-29 12:00:00,0.00777,0.00779,0.00775,0.00776,4271681.0
2023-11-29 12:15:00,0.00775,0.0078,0.00774,0.0078,3064599.0
2023-11-29 12:30:00,0.0078,0.00781,0.00779,0.00779,2024176.0
2023-11-29 12:45:00,0.00779,0.0078,0.00777,0.00777,972645.0
2023-11-29 13:00:00,0.00777,0.0078,0.00777,0.0078,1126833.0
2023-11-29 13:15:00,0.00779,0.00779,0.00774,0.00776,1200505.0
2023-11-29 13:30:00,0.00776,0.00778,0.00775,0.00777,1726208.0
2023-11-29 13:45:00,0.00777,0.00779,0.00777,0.00778,740082.0
2023-11-29 14:00:00,0.00778,0.00782,0.00777,0.00781,1372791.0
2023-11-29 14:15:00,0.0078,0.00781,0.00775,0.00777,1893263.0
2023-11-29 14:30:00,0.00777,0.00777,0.00773,0.00773,2086639.0
2023-11-29 14:45:00,0.00774,0.00775,0.0077,0.00773,5277674.0
2023-11-29 15:00:00,0.00774,0.00775,0.00764,0.00765,5114162.0
2023-11-29 15:15:00,0.00766,0.00771,0.00766,0.0077,2291775.0
2023-11-29 15:30:00,0.0077,0.00773,0.0077,0.00771,860135.0
2023-11-29 15:45:00,0.00771,0.00773,0.00771,0.00773,1212319.0
2023-11-29 16:00:00,0.00772,0.00774,0.00771,0.00771,1548944.0
2023-11-29 16:15:00,0.00771,0.00771,0.00766,0.00768,8468441.0
2023-11-29 16:30:00,0.00768,0.00768,0.00764,0.00767,3180114.0
2023-11-29 16:45:00,0.00766,0.0077,0.00766,0.00769,1290449.0
2023-11-29 17:00:00,0.00769,0.00769,0.00767,0.00769,719227.0
2023-11-29 17:15:00,0.00769,0.0077,0.00767,0.00768,2185466.0
2023-11-29 17:30:00,0.00769,0.00771,0.00769,0.00771,1540645.0
2023-11-29 17:45:00,0.00772,0.00772,0.00771,0.00772,317022.0
2023-11-29 18:00:00,0.00772,0.00772,0.0077,0.00771,919209.0
2023-11-29 18:15:00,0.0077,0.00772,0.00769,0.0077,400821.0
2023-11-29 18:30:00,0.00771,0.00772,0.0077,0.00772,2990777.0
2023-11-29 18:45:00,0.00772,0.00774,0.00771,0.00774,925040.0
2023-11-29 19:00:00,0.00774,0.00776,0.00773,0.00775,2284008.0
2023-11-29 19:15:00,0.00775,0.00775,0.00771,0.00771,667765.0
2023-11-29 19:30:00,0.00772,0.00773,0.0077,0.00771,481054.0
2023-11-29 19:45:00,0.00771,0.00772,0.00771,0.00772,368352.0
2023-11-29 20:00:00,0.00772,0.00773,0.0077,0.00771,701516.0
2023-11-29 20:15:00,0.0077,0.00771,0.00768,0.00768,1110237.0
2023-11-29 20:30:00,0.00768,0.00768,0.00765,0.00766,1315319.0
2023-11-29 20:45:00,0.00766,0.00767,0.00765,0.00766,361463.0
2023-11-29 21:00:00,0.00767,0.0077,0.00765,0.00767,2468424.0
2023-11-29 21:15:00,0.00767,0.00767,0.00765,0.00766,355697.0
2023-11-29 21:30:00,0.00766,0.00767,0.00766,0.00767,156944.0
2023-11-29 21:45:00,0.00767,0.00769,0.00767,0.00767,349868.0
2023-11-29 22:00:00,0.00767,0.0077,0.00767,0.0077,723205.0
2023-11-29 22:15:00,0.0077,0.00771,0.00769,0.0077,216843.0
2023-11-29 22:30:00,0.0077,0.00771,0.00769,0.0077,1180623.0
2023-11-29 22:45:00,0.00771,0.00771,0.0077,0.0077,339389.0
2023-11-29 23:00:00,0.0077,0.00772,0.00768,0.00772,1203866.0
2023-11-29 23:15:00,0.00772,0.00772,0.00769,0.00771,667295.0
2023-11-29 23:30:00,0.00771,0.00772,0.00771,0.00772,129569.0
2023-11-29 23:45:00,0.00771,0.00771,0.00768,0.00771,836826.0
2023-11-30 00:00:00,0.00771,0.00774,0.0077,0.00771,1154510.0
2023-11-30 00:15:00,0.00772,0.00775,0.00771,0.00774,739285.0
2023-11-30 00:30:00,0.00775,0.00778,0.00775,0.00777,1369283.0
2023-11-30 00:45:00,0.00777,0.00779,0.00775,0.00775,2504048.0
2023-11-30 01:00:00,0.00775,0.00775,0.00768,0.0077,2932352.0
2023-11-30 01:15:00,0.00769,0.00774,0.00769,0.00774,1600865.0
2023-11-30 01:30:00,0.00774,0.00777,0.00772,0.00773,823216.0
2023-11-30 01:45:00,0.00773,0.00776,0.00772,0.00772,368593.0
2023-11-30 02:00:00,0.00772,0.00775,0.00772,0.00773,1714397.0
2023-11-30 02:15:00,0.00773,0.00775,0.00771,0.00775,555887.0
2023-11-30 02:30:00,0.00776,0.00778,0.00776,0.00778,1108133.0
2023-11-30 02:45:00,0.00778,0.00778,0.00776,0.00776,1194641.0
2023-11-30 03:00:00,0.00777,0.00777,0.00774,0.00776,412097.0
2023-11-30 03:15:00,0.00776,0.00776,0.00775,0.00775,129660.0
2023-11-30 03:30:00,0.00775,0.0078,0.00775,0.00778,730215.0
2023-11-30 03:45:00,0.00778,0.00779,0.00778,0.00779,289598.0
2023-11-30 04:00:00,0.00779,0.0078,0.00778,0.0078,435663.0
2023-11-30 04:15:00,0.0078,0.00781,0.00777,0.00777,4502427.0
2023-11-30 04:30:00,0.00777,0.00778,0.00775,0.00777,457174.0
2023-11-30 04:45:00,0.00777,0.00777,0.00773,0.00775,358322.0
2023-11-30 05:00:00,0.00774,0.00777,0.00774,0.00776,1089407.0
2023-11-30 05:15:00,0.00776,0.00776,0.00773,0.00774,955506.0
2023-11-30 05:30:00,0.00775,0.00778,0.00775,0.00776,479383.0
2023-11-30 05:45:00,0.00776,0.00777,0.00772,0.00774,482869.0
2023-11-30 06:00:00,0.00773,0.00778,0.00773,0.00778,483075.0
2023-11-30 06:15:00,0.00778,0.00779,0.00775,0.00777,914951.0
2023-11-30 06:30:00,0.00777,0.00778,0.00774,0.00774,1133046.0
2023-11-30 06:45:00,0.00775,0.00777,0.00773,0.00776,1375048.0
2023-11-30 07:00:00,0.00777,0.00778,0.00776,0.00776,940672.0
2023-11-30 07:15:00,0.00777,0.00778,0.00776,0.00778,742836.0
2023-11-30 07:30:00,0.00777,0.00778,0.00773,0.00773,4506942.0
2023-11-30 07:45:00,0.00773,0.00776,0.00773,0.00776,778122.0
2023-11-30 08:00:00,0.00776,0.00777,0.00773,0.00773,501745.0
2023-11-30 08:15:00,0.00774,0.00775,0.00771,0.00772,782686.0
2023-11-30 08:30:00,0.00772,0.00774,0.00771,0.00773,1988216.0
2023-11-30 08:45:00,0.00773,0.00776,0.00772,0.00775,682170.0
2023-11-30 09:00:00,0.00775,0.00776,0.00772,0.00773,1233800.0
2023-11-30 09:15:00,0.00773,0.00776,0.00773,0.00774,906704.0
2023-11-30 09:30:00,0.00774,0.00775,0.00773,0.00774,493736.0
2023-11-30 09:45:00,0.00775,0.00775,0.00772,0.00773,323824.0
2023-11-30 10:00:00,0.00773,0.00774,0.00771,0.00774,460785.0
2023-11-30 10:15:00,0.00774,0.00778,0.00774,0.00778,1090896.0
2023-11-30 10:30:00,0.00778,0.00778,0.00776,0.00777,487485.0
2023-11-30 10:45:00,0.00777,0.00777,0.00774,0.00775,390136.0
2023-11-30 11:00:00,0.00775,0.00777,0.00774,0.00775,3771218.0
2023-11-30 11:15:00,0.00775,0.00776,0.00774,0.00774,353480.0
2023-11-30 11:30:00,0.00775,0.00778,0.00774,0.00777,1742936.0
2023-11-30 11:45:00,0.00777,0.00779,0.00776,0.00778,422443.0
2023-11-30 12:00:00,0.00778,0.00779,0.00776,0.00778,532401.0
2023-11-30 12:15:00,0.00777,0.00777,0.00775,0.00775,3270000.0
2023-11-30 12:30:00,0.00775,0.00777,0.00775,0.00777,622589.0
2023-11-30 12:45:00,0.00777,0.00778,0.00775,0.00778,2145028.0
2023-11-30 13:00:00,0.00777,0.00778,0.00773,0.00775,3148500.0
2023-11-30 13:15:00,0.00774,0.00777,0.00773,0.00776,1550939.0
2023-11-30 13:30:00,0.00776,0.00777,0.00774,0.00776,1274534.0
2023-11-30 13:45:00,0.00776,0.00777,0.00771,0.00773,3569909.0
2023-11-30 14:00:00,0.00773,0.00773,0.00768,0.0077,2646532.0
2023-11-30 14:15:00,0.0077,0.00771,0.00768,0.00769,933742.0
2023-11-30 14:30:00,0.0077,0.00772,0.00766,0.00767,2203464.0
2023-11-30 14:45:00,0.00768,0.00772,0.00766,0.00771,1951859.0
2023-11-30 15:00:00,0.00771,0.00773,0.0077,0.00772,915667.0
2023-11-30 15:15:00,0.00773,0.00776,0.00773,0.00775,976419.0
2023-11-30 15:30:00,0.00774,0.00776,0.00772,0.00774,1298479.0
2023-11-30 15:45:00,0.00773,0.00777,0.00773,0.00777,5218539.0
2023-11-30 16:00:00,0.00777,0.00779,0.00776,0.00779,1434611.0
2023-11-30 16:15:00,0.00778,0.00781,0.00776,0.0078,3062560.0
2023-11-30 16:30:00,0.00781,0.00787,0.00779,0.00785,7457036.0
2023-11-30 16:45:00,0.00785,0.00785,0.00782,0.00783,1166115.0
2023-11-30 17:00:00,0.00783,0.00788,0.00783,0.00787,2225761.0
2023-11-30 17:15:00,0.00787,0.00788,0.00782,0.00784,4865247.0
2023-11-30 17:30:00,0.00784,0.00786,0.00783,0.00785,396733.0
2023-11-30 17:45:00,0.00784,0.00786,0.00783,0.00786,494882.0
2023-11-30 18:00:00,0.00785,0.00787,0.00784,0.00786,799333.0
2023-11-30 18:15:00,0.00786,0.00788,0.00785,0.00787,1016160.0
2023-11-30 18:30:00,0.00787,0.0079,0.00787,0.00787,1217041.0
2023-11-30 18:45:00,0.00788,0.00788,0.00785,0.00785,535772.0
2023-11-30 19:00:00,0.00786,0.00787,0.00785,0.00787,1210356.0
2023-11-30 19:15:00,0.00787,0.0079,0.00787,0.0079,2071840.0
2023-11-30 19:30:00,0.00789,0.0079,0.00788,0.00789,687279.0
2023-11-30 19:45:00,0.00789,0.0079,0.00786,0.00788,788554.0
2023-11-30 20:00:00,0.00787,0.00787,0.00786,0.00786,691741.0
2023-11-30 20:15:00,0.00786,0.00786,0.00783,0.00785,2581843.0
2023-11-30 20:30:00,0.00786,0.00788,0.00785,0.00787,671383.0
2023-11-30 20:45:00,0.00788,0.00789,0.00785,0.00788,1047229.0
2023-11-30 21:00:00,0.00788,0.0079,0.00786,0.00789,1092589.0
2023-11-30 21:15:00,0.00789,0.00792,0.00789,0.00791,1576415.0
2023-11-30 21:30:00,0.00791,0.00794,0.00791,0.00792,1162357.0
2023-11-30 21:45:00,0.00793,0.00795,0.00792,0.00795,1312287.0
2023-11-30 22:00:00,0.00794,0.00803,0.00794,0.00803,4440687.0
2023-11-30 22:15:00,0.00803,0.00808,0.00799,0.00808,9445747.0
2023-11-30 22:30:00,0.00808,0.00808,0.00802,0.00803,1959369.0
2023-11-30 22:45:00,0.00803,0.00805,0.008,0.00801,1064004.0
2023-11-30 23:00:00,0.00801,0.00814,0.008,0.00813,13592510.0
2023-11-30 23:15:00,0.00813,0.00814,0.00804,0.00805,10710111.0
2023-11-30 23:30:00,0.00804,0.00807,0.00803,0.00807,1415415.0
2023-11-30 23:45:00,0.00807,0.00811,0.00805,0.00809,1815707.0
2023-12-01 00:00:00,0.00809,0.00814,0.00805,0.00809,9828023.0
2023-12-01 00:15:00,0.00809,0.00814,0.00808,0.00809,2612942.0
2023-12-01 00:30:00,0.0081,0.00815,0.00803,0.00814,4360496.0
2023-12-01 00:45:00,0.00813,0.00817,0.00811,0.00813,3527693.0
2023-12-01 01:00:00,0.00813,0.00815,0.00809,0.00811,1613324.0
2023-12-01 01:15:00,0.00811,0.00812,0.00802,0.00809,11885654.0
2023-12-01 01:30:00,0.00809,0.00813,0.00806,0.00807,8919436.0
2023-12-01 01:45:00,0.00807,0.00808,0.00806,0.00807,913234.0
2023-12-01 02:00:00,0.00806,0.00808,0.00804,0.00808,1348103.0
2023-12-01 02:15:00,0.00807,0.00808,0.00803,0.00803,1033019.0
2023-12-01 02:30:00,0.00802,0.00805,0.00802,0.00805,535657.0
2023-12-01 02:45:00,0.00804,0.00808,0.00804,0.00807,3418856.0
2023-12-01 03:00:00,0.00807,0.00808,0.00804,0.00805,673448.0
2023-12-01 03:15:00,0.00804,0.00807,0.00798,0.00802,7602607.0
2023-12-01 03:30:00,0.00803,0.00806,0.008,0.00803,2894879.0
2023-12-01 03:45:00,0.00803,0.00805,0.00803,0.00804,179926.0
2023-12-01 04:00:00,0.00803,0.00805,0.00802,0.00805,775159.0
2023-12-01 04:15:00,0.00804,0.00805,0.00802,0.00803,1775750.0
2023-12-01 04:30:00,0.00803,0.00803,0.00799,0.008,6829991.0
2023-12-01 04:45:00,0.00799,0.008,0.00798,0.00799,263780.0
2023-12-01 05:00:00,0.008,0.00801,0.00798,0.008,1213348.0
2023-12-01 05:15:00,0.008,0.008,0.00798,0.00799,1221256.0
2023-12-01 05:30:00,0.00799,0.00799,0.00796,0.00796,1039953.0
2023-12-01 05:45:00,0.00796,0.00797,0.00795,0.00796,1584120.0
2023-12-01 06:00:00,0.00796,0.00796,0.00795,0.00795,2765615.0
2023-12-01 06:15:00,0.00795,0.00796,0.00795,0.00795,334634.0
2023-12-01 06:30:00,0.00795,0.00797,0.00794,0.00795,642120.0
2023-12-01 06:45:00,0.00795,0.00795,0.00794,0.00795,184442.0
2023-12-01 07:00:00,0.00795,0.00797,0.00794,0.00795,1104927.0
2023-12-01 07:15:00,0.00795,0.00797,0.00794,0.00795,1083591.0
2023-12-01 07:30:00,0.00795,0.00795,0.00792,0.00793,1212670.0
2023-12-01 07:45:00,0.00792,0.00794,0.00792,0.00793,1016358.0
2023-12-01 08:00:00,0.00793,0.00796,0.00793,0.00794,425154.0
2023-12-01 08:15:00,0.00794,0.00795,0.00793,0.00794,233147.0
2023-12-01 08:30:00,0.00794,0.00794,0.00792,0.00793,667995.0
2023-12-01 08:45:00,0.00793,0.00794,0.00787,0.00789,7176506.0
2023-12-01 09:00:00,0.00789,0.00793,0.00789,0.00792,2764760.0
2023-12-01 09:15:00,0.00792,0.00798,0.00792,0.00795,4566841.0
2023-12-01 09:30:00,0.00795,0.00796,0.00793,0.00795,2807878.0
2023-12-01 09:45:00,0.00795,0.00801,0.00794,0.00801,4543679.0
2023-12-01 10:00:00,0.00801,0.00802,0.008,0.008,4215971.0
2023-12-01 10:15:00,0.008,0.00801,0.00798,0.008,4069784.0
2023-12-01 10:30:00,0.008,0.008,0.00795,0.00795,6116484.0
2023-12-01 10:45:00,0.00796,0.00796,0.00795,0.00796,655524.0
2023-12-01 11:00:00,0.00796,0.00798,0.00794,0.00795,6007744.0
2023-12-01 11:15:00,0.00795,0.00797,0.00795,0.00796,3786156.0
2023-12-01 11:30:00,0.00796,0.00796,0.00794,0.00794,1212332.0
2023-12-01 11:45:00,0.00794,0.00795,0.00792,0.00795,1312668.0
2023-12-01 12:00:00,0.00794,0.00796,0.00793,0.00793,607258.0
2023-12-01 12:15:00,0.00793,0.00795,0.00792,0.00795,4684159.0
2023-12-01 12:30:00,0.00795,0.00795,0.00793,0.00793,597639.0
2023-12-01 12:45:00,0.00793,0.00793,0.00791,0.00792,761541.0
2023-12-01 13:00:00,0.00792,0.00794,0.00792,0.00792,532744.0
2023-12-01 13:15:00,0.00792,0.00795,0.00792,0.00794,658567.0
2023-12-01 13:30:00,0.00795,0.00795,0.00792,0.00793,3081051.0
2023-12-01 13:45:00,0.00793,0.00793,0.0079,0.00792,512688.0
2023-12-01 14:00:00,0.00792,0.00792,0.00788,0.00789,1432528.0
2023-12-01 14:15:00,0.00789,0.00792,0.00788,0.00792,2266440.0
2023-12-01 14:30:00,0.00792,0.00794,0.00791,0.00792,2738864.0
2023-12-01 14:45:00,0.00792,0.00793,0.00788,0.00789,2032850.0
2023-12-01 15:00:00,0.0079,0.00793,0.0079,0.00791,483811.0
2023-12-01 15:15:00,0.00791,0.00792,0.0079,0.00791,841003.0
2023-12-01 15:30:00,0.0079,0.00795,0.0079,0.00794,4708119.0
2023-12-01 15:45:00,0.00794,0.00795,0.00793,0.00793,275368.0
2023-12-01 16:00:00,0.00793,0.00796,0.00793,0.00796,404562.0
2023-12-01 16:15:00,0.00796,0.00799,0.00795,0.00799,1637564.0
2023-12-01 16:30:00,0.00799,0.008,0.00797,0.00798,1142980.0
2023-12-01 16:45:00,0.00798,0.008,0.00796,0.00798,2248779.0
2023-12-01 17:00:00,0.00797,0.00799,0.00796,0.00796,833553.0
2023-12-01 17:15:00,0.00796,0.00798,0.00796,0.00797,365424.0
2023-12-01 17:30:00,0.00797,0.00797,0.00794,0.00795,1050705.0
2023-12-01 17:45:00,0.00794,0.00796,0.00793,0.00796,698332.0
2023-12-01 18:00:00,0.00796,0.00797,0.00795,0.00796,619113.0
2023-12-01 18:15:00,0.00796,0.00798,0.00795,0.00797,1824886.0
2023-12-01 18:30:00,0.00796,0.00797,0.00793,0.00795,1125123.0
2023-12-01 18:45:00,0.00796,0.00796,0.00794,0.00796,556872.0
2023-12-01 19:00:00,0.00795,0.00796,0.00793,0.00796,585068.0
2023-12-01 19:15:00,0.00795,0.00799,0.00794,0.00797,1225095.0
2023-12-01 19:30:00,0.00797,0.00798,0.00796,0.00798,965269.0
2023-12-01 19:45:00,0.00798,0.00799,0.00798,0.00799,512585.0
2023-12-01 20:00:00,0.00799,0.008,0.00799,0.00799,364423.0
2023-12-01 20:15:00,0.00798,0.00798,0.00796,0.00797,787418.0
2023-12-01 20:30:00,0.00797,0.008,0.00795,0.00797,1158994.0
2023-12-01 20:45:00,0.00797,0.00798,0.00796,0.00797,391413.0
2023-12-01 21:00:00,0.00796,0.00798,0.00796,0.00798,202386.0
2023-12-01 21:15:00,0.00797,0.00798,0.00796,0.00798,984663.0
2023-12-01 21:30:00,0.00798,0.00799,0.00798,0.00798,141447.0
2023-12-01 21:45:00,0.00799,0.008,0.00798,0.008,848820.0
2023-12-01 22:00:00,0.00799,0.008,0.00798,0.00799,1680041.0
2023-12-01 22:15:00,0.008,0.008,0.00799,0.00799,155142.0
2023-12-01 22:30:00,0.00798,0.00798,0.00796,0.00797,478301.0
2023-12-01 22:45:00,0.00797,0.00797,0.00796,0.00797,382374.0
2023-12-01 23:00:00,0.00795,0.00797,0.00794,0.00797,822713.0
2023-12-01 23:15:00,0.00797,0.00797,0.00797,0.00797,0.0
2023-12-01 23:30:00,0.00797,0.00798,0.00797,0.00798,144848.0
2023-12-01 23:45:00,0.00797,0.00801,0.00797,0.008,2220501.0
2023-12-02 00:00:00,0.008,0.00801,0.00799,0.00801,417628.0
2023-12-02 00:15:00,0.008,0.008,0.00799,0.008,450603.0
2023-12-02 00:30:00,0.008,0.0081,0.00799,0.0081,3285848.0
2023-12-02 00:45:00,0.00809,0.00809,0.00797,0.00803,9492499.0
2023-12-02 01:00:00,0.00803,0.00804,0.00801,0.00801,558982.0
2023-12-02 01:15:00,0.00801,0.00802,0.00799,0.00801,1844672.0
2023-12-02 01:30:00,0.008,0.008,0.00798,0.00798,457713.0
2023-12-02 01:45:00,0.00799,0.00801,0.00797,0.008,2175569.0
2023-12-02 02:00:00,0.00801,0.00802,0.008,0.00802,393571.0
2023-12-02 02:15:00,0.00801,0.00801,0.00799,0.00799,807832.0
2023-12-02 02:30:00,0.00799,0.008,0.00797,0.00798,2045986.0
2023-12-02 02:45:00,0.00798,0.008,0.00798,0.00799,1381592.0
2023-12-02 03:00:00,0.008,0.00801,0.00799,0.00799,375577.0
2023-12-02 03:15:00,0.008,0.008,0.00797,0.00798,874001.0
2023-12-02 03:30:00,0.00798,0.008,0.00795,0.00797,1681648.0
2023-12-02 03:45:00,0.00797,0.00798,0.00794,0.00795,1774848.0
2023-12-02 04:00:00,0.00795,0.00796,0.00793,0.00793,3437195.0
2023-12-02 04:15:00,0.00793,0.00794,0.00793,0.00794,370065.0
2023-12-02 04:30:00,0.00794,0.00796,0.00792,0.00794,785890.0
2023-12-02 04:45:00,0.00795,0.00797,0.00794,0.00795,411251.0
2023-12-02 05:00:00,0.00796,0.00799,0.00796,0.00798,1170222.0
2023-12-02 05:15:00,0.00797,0.00799,0.00797,0.00799,540570.0
2023-12-02 05:30:00,0.00798,0.00799,0.00796,0.00798,1967810.0
2023-12-02 05:45:00,0.00797,0.00797,0.00792,0.00794,8064417.0
2023-12-02 06:00:00,0.00794,0.00795,0.00794,0.00794,465566.0
2023-12-02 06:15:00,0.00795,0.00797,0.00795,0.00796,550855.0
2023-12-02 06:30:00,0.00796,0.00798,0.00795,0.00796,3692733.0
2023-12-02 06:45:00,0.00796,0.00797,0.00795,0.00797,1177552.0
2023-12-02 07:00:00,0.00797,0.00799,0.00796,0.00798,1193251.0
2023-12-02 07:15:00,0.00798,0.00799,0.00796,0.00797,1064427.0
2023-12-02 07:30:00,0.00797,0.008,0.00796,0.00799,678350.0
2023-12-02 07:45:00,0.00799,0.00801,0.00799,0.008,540568.0
2023-12-02 08:00:00,0.008,0.00803,0.0079,0.00797,33371832.0
2023-12-02 08:15:00,0.00797,0.00799,0.00797,0.00799,1002193.0
2023-12-02 08:30:00,0.00798,0.008,0.00798,0.008,3605022.0
2023-12-02 08:45:00,0.008,0.008,0.00798,0.008,1545907.0
2023-12-02 09:00:00,0.008,0.00802,0.008,0.00802,660469.0
2023-12-02 09:15:00,0.00801,0.00802,0.008,0.00802,2276535.0
2023-12-02 09:30:00,0.00802,0.00802,0.008,0.00802,3005668.0
2023-12-02 09:45:00,0.00801,0.00802,0.008,0.00801,587264.0
2023-12-02 10:00:00,0.00801,0.00802,0.008,0.008,884911.0
2023-12-02 10:15:00,0.00801,0.00802,0.008,0.00802,983399.0
2023-12-02 10:30:00,0.00802,0.00804,0.008,0.008,4247268.0
2023-12-02 10:45:00,0.00801,0.00804,0.00801,0.00802,3353444.0
2023-12-02 11:00:00,0.00802,0.00803,0.00801,0.00802,510102.0
2023-12-02 11:15:00,0.00803,0.00804,0.00801,0.00801,1907082.0
2023-12-02 11:30:00,0.00801,0.00803,0.008,0.00803,515782.0
2023-12-02 11:45:00,0.00803,0.00804,0.00803,0.00804,223799.0
2023-12-02 12:00:00,0.00803,0.00804,0.00802,0.00802,729376.0
2023-12-02 12:15:00,0.00803,0.00805,0.00803,0.00805,667709.0
2023-12-02 12:30:00,0.00806,0.00806,0.00802,0.00803,3498769.0
2023-12-02 12:45:00,0.00803,0.00805,0.00803,0.00805,1496711.0
2023-12-02 13:00:00,0.00804,0.00805,0.00804,0.00804,745827.0
2023-12-02 13:15:00,0.00804,0.00804,0.008,0.00801,2072187.0
2023-12-02 13:30:00,0.008,0.00803,0.008,0.00801,1857426.0
2023-12-02 13:45:00,0.00801,0.00802,0.008,0.008,852327.0
2023-12-02 14:00:00,0.008,0.00801,0.00799,0.00799,1079814.0
2023-12-02 14:15:00,0.008,0.00801,0.00798,0.00799,910446.0
2023-12-02 14:30:00,0.008,0.00801,0.00799,0.008,1420959.0
2023-12-02 14:45:00,0.008,0.008,0.00793,0.00797,2518825.0
2023-12-02 15:00:00,0.00797,0.00799,0.00795,0.00799,1656807.0
2023-12-02 15:15:00,0.00799,0.00801,0.00799,0.008,1405459.0
2023-12-02 15:30:00,0.008,0.00801,0.00798,0.00799,2749056.0
2023-12-02 15:45:00,0.008,0.00802,0.00798,0.008,6931269.0
2023-12-02 16:00:00,0.00799,0.00803,0.00799,0.00802,1086273.0
2023-12-02 16:15:00,0.00803,0.00805,0.00803,0.00805,1874829.0
2023-12-02 16:30:00,0.00804,0.00804,0.00799,0.00804,6222321.0
2023-12-02 16:45:00,0.00803,0.00804,0.00802,0.00803,1118911.0
2023-12-02 17:00:00,0.00803,0.00803,0.008,0.00801,1921745.0
2023-12-02 17:15:00,0.00802,0.00803,0.00801,0.00803,1208732.0
2023-12-02 17:30:00,0.00804,0.00806,0.00803,0.00805,2418664.0
2023-12-02 17:45:00,0.00806,0.00807,0.00805,0.00806,1663040.0
2023-12-02 18:00:00,0.00806,0.00809,0.00805,0.00807,1544902.0
2023-12-02 18:15:00,0.00807,0.00808,0.00806,0.00806,377496.0
2023-12-02 18:30:00,0.00806,0.00808,0.00805,0.00806,1188240.0
2023-12-02 18:45:00,0.00806,0.00807,0.00805,0.00807,454458.0
2023-12-02 19:00:00,0.00807,0.00814,0.00806,0.00807,3761864.0
2023-12-02 19:15:00,0.00807,0.00809,0.00803,0.00809,2205704.0
2023-12-02 19:30:00,0.00808,0.00809,0.00806,0.00806,2290102.0
2023-12-02 19:45:00,0.00806,0.0081,0.00806,0.00809,1329651.0
2023-12-02 20:00:00,0.00809,0.0081,0.00809,0.00809,1094361.0
2023-12-02 20:15:00,0.00809,0.0081,0.00808,0.0081,1610158.0
2023-12-02 20:30:00,0.0081,0.00811,0.00808,0.00811,912403.0
2023-12-02 20:45:00,0.00811,0.00812,0.00809,0.00812,2760648.0
2023-12-02 21:00:00,0.00812,0.00813,0.00808,0.00808,4173818.0
2023-12-02 21:15:00,0.00808,0.0081,0.00807,0.0081,626834.0
2023-12-02 21:30:00,0.0081,0.00813,0.0081,0.00813,2467494.0
2023-12-02 21:45:00,0.00812,0.00814,0.00811,0.00811,1105851.0
2023-12-02 22:00:00,0.00812,0.00813,0.00807,0.00808,2723074.0
2023-12-02 22:15:00,0.00808,0.00811,0.00808,0.0081,949829.0
2023-12-02 22:30:00,0.00811,0.00812,0.00809,0.0081,5630126.0
2023-12-02 22:45:00,0.00809,0.00809,0.00806,0.00808,576604.0
2023-12-02 23:00:00,0.00808,0.0081,0.00808,0.00809,365266.0
2023-12-02 23:15:00,0.00809,0.00811,0.00809,0.0081,2258499.0
2023-12-02 23:30:00,0.0081,0.00812,0.00809,0.00811,1340141.0
2023-12-02 23:45:00,0.0081,0.0081,0.00809,0.00809,46949.0
2023-12-03 00:00:00,0.0081,0.00811,0.00808,0.0081,1210261.0
2023-12-03 00:15:00,0.0081,0.00813,0.00809,0.00813,1669254.0
2023-12-03 00:30:00,0.00812,0.00814,0.00811,0.00814,1641070.0
2023-12-03 00:45:00,0.00814,0.00817,0.00814,0.00815,4588974.0
2023-12-03 01:00:00,0.00816,0.00825,0.00816,0.00824,4199764.0
2023-12-03 01:15:00,0.00823,0.00823,0.00818,0.00818,5304468.0
2023-12-03 01:30:00,0.00818,0.0082,0.00817,0.00818,4257730.0
2023-12-03 01:45:00,0.00819,0.00819,0.00816,0.00818,2077274.0
2023-12-03 02:00:00,0.00818,0.00822,0.00816,0.00821,7150094.0
2023-12-03 02:15:00,0.00821,0.00822,0.00816,0.00817,8636676.0
2023-12-03 02:30:00,0.00818,0.00821,0.00817,0.0082,1794240.0
2023-12-03 02:45:00,0.0082,0.0082,0.00817,0.00819,6118666.0
2023-12-03 03:00:00,0.00818,0.00819,0.00812,0.00813,9211490.0
2023-12-03 03:15:00,0.00812,0.00818,0.00812,0.00816,1727836.0
2023-12-03 03:30:00,0.00817,0.0082,0.00816,0.00817,1362275.0
2023-12-03 03:45:00,0.00817,0.0082,0.00815,0.00817,4164960.0
2023-12-03 04:00:00,0.00817,0.00818,0.00812,0.00814,1796954.0
2023-12-03 04:15:00,0.00813,0.00813,0.00811,0.00812,800420.0
2023-12-03 04:30:00,0.00812,0.00812,0.00808,0.00809,2503486.0
2023-12-03 04:45:00,0.0081,0.0081,0.00808,0.0081,1198835.0
2023-12-03 05:00:00,0.00809,0.00811,0.00806,0.00809,1148038.0
2023-12-03 05:15:00,0.00808,0.0081,0.00808,0.0081,416441.0
2023-12-03 05:30:00,0.0081,0.0081,0.00809,0.0081,543538.0
2023-12-03 05:45:00,0.00809,0.0081,0.00808,0.00808,211768.0
2023-12-03 06:00:00,0.00808,0.00809,0.00807,0.00808,832402.0
2023-12-03 06:15:00,0.00807,0.00808,0.00807,0.00808,1378245.0
2023-12-03 06:30:00,0.00808,0.00808,0.00805,0.00805,1845722.0
2023-12-03 06:45:00,0.00805,0.00806,0.00799,0.00805,14975046.0
2023-12-03 07:00:00,0.00805,0.00806,0.00803,0.00805,2807244.0
2023-12-03 07:15:00,0.00805,0.00808,0.00804,0.00807,3181893.0
2023-12-03 07:30:00,0.00807,0.00808,0.00805,0.00807,1904987.0
2023-12-03 07:45:00,0.00806,0.00808,0.00806,0.00808,1456593.0
2023-12-03 08:00:00,0.00808,0.00809,0.00807,0.00808,733975.0
2023-12-03 08:15:00,0.00809,0.00811,0.00807,0.0081,1142433.0
2023-12-03 08:30:00,0.0081,0.0081,0.00808,0.00809,2236531.0
2023-12-03 08:45:00,0.00808,0.00808,0.00804,0.00805,1673209.0
2023-12-03 09:00:00,0.00805,0.00808,0.00804,0.00808,752094.0
2023-12-03 09:15:00,0.00807,0.00808,0.00806,0.00807,806074.0
2023-12-03 09:30:00,0.00807,0.00809,0.00803,0.00808,4195626.0
2023-12-03 09:45:00,0.00808,0.00809,0.00806,0.00808,1926097.0
2023-12-03 10:00:00,0.00809,0.00809,0.00807,0.00809,1212945.0
2023-12-03 10:15:00,0.00809,0.0081,0.00806,0.0081,3068480.0
2023-12-03 10:30:00,0.0081,0.00811,0.00808,0.00808,533577.0
2023-12-03 10:45:00,0.00808,0.00809,0.00807,0.00808,826096.0
2023-12-03 11:00:00,0.00807,0.00808,0.00805,0.00806,921714.0
2023-12-03 11:15:00,0.00805,0.00806,0.00795,0.00797,7574591.0
2023-12-03 11:30:00,0.00797,0.008,0.00796,0.00798,1740328.0
2023-12-03 11:45:00,0.00799,0.008,0.00795,0.00798,2329397.0
2023-12-03 12:00:00,0.00798,0.008,0.00796,0.00799,1437664.0
2023-12-03 12:15:00,0.00799,0.00801,0.00799,0.00801,369379.0
2023-12-03 12:30:00,0.00801,0.00801,0.00799,0.00799,2156103.0
2023-12-03 12:45:00,0.00799,0.00799,0.0079,0.00791,6632403.0
2023-12-03 13:00:00,0.00791,0.00796,0.00789,0.00796,5597773.0
2023-12-03 13:15:00,0.00796,0.00797,0.00794,0.00797,1729844.0
2023-12-03 13:30:00,0.00796,0.00798,0.00793,0.00794,2174516.0
2023-12-03 13:45:00,0.00793,0.00795,0.00791,0.00794,4061451.0
2023-12-03 14:00:00,0.00793,0.00795,0.00787,0.00789,4016789.0
2023-12-03 14:15:00,0.0079,0.0079,0.00782,0.00788,4069395.0
2023-12-03 14:30:00,0.00789,0.00793,0.00788,0.00791,2766086.0
2023-12-03 14:45:00,0.00791,0.00793,0.0079,0.00791,3402178.0
2023-12-03 15:00:00,0.00791,0.00793,0.00791,0.00793,832288.0
2023-12-03 15:15:00,0.00793,0.00793,0.0079,0.00793,1727953.0
2023-12-03 15:30:00,0.00793,0.00795,0.00792,0.00794,1172417.0
2023-12-03 15:45:00,0.00793,0.00795,0.00793,0.00794,1589652.0
2023-12-03 16:00:00,0.00793,0.00795,0.00792,0.00794,1055012.0
2023-12-03 16:15:00,0.00794,0.00798,0.00794,0.00797,2129709.0
2023-12-03 16:30:00,0.00796,0.00798,0.00796,0.00797,440461.0
2023-12-03 16:45:00,0.00797,0.00799,0.00797,0.00797,1789911.0
2023-12-03 17:00:00,0.00797,0.00797,0.00793,0.00794,1639502.0
2023-12-03 17:15:00,0.00794,0.00795,0.00792,0.00793,772686.0
2023-12-03 17:30:00,0.00792,0.00795,0.00792,0.00793,800935.0
2023-12-03 17:45:00,0.00793,0.00794,0.00792,0.00793,1491723.0
2023-12-03 18:00:00,0.00794,0.00797,0.00794,0.00797,656076.0
2023-12-03 18:15:00,0.00796,0.00798,0.00796,0.00798,692649.0
2023-12-03 18:30:00,0.00797,0.00797,0.00796,0.00797,2395806.0
2023-12-03 18:45:00,0.00797,0.00798,0.00796,0.00798,1103708.0
2023-12-03 19:00:00,0.00798,0.00798,0.00796,0.00797,581349.0
2023-12-03 19:15:00,0.00797,0.00799,0.00796,0.00799,1252894.0
2023-12-03 19:30:00,0.00799,0.00799,0.00798,0.00799,349676.0
2023-12-03 19:45:00,0.00799,0.008,0.00797,0.008,1652354.0
2023-12-03 20:00:00,0.008,0.00801,0.00798,0.00799,1613396.0
2023-12-03 20:15:00,0.008,0.008,0.008,0.008,63374.0
2023-12-03 20:30:00,0.00799,0.008,0.00798,0.00798,544792.0
2023-12-03 20:45:00,0.00798,0.00799,0.00796,0.00799,2467246.0
2023-12-03 21:00:00,0.00799,0.008,0.00799,0.008,428977.0
2023-12-03 21:15:00,0.00799,0.008,0.00799,0.00799,270619.0
2023-12-03 21:30:00,0.00799,0.008,0.00799,0.008,476090.0
2023-12-03 21:45:00,0.00799,0.00801,0.00799,0.008,501806.0
2023-12-03 22:00:00,0.00799,0.00803,0.00799,0.00803,962135.0
2023-12-03 22:15:00,0.00803,0.00804,0.00801,0.00804,1086761.0
2023-12-03 22:30:00,0.00804,0.00808,0.00802,0.00802,2498863.0
2023-12-03 22:45:00,0.00803,0.00806,0.00803,0.00806,1597053.0
2023-12-03 23:00:00,0.00806,0.00807,0.00805,0.00806,687550.0
2023-12-03 23:15:00,0.00806,0.00806,0.00798,0.00799,2798209.0
2023-12-03 23:30:00,0.00799,0.00801,0.00796,0.00801,1687941.0
2023-12-03 23:45:00,0.00801,0.00804,0.00801,0.00804,683942.0
2023-12-04 00:00:00,0.00804,0.00806,0.00803,0.00805,1764016.0
2023-12-04 00:15:00,0.00804,0.00806,0.00802,0.00805,2980534.0
2023-12-04 00:30:00,0.00806,0.00808,0.00799,0.00804,22452329.0
2023-12-04 00:45:00,0.00804,0.00806,0.00803,0.00805,740398.0
2023-12-04 01:00:00,0.00806,0.00807,0.00805,0.00805,1785603.0
2023-12-04 01:15:00,0.00806,0.0081,0.00805,0.0081,4334288.0
2023-12-04 01:30:00,0.0081,0.00814,0.0081,0.00814,3097578.0
2023-12-04 01:45:00,0.00815,0.00815,0.00809,0.00811,2048910.0
2023-12-04 02:00:00,0.00811,0.00812,0.00808,0.00811,2429108.0
2023-12-04 02:15:00,0.00811,0.00812,0.00809,0.00811,2179676.0
2023-12-04 02:30:00,0.00812,0.00813,0.0081,0.00811,1380958.0
2023-12-04 02:45:00,0.00811,0.00813,0.0081,0.0081,932758.0
2023-12-04 03:00:00,0.00811,0.00813,0.0081,0.00813,931247.0
2023-12-04 03:15:00,0.00813,0.00813,0.00811,0.00813,739432.0
2023-12-04 03:30:00,0.00813,0.00813,0.00808,0.0081,3118681.0
2023-12-04 03:45:00,0.0081,0.0081,0.00807,0.00808,2616448.0
2023-12-04 04:00:00,0.00808,0.00818,0.00808,0.00816,10310538.0
2023-12-04 04:15:00,0.00817,0.00817,0.00815,0.00817,2922652.0
2023-12-04 04:30:00,0.00816,0.0082,0.00815,0.00819,3563047.0
2023-12-04 04:45:00,0.00818,0.00819,0.00816,0.00818,2297849.0
2023-12-04 05:00:00,0.00819,0.00821,0.00816,0.00818,3948055.0
2023-12-04 05:15:00,0.00819,0.00821,0.00815,0.00815,3280990.0
2023-12-04 05:30:00,0.00815,0.00817,0.00815,0.00816,5699533.0
2023-12-04 05:45:00,0.00816,0.00818,0.00815,0.00817,4656279.0
2023-12-04 06:00:00,0.00816,0.00817,0.00812,0.00814,6706827.0
2023-12-04 06:15:00,0.00814,0.00818,0.00813,0.00818,3437294.0
2023-12-04 06:30:00,0.00817,0.00823,0.00816,0.00822,3879672.0
2023-12-04 06:45:00,0.00822,0.00823,0.00819,0.00819,2496491.0
2023-12-04 07:00:00,0.0082,0.00827,0.00819,0.00823,3818698.0
2023-12-04 07:15:00,0.00823,0.00825,0.00822,0.00823,2317452.0
2023-12-04 07:30:00,0.00823,0.00825,0.00822,0.00822,1785822.0
2023-12-04 07:45:00,0.00821,0.00822,0.00816,0.0082,5784005.0
2023-12-04 08:00:00,0.0082,0.00823,0.0082,0.00822,1491189.0
2023-12-04 08:15:00,0.00822,0.00825,0.0082,0.00825,1670368.0
2023-12-04 08:30:00,0.00825,0.00828,0.00823,0.00827,2793854.0
2023-12-04 08:45:00,0.00827,0.00827,0.00824,0.00824,1424433.0
2023-12-04 09:00:00,0.00824,0.00828,0.00824,0.00825,1793411.0
2023-12-04 09:15:00,0.00826,0.00829,0.00825,0.00827,1907957.0
2023-12-04 09:30:00,0.00827,0.0083,0.00827,0.0083,703772.0
2023-12-04 09:45:00,0.00829,0.00829,0.00818,0.00819,3683397.0
2023-12-04 10:00:00,0.00819,0.00826,0.00819,0.00824,3335707.0
2023-12-04 10:15:00,0.00825,0.00825,0.00823,0.00824,1967016.0
2023-12-04 10:30:00,0.00824,0.00825,0.00823,0.00823,1577633.0
2023-12-04 10:45:00,0.00823,0.00825,0.00819,0.0082,3837004.0
2023-12-04 11:00:00,0.0082,0.00821,0.00764,0.00781,35517707.0
2023-12-04 11:15:00,0.00782,0.00797,0.00778,0.00795,20118578.0
2023-12-04 11:30:00,0.00795,0.00802,0.00794,0.008,13125246.0
2023-12-04 11:45:00,0.00799,0.00803,0.00794,0.00801,2946868.0
2023-12-04 12:00:00,0.00801,0.00804,0.00799,0.008,3432407.0
2023-12-04 12:15:00,0.008,0.00811,0.00799,0.00808,5911763.0
2023-12-04 12:30:00,0.00807,0.00808,0.00805,0.00808,1909590.0
2023-12-04 12:45:00,0.00809,0.00812,0.00808,0.0081,3769233.0
2023-12-04 13:00:00,0.0081,0.00811,0.00806,0.00807,7866616.0
2023-12-04 13:15:00,0.00807,0.00809,0.00805,0.00807,2411902.0
2023-12-04 13:30:00,0.00806,0.00808,0.00804,0.00805,1639930.0
2023-12-04 13:45:00,0.00805,0.00805,0.00797,0.00799,1575258.0
2023-12-04 14:00:00,0.00799,0.00801,0.00788,0.00794,7292440.0
2023-12-04 14:15:00,0.00795,0.00798,0.00793,0.00793,4545904.0
2023-12-04 14:30:00,0.00793,0.008,0.00793,0.00799,5113049.0
2023-12-04 14:45:00,0.008,0.00801,0.00799,0.008,2929419.0
2023-12-04 15:00:00,0.008,0.00802,0.00799,0.008,2628728.0
2023-12-04 15:15:00,0.008,0.00804,0.00799,0.00801,2420140.0
2023-12-04 15:30:00,0.00801,0.00804,0.00795,0.00802,2942658.0
2023-12-04 15:45:00,0.00803,0.00803,0.008,0.00801,1804247.0
2023-12-04 16:00:00,0.00801,0.00809,0.008,0.00807,1791121.0
2023-12-04 16:15:00,0.00807,0.00812,0.00806,0.00812,2063993.0
2023-12-04 16:30:00,0.00812,0.00813,0.00808,0.00809,4184512.0
2023-12-04 16:45:00,0.00809,0.00811,0.00808,0.00809,406097.0
2023-12-04 17:00:00,0.00809,0.00809,0.00806,0.00807,1248703.0
2023-12-04 17:15:00,0.00806,0.00806,0.00804,0.00804,1627454.0
2023-12-04 17:30:00,0.00804,0.00805,0.00803,0.00804,567231.0
2023-12-04 17:45:00,0.00805,0.00807,0.00804,0.00806,957626.0
2023-12-04 18:00:00,0.00806,0.0081,0.00806,0.0081,612801.0
2023-12-04 18:15:00,0.00809,0.00811,0.00808,0.00809,1479779.0
2023-12-04 18:30:00,0.0081,0.00812,0.0081,0.0081,996995.0
2023-12-04 18:45:00,0.00811,0.00812,0.0081,0.00811,611748.0
2023-12-04 19:00:00,0.00811,0.00813,0.00811,0.00812,516273.0
2023-12-04 19:15:00,0.00812,0.00815,0.00812,0.00815,998947.0
2023-12-04 19:30:00,0.00815,0.00817,0.00814,0.00815,1983537.0
2023-12-04 19:45:00,0.00815,0.00817,0.00814,0.00817,663930.0
2023-12-04 20:00:00,0.00817,0.00818,0.00816,0.00818,1360050.0
2023-12-04 20:15:00,0.00818,0.00818,0.00816,0.00818,1233838.0
2023-12-04 20:30:00,0.00818,0.00819,0.00815,0.00816,1578234.0
2023-12-04 20:45:00,0.00816,0.00817,0.00814,0.00816,1195339.0
2023-12-04 21:00:00,0.00815,0.00818,0.00814,0.00816,877973.0
2023-12-04 21:15:00,0.00816,0.00817,0.00815,0.00816,204524.0
2023-12-04 21:30:00,0.00816,0.00817,0.00814,0.00815,1959384.0
2023-12-04 21:45:00,0.00815,0.00816,0.00814,0.00816,873215.0
2023-12-04 22:00:00,0.00816,0.00818,0.00813,0.00817,1970802.0
2023-12-04 22:15:00,0.00817,0.00818,0.00816,0.00817,757465.0
2023-12-04 22:30:00,0.00817,0.00817,0.00813,0.00813,642347.0
2023-12-04 22:45:00,0.00813,0.00814,0.00809,0.00813,1099570.0
2023-12-04 23:00:00,0.00813,0.00817,0.00812,0.00817,737501.0
2023-12-04 23:15:00,0.00817,0.00818,0.00816,0.00817,600662.0
2023-12-04 23:30:00,0.00817,0.0082,0.00817,0.00819,1220151.0
2023-12-04 23:45:00,0.00819,0.00821,0.00818,0.00821,845680.0
2023-12-05 00:00:00,0.00821,0.00824,0.00818,0.00823,4405344.0
2023-12-05 00:15:00,0.00823,0.00826,0.00822,0.00825,2412411.0
2023-12-05 00:30:00,0.00825,0.00831,0.00824,0.0083,2603979.0
2023-12-05 00:45:00,0.00829,0.00831,0.00828,0.00831,3965394.0
2023-12-05 01:00:00,0.00831,0.00832,0.00826,0.00826,1874444.0
2023-12-05 01:15:00,0.00826,0.00828,0.00815,0.0082,9056036.0
2023-12-05 01:30:00,0.0082,0.00825,0.00817,0.00823,4391609.0
2023-12-05 01:45:00,0.00823,0.00826,0.0082,0.00825,1721374.0
2023-12-05 02:00:00,0.00825,0.00825,0.00814,0.00818,3678194.0
2023-12-05 02:15:00,0.00818,0.00823,0.00813,0.00822,3485273.0
2023-12-05 02:30:00,0.00822,0.00826,0.00821,0.00821,1488785.0
2023-12-05 02:45:00,0.00821,0.00823,0.0082,0.0082,1734421.0
2023-12-05 03:00:00,0.0082,0.00825,0.0082,0.00824,638193.0
2023-12-05 03:15:00,0.00825,0.00832,0.00825,0.00831,2670842.0
2023-12-05 03:30:00,0.0083,0.0083,0.00825,0.00826,1183226.0
2023-12-05 03:45:00,0.00825,0.00831,0.00825,0.00831,2405105.0
2023-12-05 04:00:00,0.00832,0.00833,0.00828,0.00829,2204653.0
2023-12-05 04:15:00,0.00829,0.00835,0.00829,0.00832,2430315.0
2023-12-05 04:30:00,0.00831,0.00833,0.0083,0.00832,1936430.0
2023-12-05 04:45:00,0.00832,0.00834,0.00831,0.00834,800961.0
2023-12-05 05:00:00,0.00834,0.00834,0.0083,0.00832,5496639.0
2023-12-05 05:15:00,0.00832,0.00833,0.00831,0.00833,1369856.0
2023-12-05 05:30:00,0.00833,0.00835,0.00832,0.00833,1611383.0
2023-12-05 05:45:00,0.00832,0.00833,0.00832,0.00832,738867.0
2023-12-05 06:00:00,0.00833,0.00834,0.00831,0.00833,2661981.0
2023-12-05 06:15:00,0.00833,0.00834,0.00831,0.00832,2378404.0
2023-12-05 06:30:00,0.00832,0.00832,0.00821,0.00824,7432834.0
2023-12-05 06:45:00,0.00825,0.00829,0.00822,0.00827,4044570.0
2023-12-05 07:00:00,0.00826,0.00827,0.00817,0.00822,4768300.0
2023-12-05 07:15:00,0.00823,0.00824,0.00811,0.0082,7234435.0
2023-12-05 07:30:00,0.00819,0.0082,0.00807,0.00809,6502358.0
2023-12-05 07:45:00,0.00809,0.00818,0.00809,0.00817,4650522.0
2023-12-05 08:00:00,0.00818,0.0082,0.00817,0.00818,2971396.0
2023-12-05 08:15:00,0.00818,0.00819,0.00813,0.00813,999382.0
2023-12-05 08:30:00,0.00813,0.00813,0.00805,0.00806,3608337.0
2023-12-05 08:45:00,0.00806,0.00813,0.00806,0.00813,2500695.0
2023-12-05 09:00:00,0.00814,0.00818,0.00813,0.00817,2900521.0
2023-12-05 09:15:00,0.00817,0.0082,0.00817,0.00819,573901.0
2023-12-05 09:30:00,0.00819,0.00821,0.00817,0.00818,1756945.0
2023-12-05 09:45:00,0.00818,0.0082,0.00818,0.00818,1243331.0
2023-12-05 10:00:00,0.00818,0.0082,0.00817,0.00818,465210.0
2023-12-05 10:15:00,0.00816,0.00818,0.00813,0.00815,3777564.0
2023-12-05 10:30:00,0.00816,0.00817,0.00813,0.00814,317031.0
2023-12-05 10:45:00,0.00814,0.00814,0.00806,0.00806,973148.0
2023-12-05 11:00:00,0.00807,0.00812,0.00804,0.00812,1761597.0
2023-12-05 11:15:00,0.00813,0.00815,0.00812,0.00813,2658390.0
2023-12-05 11:30:00,0.00812,0.00812,0.00808,0.00809,637301.0
2023-12-05 11:45:00,0.00809,0.00814,0.00808,0.00813,1204584.0
2023-12-05 12:00:00,0.00812,0.00817,0.00811,0.00816,1445686.0
2023-12-05 12:15:00,0.00816,0.00818,0.00814,0.00816,2104101.0
2023-12-05 12:30:00,0.00816,0.00817,0.00812,0.00813,4604994.0
2023-12-05 12:45:00,0.00813,0.00815,0.0081,0.00813,1779040.0
2023-12-05 13:00:00,0.00814,0.00817,0.00813,0.00816,1839366.0
2023-12-05 13:15:00,0.00816,0.00819,0.00808,0.00811,2402966.0
2023-12-05 13:30:00,0.0081,0.00814,0.00809,0.00812,2646544.0
2023-12-05 13:45:00,0.00813,0.00813,0.00805,0.00805,1919394.0
2023-12-05 14:00:00,0.00806,0.00812,0.00804,0.00809,3197342.0
2023-12-05 14:15:00,0.0081,0.00816,0.00809,0.00816,1995322.0
2023-12-05 14:30:00,0.00815,0.00815,0.00811,0.00812,2159705.0
2023-12-05 14:45:00,0.00812,0.00814,0.0081,0.00812,2419718.0
2023-12-05 15:00:00,0.00811,0.00816,0.0081,0.00813,5088567.0
2023-12-05 15:15:00,0.00813,0.00815,0.00811,0.00814,1174453.0
2023-12-05 15:30:00,0.00814,0.00819,0.00814,0.00817,1168362.0
2023-12-05 15:45:00,0.00818,0.00822,0.00814,0.00821,3909402.0
2023-12-05 16:00:00,0.00821,0.00823,0.00815,0.00821,4340704.0
2023-12-05 16:15:00,0.0082,0.00823,0.00816,0.00823,1245725.0
2023-12-05 16:30:00,0.00823,0.00843,0.00823,0.00839,27424234.0
2023-12-05 16:45:00,0.00839,0.00843,0.00836,0.00842,6864596.0
2023-12-05 17:00:00,0.00842,0.00843,0.00825,0.00834,16621104.0
2023-12-05 17:15:00,0.00836,0.0085,0.00828,0.00844,16525071.0
2023-12-05 17:30:00,0.00845,0.00845,0.00828,0.00831,15769301.0
2023-12-05 17:45:00,0.00832,0.00843,0.00832,0.00839,5230095.0
2023-12-05 18:00:00,0.00839,0.00844,0.00838,0.00841,7613215.0
2023-12-05 18:15:00,0.00841,0.00841,0.00834,0.00837,2526267.0
2023-12-05 18:30:00,0.00836,0.00838,0.00833,0.00835,6392353.0
2023-12-05 18:45:00,0.00835,0.00838,0.00832,0.00836,2206983.0
2023-12-05 19:00:00,0.00836,0.00839,0.00835,0.00838,1296468.0
2023-12-05 19:15:00,0.00838,0.00842,0.00835,0.00838,3206408.0
2023-12-05 19:30:00,0.00838,0.00843,0.00837,0.00843,1697148.0
2023-12-05 19:45:00,0.00843,0.00844,0.0084,0.00841,849459.0
2023-12-05 20:00:00,0.00841,0.00842,0.00838,0.00838,1392150.0
2023-12-05 20:15:00,0.00839,0.00839,0.0083,0.00833,4363056.0
2023-12-05 20:30:00,0.00833,0.00837,0.00833,0.00836,1079311.0
2023-12-05 20:45:00,0.00836,0.00836,0.00833,0.00835,1414872.0
2023-12-05 21:00:00,0.00836,0.00836,0.0083,0.00832,984218.0
2023-12-05 21:15:00,0.00831,0.00834,0.00831,0.00832,684878.0
2023-12-05 21:30:00,0.00832,0.00832,0.0083,0.0083,612634.0
2023-12-05 21:45:00,0.0083,0.00832,0.0083,0.0083,580247.0
2023-12-05 22:00:00,0.0083,0.0083,0.00826,0.00828,2553502.0
2023-12-05 22:15:00,0.00829,0.0083,0.00826,0.00826,3423892.0
2023-12-05 22:30:00,0.00825,0.00825,0.00822,0.00823,3376700.0
2023-12-05 22:45:00,0.00823,0.00825,0.00821,0.00824,2415875.0
2023-12-05 23:00:00,0.00824,0.00832,0.00824,0.00831,4027002.0
2023-12-05 23:15:00,0.00831,0.00833,0.00829,0.0083,4804192.0
2023-12-05 23:30:00,0.0083,0.00831,0.00825,0.00828,10385941.0
2023-12-05 23:45:00,0.00827,0.00829,0.00826,0.00828,3605940.0
2023-12-06 00:00:00,0.00828,0.00833,0.00827,0.00833,5785036.0
2023-12-06 00:15:00,0.00832,0.00851,0.0083,0.00851,12201325.0
2023-12-06 00:30:00,0.0085,0.0085,0.00837,0.00838,9236563.0
2023-12-06 00:45:00,0.00837,0.00849,0.00835,0.00846,9208052.0
2023-12-06 01:00:00,0.00845,0.0085,0.00844,0.00845,3687804.0
2023-12-06 01:15:00,0.00846,0.00846,0.00836,0.00837,2991928.0
2023-12-06 01:30:00,0.00837,0.00839,0.00835,0.00836,2493185.0
2023-12-06 01:45:00,0.00837,0.00841,0.00837,0.0084,1371037.0
2023-12-06 02:00:00,0.0084,0.0084,0.00835,0.00835,2597774.0
2023-12-06 02:15:00,0.00836,0.00837,0.00831,0.00833,4010521.0
2023-12-06 02:30:00,0.00833,0.00835,0.00828,0.00835,2962815.0
2023-12-06 02:45:00,0.00835,0.00836,0.00833,0.00833,1331052.0
2023-12-06 03:00:00,0.00833,0.00833,0.00832,0.00833,421501.0
2023-12-06 03:15:00,0.00833,0.00833,0.00829,0.00829,1848217.0
2023-12-06 03:30:00,0.00829,0.0083,0.00823,0.00825,2439991.0
2023-12-06 03:45:00,0.00825,0.00829,0.00825,0.00829,323427.0
2023-12-06 04:00:00,0.0083,0.00831,0.00828,0.0083,4390724.0
2023-12-06 04:15:00,0.0083,0.0083,0.00829,0.00829,548832.0
2023-12-06 04:30:00,0.0083,0.00832,0.00828,0.00828,3122173.0
2023-12-06 04:45:00,0.00828,0.00832,0.00827,0.00832,1570895.0
2023-12-06 05:00:00,0.00832,0.00833,0.00831,0.00832,2305731.0
2023-12-06 05:15:00,0.00832,0.00832,0.0082,0.00823,7843407.0
2023-12-06 05:30:00,0.00823,0.00823,0.00809,0.00814,14431247.0
2023-12-06 05:45:00,0.00815,0.00819,0.00814,0.00817,3599568.0
2023-12-06 06:00:00,0.00816,0.00816,0.00805,0.00808,6023075.0
2023-12-06 06:15:00,0.00809,0.00811,0.00806,0.00809,8249369.0
2023-12-06 06:30:00,0.0081,0.00815,0.0081,0.00814,3253856.0
2023-12-06 06:45:00,0.00814,0.00816,0.00811,0.00812,4813533.0
2023-12-06 07:00:00,0.00813,0.00816,0.00811,0.00813,3678373.0
2023-12-06 07:15:00,0.00813,0.00815,0.00809,0.00815,2791645.0
2023-12-06 07:30:00,0.00815,0.00818,0.00809,0.00813,6323355.0
2023-12-06 07:45:00,0.00813,0.00815,0.00812,0.00812,2389124.0
2023-12-06 08:00:00,0.00813,0.00815,0.00809,0.00814,3530934.0
2023-12-06 08:15:00,0.00814,0.00814,0.00811,0.00812,2578858.0
2023-12-06 08:30:00,0.00812,0.00814,0.00812,0.00814,2310036.0
2023-12-06 08:45:00,0.00814,0.00821,0.00813,0.0082,5265506.0
2023-12-06 09:00:00,0.0082,0.00821,0.00817,0.00818,2211349.0
2023-12-06 09:15:00,0.00819,0.00821,0.00816,0.00817,1685091.0
2023-12-06 09:30:00,0.00817,0.00836,0.00816,0.00826,16539527.0
2023-12-06 09:45:00,0.00826,0.00829,0.00823,0.00825,6810726.0
2023-12-06 10:00:00,0.00825,0.00826,0.00818,0.00819,5627118.0
2023-12-06 10:15:00,0.00818,0.00822,0.00815,0.00822,5451717.0
2023-12-06 10:30:00,0.00822,0.00823,0.00818,0.00819,3123392.0
2023-12-06 10:45:00,0.00819,0.0082,0.00816,0.00816,2818807.0
2023-12-06 11:00:00,0.00817,0.00817,0.00806,0.00806,8023726.0
2023-12-06 11:15:00,0.00806,0.00811,0.00805,0.00811,8904380.0
2023-12-06 11:30:00,0.0081,0.00811,0.00791,0.008,25059286.0
2023-12-06 11:45:00,0.00801,0.00802,0.00796,0.00802,8156711.0
2023-12-06 12:00:00,0.00802,0.00807,0.00802,0.00804,3197494.0
2023-12-06 12:15:00,0.00803,0.00805,0.00801,0.00804,12564641.0
2023-12-06 12:30:00,0.00803,0.00808,0.00803,0.00808,7761671.0
2023-12-06 12:45:00,0.00807,0.0081,0.00806,0.00809,2051789.0
2023-12-06 13:00:00,0.00809,0.00811,0.00805,0.00807,3017985.0
2023-12-06 13:15:00,0.00808,0.00809,0.00803,0.00806,1930328.0
2023-12-06 13:30:00,0.00806,0.00806,0.008,0.008,4011781.0
2023-12-06 13:45:00,0.008,0.00803,0.00796,0.00801,3527745.0
2023-12-06 14:00:00,0.00802,0.00803,0.00799,0.00802,1863780.0
2023-12-06 14:15:00,0.00802,0.00803,0.00797,0.00797,3062559.0
2023-12-06 14:30:00,0.00797,0.008,0.0078,0.00794,31818016.0
2023-12-06 14:45:00,0.00793,0.00794,0.00787,0.0079,4203666.0
2023-12-06 15:00:00,0.00789,0.00795,0.00786,0.00794,4190238.0
2023-12-06 15:15:00,0.00795,0.00798,0.00795,0.00798,6867860.0
2023-12-06 15:30:00,0.00798,0.0081,0.00798,0.00805,9502650.0
2023-12-06 15:45:00,0.00806,0.0081,0.00802,0.00806,7049302.0
2023-12-06 16:00:00,0.00807,0.00809,0.00805,0.00806,2388305.0
2023-12-06 16:15:00,0.00807,0.00811,0.00806,0.00809,5073798.0
2023-12-06 16:30:00,0.0081,0.0081,0.00808,0.00809,618820.0
2023-12-06 16:45:00,0.00809,0.00809,0.00802,0.00807,6463774.0
2023-12-06 17:00:00,0.00807,0.0081,0.00805,0.00805,4893894.0
2023-12-06 17:15:00,0.00805,0.00811,0.00805,0.00809,1492763.0
2023-12-06 17:30:00,0.00809,0.00814,0.00808,0.00812,3747438.0
2023-12-06 17:45:00,0.00812,0.00813,0.008,0.00809,7776307.0
2023-12-06 18:00:00,0.00808,0.00815,0.00808,0.00814,3527533.0
2023-12-06 18:15:00,0.00813,0.00815,0.00804,0.00812,6725195.0
2023-12-06 18:30:00,0.00812,0.00813,0.00811,0.00811,965238.0
2023-12-06 18:45:00,0.00811,0.00814,0.00811,0.00813,1006806.0
2023-12-06 19:00:00,0.00813,0.00814,0.00812,0.00813,991886.0
2023-12-06 19:15:00,0.00814,0.00815,0.00812,0.00815,970060.0
2023-12-06 19:30:00,0.00815,0.00815,0.00812,0.00815,785200.0
2023-12-06 19:45:00,0.00814,0.00816,0.00813,0.00816,572684.0
2023-12-06 20:00:00,0.00815,0.00817,0.00813,0.00813,3104280.0
2023-12-06 20:15:00,0.00813,0.00814,0.00809,0.0081,3517511.0
2023-12-06 20:30:00,0.0081,0.00812,0.00809,0.0081,1142452.0
2023-12-06 20:45:00,0.00809,0.00811,0.00805,0.00805,1607827.0
2023-12-06 21:00:00,0.00806,0.0081,0.00806,0.00808,3975243.0
2023-12-06 21:15:00,0.00808,0.00808,0.00803,0.00803,3103834.0
2023-12-06 21:30:00,0.00803,0.00803,0.0079,0.00799,7947531.0
2023-12-06 21:45:00,0.00799,0.00803,0.00799,0.008,1093640.0
2023-12-06 22:00:00,0.00799,0.00803,0.00799,0.00803,1662619.0
2023-12-06 22:15:00,0.00803,0.00803,0.00801,0.00803,156554.0
2023-12-06 22:30:00,0.00803,0.00804,0.00795,0.00795,1563001.0
2023-12-06 22:45:00,0.00795,0.00795,0.00788,0.00792,2857715.0
2023-12-06 23:00:00,0.00793,0.00795,0.00792,0.00794,1493065.0
2023-12-06 23:15:00,0.00794,0.00795,0.00792,0.00793,1047166.0
2023-12-06 23:30:00,0.00792,0.00792,0.00788,0.00791,3279220.0
2023-12-06 23:45:00,0.00791,0.00793,0.00788,0.0079,1291239.0
2023-12-07 00:00:00,0.0079,0.00794,0.00789,0.00791,5531680.0
2023-12-07 00:15:00,0.0079,0.00797,0.00789,0.00797,932103.0
2023-12-07 00:30:00,0.00797,0.008,0.00797,0.008,1315858.0
2023-12-07 00:45:00,0.008,0.008,0.00795,0.00795,484466.0
2023-12-07 01:00:00,0.00795,0.00796,0.00793,0.00795,2331562.0
2023-12-07 01:15:00,0.00796,0.00797,0.00796,0.00796,752762.0
2023-12-07 01:30:00,0.00796,0.00797,0.00792,0.00793,1006105.0
2023-12-07 01:45:00,0.00794,0.00803,0.00793,0.00796,6300549.0
2023-12-07 02:00:00,0.00797,0.00798,0.00794,0.00795,2235265.0
2023-12-07 02:15:00,0.00796,0.00799,0.00794,0.00799,1253872.0
2023-12-07 02:30:00,0.00798,0.008,0.00797,0.00799,872407.0
2023-12-07 02:45:00,0.008,0.00801,0.00797,0.00797,1354449.0
2023-12-07 03:00:00,0.00798,0.00798,0.00791,0.00793,1745063.0
2023-12-07 03:15:00,0.00793,0.00796,0.00792,0.00793,1333905.0
2023-12-07 03:30:00,0.00793,0.00795,0.00792,0.00793,1335254.0
2023-12-07 03:45:00,0.00793,0.00795,0.00793,0.00794,633448.0
2023-12-07 04:00:00,0.00795,0.00798,0.00793,0.00797,1026763.0
2023-12-07 04:15:00,0.00798,0.00799,0.00796,0.00799,1122368.0
2023-12-07 04:30:00,0.00798,0.00803,0.00798,0.00802,2248881.0
2023-12-07 04:45:00,0.00802,0.00804,0.00801,0.00804,652393.0
2023-12-07 05:00:00,0.00803,0.00808,0.00803,0.00807,3509714.0
2023-12-07 05:15:00,0.00808,0.00808,0.00805,0.00807,1011112.0
2023-12-07 05:30:00,0.00807,0.0081,0.00807,0.00808,1258965.0
2023-12-07 05:45:00,0.00808,0.00809,0.00805,0.00808,5389126.0
2023-12-07 06:00:00,0.00808,0.00808,0.00806,0.00806,638747.0
2023-12-07 06:15:00,0.00806,0.00809,0.00806,0.00808,1627555.0
2023-12-07 06:30:00,0.00807,0.00811,0.00806,0.0081,3392355.0
2023-12-07 06:45:00,0.0081,0.00812,0.00807,0.0081,2084923.0
2023-12-07 07:00:00,0.0081,0.00812,0.00809,0.00809,2110516.0
2023-12-07 07:15:00,0.00809,0.00809,0.00806,0.00807,995317.0
2023-12-07 07:30:00,0.00807,0.00808,0.00805,0.00808,1861714.0
2023-12-07 07:45:00,0.00808,0.00808,0.00805,0.00805,936927.0
2023-12-07 08:00:00,0.00806,0.00808,0.00801,0.00801,5509444.0
2023-12-07 08:15:00,0.00802,0.00802,0.00796,0.00796,4461246.0
2023-12-07 08:30:00,0.00796,0.008,0.00794,0.00799,2259003.0
2023-12-07 08:45:00,0.008,0.00801,0.00793,0.00795,2340439.0
2023-12-07 09:00:00,0.00795,0.00796,0.00789,0.00791,3024859.0
2023-12-07 09:15:00,0.0079,0.00792,0.00775,0.00781,21424653.0
2023-12-07 09:30:00,0.0078,0.0079,0.0078,0.00789,5406671.0
2023-12-07 09:45:00,0.00789,0.00793,0.00789,0.0079,3512085.0
2023-12-07 10:00:00,0.00791,0.00791,0.00787,0.0079,3047065.0
2023-12-07 10:15:00,0.0079,0.00791,0.00786,0.0079,5275176.0
2023-12-07 10:30:00,0.00789,0.00793,0.00789,0.00793,1707664.0
2023-12-07 10:45:00,0.00792,0.00792,0.00788,0.00789,2592650.0
2023-12-07 11:00:00,0.00789,0.00793,0.00788,0.00793,1981268.0
2023-12-07 11:15:00,0.00794,0.00796,0.00794,0.00794,1645032.0
2023-12-07 11:30:00,0.00794,0.00794,0.00791,0.00791,1768567.0
2023-12-07 11:45:00,0.00791,0.008,0.00789,0.00799,7951492.0
2023-12-07 12:00:00,0.00799,0.00799,0.00792,0.00798,8859108.0
2023-12-07 12:15:00,0.00798,0.00798,0.00795,0.00797,1463928.0
2023-12-07 12:30:00,0.00798,0.008,0.00797,0.008,1831362.0
2023-12-07 12:45:00,0.008,0.00804,0.008,0.00804,1086445.0
2023-12-07 13:00:00,0.00803,0.00805,0.00801,0.00801,3810619.0
2023-12-07 13:15:00,0.00801,0.00803,0.008,0.00802,1116160.0
2023-12-07 13:30:00,0.00802,0.00802,0.00799,0.00799,1661209.0
2023-12-07 13:45:00,0.00799,0.00802,0.00798,0.00801,1674821.0
2023-12-07 14:00:00,0.00801,0.00803,0.00799,0.00803,1816377.0
2023-12-07 14:15:00,0.00803,0.00804,0.00798,0.00803,2675988.0
2023-12-07 14:30:00,0.00803,0.00806,0.00803,0.00805,1974880.0
2023-12-07 14:45:00,0.00804,0.00808,0.00803,0.00807,957826.0
2023-12-07 15:00:00,0.00807,0.00811,0.00805,0.00807,6716333.0
2023-12-07 15:15:00,0.00807,0.00812,0.00807,0.00811,2250827.0
2023-12-07 15:30:00,0.00812,0.00814,0.00811,0.00812,5583995.0
2023-12-07 15:45:00,0.00813,0.00814,0.00809,0.0081,3144109.0
2023-12-07 16:00:00,0.0081,0.00815,0.00807,0.00813,4166683.0
2023-12-07 16:15:00,0.00813,0.00815,0.00811,0.00813,3461969.0
2023-12-07 16:30:00,0.00812,0.0082,0.00811,0.00818,11108949.0
2023-12-07 16:45:00,0.00818,0.00823,0.00816,0.00821,3273705.0
2023-12-07 17:00:00,0.00822,0.00823,0.00819,0.00822,2631344.0
2023-12-07 17:15:00,0.00823,0.00825,0.00819,0.00825,4650043.0
2023-12-07 17:30:00,0.00825,0.00826,0.00815,0.00816,2567512.0
2023-12-07 17:45:00,0.00818,0.00821,0.00814,0.00819,2583451.0
2023-12-07 18:00:00,0.0082,0.00821,0.00817,0.00818,782423.0
2023-12-07 18:15:00,0.00818,0.0082,0.00817,0.00819,2664573.0
2023-12-07 18:30:00,0.00819,0.00819,0.00814,0.00814,1378111.0
2023-12-07 18:45:00,0.00814,0.0082,0.00813,0.00818,3246913.0
2023-12-07 19:00:00,0.00819,0.00821,0.00815,0.00817,1868068.0
2023-12-07 19:15:00,0.00817,0.00817,0.00813,0.00814,1706552.0
2023-12-07 19:30:00,0.00814,0.00819,0.00814,0.00815,2109284.0
2023-12-07 19:45:00,0.00815,0.00817,0.00814,0.00817,878840.0
2023-12-07 20:00:00,0.00817,0.0082,0.00816,0.0082,1225171.0
2023-12-07 20:15:00,0.00819,0.00819,0.00815,0.00815,828233.0
2023-12-07 20:30:00,0.00816,0.00817,0.00813,0.00815,802655.0
2023-12-07 20:45:00,0.00815,0.00818,0.00814,0.00817,3734855.0
2023-12-07 21:00:00,0.00816,0.00819,0.00816,0.00819,1601192.0
2023-12-07 21:15:00,0.00818,0.00822,0.00817,0.00822,1928999.0
2023-12-07 21:30:00,0.00821,0.00823,0.0082,0.00822,2806562.0
2023-12-07 21:45:00,0.00822,0.00823,0.0082,0.00821,1177262.0
2023-12-07 22:00:00,0.00822,0.00823,0.0082,0.00822,814676.0
2023-12-07 22:15:00,0.00821,0.00821,0.00818,0.00818,559983.0
2023-12-07 22:30:00,0.00819,0.00819,0.00812,0.00815,3434161.0
2023-12-07 22:45:00,0.00815,0.00816,0.00814,0.00814,1237962.0
2023-12-07 23:00:00,0.00814,0.00816,0.00813,0.00814,613073.0
2023-12-07 23:15:00,0.00814,0.00815,0.00813,0.00814,621058.0
2023-12-07 23:30:00,0.00815,0.00819,0.00815,0.00818,475427.0
2023-12-07 23:45:00,0.00819,0.0082,0.00818,0.00818,1738130.0
2023-12-08 00:00:00,0.00818,0.0082,0.00818,0.00819,1257196.0
2023-12-08 00:15:00,0.00819,0.00824,0.00819,0.00824,656905.0
2023-12-08 00:30:00,0.00823,0.00824,0.00816,0.00819,4280605.0
2023-12-08 00:45:00,0.00819,0.00822,0.00816,0.00821,1697632.0
2023-12-08 01:00:00,0.0082,0.0082,0.00816,0.00816,1143542.0
2023-12-08 01:15:00,0.00817,0.0082,0.00817,0.00819,625608.0
2023-12-08 01:30:00,0.00819,0.0082,0.00817,0.00819,2030532.0
2023-12-08 01:45:00,0.00819,0.00819,0.00816,0.00818,397625.0
2023-12-08 02:00:00,0.00818,0.00819,0.00816,0.00817,1046325.0
2023-12-08 02:15:00,0.00818,0.00818,0.00816,0.00818,1847761.0
2023-12-08 02:30:00,0.00817,0.00818,0.00815,0.00817,1868170.0
2023-12-08 02:45:00,0.00817,0.00819,0.00814,0.00818,769709.0
2023-12-08 03:00:00,0.00819,0.0082,0.00816,0.00817,1888432.0
2023-12-08 03:15:00,0.00818,0.00823,0.00818,0.00821,3077323.0
2023-12-08 03:30:00,0.00821,0.00823,0.0082,0.00823,487195.0
2023-12-08 03:45:00,0.00823,0.00823,0.00819,0.00819,4282555.0
2023-12-08 04:00:00,0.00819,0.00822,0.00818,0.00822,800869.0
2023-12-08 04:15:00,0.00822,0.00823,0.00819,0.00821,1573040.0
2023-12-08 04:30:00,0.0082,0.00821,0.00817,0.00818,1875936.0
2023-12-08 04:45:00,0.00818,0.00818,0.00815,0.00817,553571.0
2023-12-08 05:00:00,0.00817,0.00818,0.00815,0.00817,2133873.0
2023-12-08 05:15:00,0.00817,0.00818,0.00815,0.00816,1017891.0
2023-12-08 05:30:00,0.00816,0.00817,0.00815,0.00817,955970.0
2023-12-08 05:45:00,0.00816,0.00818,0.00816,0.00817,287291.0
2023-12-08 06:00:00,0.00818,0.00822,0.00815,0.00822,2921345.0
2023-12-08 06:15:00,0.00822,0.00823,0.00819,0.00821,3822526.0
2023-12-08 06:30:00,0.00821,0.00821,0.00818,0.00818,1933605.0
2023-12-08 06:45:00,0.00818,0.00821,0.00818,0.00819,810861.0
2023-12-08 07:00:00,0.00819,0.0082,0.00817,0.00819,1531726.0
2023-12-08 07:15:00,0.00819,0.00821,0.00815,0.00815,9163334.0
2023-12-08 07:30:00,0.00814,0.00819,0.00812,0.00818,3523297.0
2023-12-08 07:45:00,0.00819,0.00821,0.00818,0.00818,2062483.0
2023-12-08 08:00:00,0.00818,0.0082,0.00817,0.0082,846330.0
2023-12-08 08:15:00,0.00819,0.00821,0.00818,0.0082,1819500.0
2023-12-08 08:30:00,0.00819,0.0082,0.00817,0.00818,273405.0
2023-12-08 08:45:00,0.00818,0.00819,0.00814,0.00814,2982790.0
2023-12-08 09:00:00,0.00814,0.00815,0.00813,0.00815,1922491.0
2023-12-08 09:15:00,0.00815,0.00819,0.00815,0.00817,1198230.0
2023-12-08 09:30:00,0.00818,0.00819,0.00816,0.00817,773400.0
2023-12-08 09:45:00,0.00816,0.00817,0.00813,0.00814,866015.0
2023-12-08 10:00:00,0.00814,0.00817,0.00813,0.00816,863722.0
2023-12-08 10:15:00,0.00816,0.00817,0.00814,0.00816,1918197.0
2023-12-08 10:30:00,0.00815,0.00816,0.00812,0.00816,3549940.0
2023-12-08 10:45:00,0.00816,0.00817,0.00815,0.00816,1957131.0
2023-12-08 11:00:00,0.00816,0.00817,0.00816,0.00817,444948.0
2023-12-08 11:15:00,0.00817,0.00819,0.00816,0.00818,699943.0
2023-12-08 11:30:00,0.00818,0.00825,0.00817,0.00824,3362784.0
2023-12-08 11:45:00,0.00824,0.00825,0.0082,0.00821,6557074.0
2023-12-08 12:00:00,0.0082,0.0082,0.00817,0.00817,3984986.0
2023-12-08 12:15:00,0.00818,0.00821,0.00818,0.00821,3760610.0
2023-12-08 12:30:00,0.0082,0.00822,0.00819,0.00822,496570.0
2023-12-08 12:45:00,0.00821,0.00823,0.00819,0.0082,755079.0
2023-12-08 13:00:00,0.0082,0.0082,0.00814,0.00816,3447349.0
2023-12-08 13:15:00,0.00815,0.00818,0.00814,0.00817,1690055.0
2023-12-08 13:30:00,0.00816,0.00816,0.0081,0.00815,6051839.0
2023-12-08 13:45:00,0.00815,0.00815,0.0081,0.00811,1190986.0
2023-12-08 14:00:00,0.0081,0.00814,0.00806,0.0081,6197850.0
2023-12-08 14:15:00,0.00811,0.00814,0.00811,0.00814,510963.0
2023-12-08 14:30:00,0.00813,0.00817,0.00813,0.00817,1363272.0
2023-12-08 14:45:00,0.00816,0.00818,0.00814,0.00816,1616099.0
2023-12-08 15:00:00,0.00817,0.00818,0.00817,0.00818,790071.0
2023-12-08 15:15:00,0.00818,0.00819,0.00815,0.00815,999815.0
2023-12-08 15:30:00,0.00816,0.00818,0.00815,0.00817,652456.0
2023-12-08 15:45:00,0.00817,0.00817,0.00812,0.00814,950225.0
2023-12-08 16:00:00,0.00815,0.0082,0.00815,0.00819,1720705.0
2023-12-08 16:15:00,0.0082,0.00822,0.00819,0.0082,2796162.0
2023-12-08 16:30:00,0.00821,0.00824,0.0082,0.00824,749269.0
2023-12-08 16:45:00,0.00823,0.00824,0.0082,0.00822,2546214.0
2023-12-08 17:00:00,0.00821,0.00822,0.00816,0.00818,2580732.0
2023-12-08 17:15:00,0.00818,0.00822,0.00816,0.00817,2356964.0
2023-12-08 17:30:00,0.00817,0.00822,0.00816,0.00821,1169283.0
2023-12-08 17:45:00,0.00821,0.00824,0.00821,0.00824,4090126.0
2023-12-08 18:00:00,0.00824,0.00825,0.00822,0.00825,726793.0
2023-12-08 18:15:00,0.00825,0.00825,0.00824,0.00824,814063.0
2023-12-08 18:30:00,0.00825,0.00826,0.00819,0.00824,7777238.0
2023-12-08 18:45:00,0.00824,0.00825,0.00823,0.00823,1796995.0
2023-12-08 19:00:00,0.00823,0.00826,0.00823,0.00825,1099263.0
2023-12-08 19:15:00,0.00826,0.00826,0.00823,0.00824,414660.0
2023-12-08 19:30:00,0.00824,0.00827,0.00824,0.00827,789039.0
2023-12-08 19:45:00,0.00827,0.00828,0.00827,0.00828,1507991.0
2023-12-08 20:00:00,0.00828,0.0083,0.00827,0.0083,1283455.0
2023-12-08 20:15:00,0.0083,0.00831,0.00829,0.0083,512579.0
2023-12-08 20:30:00,0.0083,0.00832,0.00829,0.00832,1702926.0
2023-12-08 20:45:00,0.00832,0.00835,0.0083,0.00834,2915442.0
2023-12-08 21:00:00,0.00834,0.00835,0.00832,0.00834,2189533.0
2023-12-08 21:15:00,0.00834,0.00835,0.00832,0.00834,1813938.0
2023-12-08 21:30:00,0.00834,0.00835,0.00828,0.00829,2079093.0
2023-12-08 21:45:00,0.0083,0.00832,0.00827,0.00832,837024.0
2023-12-08 22:00:00,0.00831,0.00833,0.0083,0.00831,663306.0
2023-12-08 22:15:00,0.00832,0.00833,0.00831,0.00831,694296.0
2023-12-08 22:30:00,0.00831,0.00832,0.0083,0.0083,310534.0
2023-12-08 22:45:00,0.0083,0.00831,0.00829,0.00829,709878.0
2023-12-08 23:00:00,0.00829,0.00831,0.00828,0.00831,1225988.0
2023-12-08 23:15:00,0.00831,0.00834,0.0083,0.00834,291866.0
2023-12-08 23:30:00,0.00834,0.00834,0.00832,0.00833,470457.0
2023-12-08 23:45:00,0.00833,0.00833,0.00832,0.00832,654470.0
2023-12-09 00:00:00,0.00833,0.00836,0.00833,0.00836,948266.0
2023-12-09 00:15:00,0.00835,0.00839,0.00835,0.00838,499452.0
2023-12-09 00:30:00,0.00838,0.00841,0.00837,0.00841,1258447.0
2023-12-09 00:45:00,0.0084,0.00843,0.00839,0.00842,1105765.0
2023-12-09 01:00:00,0.00843,0.00843,0.00831,0.00835,3665838.0
2023-12-09 01:15:00,0.00835,0.00839,0.00835,0.00838,1112284.0
2023-12-09 01:30:00,0.00838,0.00843,0.00837,0.0084,1695729.0
2023-12-09 01:45:00,0.00841,0.00841,0.00836,0.00839,918197.0
2023-12-09 02:00:00,0.00839,0.00839,0.00836,0.00836,1652216.0
2023-12-09 02:15:00,0.00836,0.00843,0.00835,0.00841,1851610.0
2023-12-09 02:30:00,0.00841,0.00841,0.00837,0.00838,1121309.0
2023-12-09 02:45:00,0.00838,0.0084,0.00837,0.00838,262230.0
2023-12-09 03:00:00,0.00839,0.00842,0.00838,0.00841,1311477.0
2023-12-09 03:15:00,0.00842,0.00845,0.00842,0.00843,352192.0
2023-12-09 03:30:00,0.00844,0.00844,0.00841,0.00843,899368.0
2023-12-09 03:45:00,0.00843,0.00844,0.00841,0.00841,1437958.0
2023-12-09 04:00:00,0.00841,0.00844,0.00841,0.00843,857910.0
2023-12-09 04:15:00,0.00842,0.00844,0.00841,0.00844,441730.0
2023-12-09 04:30:00,0.00844,0.00846,0.00843,0.00844,431658.0
2023-12-09 04:45:00,0.00844,0.00852,0.00843,0.00851,2592493.0
2023-12-09 05:00:00,0.00851,0.00851,0.00847,0.00849,1526642.0
2023-12-09 05:15:00,0.00848,0.0085,0.00846,0.00847,1708156.0
2023-12-09 05:30:00,0.00847,0.0085,0.00847,0.00849,952600.0
2023-12-09 05:45:00,0.00849,0.00852,0.00848,0.0085,1873616.0
2023-12-09 06:00:00,0.0085,0.00851,0.00846,0.00846,2164441.0
2023-12-09 06:15:00,0.00847,0.00849,0.00847,0.00849,1037355.0
2023-12-09 06:30:00,0.00849,0.00849,0.00844,0.00845,1770261.0
2023-12-09 06:45:00,0.00845,0.00848,0.00845,0.00848,1006829.0
2023-12-09 07:00:00,0.00848,0.00852,0.00847,0.00852,1501488.0
2023-12-09 07:15:00,0.00852,0.00858,0.00852,0.00855,3822529.0
2023-12-09 07:30:00,0.00855,0.00857,0.00853,0.00856,1077987.0
2023-12-09 07:45:00,0.00856,0.00862,0.00856,0.0086,2051292.0
2023-12-09 08:00:00,0.00861,0.00866,0.00861,0.00865,2938958.0
2023-12-09 08:15:00,0.00866,0.00868,0.0086,0.00863,3658996.0
2023-12-09 08:30:00,0.00863,0.00864,0.00832,0.00837,13424121.0
2023-12-09 08:45:00,0.00838,0.00848,0.00838,0.00844,4429326.0
2023-12-09 09:00:00,0.00844,0.0085,0.00844,0.0085,2746081.0
2023-12-09 09:15:00,0.00849,0.00854,0.00849,0.00853,1250192.0
2023-12-09 09:30:00,0.00853,0.00853,0.00844,0.00844,1882228.0
2023-12-09 09:45:00,0.00845,0.00846,0.0084,0.00841,4171584.0
2023-12-09 10:00:00,0.00841,0.00846,0.00841,0.00845,3233120.0
2023-12-09 10:15:00,0.00843,0.00845,0.00841,0.00841,1471311.0
2023-12-09 10:30:00,0.00841,0.00845,0.0084,0.00844,1398005.0
2023-12-09 10:45:00,0.00844,0.00845,0.00842,0.00844,1117601.0
2023-12-09 11:00:00,0.00844,0.00848,0.00844,0.00847,2309026.0
2023-12-09 11:15:00,0.00847,0.00853,0.00844,0.00846,2452907.0
2023-12-09 11:30:00,0.00846,0.00851,0.00845,0.00845,2225651.0
2023-12-09 11:45:00,0.00845,0.00848,0.00844,0.00845,1298870.0
2023-12-09 12:00:00,0.00845,0.00849,0.00844,0.00848,1865215.0
2023-12-09 12:15:00,0.00848,0.00849,0.00843,0.00846,4446872.0
2023-12-09 12:30:00,0.00846,0.00857,0.00846,0.00854,27627323.0
2023-12-09 12:45:00,0.00853,0.00858,0.00853,0.00855,3657025.0
2023-12-09 13:00:00,0.00855,0.00857,0.0085,0.00852,3819655.0
2023-12-09 13:15:00,0.00852,0.00852,0.00847,0.00848,2082108.0
2023-12-09 13:30:00,0.00848,0.00852,0.00846,0.00851,5173515.0
2023-12-09 13:45:00,0.00851,0.00854,0.00851,0.00853,3405192.0
2023-12-09 14:00:00,0.00854,0.00858,0.00852,0.00856,3822018.0
2023-12-09 14:15:00,0.00856,0.0086,0.00854,0.0086,2738813.0
2023-12-09 14:30:00,0.0086,0.0087,0.00854,0.00869,41966796.0
2023-12-09 14:45:00,0.00869,0.00884,0.00865,0.00867,72992372.0
2023-12-09 15:00:00,0.00867,0.00878,0.0086,0.00871,31195721.0
2023-12-09 15:15:00,0.00871,0.00879,0.00863,0.00869,27430555.0
2023-12-09 15:30:00,0.00869,0.00874,0.00867,0.00873,18074393.0
2023-12-09 15:45:00,0.00873,0.00878,0.00869,0.00874,6865964.0
2023-12-09 16:00:00,0.00875,0.00875,0.0087,0.00872,7326149.0
2023-12-09 16:15:00,0.00872,0.00873,0.00864,0.00869,8507465.0
2023-12-09 16:30:00,0.00868,0.00878,0.00867,0.00875,7472027.0
2023-12-09 16:45:00,0.00875,0.00883,0.0087,0.00874,18909272.0
2023-12-09 17:00:00,0.00874,0.00874,0.0086,0.00863,14041291.0
2023-12-09 17:15:00,0.00862,0.0087,0.00861,0.00863,9603191.0
2023-12-09 17:30:00,0.00863,0.00868,0.0086,0.00867,4455430.0
2023-12-09 17:45:00,0.00867,0.00868,0.00857,0.00858,5010999.0
2023-12-09 18:00:00,0.00857,0.00861,0.00854,0.00857,7645417.0
2023-12-09 18:15:00,0.00858,0.00864,0.00858,0.00864,5960579.0
2023-12-09 18:30:00,0.00864,0.0087,0.00864,0.00869,5369889.0
2023-12-09 18:45:00,0.00869,0.00872,0.00868,0.0087,2675173.0
2023-12-09 19:00:00,0.0087,0.00873,0.00867,0.00872,3448144.0
2023-12-09 19:15:00,0.00871,0.00873,0.00869,0.00872,1521708.0
2023-12-09 19:30:00,0.00872,0.00873,0.00867,0.0087,4231569.0
2023-12-09 19:45:00,0.0087,0.0087,0.00865,0.00866,1697124.0
2023-12-09 20:00:00,0.00866,0.00869,0.00861,0.00861,9024014.0
2023-12-09 20:15:00,0.00861,0.00863,0.00856,0.00857,3841975.0
2023-12-09 20:30:00,0.00858,0.00865,0.00855,0.00864,2255825.0
2023-12-09 20:45:00,0.00864,0.00865,0.0086,0.00863,1488536.0
2023-12-09 21:00:00,0.00864,0.00864,0.00857,0.00858,1801384.0
2023-12-09 21:15:00,0.00858,0.00864,0.00857,0.0086,4546790.0
2023-12-09 21:30:00,0.00861,0.00867,0.00861,0.00866,1638422.0
2023-12-09 21:45:00,0.00866,0.00866,0.00863,0.00866,1701064.0
2023-12-09 22:00:00,0.00865,0.00868,0.00864,0.00867,927407.0
2023-12-09 22:15:00,0.00868,0.00873,0.00866,0.00873,2536608.0
2023-12-09 22:30:00,0.00873,0.00879,0.00871,0.00879,7914453.0
2023-12-09 22:45:00,0.00879,0.0088,0.00874,0.00875,6627147.0
2023-12-09 23:00:00,0.00875,0.00879,0.00874,0.00875,5689529.0
2023-12-09 23:15:00,0.00875,0.00878,0.00863,0.00865,8612743.0
2023-12-09 23:30:00,0.00866,0.00866,0.00851,0.00865,10403120.0
2023-12-09 23:45:00,0.00865,0.00866,0.00861,0.00862,2810935.0
2023-12-10 00:00:00,0.00862,0.00866,0.00851,0.00855,7859758.0
2023-12-10 00:15:00,0.00857,0.00869,0.00856,0.00866,3964585.0
2023-12-10 00:30:00,0.00866,0.00876,0.00866,0.00873,4882366.0
2023-12-10 00:45:00,0.00873,0.00881,0.0087,0.00877,12034828.0
2023-12-10 01:00:00,0.00877,0.00878,0.00869,0.0087,4255201.0
2023-12-10 01:15:00,0.0087,0.00881,0.0087,0.00881,3249294.0
2023-12-10 01:30:00,0.00881,0.00884,0.00876,0.00878,10127604.0
2023-12-10 01:45:00,0.00878,0.0088,0.00876,0.00876,4862296.0
2023-12-10 02:00:00,0.00877,0.00877,0.00867,0.00867,2927253.0
2023-12-10 02:15:00,0.00867,0.00869,0.00865,0.00865,2213496.0
2023-12-10 02:30:00,0.00865,0.00875,0.00865,0.00872,1459664.0
2023-12-10 02:45:00,0.00872,0.00872,0.00865,0.00865,1174590.0
2023-12-10 03:00:00,0.00866,0.00868,0.00863,0.00863,4196117.0
2023-12-10 03:15:00,0.00863,0.00863,0.00858,0.0086,4241905.0
2023-12-10 03:30:00,0.00861,0.00867,0.00861,0.00864,7911775.0
2023-12-10 03:45:00,0.00864,0.00872,0.00864,0.00871,3841572.0
2023-12-10 04:00:00,0.00871,0.00875,0.00868,0.00869,1997072.0
2023-12-10 04:15:00,0.00869,0.00878,0.00869,0.00877,2752008.0
2023-12-10 04:30:00,0.00877,0.00878,0.00873,0.00874,4879189.0
2023-12-10 04:45:00,0.00873,0.00874,0.00871,0.00873,1580080.0
2023-12-10 05:00:00,0.00873,0.00874,0.0087,0.00871,2155493.0
2023-12-10 05:15:00,0.0087,0.00877,0.0087,0.00876,731871.0
2023-12-10 05:30:00,0.00877,0.00878,0.00872,0.00874,2778560.0
2023-12-10 05:45:00,0.00875,0.00876,0.00872,0.00873,1265523.0
2023-12-10 06:00:00,0.00873,0.00873,0.00869,0.00871,2471405.0
2023-12-10 06:15:00,0.0087,0.00873,0.00866,0.00872,4798289.0
2023-12-10 06:30:00,0.00872,0.00872,0.00865,0.00867,3192714.0
2023-12-10 06:45:00,0.00868,0.0087,0.00865,0.00869,4737214.0
2023-12-10 07:00:00,0.00868,0.00869,0.00864,0.00865,6254684.0
2023-12-10 07:15:00,0.00865,0.00865,0.00858,0.00862,2342828.0
2023-12-10 07:30:00,0.00862,0.00864,0.00854,0.00862,7536711.0
2023-12-10 07:45:00,0.00862,0.00866,0.00862,0.00866,1620807.0
2023-12-10 08:00:00,0.00865,0.00881,0.00863,0.00874,16432062.0
2023-12-10 08:15:00,0.00875,0.00878,0.00868,0.00869,5603426.0
2023-12-10 08:30:00,0.00868,0.00873,0.0086,0.00862,7655966.0
2023-12-10 08:45:00,0.00862,0.00866,0.00858,0.00864,4322522.0
2023-12-10 09:00:00,0.00863,0.00863,0.00858,0.00858,2825004.0
2023-12-10 09:15:00,0.00859,0.00862,0.00851,0.00851,9279450.0
2023-12-10 09:30:00,0.00851,0.00853,0.00842,0.00843,14822964.0
2023-12-10 09:45:00,0.00843,0.00846,0.00833,0.00835,15469334.0
2023-12-10 10:00:00,0.00834,0.00845,0.00834,0.00843,6897757.0
2023-12-10 10:15:00,0.00843,0.00848,0.00843,0.00846,1871915.0
2023-12-10 10:30:00,0.00846,0.00849,0.00842,0.00849,11829594.0
2023-12-10 10:45:00,0.00849,0.00858,0.00847,0.00855,17724044.0
2023-12-10 11:00:00,0.00856,0.00865,0.00853,0.00862,8266860.0
2023-12-10 11:15:00,0.00862,0.00863,0.00857,0.0086,2358102.0
2023-12-10 11:30:00,0.0086,0.00864,0.00857,0.00858,8163943.0
2023-12-10 11:45:00,0.00858,0.00859,0.00855,0.00857,4118099.0
2023-12-10 12:00:00,0.00858,0.00863,0.00852,0.00859,5499122.0
2023-12-10 12:15:00,0.0086,0.00862,0.00857,0.0086,1650820.0
2023-12-10 12:30:00,0.0086,0.00862,0.00857,0.00862,3183005.0
2023-12-10 12:45:00,0.00862,0.00864,0.00858,0.00863,1147254.0
2023-12-10 13:00:00,0.00863,0.00863,0.00858,0.00859,1574905.0
2023-12-10 13:15:00,0.00859,0.00859,0.00854,0.00856,926277.0
2023-12-10 13:30:00,0.00857,0.00857,0.00853,0.00855,2226513.0
2023-12-10 13:45:00,0.00855,0.00859,0.00854,0.00859,1230864.0
2023-12-10 14:00:00,0.00859,0.00865,0.00857,0.00862,2541294.0
2023-12-10 14:15:00,0.00862,0.00862,0.00856,0.00856,1146913.0
2023-12-10 14:30:00,0.00857,0.00857,0.00853,0.00856,1858409.0
2023-12-10 14:45:00,0.00857,0.00861,0.00856,0.00857,2585821.0
2023-12-10 15:00:00,0.00857,0.00861,0.00856,0.00859,734473.0
2023-12-10 15:15:00,0.00859,0.00863,0.00859,0.00862,1271809.0
2023-12-10 15:30:00,0.00862,0.00865,0.0086,0.00864,2888829.0
2023-12-10 15:45:00,0.00863,0.00866,0.00861,0.00866,2227644.0
2023-12-10 16:00:00,0.00865,0.00865,0.0086,0.00864,2546110.0
2023-12-10 16:15:00,0.00863,0.00864,0.00859,0.00859,2769350.0
2023-12-10 16:30:00,0.0086,0.00863,0.00858,0.00859,1991199.0
2023-12-10 16:45:00,0.0086,0.00861,0.00858,0.00859,749308.0
2023-12-10 17:00:00,0.00858,0.00859,0.00856,0.00858,1992362.0
2023-12-10 17:15:00,0.00857,0.00858,0.00853,0.00853,2323624.0
2023-12-10 17:30:00,0.00854,0.00856,0.00851,0.00851,1639807.0
2023-12-10 17:45:00,0.00851,0.00856,0.0085,0.00854,2460842.0
2023-12-10 18:00:00,0.00855,0.00859,0.00855,0.00859,2584886.0
2023-12-10 18:15:00,0.00858,0.00863,0.00858,0.00863,1910748.0
2023-12-10 18:30:00,0.00863,0.00864,0.00861,0.00862,2364698.0
2023-12-10 18:45:00,0.00862,0.00863,0.0086,0.00861,907011.0
2023-12-10 19:00:00,0.00861,0.00863,0.00861,0.00863,809206.0
2023-12-10 19:15:00,0.00863,0.00863,0.00857,0.0086,4170030.0
2023-12-10 19:30:00,0.00859,0.0086,0.00858,0.0086,1981550.0
2023-12-10 19:45:00,0.0086,0.00865,0.0086,0.00865,5999414.0
2023-12-10 20:00:00,0.00865,0.00868,0.00864,0.00867,1572549.0
2023-12-10 20:15:00,0.00868,0.0087,0.00867,0.00868,2412331.0
2023-12-10 20:30:00,0.00868,0.00874,0.00868,0.00873,3458194.0
2023-12-10 20:45:00,0.00873,0.00875,0.00869,0.00871,7854652.0
2023-12-10 21:00:00,0.00872,0.00874,0.0087,0.00871,2580797.0
2023-12-10 21:15:00,0.0087,0.00872,0.00865,0.00867,2461674.0
2023-12-10 21:30:00,0.00867,0.00869,0.00864,0.00866,6559599.0
2023-12-10 21:45:00,0.00866,0.00868,0.00864,0.00864,1418125.0
2023-12-10 22:00:00,0.00865,0.0087,0.00863,0.0087,1751202.0
2023-12-10 22:15:00,0.0087,0.00872,0.00868,0.00871,2689276.0
2023-12-10 22:30:00,0.00872,0.00873,0.00868,0.00872,1919426.0
2023-12-10 22:45:00,0.00873,0.00873,0.00869,0.00871,2600935.0
2023-12-10 23:00:00,0.00872,0.00875,0.00869,0.00869,2857937.0
2023-12-10 23:15:00,0.00869,0.00871,0.00864,0.0087,3014613.0
2023-12-10 23:30:00,0.0087,0.00874,0.00869,0.00871,2621831.0
2023-12-10 23:45:00,0.00871,0.00872,0.00868,0.00871,1657779.0
2023-12-11 00:00:00,0.00871,0.0088,0.0087,0.00873,7400616.0
2023-12-11 00:15:00,0.00873,0.00879,0.00871,0.00875,4927197.0
2023-12-11 00:30:00,0.00875,0.00879,0.00873,0.00874,1519477.0
2023-12-11 00:45:00,0.00872,0.00877,0.00868,0.00868,4278205.0
2023-12-11 01:00:00,0.00869,0.00869,0.00852,0.00864,6997077.0
2023-12-11 01:15:00,0.00864,0.00868,0.00861,0.00867,2091884.0
2023-12-11 01:30:00,0.00867,0.00878,0.00867,0.00874,5718524.0
2023-12-11 01:45:00,0.00874,0.00877,0.00871,0.00871,5355925.0
2023-12-11 02:00:00,0.00871,0.00872,0.00751,0.00789,67681733.0
2023-12-11 02:15:00,0.0079,0.00806,0.00788,0.00804,36503659.0
2023-12-11 02:30:00,0.00804,0.00806,0.00775,0.00793,30122869.0
2023-12-11 02:45:00,0.00794,0.008,0.00781,0.00798,15468335.0
2023-12-11 03:00:00,0.00797,0.00812,0.00794,0.00811,5955110.0
2023-12-11 03:15:00,0.00811,0.00812,0.00806,0.00812,3374983.0
2023-12-11 03:30:00,0.00812,0.00824,0.00809,0.00823,8483993.0
2023-12-11 03:45:00,0.00822,0.00822,0.00815,0.00815,2938276.0
2023-12-11 04:00:00,0.00814,0.00818,0.00811,0.00815,1948993.0
2023-12-11 04:15:00,0.00815,0.00816,0.00807,0.00811,2049776.0
2023-12-11 04:30:00,0.00811,0.00812,0.00804,0.00804,2798927.0
2023-12-11 04:45:00,0.00805,0.0081,0.00803,0.00808,2277483.0
2023-12-11 05:00:00,0.00808,0.00819,0.00806,0.00817,10945823.0
2023-12-11 05:15:00,0.00817,0.00817,0.00806,0.00806,3226790.0
2023-12-11 05:30:00,0.00807,0.00813,0.00805,0.00807,5600043.0
2023-12-11 05:45:00,0.00807,0.00814,0.00804,0.00814,4566076.0
2023-12-11 06:00:00,0.00814,0.0082,0.0081,0.00816,12449101.0
2023-12-11 06:15:00,0.00816,0.00816,0.00803,0.00812,10483754.0
2023-12-11 06:30:00,0.0081,0.00814,0.00799,0.00809,7225970.0
2023-12-11 06:45:00,0.00809,0.00813,0.00802,0.00811,6515286.0
2023-12-11 07:00:00,0.00811,0.0082,0.00811,0.00818,3393957.0
2023-12-11 07:15:00,0.00818,0.0082,0.00812,0.00813,4126922.0
2023-12-11 07:30:00,0.00811,0.00812,0.00808,0.00809,2630961.0
2023-12-11 07:45:00,0.00809,0.00814,0.00805,0.00806,4749480.0
2023-12-11 08:00:00,0.00807,0.0081,0.00799,0.00805,7124359.0
2023-12-11 08:15:00,0.00806,0.00807,0.008,0.00803,4238437.0
2023-12-11 08:30:00,0.00803,0.00809,0.00802,0.00808,4915104.0
2023-12-11 08:45:00,0.00808,0.00814,0.00808,0.0081,1780145.0
2023-12-11 09:00:00,0.0081,0.00815,0.00807,0.00815,3758412.0
2023-12-11 09:15:00,0.00814,0.00822,0.00814,0.00819,5821948.0
2023-12-11 09:30:00,0.00819,0.00824,0.00817,0.00823,3836145.0
2023-12-11 09:45:00,0.00823,0.00825,0.00817,0.00821,4084349.0
2023-12-11 10:00:00,0.00822,0.00826,0.00821,0.00822,1862320.0
2023-12-11 10:15:00,0.00822,0.00825,0.0082,0.00821,4392263.0
2023-12-11 10:30:00,0.0082,0.00821,0.00817,0.00819,7120119.0
2023-12-11 10:45:00,0.00818,0.00821,0.00814,0.00816,3612360.0
2023-12-11 11:00:00,0.00816,0.00821,0.00815,0.00821,2619669.0
2023-12-11 11:15:00,0.00821,0.00822,0.00814,0.00814,4451829.0
2023-12-11 11:30:00,0.00815,0.00817,0.00813,0.00817,1480138.0
2023-12-11 11:45:00,0.00818,0.0082,0.00816,0.0082,1313994.0
2023-12-11 12:00:00,0.00819,0.0082,0.00817,0.00819,1478010.0
2023-12-11 12:15:00,0.00819,0.00822,0.00816,0.00819,4389444.0
2023-12-11 12:30:00,0.00819,0.00822,0.00813,0.00813,2717985.0
2023-12-11 12:45:00,0.00814,0.00816,0.00809,0.00813,6019967.0
2023-12-11 13:00:00,0.00813,0.00817,0.00813,0.00817,1263737.0
2023-12-11 13:15:00,0.00816,0.00816,0.00809,0.0081,1288488.0
2023-12-11 13:30:00,0.0081,0.00812,0.00805,0.00806,4990562.0
2023-12-11 13:45:00,0.00807,0.00811,0.00797,0.00807,8449358.0
2023-12-11 14:00:00,0.00807,0.00811,0.00805,0.00808,6128315.0
2023-12-11 14:15:00,0.00808,0.00809,0.00797,0.00802,7521503.0
2023-12-11 14:30:00,0.00801,0.00807,0.00798,0.00802,4760019.0
2023-12-11 14:45:00,0.00803,0.00808,0.00799,0.008,2868789.0
2023-12-11 15:00:00,0.00801,0.00806,0.00798,0.00805,3086277.0
2023-12-11 15:15:00,0.00806,0.00809,0.00802,0.00804,3724034.0
2023-12-11 15:30:00,0.00804,0.00805,0.00801,0.00801,1028661.0
2023-12-11 15:45:00,0.008,0.0081,0.00795,0.00807,10960788.0
2023-12-11 16:00:00,0.00807,0.00808,0.00798,0.00803,4375401.0
2023-12-11 16:15:00,0.00803,0.00813,0.008,0.00812,3184416.0
2023-12-11 16:30:00,0.00813,0.00815,0.00808,0.00812,4198275.0
2023-12-11 16:45:00,0.00813,0.00814,0.00807,0.00813,2914479.0
2023-12-11 17:00:00,0.00812,0.00812,0.00805,0.00806,2779946.0
2023-12-11 17:15:00,0.00806,0.00806,0.00801,0.00803,3067094.0
2023-12-11 17:30:00,0.00802,0.00802,0.00798,0.00801,3467652.0
2023-12-11 17:45:00,0.00801,0.00802,0.00795,0.00797,5955548.0
2023-12-11 18:00:00,0.00796,0.00798,0.00785,0.00789,11481828.0
2023-12-11 18:15:00,0.00788,0.00793,0.00774,0.00777,16981313.0
2023-12-11 18:30:00,0.00778,0.00786,0.00771,0.00781,6821926.0
2023-12-11 18:45:00,0.00781,0.0079,0.00781,0.00789,4321413.0
2023-12-11 19:00:00,0.00789,0.00791,0.00785,0.00787,1879574.0
2023-12-11 19:15:00,0.00787,0.00787,0.00782,0.00783,1643163.0
2023-12-11 19:30:00,0.00783,0.00786,0.00779,0.00786,4363862.0
2023-12-11 19:45:00,0.00786,0.00793,0.00786,0.00791,2360523.0
2023-12-11 20:00:00,0.0079,0.00793,0.00786,0.0079,893162.0
2023-12-11 20:15:00,0.0079,0.00791,0.00787,0.00789,1068344.0
2023-12-11 20:30:00,0.0079,0.00792,0.00785,0.00789,3176656.0
2023-12-11 20:45:00,0.0079,0.00792,0.0079,0.00792,1146453.0
2023-12-11 21:00:00,0.00792,0.00797,0.00792,0.00796,1471568.0
2023-12-11 21:15:00,0.00797,0.008,0.00797,0.00798,948733.0
2023-12-11 21:30:00,0.00798,0.00802,0.00798,0.00802,2680915.0
2023-12-11 21:45:00,0.00803,0.00806,0.00801,0.00806,1406851.0
2023-12-11 22:00:00,0.00807,0.00807,0.00803,0.00804,2069119.0
2023-12-11 22:15:00,0.00804,0.00806,0.00804,0.00805,774969.0
2023-12-11 22:30:00,0.00805,0.00807,0.00805,0.00807,1205608.0
2023-12-11 22:45:00,0.00808,0.0081,0.00807,0.00807,1361391.0
2023-12-11 23:00:00,0.00807,0.00807,0.00804,0.00804,627092.0
2023-12-11 23:15:00,0.00805,0.00807,0.00805,0.00806,102210.0
2023-12-11 23:30:00,0.00806,0.00808,0.00806,0.00808,741923.0
2023-12-11 23:45:00,0.00809,0.00809,0.00805,0.00807,298723.0
2023-12-12 00:00:00,0.00808,0.0081,0.00807,0.00808,1261330.0
2023-12-12 00:15:00,0.00807,0.00815,0.00807,0.00815,1660326.0
2023-12-12 00:30:00,0.00814,0.00814,0.0081,0.00813,1676641.0
2023-12-12 00:45:00,0.00813,0.00813,0.00811,0.00812,1547945.0
2023-12-12 01:00:00,0.00813,0.00818,0.00812,0.00817,2246321.0
2023-12-12 01:15:00,0.00818,0.00829,0.00817,0.00829,4976553.0
2023-12-12 01:30:00,0.00829,0.00836,0.00828,0.00832,10437233.0
2023-12-12 01:45:00,0.00832,0.00832,0.00828,0.00831,6691725.0
2023-12-12 02:00:00,0.00831,0.00835,0.00831,0.00835,2170423.0
2023-12-12 02:15:00,0.00834,0.00835,0.00832,0.00833,4111831.0
2023-12-12 02:30:00,0.00834,0.00837,0.00833,0.00835,3632938.0
2023-12-12 02:45:00,0.00835,0.00836,0.00832,0.00836,3839639.0
2023-12-12 03:00:00,0.00836,0.00839,0.00835,0.00839,3291392.0
2023-12-12 03:15:00,0.00839,0.0084,0.00836,0.00837,2353142.0
2023-12-12 03:30:00,0.00837,0.00837,0.00836,0.00837,987938.0
2023-12-12 03:45:00,0.00837,0.0084,0.00834,0.00835,3190862.0
2023-12-12 04:00:00,0.00835,0.00847,0.00834,0.00844,14399739.0
2023-12-12 04:15:00,0.00844,0.00844,0.00838,0.0084,2100146.0
2023-12-12 04:30:00,0.0084,0.00842,0.00832,0.00832,2082567.0
2023-12-12 04:45:00,0.00833,0.00835,0.0083,0.00831,2860440.0
2023-12-12 05:00:00,0.00832,0.00842,0.00831,0.00841,1376846.0
2023-12-12 05:15:00,0.00841,0.00852,0.00841,0.00848,4971639.0
2023-12-12 05:30:00,0.00848,0.00849,0.00844,0.00849,2366791.0
2023-12-12 05:45:00,0.00849,0.00854,0.00848,0.00851,3836927.0
2023-12-12 06:00:00,0.00851,0.00859,0.00851,0.00859,3679585.0
2023-12-12 06:15:00,0.00859,0.00859,0.0085,0.00851,3645069.0
2023-12-12 06:30:00,0.0085,0.00857,0.00849,0.00852,7451764.0
2023-12-12 06:45:00,0.00852,0.00853,0.00847,0.00852,4773601.0
2023-12-12 07:00:00,0.00852,0.00852,0.00846,0.00848,2872481.0
2023-12-12 07:15:00,0.00848,0.00852,0.00847,0.00851,2972766.0
2023-12-12 07:30:00,0.00852,0.00856,0.0085,0.00855,3812958.0
2023-12-12 07:45:00,0.00854,0.00858,0.00849,0.00857,5878612.0
2023-12-12 08:00:00,0.00857,0.00861,0.00853,0.00854,2764275.0
2023-12-12 08:15:00,0.00854,0.00859,0.00854,0.00856,5960333.0
2023-12-12 08:30:00,0.00857,0.00858,0.00854,0.00857,1733351.0
2023-12-12 08:45:00,0.00857,0.0086,0.00855,0.00855,1163477.0
2023-12-12 09:00:00,0.00855,0.00857,0.00847,0.0085,6260036.0
2023-12-12 09:15:00,0.0085,0.00859,0.0085,0.00858,9239118.0
2023-12-12 09:30:00,0.00858,0.00865,0.00857,0.00857,7782775.0
2023-12-12 09:45:00,0.00858,0.00858,0.00854,0.00854,1234327.0
2023-12-12 10:00:00,0.00854,0.00858,0.00854,0.00858,816611.0
2023-12-12 10:15:00,0.00857,0.00858,0.00856,0.00856,1721158.0
2023-12-12 10:30:00,0.00856,0.00858,0.00855,0.00857,3485051.0
2023-12-12 10:45:00,0.00857,0.00858,0.00852,0.00855,2399822.0
2023-12-12 11:00:00,0.00855,0.00856,0.00848,0.00851,2590744.0
2023-12-12 11:15:00,0.00851,0.00852,0.00848,0.00849,3366568.0
2023-12-12 11:30:00,0.00848,0.00848,0.00842,0.00843,5500075.0
2023-12-12 11:45:00,0.00843,0.00845,0.00836,0.00838,4906206.0
2023-12-12 12:00:00,0.00839,0.00842,0.00838,0.00838,2948104.0
2023-12-12 12:15:00,0.00838,0.00846,0.00838,0.00844,2086810.0
2023-12-12 12:30:00,0.00844,0.00848,0.00843,0.00846,4294172.0
2023-12-12 12:45:00,0.00846,0.0085,0.00846,0.00849,2496374.0
2023-12-12 13:00:00,0.00849,0.00856,0.00849,0.00853,2477262.0
2023-12-12 13:15:00,0.00853,0.00855,0.00849,0.00851,5441245.0
2023-12-12 13:30:00,0.00851,0.00858,0.0085,0.00857,3349242.0
2023-12-12 13:45:00,0.00856,0.00858,0.00853,0.00853,2136388.0
2023-12-12 14:00:00,0.00853,0.00854,0.00847,0.00847,3878823.0
2023-12-12 14:15:00,0.00847,0.00851,0.00847,0.00849,1836949.0
2023-12-12 14:30:00,0.00849,0.00853,0.00847,0.00848,3340163.0
2023-12-12 14:45:00,0.00848,0.00851,0.0084,0.00849,4182047.0
2023-12-12 15:00:00,0.00848,0.00852,0.00844,0.00845,3544179.0
2023-12-12 15:15:00,0.00845,0.00845,0.00832,0.00835,8645112.0
2023-12-12 15:30:00,0.00834,0.00844,0.00834,0.00843,2068709.0
2023-12-12 15:45:00,0.00842,0.00843,0.00836,0.00839,2152113.0
2023-12-12 16:00:00,0.00839,0.00842,0.00834,0.00835,3298703.0
2023-12-12 16:15:00,0.00835,0.00838,0.0083,0.00836,4731380.0
2023-12-12 16:30:00,0.00836,0.0084,0.0083,0.00832,4693613.0
2023-12-12 16:45:00,0.00833,0.00834,0.00829,0.00832,2208497.0
2023-12-12 17:00:00,0.00833,0.00833,0.00821,0.00823,8485827.0
2023-12-12 17:15:00,0.00823,0.00826,0.00817,0.00818,6758599.0
2023-12-12 17:30:00,0.00819,0.00821,0.00812,0.00815,4920090.0
2023-12-12 17:45:00,0.00814,0.00815,0.00808,0.00809,5514778.0
2023-12-12 18:00:00,0.0081,0.00823,0.0081,0.00822,4799285.0
2023-12-12 18:15:00,0.00823,0.00833,0.00823,0.00833,3699003.0
2023-12-12 18:30:00,0.00832,0.00832,0.00825,0.00826,1914571.0
2023-12-12 18:45:00,0.00826,0.00828,0.00826,0.00826,1475146.0
2023-12-12 19:00:00,0.00826,0.00826,0.0082,0.00822,4992675.0
2023-12-12 19:15:00,0.00822,0.00822,0.00814,0.00814,2299504.0
2023-12-12 19:30:00,0.00814,0.00819,0.00814,0.00817,2127324.0
2023-12-12 19:45:00,0.00817,0.00819,0.00815,0.00817,1008865.0
2023-12-12 20:00:00,0.00816,0.00819,0.00816,0.00816,1422601.0
2023-12-12 20:15:00,0.00816,0.00816,0.00808,0.00811,2761031.0
2023-12-12 20:30:00,0.0081,0.00813,0.00808,0.0081,1737412.0
2023-12-12 20:45:00,0.00809,0.00814,0.00808,0.00813,2830479.0
2023-12-12 21:00:00,0.00814,0.00817,0.00813,0.00817,2074214.0
2023-12-12 21:15:00,0.00816,0.00817,0.00814,0.00814,833532.0
2023-12-12 21:30:00,0.00814,0.00814,0.00806,0.00808,2688495.0
2023-12-12 21:45:00,0.00808,0.00809,0.008,0.00801,4767715.0
2023-12-12 22:00:00,0.00801,0.00804,0.008,0.00803,2328315.0
2023-12-12 22:15:00,0.00803,0.00803,0.00797,0.008,5642438.0
2023-12-12 22:30:00,0.00799,0.00805,0.00799,0.00802,1205401.0
2023-12-12 22:45:00,0.008,0.00803,0.00799,0.00799,1833642.0
2023-12-12 23:00:00,0.00799,0.00805,0.00799,0.00803,2161410.0
2023-12-12 23:15:00,0.00803,0.0081,0.00803,0.00808,3465660.0
2023-12-12 23:30:00,0.00808,0.0081,0.00806,0.00808,2101234.0
2023-12-12 23:45:00,0.00808,0.0081,0.00807,0.00809,5450814.0
2023-12-13 00:00:00,0.0081,0.00816,0.0081,0.00815,10283082.0
2023-12-13 00:15:00,0.00815,0.00818,0.00811,0.00815,2743056.0
2023-12-13 00:30:00,0.00814,0.00818,0.00814,0.00818,2988436.0
2023-12-13 00:45:00,0.00817,0.00818,0.00815,0.00817,1552755.0
2023-12-13 01:00:00,0.00816,0.00816,0.0081,0.0081,2620903.0
2023-12-13 01:15:00,0.0081,0.0081,0.00794,0.00796,11729408.0
2023-12-13 01:30:00,0.00796,0.00804,0.00796,0.00799,2128825.0
2023-12-13 01:45:00,0.00798,0.008,0.00785,0.00785,5561979.0
2023-12-13 02:00:00,0.00786,0.00792,0.0078,0.00786,5415205.0
2023-12-13 02:15:00,0.00786,0.00787,0.00773,0.00781,10294340.0
2023-12-13 02:30:00,0.0078,0.00784,0.00779,0.00784,2809108.0
2023-12-13 02:45:00,0.00784,0.00784,0.00779,0.00784,953929.0
2023-12-13 03:00:00,0.00785,0.00787,0.00781,0.00784,1641896.0
2023-12-13 03:15:00,0.00784,0.00785,0.00778,0.00781,1409389.0
2023-12-13 03:30:00,0.00781,0.00785,0.00781,0.00782,2741886.0
2023-12-13 03:45:00,0.00782,0.00784,0.00774,0.00779,2715690.0
2023-12-13 04:00:00,0.00778,0.0078,0.00772,0.00775,6891218.0
2023-12-13 04:15:00,0.00775,0.00782,0.00771,0.00782,4184954.0
2023-12-13 04:30:00,0.00783,0.00786,0.00782,0.00784,1482998.0
2023-12-13 04:45:00,0.00785,0.00785,0.00783,0.00785,839904.0
2023-12-13 05:00:00,0.00784,0.00785,0.00781,0.00781,1768266.0
2023-12-13 05:15:00,0.0078,0.00783,0.00779,0.00782,2795246.0
2023-12-13 05:30:00,0.00782,0.00783,0.00778,0.00781,2042716.0
2023-12-13 05:45:00,0.00781,0.00784,0.00781,0.00783,298434.0
2023-12-13 06:00:00,0.00783,0.00784,0.0078,0.00783,614302.0
2023-12-13 06:15:00,0.00783,0.00786,0.00781,0.00782,1167854.0
2023-12-13 06:30:00,0.00782,0.00784,0.00778,0.00779,1747462.0
2023-12-13 06:45:00,0.00778,0.00778,0.00764,0.00767,6954830.0
2023-12-13 07:00:00,0.00767,0.0078,0.00763,0.00778,4265008.0
2023-12-13 07:15:00,0.00778,0.0078,0.00776,0.00779,640214.0
2023-12-13 07:30:00,0.00779,0.0078,0.00777,0.00779,1493387.0
2023-12-13 07:45:00,0.00779,0.00779,0.00774,0.00774,1203637.0
2023-12-13 08:00:00,0.00774,0.00778,0.0076,0.00777,23583435.0
2023-12-13 08:15:00,0.00778,0.00778,0.00774,0.00776,2011930.0
2023-12-13 08:30:00,0.00776,0.00779,0.00775,0.00776,2840722.0
2023-12-13 08:45:00,0.00775,0.00776,0.00771,0.00775,3605083.0
2023-12-13 09:00:00,0.00774,0.00774,0.0077,0.00772,1006484.0
2023-12-13 09:15:00,0.00772,0.00772,0.00767,0.00771,1469785.0
2023-12-13 09:30:00,0.0077,0.00771,0.00766,0.00769,2174240.0
2023-12-13 09:45:00,0.00769,0.00772,0.00768,0.00771,2839499.0
2023-12-13 10:00:00,0.0077,0.00771,0.00766,0.00767,1233611.0
2023-12-13 10:15:00,0.00768,0.00769,0.00759,0.00761,3883952.0
2023-12-13 10:30:00,0.00761,0.00764,0.00759,0.0076,4420059.0
2023-12-13 10:45:00,0.0076,0.00763,0.00756,0.00761,2080455.0
2023-12-13 11:00:00,0.00761,0.00764,0.00761,0.00763,1274496.0
2023-12-13 11:15:00,0.00764,0.00766,0.00762,0.00763,1777066.0
2023-12-13 11:30:00,0.00763,0.00764,0.00757,0.00758,1769091.0
2023-12-13 11:45:00,0.00758,0.0076,0.00751,0.00751,9653196.0
2023-12-13 12:00:00,0.00753,0.00756,0.0075,0.00756,6083088.0
2023-12-13 12:15:00,0.00756,0.00764,0.00756,0.00763,4495058.0
2023-12-13 12:30:00,0.00763,0.00764,0.0076,0.00762,2996684.0
2023-12-13 12:45:00,0.00762,0.00765,0.00759,0.00765,8259788.0
2023-12-13 13:00:00,0.00764,0.00771,0.00763,0.0077,4488092.0
2023-12-13 13:15:00,0.00769,0.00782,0.00768,0.0078,12781416.0
2023-12-13 13:30:00,0.0078,0.00782,0.00778,0.00781,2867498.0
2023-12-13 13:45:00,0.00781,0.00784,0.0078,0.00783,6736679.0
2023-12-13 14:00:00,0.00784,0.00784,0.00772,0.00776,12355378.0
2023-12-13 14:15:00,0.00777,0.0078,0.00774,0.00777,2691187.0
2023-12-13 14:30:00,0.00777,0.00779,0.00775,0.00778,1665140.0
2023-12-13 14:45:00,0.00778,0.00781,0.00776,0.00777,2140440.0
2023-12-13 15:00:00,0.00777,0.00787,0.00776,0.00785,7107002.0
2023-12-13 15:15:00,0.00786,0.0079,0.00784,0.00785,3086021.0
2023-12-13 15:30:00,0.00784,0.00788,0.00784,0.00787,2357147.0
2023-12-13 15:45:00,0.00787,0.00787,0.00785,0.00786,2021873.0
2023-12-13 16:00:00,0.00787,0.0079,0.00782,0.00788,2601582.0
2023-12-13 16:15:00,0.00788,0.00789,0.00778,0.00782,3494062.0
2023-12-13 16:30:00,0.00782,0.00782,0.00775,0.00776,2094649.0
2023-12-13 16:45:00,0.00777,0.0078,0.00776,0.00777,2075353.0
2023-12-13 17:00:00,0.00778,0.00782,0.00778,0.00782,7695558.0
2023-12-13 17:15:00,0.00782,0.00785,0.00779,0.00782,5563615.0
2023-12-13 17:30:00,0.00782,0.00783,0.00779,0.0078,1467461.0
2023-12-13 17:45:00,0.0078,0.00782,0.00778,0.00782,684642.0
2023-12-13 18:00:00,0.00782,0.00784,0.00781,0.00784,1330447.0
2023-12-13 18:15:00,0.00783,0.00784,0.0078,0.0078,945300.0
2023-12-13 18:30:00,0.0078,0.00784,0.0078,0.00783,1318645.0
2023-12-13 18:45:00,0.00784,0.00786,0.00781,0.00782,1579836.0
2023-12-13 19:00:00,0.00783,0.00797,0.00783,0.00796,6506916.0
2023-12-13 19:15:00,0.00796,0.00797,0.00792,0.00795,2859702.0
2023-12-13 19:30:00,0.00795,0.00802,0.00792,0.00802,7131698.0
2023-12-13 19:45:00,0.008,0.00805,0.008,0.00804,2103826.0
2023-12-13 20:00:00,0.00804,0.00808,0.008,0.008,8652267.0
2023-12-13 20:15:00,0.008,0.00805,0.00799,0.00801,5026999.0
2023-12-13 20:30:00,0.00801,0.00807,0.00801,0.00807,1496104.0
2023-12-13 20:45:00,0.00806,0.00811,0.00806,0.00807,2258692.0
2023-12-13 21:00:00,0.00808,0.0081,0.00805,0.00808,2004177.0
2023-12-13 21:15:00,0.00808,0.00809,0.00804,0.00808,2511712.0
2023-12-13 21:30:00,0.00809,0.0081,0.00806,0.00807,1265932.0
2023-12-13 21:45:00,0.00806,0.00814,0.00806,0.00813,3328773.0
2023-12-13 22:00:00,0.00813,0.00817,0.00812,0.00817,4833166.0
2023-12-13 22:15:00,0.00817,0.00819,0.00816,0.00816,2042105.0
2023-12-13 22:30:00,0.00815,0.00815,0.00806,0.00806,6508761.0
2023-12-13 22:45:00,0.00806,0.00811,0.00806,0.00811,2376925.0
2023-12-13 23:00:00,0.00811,0.00814,0.00809,0.00811,769728.0
2023-12-13 23:15:00,0.00811,0.00811,0.00806,0.00808,1131829.0
2023-12-13 23:30:00,0.00808,0.00808,0.00801,0.00801,2550876.0
2023-12-13 23:45:00,0.00801,0.00806,0.00801,0.00806,1088309.0
2023-12-14 00:00:00,0.00805,0.00815,0.00805,0.00814,3584808.0
2023-12-14 00:15:00,0.00814,0.00814,0.00799,0.00806,19231678.0
2023-12-14 00:30:00,0.00807,0.00808,0.00803,0.00803,1905480.0
2023-12-14 00:45:00,0.00804,0.00809,0.00803,0.00809,964761.0
2023-12-14 01:00:00,0.0081,0.00815,0.00808,0.00815,2581005.0
2023-12-14 01:15:00,0.00815,0.00815,0.00807,0.0081,1389932.0
2023-12-14 01:30:00,0.0081,0.00811,0.00808,0.00809,750207.0
2023-12-14 01:45:00,0.0081,0.00813,0.00807,0.0081,1266710.0
2023-12-14 02:00:00,0.0081,0.0081,0.00806,0.00806,1299096.0
2023-12-14 02:15:00,0.00806,0.00809,0.00805,0.00809,969453.0
2023-12-14 02:30:00,0.00808,0.00814,0.00805,0.00811,1386782.0
2023-12-14 02:45:00,0.00812,0.00815,0.00808,0.0081,1511519.0
2023-12-14 03:00:00,0.00811,0.00813,0.00809,0.0081,1224389.0
2023-12-14 03:15:00,0.00809,0.00809,0.00803,0.00804,1353557.0
2023-12-14 03:30:00,0.00805,0.00808,0.00804,0.00808,947919.0
2023-12-14 03:45:00,0.00808,0.00811,0.00808,0.00809,2487244.0
2023-12-14 04:00:00,0.0081,0.00813,0.00809,0.00812,578423.0
2023-12-14 04:15:00,0.00811,0.00811,0.00808,0.0081,793532.0
2023-12-14 04:30:00,0.0081,0.0081,0.00806,0.00809,2769743.0
2023-12-14 04:45:00,0.00808,0.00808,0.00803,0.00804,903813.0
2023-12-14 05:00:00,0.00804,0.00808,0.00803,0.00808,407409.0
2023-12-14 05:15:00,0.00808,0.00812,0.00808,0.00812,2954244.0
2023-12-14 05:30:00,0.00813,0.00814,0.0081,0.00811,1014411.0
2023-12-14 05:45:00,0.00811,0.00812,0.00808,0.00812,439026.0
2023-12-14 06:00:00,0.00811,0.00813,0.00809,0.00812,880737.0
2023-12-14 06:15:00,0.00812,0.00815,0.00811,0.00815,2068682.0
2023-12-14 06:30:00,0.00815,0.00815,0.00811,0.00811,3743144.0
2023-12-14 06:45:00,0.00812,0.00813,0.0081,0.00813,1456624.0
2023-12-14 07:00:00,0.00813,0.00814,0.00808,0.0081,3332322.0
2023-12-14 07:15:00,0.0081,0.00812,0.00809,0.00811,2588490.0
2023-12-14 07:30:00,0.00811,0.00814,0.0081,0.00811,870476.0
2023-12-14 07:45:00,0.00812,0.00813,0.00809,0.00811,398370.0
2023-12-14 08:00:00,0.00812,0.00813,0.00808,0.00813,1999949.0
2023-12-14 08:15:00,0.00813,0.00815,0.00812,0.00815,1728676.0
2023-12-14 08:30:00,0.00815,0.00815,0.00812,0.00812,1823805.0
2023-12-14 08:45:00,0.00813,0.00813,0.00805,0.00807,2230944.0
2023-12-14 09:00:00,0.00806,0.00808,0.00803,0.00807,2671389.0
2023-12-14 09:15:00,0.00806,0.00807,0.00805,0.00806,284071.0
2023-12-14 09:30:00,0.00806,0.00809,0.00804,0.00809,838375.0
2023-12-14 09:45:00,0.00809,0.0081,0.00807,0.00809,662121.0
2023-12-14 10:00:00,0.00809,0.0081,0.00806,0.00807,1021527.0
2023-12-14 10:15:00,0.00808,0.00812,0.00808,0.00811,1254637.0
2023-12-14 10:30:00,0.00812,0.00812,0.00809,0.00812,558809.0
2023-12-14 10:45:00,0.00811,0.00813,0.00811,0.00813,1229735.0
2023-12-14 11:00:00,0.00813,0.00814,0.0081,0.00812,1492144.0
2023-12-14 11:15:00,0.00812,0.00812,0.00807,0.00807,1376717.0
2023-12-14 11:30:00,0.00808,0.00813,0.00808,0.00811,2071859.0
2023-12-14 11:45:00,0.00811,0.00817,0.00811,0.00816,1950586.0
2023-12-14 12:00:00,0.00816,0.00817,0.00811,0.00811,2760171.0
2023-12-14 12:15:00,0.0081,0.00812,0.00808,0.00808,1893937.0
2023-12-14 12:30:00,0.00809,0.00811,0.00809,0.00809,334315.0
2023-12-14 12:45:00,0.00809,0.0081,0.00806,0.00808,2474465.0
2023-12-14 13:00:00,0.00808,0.00808,0.00796,0.00796,5207039.0
2023-12-14 13:15:00,0.00796,0.00802,0.0078,0.00786,11077560.0
2023-12-14 13:30:00,0.00787,0.00794,0.00769,0.00794,22463505.0
2023-12-14 13:45:00,0.00794,0.008,0.00788,0.00799,5939209.0
2023-12-14 14:00:00,0.00799,0.008,0.00791,0.00792,3433725.0
2023-12-14 14:15:00,0.00792,0.00804,0.00792,0.00802,5468239.0
2023-12-14 14:30:00,0.00802,0.00806,0.008,0.008,2308659.0
2023-12-14 14:45:00,0.008,0.00803,0.00799,0.00801,1425313.0
2023-12-14 15:00:00,0.00802,0.00805,0.00801,0.00803,1362245.0
2023-12-14 15:15:00,0.00803,0.00805,0.00801,0.00803,2248290.0
2023-12-14 15:30:00,0.00804,0.00812,0.00804,0.0081,6577923.0
2023-12-14 15:45:00,0.0081,0.00812,0.00806,0.00809,3635487.0
2023-12-14 16:00:00,0.00808,0.00814,0.00806,0.00813,1799617.0
2023-12-14 16:15:00,0.00813,0.0082,0.0081,0.0081,6275166.0
2023-12-14 16:30:00,0.0081,0.00815,0.00809,0.00812,1407366.0
2023-12-14 16:45:00,0.00812,0.00814,0.00812,0.00813,3317263.0
2023-12-14 17:00:00,0.00813,0.00817,0.00813,0.00816,3629028.0
2023-12-14 17:15:00,0.00815,0.00818,0.00813,0.00817,2859778.0
2023-12-14 17:30:00,0.00816,0.00822,0.00815,0.00822,6059592.0
2023-12-14 17:45:00,0.00822,0.00823,0.00818,0.0082,2026557.0
2023-12-14 18:00:00,0.00821,0.00822,0.00812,0.00814,4251056.0
2023-12-14 18:15:00,0.00814,0.00816,0.00812,0.00813,822831.0
2023-12-14 18:30:00,0.00813,0.00818,0.00813,0.00818,508600.0
2023-12-14 18:45:00,0.00818,0.00818,0.00815,0.00816,1633290.0
2023-12-14 19:00:00,0.00816,0.00818,0.00813,0.00814,2778097.0
2023-12-14 19:15:00,0.00814,0.00826,0.00814,0.00825,4814174.0
2023-12-14 19:30:00,0.00824,0.00826,0.00822,0.00824,1337214.0
2023-12-14 19:45:00,0.00825,0.00825,0.0082,0.00822,1933452.0
2023-12-14 20:00:00,0.00822,0.00825,0.00818,0.0082,1362132.0
2023-12-14 20:15:00,0.00819,0.00821,0.00817,0.00821,1084358.0
2023-12-14 20:30:00,0.00821,0.00825,0.00821,0.00825,1982229.0
2023-12-14 20:45:00,0.00825,0.00827,0.00823,0.00826,929794.0
2023-12-14 21:00:00,0.00825,0.00826,0.00823,0.00825,2521955.0
2023-12-14 21:15:00,0.00826,0.00833,0.00826,0.00832,2976452.0
2023-12-14 21:30:00,0.00832,0.00838,0.00832,0.00834,5976167.0
2023-12-14 21:45:00,0.00834,0.00835,0.0083,0.00833,4103231.0
2023-12-14 22:00:00,0.00834,0.00837,0.00833,0.00836,2047220.0
2023-12-14 22:15:00,0.00835,0.00839,0.00834,0.00835,2389423.0
2023-12-14 22:30:00,0.00835,0.00837,0.00835,0.00835,759879.0
2023-12-14 22:45:00,0.00835,0.00835,0.00834,0.00834,371671.0
2023-12-14 23:00:00,0.00835,0.00836,0.00831,0.00832,621994.0
2023-12-14 23:15:00,0.00832,0.00833,0.00828,0.00829,1571814.0
2023-12-14 23:30:00,0.00829,0.0083,0.00826,0.00827,2940685.0
2023-12-14 23:45:00,0.00827,0.00827,0.00824,0.00825,1387814.0
2023-12-15 00:00:00,0.00826,0.00832,0.00826,0.00831,2039304.0
2023-12-15 00:15:00,0.00831,0.00832,0.00828,0.0083,2481380.0
2023-12-15 00:30:00,0.0083,0.00831,0.00825,0.00829,684767.0
2023-12-15 00:45:00,0.00829,0.0083,0.00824,0.00824,750937.0
2023-12-15 01:00:00,0.00824,0.00825,0.0082,0.0082,3706924.0
2023-12-15 01:15:00,0.00821,0.00824,0.0082,0.00823,1199015.0
2023-12-15 01:30:00,0.00823,0.00824,0.00821,0.00823,831551.0
2023-12-15 01:45:00,0.00823,0.00824,0.00819,0.00821,3712288.0
2023-12-15 02:00:00,0.00822,0.00827,0.0082,0.0082,1853563.0
2023-12-15 02:15:00,0.00819,0.00821,0.00818,0.0082,1316366.0
2023-12-15 02:30:00,0.00821,0.00825,0.0082,0.00825,819502.0
2023-12-15 02:45:00,0.00825,0.00829,0.00825,0.00826,2227485.0
2023-12-15 03:00:00,0.00826,0.00828,0.00826,0.00826,523987.0
2023-12-15 03:15:00,0.00827,0.0083,0.00824,0.00828,6076330.0
2023-12-15 03:30:00,0.00828,0.00829,0.00826,0.00827,1862940.0
2023-12-15 03:45:00,0.00828,0.00829,0.00827,0.00829,983331.0
2023-12-15 04:00:00,0.00828,0.00835,0.00828,0.00834,3000553.0
2023-12-15 04:15:00,0.00834,0.00835,0.00833,0.00834,2113177.0
2023-12-15 04:30:00,0.00834,0.00835,0.0083,0.0083,515340.0
2023-12-15 04:45:00,0.00831,0.00837,0.0083,0.00837,3618054.0
2023-12-15 05:00:00,0.00836,0.00838,0.00834,0.00836,1289778.0
2023-12-15 05:15:00,0.00836,0.00839,0.00835,0.00837,3697551.0
2023-12-15 05:30:00,0.00837,0.00837,0.00831,0.00833,2164982.0
2023-12-15 05:45:00,0.00833,0.00833,0.00826,0.00827,2089949.0
2023-12-15 06:00:00,0.00827,0.00835,0.00827,0.00834,1294032.0
2023-12-15 06:15:00,0.00834,0.00844,0.00834,0.00841,13129864.0
2023-12-15 06:30:00,0.00841,0.00841,0.00837,0.00837,1703869.0
2023-12-15 06:45:00,0.00838,0.0084,0.00832,0.00833,3585995.0
2023-12-15 07:00:00,0.00833,0.00833,0.0083,0.00831,2132085.0
2023-12-15 07:15:00,0.00832,0.00838,0.00832,0.00835,1734909.0
2023-12-15 07:30:00,0.00835,0.00836,0.00829,0.0083,1653118.0
2023-12-15 07:45:00,0.0083,0.0083,0.00822,0.00825,4799651.0
2023-12-15 08:00:00,0.00825,0.00826,0.00819,0.0082,4143905.0
2023-12-15 08:15:00,0.00819,0.00823,0.00819,0.00822,2025707.0
2023-12-15 08:30:00,0.00823,0.00825,0.00822,0.00825,971524.0
2023-12-15 08:45:00,0.00824,0.00831,0.00824,0.00831,579905.0
2023-12-15 09:00:00,0.00831,0.00831,0.00828,0.00831,920887.0
2023-12-15 09:15:00,0.00831,0.00831,0.00827,0.00827,1768394.0
2023-12-15 09:30:00,0.00827,0.00829,0.00826,0.00827,2166287.0
2023-12-15 09:45:00,0.00828,0.0083,0.00824,0.00825,3761560.0
2023-12-15 10:00:00,0.00826,0.00826,0.00821,0.00822,3566254.0
2023-12-15 10:15:00,0.00822,0.00825,0.00822,0.00824,1697483.0
2023-12-15 10:30:00,0.00825,0.00825,0.00821,0.00822,1847176.0
2023-12-15 10:45:00,0.00822,0.00824,0.00822,0.00822,901380.0
2023-12-15 11:00:00,0.00823,0.00823,0.00819,0.0082,1247542.0
2023-12-15 11:15:00,0.0082,0.0082,0.00818,0.00818,408253.0
2023-12-15 11:30:00,0.00817,0.00819,0.00817,0.00818,539188.0
2023-12-15 11:45:00,0.00818,0.00819,0.00815,0.00816,743281.0
2023-12-15 12:00:00,0.00817,0.00818,0.0081,0.00811,2098492.0
2023-12-15 12:15:00,0.00811,0.00814,0.00805,0.00813,7425998.0
2023-12-15 12:30:00,0.00812,0.00814,0.0081,0.00811,1456231.0
2023-12-15 12:45:00,0.00811,0.00813,0.00808,0.0081,869118.0
2023-12-15 13:00:00,0.0081,0.00812,0.00803,0.00811,3250539.0
2023-12-15 13:15:00,0.00811,0.00814,0.0081,0.0081,1086037.0
2023-12-15 13:30:00,0.00811,0.00813,0.00805,0.00808,3137878.0
2023-12-15 13:45:00,0.00808,0.00812,0.00807,0.00812,517898.0
2023-12-15 14:00:00,0.00811,0.00816,0.0081,0.00816,1806098.0
2023-12-15 14:15:00,0.00815,0.00816,0.00811,0.00812,817153.0
2023-12-15 14:30:00,0.00811,0.00811,0.00806,0.00808,2860504.0
2023-12-15 14:45:00,0.00808,0.00811,0.00806,0.0081,1694352.0
2023-12-15 15:00:00,0.00811,0.00814,0.00807,0.00807,1701475.0
2023-12-15 15:15:00,0.00807,0.00809,0.00802,0.00803,2077479.0
2023-12-15 15:30:00,0.00803,0.00803,0.00793,0.008,8246907.0
2023-12-15 15:45:00,0.00799,0.00802,0.00797,0.00801,3426007.0
2023-12-15 16:00:00,0.00802,0.00807,0.00801,0.00801,2868585.0
2023-12-15 16:15:00,0.00802,0.00808,0.00801,0.00807,2369341.0
2023-12-15 16:30:00,0.00806,0.00806,0.00803,0.00803,1219220.0
2023-12-15 16:45:00,0.00803,0.00803,0.00798,0.00799,910958.0
2023-12-15 17:00:00,0.00799,0.00806,0.00799,0.00806,2428159.0
2023-12-15 17:15:00,0.00806,0.00807,0.00804,0.00805,1423540.0
2023-12-15 17:30:00,0.00804,0.00805,0.00803,0.00804,1196288.0
2023-12-15 17:45:00,0.00804,0.00805,0.008,0.008,418413.0
2023-12-15 18:00:00,0.008,0.00813,0.00799,0.00813,4591492.0
2023-12-15 18:15:00,0.00812,0.0082,0.00812,0.00818,4102506.0
2023-12-15 18:30:00,0.00817,0.00821,0.00811,0.00817,9410486.0
2023-12-15 18:45:00,0.00817,0.00819,0.00815,0.00817,1838707.0
2023-12-15 19:00:00,0.00818,0.00819,0.00814,0.00815,1139972.0
2023-12-15 19:15:00,0.00814,0.00815,0.00812,0.00814,1223861.0
2023-12-15 19:30:00,0.00813,0.00814,0.00811,0.00811,1723126.0
2023-12-15 19:45:00,0.0081,0.0081,0.00807,0.00808,1233463.0
2023-12-15 20:00:00,0.00808,0.0081,0.00806,0.00809,820869.0
2023-12-15 20:15:00,0.0081,0.00812,0.00809,0.0081,528069.0
2023-12-15 20:30:00,0.0081,0.0081,0.00808,0.0081,340463.0
2023-12-15 20:45:00,0.0081,0.00811,0.00809,0.00811,208771.0
2023-12-15 21:00:00,0.0081,0.00811,0.00809,0.0081,263995.0
2023-12-15 21:15:00,0.0081,0.0081,0.00809,0.00809,503921.0
2023-12-15 21:30:00,0.00809,0.0081,0.00807,0.00808,1916234.0
2023-12-15 21:45:00,0.00808,0.00808,0.00803,0.00804,633707.0
2023-12-15 22:00:00,0.00804,0.00804,0.008,0.00802,1375017.0
2023-12-15 22:15:00,0.00802,0.00802,0.00797,0.00797,9918876.0
2023-12-15 22:30:00,0.00797,0.00801,0.00796,0.00798,1965077.0
2023-12-15 22:45:00,0.00799,0.00801,0.00792,0.00792,2348682.0
2023-12-15 23:00:00,0.00793,0.00796,0.00792,0.00794,1942325.0
2023-12-15 23:15:00,0.00795,0.00795,0.00783,0.00788,6884646.0
2023-12-15 23:30:00,0.00788,0.0079,0.00786,0.0079,3631450.0
2023-12-15 23:45:00,0.00791,0.00794,0.00787,0.0079,3508625.0
2023-12-16 00:00:00,0.0079,0.00797,0.00789,0.00796,3491007.0
2023-12-16 00:15:00,0.00796,0.00796,0.00785,0.00786,5101918.0
2023-12-16 00:30:00,0.00786,0.00787,0.00775,0.00784,8714409.0
2023-12-16 00:45:00,0.00784,0.00789,0.00784,0.00788,2619938.0
2023-12-16 01:00:00,0.00788,0.00795,0.00787,0.00794,3159752.0
2023-12-16 01:15:00,0.00794,0.00797,0.00794,0.00796,1065173.0
2023-12-16 01:30:00,0.00795,0.00799,0.00795,0.00797,1823846.0
2023-12-16 01:45:00,0.00798,0.00799,0.00797,0.00798,2419272.0
2023-12-16 02:00:00,0.00798,0.00802,0.00798,0.00801,2709585.0
2023-12-16 02:15:00,0.008,0.00802,0.00797,0.008,3692844.0
2023-12-16 02:30:00,0.00799,0.00802,0.00799,0.008,533755.0
2023-12-16 02:45:00,0.00801,0.00802,0.008,0.00801,167357.0
2023-12-16 03:00:00,0.00801,0.00803,0.008,0.00802,701452.0
2023-12-16 03:15:00,0.00801,0.00801,0.008,0.00801,974504.0
2023-12-16 03:30:00,0.00801,0.00802,0.00797,0.00799,1095707.0
2023-12-16 03:45:00,0.00799,0.00801,0.00799,0.008,1934237.0
2023-12-16 04:00:00,0.008,0.008,0.00797,0.00797,535608.0
2023-12-16 04:15:00,0.00798,0.00799,0.00796,0.00798,390659.0
2023-12-16 04:30:00,0.00797,0.00798,0.00796,0.00798,623497.0
2023-12-16 04:45:00,0.00798,0.00799,0.00797,0.00797,401835.0
2023-12-16 05:00:00,0.00798,0.008,0.00797,0.00798,1117301.0
2023-12-16 05:15:00,0.00797,0.008,0.00796,0.008,844195.0
2023-12-16 05:30:00,0.008,0.00801,0.00798,0.00799,2053615.0
2023-12-16 05:45:00,0.00799,0.008,0.00798,0.00799,1367470.0
2023-12-16 06:00:00,0.00799,0.008,0.00798,0.00798,123365.0
2023-12-16 06:15:00,0.00797,0.00797,0.00795,0.00795,701052.0
2023-12-16 06:30:00,0.00795,0.00795,0.00793,0.00794,1823309.0
2023-12-16 06:45:00,0.00794,0.00795,0.00792,0.00794,1448766.0
2023-12-16 07:00:00,0.00794,0.00795,0.00793,0.00795,477031.0
2023-12-16 07:15:00,0.00794,0.00794,0.0079,0.00792,847744.0
2023-12-16 07:30:00,0.00792,0.00794,0.00792,0.00792,478101.0
2023-12-16 07:45:00,0.00792,0.00795,0.00792,0.00795,967198.0
2023-12-16 08:00:00,0.00795,0.00798,0.00795,0.00797,1728705.0
2023-12-16 08:15:00,0.00796,0.00799,0.00796,0.00798,674935.0
2023-12-16 08:30:00,0.00799,0.00799,0.00796,0.00797,2247431.0
2023-12-16 08:45:00,0.00797,0.00798,0.00796,0.00798,1008013.0
2023-12-16 09:00:00,0.00798,0.00802,0.00798,0.00801,1914172.0
2023-12-16 09:15:00,0.00801,0.00802,0.00798,0.00802,1131709.0
2023-12-16 09:30:00,0.00802,0.00803,0.008,0.00802,774051.0
2023-12-16 09:45:00,0.00801,0.00802,0.00799,0.00801,641079.0
2023-12-16 10:00:00,0.00801,0.00803,0.008,0.00803,801257.0
2023-12-16 10:15:00,0.00802,0.00802,0.008,0.00801,318471.0
2023-12-16 10:30:00,0.008,0.00801,0.00799,0.00799,563384.0
2023-12-16 10:45:00,0.00799,0.00802,0.00799,0.008,3228692.0
2023-12-16 11:00:00,0.00801,0.00803,0.00801,0.00801,552844.0
2023-12-16 11:15:00,0.00801,0.00803,0.00801,0.00802,1817949.0
2023-12-16 11:30:00,0.00802,0.00805,0.00802,0.00804,1110693.0
2023-12-16 11:45:00,0.00803,0.00805,0.00803,0.00805,477430.0
2023-12-16 12:00:00,0.00804,0.00805,0.00803,0.00805,1599667.0
2023-12-16 12:15:00,0.00804,0.00806,0.00803,0.00805,1169071.0
2023-12-16 12:30:00,0.00805,0.00807,0.00804,0.00807,642386.0
2023-12-16 12:45:00,0.00806,0.00807,0.00804,0.00806,542294.0
2023-12-16 13:00:00,0.00807,0.00809,0.00807,0.00808,563209.0
2023-12-16 13:15:00,0.00808,0.00808,0.00803,0.00805,4258601.0
2023-12-16 13:30:00,0.00805,0.00807,0.00802,0.00805,4325882.0
2023-12-16 13:45:00,0.00805,0.00807,0.00805,0.00806,128435.0
2023-12-16 14:00:00,0.00805,0.00806,0.00802,0.00804,4861557.0
2023-12-16 14:15:00,0.00804,0.00805,0.00801,0.00803,785444.0
2023-12-16 14:30:00,0.00803,0.00806,0.00803,0.00805,2275351.0
2023-12-16 14:45:00,0.00806,0.00809,0.00805,0.00809,928056.0
2023-12-16 15:00:00,0.00809,0.0081,0.00808,0.00808,964940.0
2023-12-16 15:15:00,0.00809,0.0081,0.00807,0.00807,1408760.0
2023-12-16 15:30:00,0.00808,0.00813,0.00808,0.00812,1811660.0
2023-12-16 15:45:00,0.00813,0.00821,0.00813,0.00817,8029975.0
2023-12-16 16:00:00,0.00816,0.00819,0.00811,0.00814,6317754.0
2023-12-16 16:15:00,0.00814,0.00816,0.00814,0.00816,1330140.0
2023-12-16 16:30:00,0.00816,0.0082,0.00815,0.0082,1322364.0
2023-12-16 16:45:00,0.0082,0.00822,0.00819,0.00821,2443391.0
2023-12-16 17:00:00,0.0082,0.00822,0.00816,0.00818,2654800.0
2023-12-16 17:15:00,0.00817,0.00822,0.00817,0.00821,1287563.0
2023-12-16 17:30:00,0.00821,0.00822,0.00818,0.00822,1393671.0
2023-12-16 17:45:00,0.00822,0.00823,0.00819,0.00819,1173995.0
2023-12-16 18:00:00,0.00819,0.0082,0.00814,0.00814,2580902.0
2023-12-16 18:15:00,0.00814,0.00818,0.00812,0.00814,1757217.0
2023-12-16 18:30:00,0.00814,0.00817,0.00814,0.00815,1173767.0
2023-12-16 18:45:00,0.00814,0.00815,0.00811,0.00813,1027979.0
2023-12-16 19:00:00,0.00814,0.00815,0.00808,0.00808,1474057.0
2023-12-16 19:15:00,0.00809,0.00813,0.00808,0.0081,1480115.0
2023-12-16 19:30:00,0.0081,0.00811,0.00803,0.00804,2429223.0
2023-12-16 19:45:00,0.00805,0.00808,0.00805,0.00807,663564.0
2023-12-16 20:00:00,0.00807,0.00812,0.00807,0.00811,959287.0
2023-12-16 20:15:00,0.00812,0.00815,0.00811,0.00813,1070592.0
2023-12-16 20:30:00,0.00813,0.00815,0.00811,0.00811,878011.0
2023-12-16 20:45:00,0.00812,0.00812,0.00808,0.0081,768109.0
2023-12-16 21:00:00,0.0081,0.00811,0.00806,0.00809,2231730.0
2023-12-16 21:15:00,0.00809,0.00811,0.00805,0.00806,2039883.0
2023-12-16 21:30:00,0.00807,0.00809,0.00806,0.00806,1011496.0
2023-12-16 21:45:00,0.00805,0.00806,0.00803,0.00803,904023.0
2023-12-16 22:00:00,0.00804,0.00806,0.008,0.00806,2952216.0
2023-12-16 22:15:00,0.00806,0.00806,0.00803,0.00805,406260.0
2023-12-16 22:30:00,0.00806,0.00806,0.00803,0.00804,2390873.0
2023-12-16 22:45:00,0.00805,0.00807,0.00804,0.00806,780784.0
2023-12-16 23:00:00,0.00806,0.00807,0.00801,0.00801,1436880.0
2023-12-16 23:15:00,0.00801,0.00804,0.00801,0.00801,1792410.0
2023-12-16 23:30:00,0.00802,0.00803,0.008,0.00801,391567.0
2023-12-16 23:45:00,0.008,0.00803,0.00799,0.00803,1005082.0
2023-12-17 00:00:00,0.00804,0.00805,0.00803,0.00803,363412.0
2023-12-17 00:15:00,0.00803,0.00805,0.00803,0.00805,300821.0
2023-12-17 00:30:00,0.00806,0.00808,0.00804,0.00808,832189.0
2023-12-17 00:45:00,0.00807,0.00808,0.00804,0.00804,1972352.0
2023-12-17 01:00:00,0.00804,0.00808,0.008,0.00808,2879197.0
2023-12-17 01:15:00,0.00808,0.00809,0.00806,0.00809,1168933.0
2023-12-17 01:30:00,0.00808,0.0081,0.008,0.00801,1671540.0
2023-12-17 01:45:00,0.00801,0.00807,0.00801,0.00807,1555430.0
2023-12-17 02:00:00,0.00807,0.0081,0.00804,0.00807,1405729.0
2023-12-17 02:15:00,0.00807,0.0081,0.00806,0.00809,916788.0
2023-12-17 02:30:00,0.00809,0.0081,0.00805,0.00805,3440663.0
2023-12-17 02:45:00,0.00805,0.00808,0.00804,0.00804,2137542.0
2023-12-17 03:00:00,0.00805,0.00806,0.00797,0.00798,3891599.0
2023-12-17 03:15:00,0.00798,0.00803,0.00796,0.00803,3824138.0
2023-12-17 03:30:00,0.00803,0.00805,0.00802,0.00804,527881.0
2023-12-17 03:45:00,0.00804,0.00804,0.00802,0.00803,688813.0
2023-12-17 04:00:00,0.00804,0.00806,0.00803,0.00804,558715.0
2023-12-17 04:15:00,0.00805,0.00808,0.00805,0.00807,386085.0
2023-12-17 04:30:00,0.00807,0.00808,0.00805,0.00805,356203.0
2023-12-17 04:45:00,0.00805,0.00806,0.00804,0.00806,202670.0
2023-12-17 05:00:00,0.00806,0.00807,0.00805,0.00806,519961.0
2023-12-17 05:15:00,0.00805,0.00805,0.00802,0.00802,442508.0
2023-12-17 05:30:00,0.00802,0.00802,0.00794,0.00794,2879890.0
2023-12-17 05:45:00,0.00794,0.00795,0.00788,0.00792,2077241.0
2023-12-17 06:00:00,0.00792,0.00796,0.00791,0.00795,3809543.0
2023-12-17 06:15:00,0.00794,0.00794,0.00792,0.00792,1360552.0
2023-12-17 06:30:00,0.00792,0.00793,0.00783,0.00786,3056037.0
2023-12-17 06:45:00,0.00786,0.0079,0.00781,0.00789,2430655.0
2023-12-17 07:00:00,0.0079,0.00793,0.00789,0.00791,761619.0
2023-12-17 07:15:00,0.00791,0.00791,0.00787,0.00788,727617.0
2023-12-17 07:30:00,0.00787,0.00788,0.00784,0.00787,1585613.0
2023-12-17 07:45:00,0.00787,0.00788,0.00781,0.00783,953480.0
2023-12-17 08:00:00,0.00783,0.00785,0.0078,0.00782,1768019.0
2023-12-17 08:15:00,0.00782,0.00787,0.00782,0.00787,1065716.0
2023-12-17 08:30:00,0.00787,0.00788,0.00784,0.00787,897707.0
2023-12-17 08:45:00,0.00787,0.00788,0.00786,0.00787,741367.0
2023-12-17 09:00:00,0.00787,0.0079,0.00787,0.0079,783620.0
2023-12-17 09:15:00,0.00789,0.00791,0.00788,0.00789,791627.0
2023-12-17 09:30:00,0.00788,0.0079,0.00786,0.00787,928009.0
2023-12-17 09:45:00,0.00786,0.00793,0.00786,0.00793,1151786.0
2023-12-17 10:00:00,0.00792,0.00794,0.00791,0.00793,477510.0
2023-12-17 10:15:00,0.00793,0.00793,0.00791,0.00792,232105.0
2023-12-17 10:30:00,0.00792,0.00792,0.0079,0.0079,542852.0
2023-12-17 10:45:00,0.0079,0.00793,0.0079,0.00792,451341.0
2023-12-17 11:00:00,0.00792,0.00792,0.00788,0.0079,1786167.0
2023-12-17 11:15:00,0.0079,0.00795,0.0079,0.00793,1243519.0
2023-12-17 11:30:00,0.00794,0.00799,0.00794,0.00799,1115962.0
2023-12-17 11:45:00,0.00799,0.00799,0.00796,0.00798,722416.0
2023-12-17 12:00:00,0.00798,0.00802,0.00797,0.00799,1776929.0
2023-12-17 12:15:00,0.00798,0.00802,0.00796,0.00801,3151241.0
2023-12-17 12:30:00,0.00802,0.00835,0.00802,0.00811,58553801.0
2023-12-17 12:45:00,0.00811,0.00813,0.00803,0.00804,10165919.0
2023-12-17 13:00:00,0.00804,0.00806,0.00798,0.00801,9321554.0
2023-12-17 13:15:00,0.008,0.008,0.00794,0.00799,9996413.0
2023-12-17 13:30:00,0.00799,0.00799,0.00791,0.00793,2816432.0
2023-12-17 13:45:00,0.00792,0.00795,0.00789,0.00793,5115616.0
2023-12-17 14:00:00,0.00792,0.00798,0.00791,0.00796,4093488.0
2023-12-17 14:15:00,0.00797,0.00797,0.00789,0.00789,5055153.0
2023-12-17 14:30:00,0.0079,0.00794,0.00786,0.00794,3719156.0
2023-12-17 14:45:00,0.00794,0.00795,0.0079,0.00792,631491.0
2023-12-17 15:00:00,0.00791,0.00797,0.00789,0.00797,1659991.0
2023-12-17 15:15:00,0.00796,0.00799,0.00795,0.00798,1534502.0
2023-12-17 15:30:00,0.00799,0.00801,0.00798,0.00801,939798.0
2023-12-17 15:45:00,0.00801,0.00806,0.00801,0.00806,1394397.0
2023-12-17 16:00:00,0.00805,0.00805,0.008,0.00803,2512772.0
2023-12-17 16:15:00,0.00803,0.00807,0.00801,0.00807,1655735.0
2023-12-17 16:30:00,0.00806,0.00809,0.00804,0.00808,1545341.0
2023-12-17 16:45:00,0.00808,0.00812,0.00807,0.00812,2133083.0
2023-12-17 17:00:00,0.00811,0.00816,0.0081,0.00814,2032710.0
2023-12-17 17:15:00,0.00814,0.00818,0.00813,0.00816,1744210.0
2023-12-17 17:30:00,0.00815,0.00818,0.00806,0.00813,7591758.0
2023-12-17 17:45:00,0.00813,0.00844,0.00813,0.00823,76781619.0
2023-12-17 18:00:00,0.00822,0.00829,0.0082,0.00822,13033156.0
2023-12-17 18:15:00,0.00821,0.00832,0.00817,0.00829,8435591.0
2023-12-17 18:30:00,0.00829,0.00835,0.00826,0.00832,10007480.0
2023-12-17 18:45:00,0.00831,0.00835,0.00826,0.00827,6147310.0
2023-12-17 19:00:00,0.00827,0.00827,0.00822,0.00823,6470644.0
2023-12-17 19:15:00,0.00822,0.00823,0.00821,0.00822,2515152.0
2023-12-17 19:30:00,0.00821,0.00827,0.0082,0.00824,4319041.0
2023-12-17 19:45:00,0.00824,0.00824,0.00821,0.00821,3905648.0
2023-12-17 20:00:00,0.00821,0.00822,0.00818,0.00819,3301669.0
2023-12-17 20:15:00,0.00819,0.00821,0.00816,0.0082,2550503.0
2023-12-17 20:30:00,0.0082,0.00824,0.0082,0.00822,2409995.0
2023-12-17 20:45:00,0.00822,0.00828,0.00822,0.00826,4068143.0
2023-12-17 21:00:00,0.00827,0.00827,0.0082,0.00821,2848698.0
2023-12-17 21:15:00,0.0082,0.00821,0.00816,0.00817,2100287.0
2023-12-17 21:30:00,0.00816,0.00817,0.00812,0.00814,5729527.0
2023-12-17 21:45:00,0.00814,0.00815,0.00811,0.00814,4956052.0
2023-12-17 22:00:00,0.00815,0.00816,0.00811,0.00814,2455055.0
2023-12-17 22:15:00,0.00813,0.00813,0.0081,0.0081,1607084.0
2023-12-17 22:30:00,0.0081,0.0081,0.00801,0.00802,6043446.0
2023-12-17 22:45:00,0.00802,0.00808,0.00801,0.00805,2602075.0
2023-12-17 23:00:00,0.00804,0.00804,0.00801,0.00802,1826110.0
2023-12-17 23:15:00,0.00802,0.00802,0.00794,0.00796,8390518.0
2023-12-17 23:30:00,0.00796,0.00799,0.00793,0.00798,3747153.0
2023-12-17 23:45:00,0.00798,0.00801,0.00798,0.00798,741556.0
2023-12-18 00:00:00,0.00799,0.00804,0.00797,0.00803,3483818.0
2023-12-18 00:15:00,0.00803,0.00809,0.00801,0.00808,2672534.0
2023-12-18 00:30:00,0.00809,0.00811,0.00807,0.00809,858967.0
2023-12-18 00:45:00,0.00808,0.00808,0.00803,0.00804,659597.0
2023-12-18 01:00:00,0.00804,0.00808,0.00801,0.00807,2272597.0
2023-12-18 01:15:00,0.00807,0.00807,0.00801,0.00801,1206835.0
2023-12-18 01:30:00,0.00801,0.00801,0.00783,0.00786,16244782.0
2023-12-18 01:45:00,0.00787,0.00791,0.00781,0.00781,5630258.0
2023-12-18 02:00:00,0.00781,0.00784,0.00776,0.00782,10478021.0
2023-12-18 02:15:00,0.00781,0.00781,0.00771,0.00774,5162728.0
2023-12-18 02:30:00,0.00774,0.00775,0.00767,0.00771,6687967.0
2023-12-18 02:45:00,0.00771,0.00772,0.00761,0.00765,4847443.0
2023-12-18 03:00:00,0.00766,0.00771,0.00765,0.00769,3035655.0
2023-12-18 03:15:00,0.00768,0.00774,0.00768,0.00774,2673190.0
2023-12-18 03:30:00,0.00774,0.00775,0.00771,0.00773,3810607.0
2023-12-18 03:45:00,0.00773,0.00773,0.0077,0.00772,1473203.0
2023-12-18 04:00:00,0.00771,0.00771,0.00767,0.0077,2032195.0
2023-12-18 04:15:00,0.00771,0.00773,0.00768,0.00772,2610846.0
2023-12-18 04:30:00,0.00773,0.00773,0.00769,0.00772,4178334.0
2023-12-18 04:45:00,0.00772,0.00774,0.0077,0.00773,559130.0
2023-12-18 05:00:00,0.00773,0.00773,0.00768,0.00768,792029.0
2023-12-18 05:15:00,0.00769,0.00771,0.00768,0.00771,1022010.0
2023-12-18 05:30:00,0.0077,0.00771,0.00765,0.00765,3824115.0
2023-12-18 05:45:00,0.00766,0.00766,0.00756,0.00759,6295193.0
2023-12-18 06:00:00,0.00759,0.00759,0.00755,0.00755,3097154.0
2023-12-18 06:15:00,0.00755,0.00764,0.00754,0.00763,2468515.0
2023-12-18 06:30:00,0.00764,0.00764,0.00762,0.00763,793013.0
2023-12-18 06:45:00,0.00763,0.00766,0.00762,0.00765,799819.0
2023-12-18 07:00:00,0.00764,0.00765,0.00758,0.00761,4008556.0
2023-12-18 07:15:00,0.00761,0.00761,0.00758,0.00759,2103087.0
2023-12-18 07:30:00,0.00759,0.00762,0.00754,0.00754,9684427.0
2023-12-18 07:45:00,0.00755,0.00756,0.00745,0.00747,7548325.0
2023-12-18 08:00:00,0.00747,0.00751,0.00737,0.00739,6249425.0
2023-12-18 08:15:00,0.00739,0.00746,0.00738,0.00746,2279979.0
2023-12-18 08:30:00,0.00746,0.00749,0.00744,0.00749,1668524.0
2023-12-18 08:45:00,0.00749,0.00749,0.00744,0.00745,1641554.0
2023-12-18 09:00:00,0.00745,0.00746,0.00739,0.00739,4738973.0
2023-12-18 09:15:00,0.00739,0.0074,0.00725,0.00729,10932945.0
2023-12-18 09:30:00,0.0073,0.00743,0.00729,0.00741,16043717.0
2023-12-18 09:45:00,0.00741,0.00742,0.00737,0.00738,3360185.0
2023-12-18 10:00:00,0.00738,0.00738,0.00726,0.0073,6027665.0
2023-12-18 10:15:00,0.00729,0.00733,0.00716,0.00721,10781381.0
2023-12-18 10:30:00,0.00722,0.00723,0.00708,0.00719,20362229.0
2023-12-18 10:45:00,0.00719,0.00726,0.00718,0.00725,3676851.0
2023-12-18 11:00:00,0.00725,0.00732,0.00725,0.00732,3559472.0
2023-12-18 11:15:00,0.00732,0.00733,0.0073,0.00733,5044785.0
2023-12-18 11:30:00,0.00732,0.00732,0.00725,0.00726,6265350.0
2023-12-18 11:45:00,0.00725,0.00732,0.00725,0.00731,2053277.0
2023-12-18 12:00:00,0.00731,0.00732,0.00725,0.00726,3289505.0
2023-12-18 12:15:00,0.00726,0.00726,0.00722,0.00725,2782148.0
2023-12-18 12:30:00,0.00726,0.00728,0.00724,0.00726,2103829.0
2023-12-18 12:45:00,0.00725,0.00725,0.00721,0.00721,3386219.0
2023-12-18 13:00:00,0.00722,0.00728,0.00722,0.00727,1393972.0
2023-12-18 13:15:00,0.00728,0.00735,0.00727,0.00734,1724112.0
2023-12-18 13:30:00,0.00735,0.00737,0.00734,0.00735,4206656.0
2023-12-18 13:45:00,0.00735,0.0074,0.00735,0.0074,3337290.0
2023-12-18 14:00:00,0.00739,0.0074,0.00735,0.00735,1714254.0
2023-12-18 14:15:00,0.00736,0.00742,0.00736,0.00742,640767.0
2023-12-18 14:30:00,0.00742,0.00747,0.00742,0.00747,5439785.0
2023-12-18 14:45:00,0.00747,0.00747,0.00741,0.00742,2466609.0
2023-12-18 15:00:00,0.00743,0.00744,0.00738,0.00739,2757489.0
2023-12-18 15:15:00,0.00739,0.0074,0.00733,0.00735,2538806.0
2023-12-18 15:30:00,0.00736,0.00741,0.00735,0.00739,1807336.0
2023-12-18 15:45:00,0.00739,0.00739,0.00735,0.00735,864527.0
2023-12-18 16:00:00,0.00735,0.00736,0.0073,0.00734,1904702.0
2023-12-18 16:15:00,0.00734,0.00737,0.00733,0.00736,4067740.0
2023-12-18 16:30:00,0.00737,0.00739,0.00735,0.00736,4235193.0
2023-12-18 16:45:00,0.00735,0.00739,0.00733,0.00738,2191809.0
2023-12-18 17:00:00,0.00739,0.00739,0.00736,0.00737,1240171.0
2023-12-18 17:15:00,0.00736,0.00739,0.00736,0.00737,1580985.0
2023-12-18 17:30:00,0.00737,0.0074,0.00736,0.00738,3300668.0
2023-12-18 17:45:00,0.00737,0.00738,0.00734,0.00734,1638422.0
2023-12-18 18:00:00,0.00734,0.00734,0.00731,0.00732,2195353.0
2023-12-18 18:15:00,0.00732,0.00733,0.00732,0.00732,2307377.0
2023-12-18 18:30:00,0.00733,0.00736,0.00732,0.00736,1484491.0
2023-12-18 18:45:00,0.00735,0.00736,0.00733,0.00736,1334955.0
2023-12-18 19:00:00,0.00737,0.00741,0.00736,0.00741,1814666.0
2023-12-18 19:15:00,0.00741,0.00742,0.00738,0.00741,2167769.0
2023-12-18 19:30:00,0.0074,0.00742,0.00739,0.00741,2878592.0
2023-12-18 19:45:00,0.00741,0.00741,0.00737,0.00738,561118.0
2023-12-18 20:00:00,0.00738,0.00741,0.00734,0.00735,2477273.0
2023-12-18 20:15:00,0.00734,0.00735,0.00732,0.00734,1299308.0
2023-12-18 20:30:00,0.00734,0.00742,0.00733,0.00741,5242536.0
2023-12-18 20:45:00,0.00741,0.00745,0.00741,0.00744,3199371.0
2023-12-18 21:00:00,0.00743,0.0075,0.00742,0.0075,3985754.0
2023-12-18 21:15:00,0.0075,0.0075,0.00747,0.0075,1813919.0
2023-12-18 21:30:00,0.0075,0.00753,0.00748,0.00752,1815972.0
2023-12-18 21:45:00,0.00753,0.00753,0.00751,0.00753,1778982.0
2023-12-18 22:00:00,0.00753,0.00753,0.00749,0.00753,1113783.0
2023-12-18 22:15:00,0.00753,0.00754,0.00752,0.00752,1017158.0
2023-12-18 22:30:00,0.00751,0.00752,0.0075,0.00751,1346769.0
2023-12-18 22:45:00,0.00751,0.00754,0.00751,0.00753,2210621.0
2023-12-18 23:00:00,0.00754,0.00756,0.00754,0.00755,744591.0
2023-12-18 23:15:00,0.00755,0.00756,0.00752,0.00753,1448279.0
2023-12-18 23:30:00,0.00753,0.00754,0.00752,0.00754,543319.0
2023-12-18 23:45:00,0.00755,0.00757,0.00754,0.00756,2025302.0
2023-12-19 00:00:00,0.00756,0.00757,0.00752,0.00755,2016467.0
2023-12-19 00:15:00,0.00756,0.00757,0.00753,0.00755,894696.0
2023-12-19 00:30:00,0.00755,0.00759,0.00753,0.00759,2412217.0
2023-12-19 00:45:00,0.0076,0.0076,0.00757,0.00758,1813035.0
2023-12-19 01:00:00,0.00757,0.0076,0.00754,0.00759,958047.0
2023-12-19 01:15:00,0.00759,0.00762,0.00758,0.00762,917012.0
2023-12-19 01:30:00,0.00761,0.00764,0.00759,0.00764,941215.0
2023-12-19 01:45:00,0.00764,0.00774,0.00764,0.00774,5065648.0
2023-12-19 02:00:00,0.00774,0.00777,0.00771,0.00777,1690351.0
2023-12-19 02:15:00,0.00776,0.00776,0.00767,0.00769,5140549.0
2023-12-19 02:30:00,0.00769,0.00772,0.00768,0.00771,669792.0
2023-12-19 02:45:00,0.0077,0.00772,0.00769,0.00769,668676.0
2023-12-19 03:00:00,0.0077,0.0077,0.00767,0.0077,1674949.0
2023-12-19 03:15:00,0.00769,0.00771,0.00769,0.00771,3124798.0
2023-12-19 03:30:00,0.00771,0.00772,0.00769,0.0077,815834.0
2023-12-19 03:45:00,0.0077,0.00772,0.00768,0.00769,691576.0
2023-12-19 04:00:00,0.00769,0.00773,0.00769,0.00772,1363082.0
2023-12-19 04:15:00,0.00772,0.00774,0.00769,0.0077,1356195.0
2023-12-19 04:30:00,0.0077,0.00771,0.00763,0.00764,4318012.0
2023-12-19 04:45:00,0.00764,0.00769,0.00764,0.00769,321425.0
2023-12-19 05:00:00,0.00769,0.00771,0.00766,0.0077,3185584.0
2023-12-19 05:15:00,0.00771,0.00774,0.0077,0.00773,590775.0
2023-12-19 05:30:00,0.00773,0.00776,0.00772,0.00775,1157976.0
2023-12-19 05:45:00,0.00774,0.00778,0.00772,0.00774,4831215.0
2023-12-19 06:00:00,0.00774,0.00775,0.00769,0.0077,3480046.0
2023-12-19 06:15:00,0.0077,0.00773,0.00768,0.00771,2799622.0
2023-12-19 06:30:00,0.00771,0.00773,0.00771,0.00771,246140.0
2023-12-19 06:45:00,0.00772,0.00773,0.00769,0.0077,2595831.0
2023-12-19 07:00:00,0.00771,0.00775,0.00769,0.00775,1574449.0
2023-12-19 07:15:00,0.00776,0.00777,0.00773,0.00774,2334173.0
2023-12-19 07:30:00,0.00774,0.00778,0.00771,0.00777,2365833.0
2023-12-19 07:45:00,0.00777,0.00779,0.00775,0.00776,2469537.0
2023-12-19 08:00:00,0.00776,0.00778,0.00773,0.00777,3691962.0
2023-12-19 08:15:00,0.00777,0.00778,0.00776,0.00776,571379.0
2023-12-19 08:30:00,0.00776,0.00777,0.00775,0.00775,1135502.0
2023-12-19 08:45:00,0.00775,0.00776,0.0077,0.0077,2109546.0
2023-12-19 09:00:00,0.00771,0.00773,0.00768,0.00773,2494963.0
2023-12-19 09:15:00,0.00773,0.00773,0.0077,0.0077,939806.0
2023-12-19 09:30:00,0.0077,0.0077,0.00763,0.00766,3409604.0
2023-12-19 09:45:00,0.00766,0.00767,0.00765,0.00766,3182354.0
2023-12-19 10:00:00,0.00766,0.00767,0.00764,0.00767,1367303.0
2023-12-19 10:15:00,0.00766,0.00769,0.00764,0.00768,2130668.0
2023-12-19 10:30:00,0.00768,0.00772,0.00767,0.00772,4287052.0
2023-12-19 10:45:00,0.00772,0.00772,0.0077,0.0077,2016740.0
2023-12-19 11:00:00,0.00769,0.00771,0.00768,0.00769,1666833.0
2023-12-19 11:15:00,0.0077,0.00771,0.00768,0.0077,793143.0
2023-12-19 11:30:00,0.0077,0.00771,0.00769,0.0077,823649.0
2023-12-19 11:45:00,0.0077,0.00772,0.00769,0.00769,1348765.0
2023-12-19 12:00:00,0.00769,0.00773,0.00769,0.00773,3760572.0
2023-12-19 12:15:00,0.00774,0.00774,0.00768,0.00769,1663009.0
2023-12-19 12:30:00,0.00769,0.00771,0.00764,0.00764,3508906.0
2023-12-19 12:45:00,0.00764,0.00766,0.0076,0.00763,5637264.0
2023-12-19 13:00:00,0.00763,0.00766,0.00761,0.00766,5733133.0
2023-12-19 13:15:00,0.00765,0.00767,0.00764,0.00767,982901.0
2023-12-19 13:30:00,0.00766,0.00773,0.00766,0.00773,6033862.0
2023-12-19 13:45:00,0.00772,0.00776,0.00769,0.00771,8686336.0
2023-12-19 14:00:00,0.0077,0.00777,0.00755,0.00755,18128281.0
2023-12-19 14:15:00,0.00756,0.00768,0.0075,0.00764,25162337.0
2023-12-19 14:30:00,0.00764,0.00766,0.00762,0.00762,2618407.0
2023-12-19 14:45:00,0.00762,0.00762,0.00752,0.00756,8375483.0
2023-12-19 15:00:00,0.00757,0.00765,0.00751,0.00763,2608150.0
2023-12-19 15:15:00,0.00763,0.00767,0.00762,0.00766,1042600.0
2023-12-19 15:30:00,0.00766,0.00766,0.00763,0.00764,886580.0
2023-12-19 15:45:00,0.00764,0.00764,0.0076,0.00761,1464236.0
2023-12-19 16:00:00,0.0076,0.00766,0.00759,0.00766,2125271.0
2023-12-19 16:15:00,0.00765,0.00768,0.00762,0.00762,2172067.0
2023-12-19 16:30:00,0.00763,0.00765,0.00762,0.00764,1925546.0
2023-12-19 16:45:00,0.00764,0.00764,0.0076,0.0076,1211013.0
2023-12-19 17:00:00,0.00761,0.00762,0.00755,0.00755,2473917.0
2023-12-19 17:15:00,0.00754,0.00756,0.00747,0.00752,5051421.0
2023-12-19 17:30:00,0.00752,0.00755,0.00748,0.00752,3270058.0
2023-12-19 17:45:00,0.00752,0.00755,0.00746,0.00747,2713562.0
2023-12-19 18:00:00,0.00746,0.0075,0.00745,0.00749,2737531.0
2023-12-19 18:15:00,0.00749,0.00754,0.00748,0.00753,1096378.0
2023-12-19 18:30:00,0.00753,0.00756,0.0075,0.00753,1261843.0
2023-12-19 18:45:00,0.00754,0.00757,0.00754,0.00757,588287.0
2023-12-19 19:00:00,0.00756,0.00758,0.00755,0.00758,923025.0
2023-12-19 19:15:00,0.00758,0.0076,0.00756,0.00758,732668.0
2023-12-19 19:30:00,0.00758,0.00761,0.00756,0.00757,1059451.0
2023-12-19 19:45:00,0.00756,0.00769,0.00755,0.00765,27963555.0
2023-12-19 20:00:00,0.00765,0.00771,0.00765,0.00771,1494469.0
2023-12-19 20:15:00,0.00771,0.00771,0.00765,0.00765,2684118.0
2023-12-19 20:30:00,0.00765,0.00766,0.00761,0.00762,8175127.0
2023-12-19 20:45:00,0.00762,0.00765,0.00761,0.00762,1216918.0
2023-12-19 21:00:00,0.00763,0.00766,0.00762,0.00765,909100.0
2023-12-19 21:15:00,0.00764,0.00768,0.00764,0.00765,571276.0
2023-12-19 21:30:00,0.00765,0.00767,0.00764,0.00767,531504.0
2023-12-19 21:45:00,0.00766,0.00768,0.00765,0.00768,250909.0
2023-12-19 22:00:00,0.00767,0.00768,0.00763,0.00764,1019149.0
2023-12-19 22:15:00,0.00763,0.00763,0.0076,0.00762,630291.0
2023-12-19 22:30:00,0.00762,0.00763,0.00757,0.00757,636360.0
2023-12-19 22:45:00,0.00758,0.00765,0.00758,0.00764,7447414.0
2023-12-19 23:00:00,0.00764,0.00766,0.00762,0.00763,1398421.0
2023-12-19 23:15:00,0.00762,0.00765,0.00762,0.00765,6954841.0
2023-12-19 23:30:00,0.00764,0.00767,0.00764,0.00764,934411.0
2023-12-19 23:45:00,0.00764,0.00768,0.00763,0.00767,1259903.0
2023-12-20 00:00:00,0.00766,0.0077,0.00765,0.00769,1309274.0
2023-12-20 00:15:00,0.00769,0.0077,0.00768,0.0077,579143.0
2023-12-20 00:30:00,0.00769,0.00774,0.00768,0.00772,852542.0
2023-12-20 00:45:00,0.00771,0.00774,0.00771,0.00773,1912279.0
2023-12-20 01:00:00,0.00773,0.00775,0.00773,0.00773,496744.0
2023-12-20 01:15:00,0.00773,0.00775,0.00767,0.00767,3217659.0
2023-12-20 01:30:00,0.00766,0.00769,0.00763,0.00766,1117356.0
2023-12-20 01:45:00,0.00766,0.00766,0.0076,0.00765,4839186.0
2023-12-20 02:00:00,0.00765,0.00766,0.00758,0.0076,3033958.0
2023-12-20 02:15:00,0.0076,0.00766,0.0076,0.00766,2318150.0
2023-12-20 02:30:00,0.00766,0.00768,0.00765,0.00765,846705.0
2023-12-20 02:45:00,0.00765,0.00767,0.00764,0.00767,915315.0
2023-12-20 03:00:00,0.00766,0.00768,0.00765,0.00767,599468.0
2023-12-20 03:15:00,0.00767,0.00767,0.00764,0.00766,488273.0
2023-12-20 03:30:00,0.00766,0.00766,0.00764,0.00764,247216.0
2023-12-20 03:45:00,0.00765,0.00767,0.00765,0.00767,370440.0
2023-12-20 04:00:00,0.00767,0.00768,0.00766,0.00766,767461.0
2023-12-20 04:15:00,0.00767,0.00772,0.00766,0.00772,1197658.0
2023-12-20 04:30:00,0.00772,0.00775,0.00771,0.00772,1035425.0
2023-12-20 04:45:00,0.00773,0.00774,0.00772,0.00773,528405.0
2023-12-20 05:00:00,0.00773,0.00773,0.00769,0.0077,902402.0
2023-12-20 05:15:00,0.0077,0.00772,0.00767,0.00769,2027014.0
2023-12-20 05:30:00,0.00769,0.00771,0.00767,0.00767,3162602.0
2023-12-20 05:45:00,0.00768,0.00771,0.00768,0.00771,1251570.0
2023-12-20 06:00:00,0.00771,0.00771,0.00768,0.00769,835556.0
2023-12-20 06:15:00,0.00769,0.00772,0.00768,0.00771,3097579.0
2023-12-20 06:30:00,0.00772,0.00772,0.00769,0.00769,651682.0
2023-12-20 06:45:00,0.00769,0.00771,0.00769,0.00769,779421.0
2023-12-20 07:00:00,0.00769,0.0077,0.00768,0.00768,774855.0
2023-12-20 07:15:00,0.00768,0.00769,0.00765,0.00766,2468675.0
2023-12-20 07:30:00,0.00766,0.0077,0.00766,0.00769,937220.0
2023-12-20 07:45:00,0.00769,0.00771,0.00769,0.00771,795214.0
2023-12-20 08:00:00,0.00771,0.00773,0.00767,0.00768,2411575.0
2023-12-20 08:15:00,0.00768,0.00769,0.00767,0.00768,2523477.0
2023-12-20 08:30:00,0.00768,0.0077,0.00768,0.00769,546247.0
2023-12-20 08:45:00,0.00769,0.00771,0.00769,0.00769,1051638.0
2023-12-20 09:00:00,0.00769,0.00773,0.00769,0.00771,782410.0
2023-12-20 09:15:00,0.00771,0.00772,0.0077,0.00771,685039.0
2023-12-20 09:30:00,0.00771,0.00772,0.00771,0.00771,241104.0
2023-12-20 09:45:00,0.00771,0.00771,0.00767,0.00771,1269680.0
2023-12-20 10:00:00,0.0077,0.00771,0.00769,0.00771,1797159.0
2023-12-20 10:15:00,0.00772,0.00772,0.00768,0.00768,838139.0
2023-12-20 10:30:00,0.00769,0.0077,0.00769,0.0077,180320.0
2023-12-20 10:45:00,0.0077,0.00772,0.00768,0.00772,978170.0
2023-12-20 11:00:00,0.00771,0.00773,0.0077,0.00773,1468755.0
2023-12-20 11:15:00,0.00772,0.00774,0.00772,0.00774,1097056.0
2023-12-20 11:30:00,0.00774,0.00778,0.0077,0.00777,4536860.0
2023-12-20 11:45:00,0.00777,0.00778,0.00773,0.00776,1747510.0
2023-12-20 12:00:00,0.00775,0.00776,0.00772,0.00772,1270979.0
2023-12-20 12:15:00,0.00772,0.00774,0.00772,0.00773,588964.0
2023-12-20 12:30:00,0.00773,0.00776,0.00772,0.00775,399907.0
2023-12-20 12:45:00,0.00775,0.00776,0.00772,0.00775,1111489.0
2023-12-20 13:00:00,0.00776,0.0078,0.00775,0.00779,911742.0
2023-12-20 13:15:00,0.00778,0.00779,0.00776,0.00778,5155893.0
2023-12-20 13:30:00,0.00778,0.00778,0.00775,0.00775,2220182.0
2023-12-20 13:45:00,0.00776,0.00782,0.00776,0.00782,2539410.0
2023-12-20 14:00:00,0.00781,0.00782,0.00777,0.00777,1252103.0
2023-12-20 14:15:00,0.00776,0.00783,0.00775,0.00783,1878316.0
2023-12-20 14:30:00,0.00783,0.00788,0.0078,0.0078,4062521.0
2023-12-20 14:45:00,0.0078,0.0078,0.00777,0.00778,1545253.0
2023-12-20 15:00:00,0.00778,0.00794,0.00776,0.00793,6355618.0
2023-12-20 15:15:00,0.00793,0.00804,0.00788,0.00798,29753218.0
2023-12-20 15:30:00,0.00797,0.00803,0.00793,0.00796,10289089.0
2023-12-20 15:45:00,0.00796,0.00798,0.00793,0.00796,3600861.0
2023-12-20 16:00:00,0.00796,0.00797,0.0079,0.00791,3196948.0
2023-12-20 16:15:00,0.00793,0.00794,0.00791,0.00793,2193978.0
2023-12-20 16:30:00,0.00794,0.00796,0.00792,0.00794,1051885.0
2023-12-20 16:45:00,0.00794,0.00797,0.00785,0.00792,5025325.0
2023-12-20 17:00:00,0.00791,0.00799,0.00791,0.00797,4792222.0
2023-12-20 17:15:00,0.00798,0.00802,0.00796,0.00799,4631854.0
2023-12-20 17:30:00,0.00799,0.00801,0.00799,0.00801,2064833.0
2023-12-20 17:45:00,0.00801,0.00801,0.00797,0.00801,2959855.0
2023-12-20 18:00:00,0.00801,0.00803,0.008,0.00802,3074248.0
2023-12-20 18:15:00,0.00802,0.00802,0.00798,0.00799,2653809.0
2023-12-20 18:30:00,0.008,0.00802,0.008,0.00802,3152568.0
2023-12-20 18:45:00,0.00801,0.00802,0.00797,0.00798,2779289.0
2023-12-20 19:00:00,0.00799,0.00801,0.00795,0.00796,757267.0
2023-12-20 19:15:00,0.00796,0.00798,0.00796,0.00797,1675703.0
2023-12-20 19:30:00,0.00797,0.008,0.00793,0.00794,2993028.0
2023-12-20 19:45:00,0.00794,0.00798,0.00792,0.00792,2192353.0
2023-12-20 20:00:00,0.00793,0.00793,0.00775,0.00785,16318256.0
2023-12-20 20:15:00,0.00785,0.0079,0.00785,0.00787,1290397.0
2023-12-20 20:30:00,0.00788,0.0079,0.00786,0.0079,1656347.0
2023-12-20 20:45:00,0.0079,0.0079,0.00783,0.00783,2681753.0
2023-12-20 21:00:00,0.00784,0.00787,0.00783,0.00786,776744.0
2023-12-20 21:15:00,0.00786,0.00792,0.00785,0.00791,1383045.0
2023-12-20 21:30:00,0.00791,0.00792,0.00788,0.00788,2405881.0
2023-12-20 21:45:00,0.00789,0.00789,0.00783,0.00787,4486136.0
2023-12-20 22:00:00,0.00786,0.00789,0.00785,0.00787,927730.0
2023-12-20 22:15:00,0.00788,0.00794,0.00788,0.00794,1303223.0
2023-12-20 22:30:00,0.00794,0.00799,0.00794,0.00796,2142406.0
2023-12-20 22:45:00,0.00796,0.00797,0.00794,0.00796,731493.0
2023-12-20 23:00:00,0.00795,0.00795,0.0079,0.00792,3469142.0
2023-12-20 23:15:00,0.00792,0.00796,0.00792,0.00794,2350244.0
2023-12-20 23:30:00,0.00793,0.00799,0.00793,0.00797,2231454.0
2023-12-20 23:45:00,0.00798,0.008,0.00798,0.008,1283528.0
2023-12-21 00:00:00,0.00801,0.00803,0.00799,0.00801,2675851.0
2023-12-21 00:15:00,0.00801,0.00803,0.00799,0.00802,2805953.0
2023-12-21 00:30:00,0.00802,0.00806,0.00802,0.00806,1879761.0
2023-12-21 00:45:00,0.00805,0.00805,0.00799,0.008,4770908.0
2023-12-21 01:00:00,0.008,0.00802,0.00796,0.00798,5517136.0
2023-12-21 01:15:00,0.00798,0.00803,0.00797,0.00802,3258273.0
2023-12-21 01:30:00,0.00802,0.00803,0.008,0.00801,574766.0
2023-12-21 01:45:00,0.00801,0.00815,0.008,0.00813,9696162.0
2023-12-21 02:00:00,0.00813,0.00814,0.00802,0.00811,10209418.0
2023-12-21 02:15:00,0.00811,0.00819,0.00811,0.00817,3112888.0
2023-12-21 02:30:00,0.00817,0.0082,0.00811,0.00815,5731531.0
2023-12-21 02:45:00,0.00815,0.00816,0.00809,0.00813,2950326.0
2023-12-21 03:00:00,0.00813,0.00815,0.00812,0.00814,1246990.0
2023-12-21 03:15:00,0.00814,0.00818,0.00809,0.00814,6697177.0
2023-12-21 03:30:00,0.00815,0.00815,0.00808,0.00808,1447868.0
2023-12-21 03:45:00,0.00809,0.0081,0.00807,0.00808,843560.0
2023-12-21 04:00:00,0.00808,0.00809,0.00806,0.00807,880606.0
2023-12-21 04:15:00,0.00808,0.00809,0.00806,0.00806,1662317.0
2023-12-21 04:30:00,0.00806,0.00806,0.00802,0.00805,3169141.0
2023-12-21 04:45:00,0.00805,0.00806,0.00801,0.00803,1229292.0
2023-12-21 05:00:00,0.00803,0.00803,0.008,0.00802,1309904.0
2023-12-21 05:15:00,0.00802,0.00805,0.00802,0.00803,465667.0
2023-12-21 05:30:00,0.00804,0.00805,0.00797,0.00799,3773292.0
2023-12-21 05:45:00,0.00799,0.008,0.00796,0.00798,982791.0
2023-12-21 06:00:00,0.00798,0.008,0.00795,0.008,2920542.0
2023-12-21 06:15:00,0.00801,0.00808,0.00801,0.00806,2101078.0
2023-12-21 06:30:00,0.00807,0.00811,0.00807,0.0081,1591798.0
2023-12-21 06:45:00,0.0081,0.0081,0.00807,0.00809,1195892.0
2023-12-21 07:00:00,0.0081,0.00811,0.00807,0.0081,1098640.0
2023-12-21 07:15:00,0.00809,0.00813,0.00806,0.0081,2659565.0
2023-12-21 07:30:00,0.0081,0.00811,0.00806,0.00809,4076522.0
2023-12-21 07:45:00,0.0081,0.00812,0.00809,0.00812,1305473.0
2023-12-21 08:00:00,0.00812,0.00816,0.00812,0.00815,3501427.0
2023-12-21 08:15:00,0.00815,0.00819,0.00815,0.00816,2119338.0
2023-12-21 08:30:00,0.00816,0.00817,0.00813,0.00814,3772593.0
2023-12-21 08:45:00,0.00814,0.00816,0.00811,0.00811,2451730.0
2023-12-21 09:00:00,0.00811,0.00815,0.00809,0.00814,3409595.0
2023-12-21 09:15:00,0.00814,0.00815,0.00806,0.0081,2773203.0
2023-12-21 09:30:00,0.0081,0.00812,0.00808,0.00809,2360215.0
2023-12-21 09:45:00,0.00809,0.00814,0.00808,0.00813,3117968.0
2023-12-21 10:00:00,0.00814,0.00817,0.00812,0.00813,1593372.0
2023-12-21 10:15:00,0.00812,0.00814,0.00811,0.00814,3780652.0
2023-12-21 10:30:00,0.00814,0.00817,0.00813,0.00815,2651902.0
2023-12-21 10:45:00,0.00816,0.0082,0.00816,0.00818,4551010.0
2023-12-21 11:00:00,0.00819,0.00825,0.00818,0.00821,4102399.0
2023-12-21 11:15:00,0.0082,0.00821,0.00817,0.00818,3188331.0
2023-12-21 11:30:00,0.00818,0.00818,0.00816,0.00816,746042.0
2023-12-21 11:45:00,0.00816,0.00816,0.00813,0.00814,875050.0
2023-12-21 12:00:00,0.00814,0.0082,0.00814,0.00818,1363217.0
2023-12-21 12:15:00,0.00817,0.00817,0.00811,0.00814,3272946.0
2023-12-21 12:30:00,0.00813,0.00817,0.00813,0.00815,1019650.0
2023-12-21 12:45:00,0.00815,0.00815,0.00811,0.00812,1439413.0
2023-12-21 13:00:00,0.00812,0.00812,0.00806,0.0081,2192509.0
2023-12-21 13:15:00,0.0081,0.00812,0.00808,0.0081,835162.0
2023-12-21 13:30:00,0.0081,0.00814,0.0081,0.00812,567830.0
2023-12-21 13:45:00,0.00812,0.00814,0.00811,0.00813,759968.0
2023-12-21 14:00:00,0.00813,0.00813,0.00802,0.00802,2373232.0
2023-12-21 14:15:00,0.00803,0.00807,0.00801,0.00802,3406470.0
2023-12-21 14:30:00,0.00802,0.00803,0.00797,0.00797,7475334.0
2023-12-21 14:45:00,0.00798,0.00802,0.00798,0.00799,811464.0
2023-12-21 15:00:00,0.00799,0.00804,0.00796,0.00804,9098958.0
2023-12-21 15:15:00,0.00804,0.00806,0.00804,0.00805,528199.0
2023-12-21 15:30:00,0.00805,0.00806,0.00801,0.00803,810455.0
2023-12-21 15:45:00,0.00803,0.00803,0.00799,0.008,4564727.0
2023-12-21 16:00:00,0.00801,0.00805,0.00801,0.00804,1981894.0
2023-12-21 16:15:00,0.00804,0.00805,0.00801,0.00802,785827.0
2023-12-21 16:30:00,0.00802,0.00803,0.00797,0.008,2035712.0
2023-12-21 16:45:00,0.00799,0.00805,0.00798,0.00805,1358242.0
2023-12-21 17:00:00,0.00806,0.00806,0.00803,0.00804,941839.0
2023-12-21 17:15:00,0.00804,0.0081,0.00804,0.00808,1777826.0
2023-12-21 17:30:00,0.00808,0.00811,0.00808,0.00809,1204127.0
2023-12-21 17:45:00,0.00809,0.00809,0.00804,0.00805,2080258.0
2023-12-21 18:00:00,0.00806,0.00811,0.00806,0.00809,825373.0
2023-12-21 18:15:00,0.0081,0.00812,0.00807,0.00812,2037155.0
2023-12-21 18:30:00,0.00811,0.00811,0.0081,0.0081,437666.0
2023-12-21 18:45:00,0.00811,0.00812,0.00805,0.00808,2615309.0
2023-12-21 19:00:00,0.00808,0.00816,0.00808,0.0081,3698617.0
2023-12-21 19:15:00,0.0081,0.0081,0.00808,0.00808,2238447.0
2023-12-21 19:30:00,0.00809,0.00813,0.00809,0.00813,1579314.0
2023-12-21 19:45:00,0.00812,0.00814,0.0081,0.00814,902169.0
2023-12-21 20:00:00,0.00815,0.00817,0.00814,0.00815,2582124.0
2023-12-21 20:15:00,0.00815,0.00816,0.00812,0.00815,1537226.0
2023-12-21 20:30:00,0.00816,0.00817,0.00815,0.00815,1177821.0
2023-12-21 20:45:00,0.00816,0.00818,0.00815,0.00818,1138814.0
2023-12-21 21:00:00,0.00818,0.00818,0.00815,0.00816,2831784.0
2023-12-21 21:15:00,0.00815,0.00815,0.0081,0.00813,1725831.0
2023-12-21 21:30:00,0.00813,0.00814,0.00811,0.00814,1629639.0
2023-12-21 21:45:00,0.00814,0.00814,0.00813,0.00814,662283.0
2023-12-21 22:00:00,0.00814,0.00817,0.00813,0.00817,1100257.0
2023-12-21 22:15:00,0.00816,0.00817,0.00815,0.00816,366116.0
2023-12-21 22:30:00,0.00815,0.00815,0.00812,0.00813,605159.0
2023-12-21 22:45:00,0.00812,0.00815,0.00812,0.00815,324572.0
2023-12-21 23:00:00,0.00814,0.00815,0.00812,0.00813,513404.0
2023-12-21 23:15:00,0.00813,0.00813,0.00811,0.00811,261472.0
2023-12-21 23:30:00,0.00812,0.00812,0.00809,0.00811,520308.0
2023-12-21 23:45:00,0.00811,0.00813,0.0081,0.00813,259759.0
2023-12-22 00:00:00,0.00813,0.00815,0.00812,0.00812,1056623.0
2023-12-22 00:15:00,0.00812,0.00817,0.0081,0.00817,2389428.0
2023-12-22 00:30:00,0.00816,0.00818,0.00816,0.00816,390002.0
2023-12-22 00:45:00,0.00816,0.00817,0.00815,0.00817,574332.0
2023-12-22 01:00:00,0.00817,0.0082,0.00816,0.00819,667103.0
2023-12-22 01:15:00,0.0082,0.0082,0.00818,0.00819,1073644.0
2023-12-22 01:30:00,0.00818,0.00821,0.00818,0.0082,729872.0
2023-12-22 01:45:00,0.0082,0.0082,0.00816,0.00816,768182.0
2023-12-22 02:00:00,0.00816,0.00817,0.00815,0.00816,549105.0
2023-12-22 02:15:00,0.00816,0.00816,0.00808,0.00808,1894609.0
2023-12-22 02:30:00,0.00809,0.00813,0.00808,0.00811,1295868.0
2023-12-22 02:45:00,0.00811,0.00812,0.00805,0.00806,1128142.0
2023-12-22 03:00:00,0.00807,0.0081,0.00806,0.00806,2329309.0
2023-12-22 03:15:00,0.00805,0.00807,0.00805,0.00805,876190.0
2023-12-22 03:30:00,0.00805,0.00806,0.00803,0.00806,1958953.0
2023-12-22 03:45:00,0.00806,0.0081,0.00806,0.0081,1057973.0
2023-12-22 04:00:00,0.00809,0.00809,0.00808,0.00808,517100.0
2023-12-22 04:15:00,0.00808,0.00809,0.00806,0.00808,547627.0
2023-12-22 04:30:00,0.00808,0.00809,0.00806,0.00806,337849.0
2023-12-22 04:45:00,0.00807,0.0081,0.00807,0.0081,323587.0
2023-12-22 05:00:00,0.0081,0.00812,0.0081,0.00812,274816.0
2023-12-22 05:15:00,0.00812,0.00812,0.0081,0.00812,439350.0
2023-12-22 05:30:00,0.00811,0.00813,0.00811,0.00813,386487.0
2023-12-22 05:45:00,0.00813,0.00813,0.00809,0.0081,1672967.0
2023-12-22 06:00:00,0.0081,0.0081,0.00806,0.00806,2197262.0
2023-12-22 06:15:00,0.00805,0.00809,0.00804,0.00807,1071504.0
2023-12-22 06:30:00,0.00807,0.0081,0.00801,0.00802,8539278.0
2023-12-22 06:45:00,0.00801,0.00805,0.00796,0.00798,6673713.0
2023-12-22 07:00:00,0.00798,0.00802,0.00793,0.008,8848165.0
2023-12-22 07:15:00,0.00801,0.00804,0.00796,0.008,5175173.0
2023-12-22 07:30:00,0.008,0.00803,0.00796,0.00799,3512277.0
2023-12-22 07:45:00,0.008,0.00803,0.00799,0.00802,1824647.0
2023-12-22 08:00:00,0.00803,0.00817,0.00803,0.00817,8782041.0
2023-12-22 08:15:00,0.00817,0.00818,0.00811,0.00815,5068320.0
2023-12-22 08:30:00,0.00815,0.00817,0.00809,0.0081,6030208.0
2023-12-22 08:45:00,0.00811,0.00819,0.00811,0.00819,7698991.0
2023-12-22 09:00:00,0.00819,0.00819,0.00811,0.00811,3254376.0
2023-12-22 09:15:00,0.00811,0.00814,0.00805,0.00811,4822980.0
2023-12-22 09:30:00,0.00812,0.00819,0.0081,0.00817,1502264.0
2023-12-22 09:45:00,0.00817,0.00818,0.00815,0.00816,1901274.0
2023-12-22 10:00:00,0.00816,0.00817,0.00812,0.00813,2987698.0
2023-12-22 10:15:00,0.00813,0.00816,0.00813,0.00816,2228767.0
2023-12-22 10:30:00,0.00815,0.00816,0.00813,0.00815,2856651.0
2023-12-22 10:45:00,0.00815,0.00816,0.00813,0.00815,1468343.0
2023-12-22 11:00:00,0.00814,0.00817,0.00813,0.00817,1731056.0
2023-12-22 11:15:00,0.00817,0.00818,0.00816,0.00817,1699998.0
2023-12-22 11:30:00,0.00817,0.00819,0.00817,0.00817,4536093.0
2023-12-22 11:45:00,0.00817,0.00818,0.00817,0.00817,1890670.0
2023-12-22 12:00:00,0.00817,0.00818,0.0081,0.00811,2550914.0
2023-12-22 12:15:00,0.00811,0.00812,0.0081,0.0081,1221445.0
2023-12-22 12:30:00,0.00811,0.00814,0.00811,0.00813,817222.0
2023-12-22 12:45:00,0.00813,0.00813,0.00809,0.0081,1081095.0
2023-12-22 13:00:00,0.0081,0.00812,0.00809,0.00811,528894.0
2023-12-22 13:15:00,0.00811,0.00813,0.00811,0.00811,1932712.0
2023-12-22 13:30:00,0.0081,0.00811,0.00808,0.00811,2804073.0
2023-12-22 13:45:00,0.00811,0.00813,0.00811,0.00812,334754.0
2023-12-22 14:00:00,0.00811,0.00813,0.00807,0.00807,1865760.0
2023-12-22 14:15:00,0.00808,0.00808,0.008,0.008,2630458.0
2023-12-22 14:30:00,0.00801,0.00806,0.00801,0.00804,849427.0
2023-12-22 14:45:00,0.00805,0.00808,0.00804,0.00808,1064192.0
2023-12-22 15:00:00,0.00808,0.00808,0.00804,0.00806,744080.0
2023-12-22 15:15:00,0.00807,0.00807,0.00803,0.00807,3911694.0
2023-12-22 15:30:00,0.00807,0.00808,0.00805,0.00807,1493812.0
2023-12-22 15:45:00,0.00808,0.0081,0.00808,0.0081,614258.0
2023-12-22 16:00:00,0.00809,0.0081,0.00807,0.00809,2325443.0
2023-12-22 16:15:00,0.00809,0.00811,0.00809,0.00811,704663.0
2023-12-22 16:30:00,0.00811,0.00812,0.00806,0.00807,1615720.0
2023-12-22 16:45:00,0.00806,0.00807,0.00802,0.00806,5573258.0
2023-12-22 17:00:00,0.00807,0.0081,0.00806,0.00808,1253935.0
2023-12-22 17:15:00,0.00808,0.0081,0.00808,0.0081,948615.0
2023-12-22 17:30:00,0.0081,0.00812,0.00807,0.0081,4718136.0
2023-12-22 17:45:00,0.0081,0.0081,0.00805,0.00806,3438755.0
2023-12-22 18:00:00,0.00807,0.00809,0.00806,0.00809,1094398.0
2023-12-22 18:15:00,0.00809,0.00811,0.00809,0.00811,417860.0
2023-12-22 18:30:00,0.00811,0.00812,0.0081,0.00812,862602.0
2023-12-22 18:45:00,0.00811,0.00811,0.00807,0.00809,1630995.0
2023-12-22 19:00:00,0.00809,0.00809,0.00806,0.00808,2163689.0
2023-12-22 19:15:00,0.00808,0.00808,0.00804,0.00805,969567.0
2023-12-22 19:30:00,0.00804,0.00806,0.00804,0.00804,1453322.0
2023-12-22 19:45:00,0.00804,0.00804,0.008,0.00801,2068301.0
2023-12-22 20:00:00,0.00802,0.00805,0.00802,0.00804,1886179.0
2023-12-22 20:15:00,0.00804,0.00808,0.00804,0.00807,432099.0
2023-12-22 20:30:00,0.00807,0.00808,0.00805,0.00808,1893715.0
2023-12-22 20:45:00,0.00808,0.0081,0.00807,0.0081,340070.0
2023-12-22 21:00:00,0.0081,0.00813,0.0081,0.00813,2177611.0
2023-12-22 21:15:00,0.00813,0.00818,0.00812,0.00817,2151173.0
2023-12-22 21:30:00,0.00817,0.00818,0.00814,0.00817,4076819.0
2023-12-22 21:45:00,0.00817,0.00818,0.00814,0.00817,2933978.0
2023-12-22 22:00:00,0.00817,0.00819,0.00816,0.00817,3635172.0
2023-12-22 22:15:00,0.00818,0.0082,0.00817,0.00818,3270456.0
2023-12-22 22:30:00,0.00819,0.0082,0.00818,0.00819,2192267.0
2023-12-22 22:45:00,0.00819,0.0082,0.00816,0.00819,2502105.0
2023-12-22 23:00:00,0.00818,0.00823,0.00818,0.00823,2000914.0
2023-12-22 23:15:00,0.00822,0.00828,0.00821,0.00826,6705423.0
2023-12-22 23:30:00,0.00826,0.00833,0.00826,0.00829,6257037.0
2023-12-22 23:45:00,0.0083,0.0083,0.00825,0.00825,3457147.0
2023-12-23 00:00:00,0.00826,0.00837,0.00826,0.00835,9245129.0
2023-12-23 00:15:00,0.00834,0.00837,0.00832,0.00834,8121666.0
2023-12-23 00:30:00,0.00834,0.00835,0.00826,0.00831,2989930.0
2023-12-23 00:45:00,0.00831,0.00832,0.00825,0.00828,3999883.0
2023-12-23 01:00:00,0.00827,0.0083,0.00822,0.00823,4083755.0
2023-12-23 01:15:00,0.00823,0.00824,0.00819,0.0082,5526349.0
2023-12-23 01:30:00,0.00819,0.00826,0.00819,0.00826,1789868.0
2023-12-23 01:45:00,0.00826,0.00828,0.00814,0.00815,3327195.0
2023-12-23 02:00:00,0.00815,0.00824,0.00813,0.00823,3263822.0
2023-12-23 02:15:00,0.00823,0.00824,0.00817,0.00818,1791656.0
2023-12-23 02:30:00,0.00818,0.00823,0.00816,0.0082,2917558.0
2023-12-23 02:45:00,0.0082,0.00824,0.00818,0.00818,1449357.0
2023-12-23 03:00:00,0.00818,0.00826,0.00816,0.00823,1974215.0
2023-12-23 03:15:00,0.00824,0.00827,0.00822,0.00823,2623449.0
2023-12-23 03:30:00,0.00823,0.00823,0.00814,0.00815,1996169.0
2023-12-23 03:45:00,0.00814,0.00816,0.00806,0.00811,8748459.0
2023-12-23 04:00:00,0.00811,0.00813,0.00805,0.00809,5266138.0
2023-12-23 04:15:00,0.0081,0.00815,0.0081,0.00814,1818119.0
2023-12-23 04:30:00,0.00814,0.00815,0.00812,0.00812,1534853.0
2023-12-23 04:45:00,0.00813,0.00819,0.00813,0.00818,2249204.0
2023-12-23 05:00:00,0.00818,0.00828,0.00817,0.00825,3966903.0
2023-12-23 05:15:00,0.00825,0.00828,0.00823,0.00823,2982141.0
2023-12-23 05:30:00,0.00823,0.00823,0.0082,0.0082,4016284.0
2023-12-23 05:45:00,0.0082,0.00821,0.00818,0.0082,981956.0
2023-12-23 06:00:00,0.0082,0.0082,0.00815,0.00816,757936.0
2023-12-23 06:15:00,0.00816,0.00816,0.00814,0.00815,756760.0
2023-12-23 06:30:00,0.00815,0.00815,0.00811,0.00811,938344.0
2023-12-23 06:45:00,0.00812,0.00814,0.00811,0.00813,699422.0
2023-12-23 07:00:00,0.00814,0.00816,0.00811,0.00812,1095693.0
2023-12-23 07:15:00,0.00811,0.00812,0.00808,0.00808,1321889.0
2023-12-23 07:30:00,0.00808,0.00808,0.00805,0.00805,2202175.0
2023-12-23 07:45:00,0.00805,0.00807,0.00804,0.00805,4311275.0
2023-12-23 08:00:00,0.00805,0.00805,0.00802,0.00803,2744937.0
2023-12-23 08:15:00,0.00803,0.00803,0.008,0.00802,3733764.0
2023-12-23 08:30:00,0.00802,0.00806,0.00801,0.00806,2149476.0
2023-12-23 08:45:00,0.00806,0.0081,0.00806,0.0081,1188029.0
2023-12-23 09:00:00,0.0081,0.0081,0.00807,0.0081,729278.0
2023-12-23 09:15:00,0.0081,0.00811,0.0081,0.0081,320321.0
2023-12-23 09:30:00,0.0081,0.0082,0.00809,0.00819,7137910.0
2023-12-23 09:45:00,0.00819,0.00826,0.00819,0.00821,16725707.0
2023-12-23 10:00:00,0.00821,0.00822,0.00814,0.00815,2977399.0
2023-12-23 10:15:00,0.00815,0.00818,0.00812,0.00817,4599078.0
2023-12-23 10:30:00,0.00817,0.00817,0.00813,0.00813,1911671.0
2023-12-23 10:45:00,0.00814,0.00817,0.00812,0.00816,5516377.0
2023-12-23 11:00:00,0.00815,0.00815,0.0081,0.0081,987763.0
2023-12-23 11:15:00,0.0081,0.00811,0.00809,0.00811,1378827.0
2023-12-23 11:30:00,0.00811,0.00812,0.00808,0.00812,3739506.0
2023-12-23 11:45:00,0.00813,0.00814,0.00809,0.0081,1541656.0
2023-12-23 12:00:00,0.00809,0.00811,0.00808,0.0081,2171496.0
2023-12-23 12:15:00,0.00811,0.00813,0.00811,0.00812,430772.0
2023-12-23 12:30:00,0.00812,0.00813,0.0081,0.00812,717610.0
2023-12-23 12:45:00,0.00812,0.00819,0.00812,0.00819,2945918.0
2023-12-23 13:00:00,0.00819,0.00838,0.00819,0.0083,18453646.0
2023-12-23 13:15:00,0.00831,0.00841,0.00828,0.00833,16654429.0
2023-12-23 13:30:00,0.00833,0.00833,0.00823,0.00823,6655997.0
2023-12-23 13:45:00,0.00824,0.00827,0.00823,0.00826,2524877.0
2023-12-23 14:00:00,0.00826,0.00829,0.00821,0.00827,5796644.0
2023-12-23 14:15:00,0.00827,0.00831,0.00826,0.00828,3826600.0
2023-12-23 14:30:00,0.00827,0.00835,0.00824,0.00824,10522122.0
2023-12-23 14:45:00,0.00824,0.00828,0.00821,0.00826,5038274.0
2023-12-23 15:00:00,0.00826,0.00827,0.00824,0.00826,1615836.0
2023-12-23 15:15:00,0.00826,0.00829,0.00825,0.00825,4275448.0
2023-12-23 15:30:00,0.00825,0.00826,0.00821,0.00825,4809762.0
2023-12-23 15:45:00,0.00825,0.00826,0.00823,0.00823,4017875.0
2023-12-23 16:00:00,0.00823,0.00824,0.00822,0.00822,644256.0
2023-12-23 16:15:00,0.00823,0.0085,0.00822,0.00844,38939211.0
2023-12-23 16:30:00,0.00844,0.00848,0.00836,0.00839,20909154.0
2023-12-23 16:45:00,0.0084,0.0084,0.00834,0.00836,4180964.0
2023-12-23 17:00:00,0.00835,0.00836,0.00832,0.00836,4861572.0
2023-12-23 17:15:00,0.00835,0.00836,0.00832,0.00832,4717196.0
2023-12-23 17:30:00,0.00833,0.00835,0.00831,0.00832,2458211.0
2023-12-23 17:45:00,0.00832,0.00833,0.0083,0.00832,2516670.0
2023-12-23 18:00:00,0.00831,0.00838,0.0083,0.00837,2131944.0
2023-12-23 18:15:00,0.00836,0.00844,0.00836,0.00842,2229454.0
2023-12-23 18:30:00,0.00841,0.00844,0.00839,0.00844,930291.0
2023-12-23 18:45:00,0.00843,0.00843,0.00839,0.0084,1243498.0
2023-12-23 19:00:00,0.0084,0.00842,0.00837,0.00839,2343059.0
2023-12-23 19:15:00,0.00839,0.00841,0.00835,0.0084,2509176.0
2023-12-23 19:30:00,0.0084,0.0084,0.00837,0.0084,1528312.0
2023-12-23 19:45:00,0.0084,0.00843,0.00837,0.00842,2263015.0
2023-12-23 20:00:00,0.00842,0.00846,0.00841,0.00846,1446737.0
2023-12-23 20:15:00,0.00846,0.0085,0.00844,0.00848,5588081.0
2023-12-23 20:30:00,0.00848,0.00855,0.00846,0.0085,10001532.0
2023-12-23 20:45:00,0.0085,0.00853,0.00846,0.0085,5387111.0
2023-12-23 21:00:00,0.00851,0.00853,0.00843,0.00847,7481541.0
2023-12-23 21:15:00,0.00848,0.0085,0.00846,0.00848,1418786.0
2023-12-23 21:30:00,0.00848,0.00849,0.00844,0.00846,2330739.0
2023-12-23 21:45:00,0.00845,0.00845,0.00842,0.00843,1296528.0
2023-12-23 22:00:00,0.00843,0.00847,0.00843,0.00844,1904242.0
2023-12-23 22:15:00,0.00845,0.00849,0.00844,0.00845,1600017.0
2023-12-23 22:30:00,0.00845,0.00848,0.00843,0.00846,3827993.0
2023-12-23 22:45:00,0.00846,0.00847,0.00845,0.00846,331999.0
2023-12-23 23:00:00,0.00846,0.00848,0.00845,0.00845,674710.0
2023-12-23 23:15:00,0.00846,0.00847,0.00841,0.00847,2165806.0
2023-12-23 23:30:00,0.00847,0.00847,0.00845,0.00846,2171233.0
2023-12-23 23:45:00,0.00846,0.00847,0.00841,0.00842,1588486.0
2023-12-24 00:00:00,0.00842,0.00844,0.00836,0.00841,4470663.0
2023-12-24 00:15:00,0.00841,0.00847,0.00839,0.00846,3366885.0
2023-12-24 00:30:00,0.00846,0.0085,0.0084,0.00846,3092224.0
2023-12-24 00:45:00,0.00845,0.00847,0.00841,0.00846,3132536.0
2023-12-24 01:00:00,0.00845,0.00846,0.00841,0.00843,1708426.0
2023-12-24 01:15:00,0.00842,0.00847,0.00842,0.00845,797899.0
2023-12-24 01:30:00,0.00846,0.00846,0.00842,0.00842,2632575.0
2023-12-24 01:45:00,0.00843,0.00844,0.0084,0.00842,1926924.0
2023-12-24 02:00:00,0.00842,0.00844,0.0084,0.00841,2848474.0
2023-12-24 02:15:00,0.00841,0.00841,0.0084,0.00841,1377135.0
2023-12-24 02:30:00,0.0084,0.0084,0.00836,0.00839,4542951.0
2023-12-24 02:45:00,0.0084,0.00849,0.0084,0.00848,5669858.0
2023-12-24 03:00:00,0.00848,0.00852,0.00845,0.00845,3570547.0
2023-12-24 03:15:00,0.00845,0.00852,0.00844,0.00849,2063720.0
2023-12-24 03:30:00,0.0085,0.00853,0.00847,0.00852,3335471.0
2023-12-24 03:45:00,0.00851,0.00853,0.00848,0.00851,2781102.0
2023-12-24 04:00:00,0.00851,0.00854,0.0085,0.00854,1410220.0
2023-12-24 04:15:00,0.00854,0.00855,0.00851,0.00853,2621087.0
2023-12-24 04:30:00,0.00854,0.00859,0.0085,0.00854,16061362.0
2023-12-24 04:45:00,0.00853,0.00855,0.00848,0.0085,6179472.0
2023-12-24 05:00:00,0.0085,0.0085,0.00843,0.00844,7546444.0
2023-12-24 05:15:00,0.00844,0.00848,0.00844,0.00845,1957377.0
2023-12-24 05:30:00,0.00845,0.00846,0.00828,0.00834,7923245.0
2023-12-24 05:45:00,0.00835,0.0084,0.00833,0.00835,4640585.0
2023-12-24 06:00:00,0.00835,0.0084,0.00829,0.00832,3931520.0
2023-12-24 06:15:00,0.00832,0.00837,0.00832,0.00834,3912213.0
2023-12-24 06:30:00,0.00833,0.00834,0.00828,0.00832,4630395.0
2023-12-24 06:45:00,0.00833,0.00834,0.00827,0.00829,3832121.0
2023-12-24 07:00:00,0.0083,0.00833,0.00827,0.00833,1181141.0
2023-12-24 07:15:00,0.00832,0.00839,0.00832,0.00837,1442462.0
2023-12-24 07:30:00,0.00837,0.00837,0.00832,0.00835,985541.0
2023-12-24 07:45:00,0.00835,0.0084,0.00834,0.00839,1625633.0
2023-12-24 08:00:00,0.0084,0.0084,0.00835,0.00838,3361893.0
2023-12-24 08:15:00,0.00838,0.00848,0.00836,0.00843,2794534.0
2023-12-24 08:30:00,0.00844,0.00847,0.00841,0.00841,2146143.0
2023-12-24 08:45:00,0.00841,0.00843,0.00839,0.00843,3090175.0
2023-12-24 09:00:00,0.00843,0.00843,0.00839,0.00842,1364419.0
2023-12-24 09:15:00,0.00842,0.00842,0.00837,0.0084,2127557.0
2023-12-24 09:30:00,0.0084,0.00843,0.00838,0.00841,1084161.0
2023-12-24 09:45:00,0.00841,0.00847,0.0084,0.00842,4461384.0
2023-12-24 10:00:00,0.00841,0.00843,0.00839,0.00839,1483381.0
2023-12-24 10:15:00,0.0084,0.00841,0.00832,0.00833,3826282.0
2023-12-24 10:30:00,0.00833,0.00833,0.00824,0.0083,8479310.0
2023-12-24 10:45:00,0.0083,0.00837,0.00829,0.00835,3314466.0
2023-12-24 11:00:00,0.00836,0.00838,0.00833,0.00833,3629791.0
2023-12-24 11:15:00,0.00834,0.00839,0.00834,0.00839,1551304.0
2023-12-24 11:30:00,0.00838,0.00839,0.00836,0.00838,2781189.0
2023-12-24 11:45:00,0.00838,0.00839,0.00837,0.00839,703621.0
2023-12-24 12:00:00,0.00839,0.00843,0.00836,0.0084,1780184.0
2023-12-24 12:15:00,0.0084,0.0084,0.00834,0.00836,1612560.0
2023-12-24 12:30:00,0.00836,0.00845,0.00834,0.00845,5365235.0
2023-12-24 12:45:00,0.00844,0.00852,0.00844,0.0085,5337903.0
2023-12-24 13:00:00,0.0085,0.00866,0.0085,0.00862,47681768.0
2023-12-24 13:15:00,0.00862,0.00867,0.00858,0.00858,8813557.0
2023-12-24 13:30:00,0.00859,0.00859,0.00852,0.00854,4929671.0
2023-12-24 13:45:00,0.00854,0.00856,0.00853,0.00853,1718933.0
2023-12-24 14:00:00,0.00853,0.00862,0.00852,0.00858,8550331.0
2023-12-24 14:15:00,0.00858,0.00858,0.00854,0.00854,4364513.0
2023-12-24 14:30:00,0.00854,0.00855,0.00852,0.00852,1687773.0
2023-12-24 14:45:00,0.00852,0.00853,0.00845,0.00851,7548282.0
2023-12-24 15:00:00,0.0085,0.0086,0.0085,0.00856,4868728.0
2023-12-24 15:15:00,0.00855,0.00857,0.0085,0.00852,10824136.0
2023-12-24 15:30:00,0.00852,0.00855,0.0085,0.00852,4219313.0
2023-12-24 15:45:00,0.00852,0.00854,0.00849,0.00851,4267725.0
2023-12-24 16:00:00,0.00851,0.00853,0.00848,0.00851,3154061.0
2023-12-24 16:15:00,0.0085,0.00852,0.00848,0.00851,2573064.0
2023-12-24 16:30:00,0.00851,0.00853,0.00849,0.00851,3267482.0
2023-12-24 16:45:00,0.00851,0.00852,0.00849,0.00852,821792.0
2023-12-24 17:00:00,0.00852,0.00853,0.00849,0.00851,3025118.0
2023-12-24 17:15:00,0.00852,0.00853,0.00847,0.00849,1947811.0
2023-12-24 17:30:00,0.0085,0.00851,0.00846,0.00848,1738961.0
2023-12-24 17:45:00,0.00848,0.0085,0.00848,0.00849,1107005.0
2023-12-24 18:00:00,0.0085,0.00851,0.00848,0.0085,966760.0
2023-12-24 18:15:00,0.00849,0.00851,0.00848,0.0085,1390189.0
2023-12-24 18:30:00,0.00849,0.00849,0.00845,0.00847,1635241.0
2023-12-24 18:45:00,0.00847,0.00849,0.00845,0.00849,1514834.0
2023-12-24 19:00:00,0.00849,0.0085,0.00848,0.00849,526234.0
2023-12-24 19:15:00,0.00849,0.0085,0.00847,0.00848,656201.0
2023-12-24 19:30:00,0.00848,0.00849,0.00838,0.00841,5437564.0
2023-12-24 19:45:00,0.00841,0.00844,0.0084,0.00844,1466790.0
2023-12-24 20:00:00,0.00844,0.00844,0.00841,0.00841,1200445.0
2023-12-24 20:15:00,0.00841,0.00842,0.00836,0.00836,2820812.0
2023-12-24 20:30:00,0.00836,0.00837,0.00826,0.00828,5098313.0
2023-12-24 20:45:00,0.00828,0.00831,0.00825,0.0083,3890858.0
2023-12-24 21:00:00,0.0083,0.00833,0.00827,0.00832,2114374.0
2023-12-24 21:15:00,0.00832,0.00834,0.00831,0.00832,1464178.0
2023-12-24 21:30:00,0.00832,0.00833,0.00827,0.00828,2421070.0
2023-12-24 21:45:00,0.00829,0.0083,0.00826,0.00828,898847.0
2023-12-24 22:00:00,0.00829,0.00831,0.00813,0.00818,7569738.0
2023-12-24 22:15:00,0.00818,0.0082,0.00802,0.00819,15870194.0
2023-12-24 22:30:00,0.00819,0.00822,0.00812,0.00815,3332314.0
2023-12-24 22:45:00,0.00816,0.00822,0.00811,0.0082,9846212.0
2023-12-24 23:00:00,0.0082,0.00826,0.00818,0.00825,3062259.0
2023-12-24 23:15:00,0.00825,0.00827,0.00823,0.00826,2346266.0
2023-12-24 23:30:00,0.00825,0.00825,0.00822,0.00824,3242062.0
2023-12-24 23:45:00,0.00824,0.00825,0.00817,0.00817,3676614.0
2023-12-25 00:00:00,0.00819,0.00825,0.00819,0.00824,4581130.0
2023-12-25 00:15:00,0.00823,0.00824,0.00814,0.00818,2908686.0
2023-12-25 00:30:00,0.00819,0.00823,0.00815,0.00818,9348292.0
2023-12-25 00:45:00,0.00818,0.00832,0.00817,0.00828,7461071.0
2023-12-25 01:00:00,0.00828,0.0083,0.00825,0.00829,1550381.0
2023-12-25 01:15:00,0.00829,0.00831,0.00828,0.00831,2740490.0
2023-12-25 01:30:00,0.00831,0.00839,0.0083,0.00837,3583312.0
2023-12-25 01:45:00,0.00836,0.00837,0.00834,0.00836,2929739.0
2023-12-25 02:00:00,0.00835,0.00836,0.00832,0.00834,3301387.0
2023-12-25 02:15:00,0.00833,0.00833,0.00824,0.00827,4980681.0
2023-12-25 02:30:00,0.00827,0.00829,0.00823,0.00828,2887954.0
2023-12-25 02:45:00,0.00828,0.00832,0.00827,0.00832,725798.0
2023-12-25 03:00:00,0.00832,0.00833,0.00831,0.00833,538118.0
2023-12-25 03:15:00,0.00832,0.00835,0.00831,0.00831,2024325.0
2023-12-25 03:30:00,0.00831,0.00832,0.00827,0.00827,5422845.0
2023-12-25 03:45:00,0.00828,0.0083,0.00826,0.00828,810937.0
2023-12-25 04:00:00,0.00829,0.0083,0.00827,0.00827,1822724.0
2023-12-25 04:15:00,0.00828,0.0083,0.00828,0.00828,634562.0
2023-12-25 04:30:00,0.00829,0.00831,0.00827,0.00831,554984.0
2023-12-25 04:45:00,0.00831,0.00832,0.00826,0.00828,1151997.0
2023-12-25 05:00:00,0.00827,0.00827,0.00825,0.00827,2942089.0
2023-12-25 05:15:00,0.00827,0.00832,0.00826,0.00832,2252544.0
2023-12-25 05:30:00,0.00833,0.00834,0.00833,0.00833,1399882.0
2023-12-25 05:45:00,0.00833,0.00833,0.0083,0.00833,815301.0
2023-12-25 06:00:00,0.00833,0.00834,0.00831,0.00833,988206.0
2023-12-25 06:15:00,0.00834,0.00837,0.00834,0.00837,1161811.0
2023-12-25 06:30:00,0.00836,0.00836,0.00831,0.00834,1852475.0
2023-12-25 06:45:00,0.00834,0.00844,0.00834,0.00837,11117576.0
2023-12-25 07:00:00,0.00836,0.00838,0.00835,0.00838,1821739.0
2023-12-25 07:15:00,0.00837,0.00843,0.00836,0.00842,2420892.0
2023-12-25 07:30:00,0.00842,0.00847,0.00842,0.00847,2427046.0
2023-12-25 07:45:00,0.00847,0.00851,0.00847,0.00851,3175747.0
2023-12-25 08:00:00,0.0085,0.00855,0.00847,0.00852,3956388.0
2023-12-25 08:15:00,0.00852,0.00853,0.00848,0.0085,3177105.0
2023-12-25 08:30:00,0.0085,0.0085,0.00844,0.00845,4209003.0
2023-12-25 08:45:00,0.00845,0.00845,0.00836,0.00838,3301133.0
2023-12-25 09:00:00,0.00838,0.00846,0.00836,0.00844,2761850.0
2023-12-25 09:15:00,0.00844,0.00846,0.00842,0.00842,1003150.0
2023-12-25 09:30:00,0.00842,0.00844,0.00835,0.0084,3347381.0
2023-12-25 09:45:00,0.00841,0.00852,0.00837,0.00849,9781559.0
2023-12-25 10:00:00,0.00849,0.00851,0.00844,0.00845,2610388.0
2023-12-25 10:15:00,0.00845,0.00847,0.00843,0.00843,2630480.0
2023-12-25 10:30:00,0.00843,0.00843,0.00841,0.00843,1432406.0
2023-12-25 10:45:00,0.00842,0.00842,0.0084,0.00842,532777.0
2023-12-25 11:00:00,0.00841,0.00842,0.00838,0.00838,1364716.0
2023-12-25 11:15:00,0.00839,0.00841,0.00838,0.00841,1538710.0
2023-12-25 11:30:00,0.00841,0.00841,0.00837,0.00837,6070681.0
2023-12-25 11:45:00,0.00838,0.0084,0.00837,0.00837,1139337.0
2023-12-25 12:00:00,0.00837,0.00838,0.00835,0.00838,2325908.0
2023-12-25 12:15:00,0.00837,0.00837,0.00832,0.00832,2173239.0
2023-12-25 12:30:00,0.00833,0.0084,0.00831,0.00839,8805043.0
2023-12-25 12:45:00,0.00839,0.00848,0.00839,0.00846,2934700.0
2023-12-25 13:00:00,0.00846,0.00847,0.00842,0.00844,2904574.0
2023-12-25 13:15:00,0.00845,0.00847,0.00843,0.00845,1214287.0
2023-12-25 13:30:00,0.00846,0.00847,0.00843,0.00847,1653239.0
2023-12-25 13:45:00,0.00847,0.0085,0.00847,0.00849,2902481.0
2023-12-25 14:00:00,0.00848,0.0085,0.00846,0.00847,1495852.0
2023-12-25 14:15:00,0.00846,0.00847,0.00842,0.00845,3057370.0
2023-12-25 14:30:00,0.00845,0.00848,0.00844,0.00848,1343706.0
2023-12-25 14:45:00,0.00848,0.00852,0.00847,0.00852,3835344.0
2023-12-25 15:00:00,0.00853,0.00855,0.00847,0.00848,7754607.0
2023-12-25 15:15:00,0.00848,0.00852,0.00848,0.0085,4031389.0
2023-12-25 15:30:00,0.0085,0.00851,0.00847,0.00849,1794522.0
2023-12-25 15:45:00,0.00849,0.0085,0.00846,0.00848,2761267.0
2023-12-25 16:00:00,0.00848,0.00859,0.00847,0.00854,7312372.0
2023-12-25 16:15:00,0.00854,0.00855,0.0085,0.00852,1141922.0
2023-12-25 16:30:00,0.00851,0.00852,0.0084,0.00843,6872947.0
2023-12-25 16:45:00,0.00843,0.00846,0.00838,0.00844,2635789.0
2023-12-25 17:00:00,0.00845,0.00851,0.00845,0.00851,1824753.0
2023-12-25 17:15:00,0.0085,0.00852,0.00848,0.00851,1361937.0
2023-12-25 17:30:00,0.00851,0.00853,0.00848,0.00848,2161600.0
2023-12-25 17:45:00,0.00848,0.00851,0.00845,0.00847,3471149.0
2023-12-25 18:00:00,0.00848,0.00856,0.00848,0.00851,5591384.0
2023-12-25 18:15:00,0.0085,0.00862,0.0085,0.00858,12785680.0
2023-12-25 18:30:00,0.00857,0.00859,0.00844,0.00851,9341412.0
2023-12-25 18:45:00,0.00851,0.00851,0.00845,0.00848,2388639.0
2023-12-25 19:00:00,0.00847,0.00848,0.00845,0.00848,3133850.0
2023-12-25 19:15:00,0.00848,0.00849,0.00846,0.00848,1757956.0
2023-12-25 19:30:00,0.00848,0.00848,0.00846,0.00847,784575.0
2023-12-25 19:45:00,0.00847,0.00849,0.00845,0.00845,1743419.0
2023-12-25 20:00:00,0.00846,0.00847,0.00839,0.0084,4009430.0
2023-12-25 20:15:00,0.0084,0.00844,0.0084,0.00842,2120137.0
2023-12-25 20:30:00,0.00841,0.00842,0.00836,0.00838,1655969.0
2023-12-25 20:45:00,0.00838,0.00845,0.00838,0.00843,1170082.0
2023-12-25 21:00:00,0.00843,0.00844,0.00838,0.00842,1364287.0
2023-12-25 21:15:00,0.00842,0.00847,0.00842,0.00844,2937591.0
2023-12-25 21:30:00,0.00843,0.00844,0.00842,0.00844,613106.0
2023-12-25 21:45:00,0.00844,0.00848,0.00844,0.00848,1368977.0
2023-12-25 22:00:00,0.00847,0.0085,0.00846,0.0085,623427.0
2023-12-25 22:15:00,0.0085,0.00854,0.0085,0.00853,3293571.0
2023-12-25 22:30:00,0.00852,0.00858,0.00852,0.00854,3709349.0
2023-12-25 22:45:00,0.00854,0.00857,0.00851,0.00854,2287600.0
2023-12-25 23:00:00,0.00854,0.00855,0.0085,0.00852,1083363.0
2023-12-25 23:15:00,0.00852,0.00853,0.00851,0.00853,421583.0
2023-12-25 23:30:00,0.00853,0.00855,0.0085,0.00851,1268121.0
2023-12-25 23:45:00,0.00851,0.00851,0.00848,0.00848,1170988.0
2023-12-26 00:00:00,0.00849,0.00852,0.00849,0.00852,1238742.0
2023-12-26 00:15:00,0.00852,0.00858,0.00851,0.00855,4682699.0
2023-12-26 00:30:00,0.00854,0.00857,0.00853,0.00857,3344338.0
2023-12-26 00:45:00,0.00857,0.00859,0.00855,0.00859,2178673.0
2023-12-26 01:00:00,0.00859,0.00866,0.00853,0.0086,9060580.0
2023-12-26 01:15:00,0.0086,0.00865,0.0086,0.00863,1704571.0
2023-12-26 01:30:00,0.00863,0.00865,0.00855,0.00863,4289487.0
2023-12-26 01:45:00,0.00863,0.00869,0.00859,0.00869,42123808.0
2023-12-26 02:00:00,0.00869,0.00869,0.00859,0.00863,36328627.0
2023-12-26 02:15:00,0.00863,0.00864,0.00856,0.00858,7343611.0
2023-12-26 02:30:00,0.00857,0.00858,0.00854,0.00857,2196381.0
2023-12-26 02:45:00,0.00858,0.00859,0.00853,0.00853,4583479.0
2023-12-26 03:00:00,0.00853,0.00858,0.00851,0.00858,1877618.0
2023-12-26 03:15:00,0.00858,0.00859,0.00856,0.00858,1042827.0
2023-12-26 03:30:00,0.00858,0.00859,0.00854,0.00854,921440.0
2023-12-26 03:45:00,0.00855,0.00856,0.00851,0.00855,2634818.0
2023-12-26 04:00:00,0.00856,0.00858,0.00855,0.00857,1457292.0
2023-12-26 04:15:00,0.00856,0.00856,0.00853,0.00854,1225186.0
2023-12-26 04:30:00,0.00854,0.00854,0.0085,0.00853,2693455.0
2023-12-26 04:45:00,0.00853,0.00856,0.00852,0.00855,2412899.0
2023-12-26 05:00:00,0.00856,0.00861,0.00853,0.00854,7138255.0
2023-12-26 05:15:00,0.00855,0.00862,0.00849,0.0085,8218262.0
2023-12-26 05:30:00,0.00849,0.0085,0.00834,0.00841,16141137.0
2023-12-26 05:45:00,0.00841,0.00854,0.00837,0.00847,9110231.0
2023-12-26 06:00:00,0.00847,0.00849,0.00836,0.00841,9274701.0
2023-12-26 06:15:00,0.00841,0.00848,0.0084,0.0084,5076616.0
2023-12-26 06:30:00,0.0084,0.00851,0.00839,0.00846,4686502.0
2023-12-26 06:45:00,0.00846,0.00847,0.00834,0.00835,8208505.0
2023-12-26 07:00:00,0.00835,0.00846,0.00829,0.00844,4907562.0
2023-12-26 07:15:00,0.00845,0.00855,0.00843,0.00854,2663450.0
2023-12-26 07:30:00,0.00854,0.00858,0.00851,0.00853,2724230.0
2023-12-26 07:45:00,0.00853,0.00858,0.0085,0.00858,5913682.0
2023-12-26 08:00:00,0.00858,0.00867,0.00851,0.00855,10691465.0
2023-12-26 08:15:00,0.00855,0.00858,0.00852,0.00857,6501404.0
2023-12-26 08:30:00,0.00857,0.00857,0.00854,0.00855,2195724.0
2023-12-26 08:45:00,0.00855,0.00857,0.00852,0.00853,3564484.0
2023-12-26 09:00:00,0.00853,0.00858,0.00848,0.0085,14227315.0
2023-12-26 09:15:00,0.00851,0.00855,0.00847,0.0085,3827551.0
2023-12-26 09:30:00,0.0085,0.00852,0.00843,0.00843,6403476.0
2023-12-26 09:45:00,0.00843,0.00847,0.00838,0.00846,7542611.0
2023-12-26 10:00:00,0.00847,0.00859,0.00846,0.00858,4751430.0
2023-12-26 10:15:00,0.00858,0.00861,0.00857,0.00857,2770455.0
2023-12-26 10:30:00,0.00856,0.00858,0.00853,0.00857,3753239.0
2023-12-26 10:45:00,0.00857,0.00858,0.00854,0.00857,1718008.0
2023-12-26 11:00:00,0.00856,0.00856,0.00852,0.00854,2420935.0
2023-12-26 11:15:00,0.00854,0.00857,0.00853,0.00856,3880420.0
2023-12-26 11:30:00,0.00855,0.0086,0.00854,0.0086,3328078.0
2023-12-26 11:45:00,0.0086,0.00861,0.00858,0.00859,2093520.0
2023-12-26 12:00:00,0.00859,0.00861,0.00857,0.00858,3320323.0
2023-12-26 12:15:00,0.00858,0.00867,0.00857,0.00866,7794260.0
2023-12-26 12:30:00,0.00866,0.00869,0.00866,0.00868,6823339.0
2023-12-26 12:45:00,0.00868,0.00873,0.00867,0.00868,10279012.0
2023-12-26 13:00:00,0.00868,0.0087,0.00866,0.00868,7753186.0
2023-12-26 13:15:00,0.00868,0.00868,0.00863,0.00865,2539341.0
2023-12-26 13:30:00,0.00866,0.00874,0.00864,0.00872,3414786.0
2023-12-26 13:45:00,0.00872,0.00873,0.00864,0.00866,4732873.0
2023-12-26 14:00:00,0.00865,0.00867,0.00857,0.0086,3886221.0
2023-12-26 14:15:00,0.0086,0.00868,0.0086,0.00868,3995067.0
2023-12-26 14:30:00,0.00868,0.00868,0.00862,0.00865,3087161.0
2023-12-26 14:45:00,0.00865,0.00867,0.0086,0.0086,4084847.0
2023-12-26 15:00:00,0.00861,0.00862,0.00851,0.00854,10409242.0
2023-12-26 15:15:00,0.00854,0.0087,0.00854,0.00866,6781410.0
2023-12-26 15:30:00,0.00867,0.00868,0.00859,0.0086,4730166.0
2023-12-26 15:45:00,0.0086,0.00861,0.00848,0.0085,9645797.0
2023-12-26 16:00:00,0.0085,0.00856,0.00849,0.00855,6374275.0
2023-12-26 16:15:00,0.00856,0.00862,0.00849,0.00861,9483432.0
2023-12-26 16:30:00,0.00861,0.00863,0.00856,0.00857,4277441.0
2023-12-26 16:45:00,0.00857,0.00858,0.0085,0.00851,5209582.0
2023-12-26 17:00:00,0.00851,0.00855,0.00848,0.00853,4897566.0
2023-12-26 17:15:00,0.00852,0.00853,0.0084,0.00844,10141220.0
2023-12-26 17:30:00,0.00845,0.00851,0.00801,0.00818,43278848.0
2023-12-26 17:45:00,0.00819,0.00827,0.00813,0.00824,11941776.0
2023-12-26 18:00:00,0.00825,0.00832,0.00823,0.00829,6542971.0
2023-12-26 18:15:00,0.00829,0.00831,0.00822,0.00823,2546596.0
2023-12-26 18:30:00,0.00824,0.00825,0.00821,0.00825,1143887.0
2023-12-26 18:45:00,0.00825,0.00835,0.00825,0.00834,4762399.0
2023-12-26 19:00:00,0.00833,0.00835,0.00829,0.00833,3125743.0
2023-12-26 19:15:00,0.00833,0.00838,0.00831,0.00837,2676378.0
2023-12-26 19:30:00,0.00837,0.0084,0.0083,0.00835,7570212.0
2023-12-26 19:45:00,0.00835,0.00836,0.00832,0.00834,1225988.0
2023-12-26 20:00:00,0.00834,0.0084,0.00833,0.00839,1881929.0
2023-12-26 20:15:00,0.00838,0.00842,0.00838,0.00842,1625271.0
2023-12-26 20:30:00,0.00841,0.00843,0.0084,0.00843,1631931.0
2023-12-26 20:45:00,0.00842,0.00848,0.00842,0.00846,3299060.0
2023-12-26 21:00:00,0.00846,0.00848,0.00845,0.00846,761186.0
2023-12-26 21:15:00,0.00846,0.00852,0.00846,0.00852,3027207.0
2023-12-26 21:30:00,0.00851,0.00853,0.00846,0.00847,4081268.0
2023-12-26 21:45:00,0.00848,0.00851,0.00847,0.00851,791673.0
2023-12-26 22:00:00,0.00851,0.00854,0.0085,0.00852,3714920.0
2023-12-26 22:15:00,0.00853,0.00856,0.00853,0.00855,1378411.0
2023-12-26 22:30:00,0.00856,0.00859,0.00854,0.00859,2798760.0
2023-12-26 22:45:00,0.00858,0.00862,0.00858,0.00858,4959260.0
2023-12-26 23:00:00,0.00858,0.00862,0.00858,0.0086,2379157.0
2023-12-26 23:15:00,0.0086,0.00862,0.00855,0.00856,3793769.0
2023-12-26 23:30:00,0.00857,0.00859,0.00856,0.00858,1417237.0
2023-12-26 23:45:00,0.00858,0.00863,0.00858,0.00861,1191734.0
2023-12-27 00:00:00,0.00862,0.00864,0.00859,0.0086,1953923.0
2023-12-27 00:15:00,0.0086,0.00868,0.0086,0.00863,3015395.0
2023-12-27 00:30:00,0.00862,0.00865,0.00857,0.00859,3134307.0
2023-12-27 00:45:00,0.00858,0.00868,0.00857,0.00859,3133301.0
2023-12-27 01:00:00,0.00858,0.00865,0.00856,0.0086,2407324.0
2023-12-27 01:15:00,0.0086,0.00873,0.00859,0.00872,9309999.0
2023-12-27 01:30:00,0.00872,0.00891,0.0087,0.00881,18154622.0
2023-12-27 01:45:00,0.00882,0.00882,0.00868,0.00871,12154244.0
2023-12-27 02:00:00,0.00871,0.00871,0.00859,0.0086,12221015.0
2023-12-27 02:15:00,0.00859,0.00865,0.00851,0.00852,27261425.0
2023-12-27 02:30:00,0.00852,0.00858,0.0085,0.00852,5216628.0
2023-12-27 02:45:00,0.00853,0.00855,0.00845,0.00848,15438602.0
2023-12-27 03:00:00,0.00849,0.00863,0.00849,0.00861,6711730.0
2023-12-27 03:15:00,0.0086,0.00862,0.00843,0.00845,5829742.0
2023-12-27 03:30:00,0.00845,0.00846,0.00837,0.00841,16466023.0
2023-12-27 03:45:00,0.0084,0.00846,0.00839,0.00844,7201415.0
2023-12-27 04:00:00,0.00844,0.0085,0.00842,0.0085,4465998.0
2023-12-27 04:15:00,0.0085,0.00862,0.0085,0.00857,8147703.0
2023-12-27 04:30:00,0.00857,0.00859,0.00854,0.00854,2721428.0
2023-12-27 04:45:00,0.00854,0.00854,0.0085,0.00851,1829838.0
2023-12-27 05:00:00,0.00852,0.00861,0.0085,0.00859,2944861.0
2023-12-27 05:15:00,0.0086,0.00884,0.0086,0.00873,21203518.0
2023-12-27 05:30:00,0.00873,0.00874,0.00862,0.00867,5204035.0
2023-12-27 05:45:00,0.00866,0.0087,0.0086,0.00868,9323000.0
2023-12-27 06:00:00,0.00867,0.00869,0.0086,0.00862,4716788.0
2023-12-27 06:15:00,0.00862,0.00864,0.00858,0.00858,3542480.0
2023-12-27 06:30:00,0.00858,0.00868,0.00856,0.00867,15394123.0
2023-12-27 06:45:00,0.00867,0.00871,0.0086,0.0086,23196908.0
2023-12-27 07:00:00,0.0086,0.00861,0.00852,0.00852,7939056.0
2023-12-27 07:15:00,0.00852,0.00852,0.00845,0.0085,12983787.0
2023-12-27 07:30:00,0.00849,0.00853,0.00849,0.00853,3753047.0
2023-12-27 07:45:00,0.00852,0.00852,0.00848,0.00851,1766111.0
2023-12-27 08:00:00,0.00851,0.00859,0.0085,0.00853,11579629.0
2023-12-27 08:15:00,0.00852,0.00865,0.00851,0.00862,4242809.0
2023-12-27 08:30:00,0.00863,0.00871,0.00863,0.00869,8053937.0
2023-12-27 08:45:00,0.00869,0.00871,0.00867,0.00869,3951937.0
2023-12-27 09:00:00,0.00868,0.00869,0.00862,0.00867,4412334.0
2023-12-27 09:15:00,0.00866,0.00866,0.00862,0.00865,4509580.0
2023-12-27 09:30:00,0.00864,0.00864,0.00861,0.00861,5010447.0
2023-12-27 09:45:00,0.00861,0.00868,0.00859,0.00866,5214116.0
2023-12-27 10:00:00,0.00865,0.00866,0.0086,0.00863,1252729.0
2023-12-27 10:15:00,0.00863,0.00869,0.00863,0.00869,4135168.0
2023-12-27 10:30:00,0.00869,0.0087,0.00864,0.00869,9416936.0
2023-12-27 10:45:00,0.00869,0.00873,0.00867,0.00871,4689171.0
2023-12-27 11:00:00,0.00871,0.00873,0.00867,0.0087,3850083.0
2023-12-27 11:15:00,0.0087,0.0087,0.00864,0.00865,5962655.0
2023-12-27 11:30:00,0.00865,0.00867,0.00864,0.00867,1589497.0
2023-12-27 11:45:00,0.00866,0.00867,0.00859,0.00864,2829529.0
2023-12-27 12:00:00,0.00863,0.00863,0.00856,0.00857,5008255.0
2023-12-27 12:15:00,0.00857,0.0086,0.00854,0.0086,5657581.0
2023-12-27 12:30:00,0.0086,0.00861,0.00855,0.00855,3827801.0
2023-12-27 12:45:00,0.00855,0.00861,0.00854,0.0086,3904151.0
2023-12-27 13:00:00,0.0086,0.00863,0.00856,0.00862,2670901.0
2023-12-27 13:15:00,0.00862,0.00865,0.00859,0.00865,2204699.0
2023-12-27 13:30:00,0.00866,0.00867,0.00858,0.00861,4613001.0
2023-12-27 13:45:00,0.00861,0.00864,0.00859,0.00863,2529493.0
2023-12-27 14:00:00,0.00863,0.00865,0.00856,0.00862,6583684.0
2023-12-27 14:15:00,0.00862,0.00867,0.0085,0.00851,13331122.0
2023-12-27 14:30:00,0.00851,0.00863,0.00851,0.00862,7959621.0
2023-12-27 14:45:00,0.00862,0.00875,0.00861,0.00868,10739708.0
2023-12-27 15:00:00,0.00868,0.00876,0.00867,0.00873,8554424.0
2023-12-27 15:15:00,0.00874,0.00877,0.00866,0.00872,10195948.0
2023-12-27 15:30:00,0.00872,0.00877,0.00869,0.00874,3976264.0
2023-12-27 15:45:00,0.00874,0.00874,0.0087,0.00871,5736559.0
2023-12-27 16:00:00,0.00871,0.00874,0.00865,0.0087,3520270.0
2023-12-27 16:15:00,0.0087,0.00873,0.00865,0.0087,2720695.0
2023-12-27 16:30:00,0.0087,0.00874,0.00869,0.00872,4716894.0
2023-12-27 16:45:00,0.00871,0.00871,0.00864,0.00867,5186878.0
2023-12-27 17:00:00,0.00867,0.00869,0.00862,0.00864,2622200.0
2023-12-27 17:15:00,0.00865,0.00865,0.00858,0.0086,3775794.0
2023-12-27 17:30:00,0.0086,0.00868,0.0086,0.00866,5277452.0
2023-12-27 17:45:00,0.00867,0.00869,0.00866,0.00869,1318818.0
2023-12-27 18:00:00,0.00869,0.00872,0.00866,0.00866,3136013.0
2023-12-27 18:15:00,0.00866,0.00874,0.00864,0.00872,4035369.0
2023-12-27 18:30:00,0.00873,0.00885,0.0087,0.00884,11872559.0
2023-12-27 18:45:00,0.00885,0.00885,0.00877,0.00882,11029567.0
2023-12-27 19:00:00,0.00883,0.00883,0.00877,0.00878,3924336.0
2023-12-27 19:15:00,0.00878,0.00881,0.00877,0.00878,2268124.0
2023-12-27 19:30:00,0.00879,0.00881,0.00873,0.00874,4906968.0
2023-12-27 19:45:00,0.00874,0.00875,0.0087,0.00874,4911665.0
2023-12-27 20:00:00,0.00874,0.00878,0.00873,0.00877,683091.0
2023-12-27 20:15:00,0.00877,0.00877,0.0087,0.00873,8549371.0
2023-12-27 20:30:00,0.00873,0.00877,0.00872,0.00876,4585512.0
2023-12-27 20:45:00,0.00875,0.00878,0.00872,0.00876,4296104.0
2023-12-27 21:00:00,0.00876,0.00877,0.00874,0.00875,1575924.0
2023-12-27 21:15:00,0.00875,0.00876,0.00874,0.00875,825432.0
2023-12-27 21:30:00,0.00875,0.00878,0.00874,0.00877,2176452.0
2023-12-27 21:45:00,0.00876,0.00876,0.00871,0.00871,1184340.0
2023-12-27 22:00:00,0.00872,0.00874,0.00869,0.00874,1906789.0
2023-12-27 22:15:00,0.00874,0.00876,0.00868,0.00869,2101669.0
2023-12-27 22:30:00,0.00869,0.00873,0.00865,0.00865,2233029.0
2023-12-27 22:45:00,0.00866,0.00868,0.0086,0.00863,1926958.0
2023-12-27 23:00:00,0.00864,0.0087,0.00864,0.0087,1852711.0
2023-12-27 23:15:00,0.00869,0.00871,0.00867,0.00869,2009705.0
2023-12-27 23:30:00,0.00869,0.0087,0.00866,0.00869,2111422.0
2023-12-27 23:45:00,0.00867,0.00869,0.00864,0.00868,2044707.0
2023-12-28 00:00:00,0.00869,0.00873,0.00866,0.00872,1971503.0
2023-12-28 00:15:00,0.00873,0.00879,0.00873,0.00876,5513961.0
2023-12-28 00:30:00,0.00876,0.00881,0.00874,0.00878,7045535.0
2023-12-28 00:45:00,0.00878,0.0088,0.00873,0.00875,8233131.0
2023-12-28 01:00:00,0.00874,0.00878,0.00872,0.00878,3839446.0
2023-12-28 01:15:00,0.00878,0.00878,0.00866,0.00868,8040274.0
2023-12-28 01:30:00,0.00869,0.00874,0.00869,0.00874,2132291.0
2023-12-28 01:45:00,0.00873,0.00875,0.00871,0.00872,1736073.0
2023-12-28 02:00:00,0.00873,0.00874,0.00867,0.0087,2332377.0
2023-12-28 02:15:00,0.00871,0.00875,0.00867,0.0087,5383539.0
2023-12-28 02:30:00,0.0087,0.00871,0.00866,0.00868,2269914.0
2023-12-28 02:45:00,0.00869,0.00874,0.00868,0.0087,3057650.0
2023-12-28 03:00:00,0.0087,0.00873,0.00867,0.00868,1570078.0
2023-12-28 03:15:00,0.00868,0.00873,0.00867,0.00872,1123000.0
2023-12-28 03:30:00,0.00871,0.00872,0.00869,0.0087,985974.0
2023-12-28 03:45:00,0.00871,0.00874,0.0087,0.00873,683685.0
2023-12-28 04:00:00,0.00874,0.00874,0.00869,0.00874,1626396.0
2023-12-28 04:15:00,0.00874,0.00881,0.00873,0.00879,1810448.0
2023-12-28 04:30:00,0.00879,0.0088,0.00868,0.00869,1312925.0
2023-12-28 04:45:00,0.00868,0.00868,0.00863,0.00864,4926464.0
2023-12-28 05:00:00,0.00865,0.00867,0.0086,0.00862,6318870.0
2023-12-28 05:15:00,0.00863,0.00865,0.00853,0.00854,6443907.0
2023-12-28 05:30:00,0.00855,0.0086,0.00855,0.0086,1861347.0
2023-12-28 05:45:00,0.0086,0.00861,0.00858,0.00858,765398.0
2023-12-28 06:00:00,0.00859,0.00859,0.00853,0.00856,2764319.0
2023-12-28 06:15:00,0.00856,0.00858,0.00851,0.00852,1514247.0
2023-12-28 06:30:00,0.00853,0.00856,0.0085,0.00853,2460624.0
2023-12-28 06:45:00,0.00853,0.00855,0.00844,0.00849,6946145.0
2023-12-28 07:00:00,0.00849,0.00852,0.00846,0.00849,3465283.0
2023-12-28 07:15:00,0.00848,0.00853,0.00844,0.00851,2672602.0
2023-12-28 07:30:00,0.0085,0.00854,0.00848,0.00853,2381734.0
2023-12-28 07:45:00,0.00852,0.00857,0.00851,0.00856,1626824.0
2023-12-28 08:00:00,0.00856,0.00864,0.00854,0.00862,3846866.0
2023-12-28 08:15:00,0.00862,0.00867,0.00862,0.00865,2578950.0
2023-12-28 08:30:00,0.00865,0.00868,0.00865,0.00866,2690434.0
2023-12-28 08:45:00,0.00867,0.00868,0.00857,0.0086,5081334.0
2023-12-28 09:00:00,0.00859,0.00864,0.00859,0.00862,4956602.0
2023-12-28 09:15:00,0.00863,0.00867,0.00861,0.00866,2712793.0
2023-12-28 09:30:00,0.00866,0.00869,0.0086,0.00864,4140139.0
2023-12-28 09:45:00,0.00863,0.00864,0.00858,0.00858,3131311.0
2023-12-28 10:00:00,0.00858,0.00859,0.00855,0.00859,4503624.0
2023-12-28 10:15:00,0.00858,0.00859,0.00856,0.00858,5124770.0
2023-12-28 10:30:00,0.00858,0.00866,0.00857,0.00861,9952670.0
2023-12-28 10:45:00,0.00861,0.00862,0.00858,0.00858,1602302.0
2023-12-28 11:00:00,0.00858,0.00861,0.00855,0.00855,1803247.0
2023-12-28 11:15:00,0.00855,0.00856,0.00853,0.00856,1366851.0
2023-12-28 11:30:00,0.00855,0.00859,0.00854,0.00858,2636205.0
2023-12-28 11:45:00,0.00858,0.00858,0.00856,0.00857,636591.0
2023-12-28 12:00:00,0.00858,0.00858,0.00854,0.00857,1526352.0
2023-12-28 12:15:00,0.00858,0.00859,0.00849,0.00851,4441295.0
2023-12-28 12:30:00,0.0085,0.0085,0.00843,0.00847,7033628.0
2023-12-28 12:45:00,0.00846,0.00846,0.00829,0.00832,17006009.0
2023-12-28 13:00:00,0.00832,0.0084,0.00825,0.00836,11255357.0
2023-12-28 13:15:00,0.00836,0.00842,0.00836,0.00842,5060566.0
2023-12-28 13:30:00,0.00841,0.00844,0.00831,0.00836,5716344.0
2023-12-28 13:45:00,0.00836,0.00841,0.00835,0.00837,4813601.0
2023-12-28 14:00:00,0.00838,0.00839,0.00826,0.00831,5706015.0
2023-12-28 14:15:00,0.00831,0.00831,0.00816,0.00826,14936739.0
2023-12-28 14:30:00,0.00826,0.00828,0.00812,0.00813,6352046.0
2023-12-28 14:45:00,0.00813,0.00819,0.00811,0.00818,8630262.0
2023-12-28 15:00:00,0.00818,0.00824,0.00817,0.00822,2966808.0
2023-12-28 15:15:00,0.00822,0.00822,0.00812,0.00814,4176925.0
2023-12-28 15:30:00,0.00814,0.0082,0.00814,0.00818,2867826.0
2023-12-28 15:45:00,0.00818,0.00821,0.00817,0.0082,2871486.0
2023-12-28 16:00:00,0.0082,0.00822,0.00816,0.00821,3305729.0
2023-12-28 16:15:00,0.00821,0.00822,0.00813,0.00814,3302790.0
2023-12-28 16:30:00,0.00815,0.00821,0.00814,0.0082,2511224.0
2023-12-28 16:45:00,0.0082,0.00824,0.00818,0.00819,2413588.0
2023-12-28 17:00:00,0.0082,0.00823,0.00818,0.00823,2721306.0
2023-12-28 17:15:00,0.00822,0.00826,0.00822,0.00824,1822593.0
2023-12-28 17:30:00,0.00824,0.00826,0.00823,0.00823,1724275.0
2023-12-28 17:45:00,0.00822,0.00823,0.00815,0.00818,3151602.0
2023-12-28 18:00:00,0.00817,0.00819,0.00814,0.00815,2663870.0
2023-12-28 18:15:00,0.00814,0.00816,0.0081,0.00816,2933943.0
2023-12-28 18:30:00,0.00816,0.00819,0.00812,0.00814,1914264.0
2023-12-28 18:45:00,0.00814,0.00815,0.00811,0.00811,1714329.0
2023-12-28 19:00:00,0.00811,0.00815,0.0081,0.00815,2910156.0
2023-12-28 19:15:00,0.00814,0.00816,0.00812,0.00815,1447861.0
2023-12-28 19:30:00,0.00815,0.00816,0.00811,0.00815,1000109.0
2023-12-28 19:45:00,0.00814,0.00818,0.00814,0.00816,975829.0
2023-12-28 20:00:00,0.00815,0.00815,0.00806,0.00807,2630336.0
2023-12-28 20:15:00,0.00807,0.00809,0.00805,0.00807,5724352.0
2023-12-28 20:30:00,0.00806,0.00811,0.00803,0.00811,11940021.0
2023-12-28 20:45:00,0.0081,0.00812,0.00808,0.00812,2055602.0
2023-12-28 21:00:00,0.00811,0.00816,0.00808,0.00814,2669197.0
2023-12-28 21:15:00,0.00814,0.00816,0.00814,0.00814,1975155.0
2023-12-28 21:30:00,0.00815,0.00815,0.00808,0.00809,1977136.0
2023-12-28 21:45:00,0.00809,0.0081,0.00806,0.00809,2630457.0
2023-12-28 22:00:00,0.00808,0.00811,0.00806,0.00811,846974.0
2023-12-28 22:15:00,0.00812,0.00812,0.00807,0.00807,673893.0
2023-12-28 22:30:00,0.00808,0.00812,0.00808,0.00811,1052453.0
2023-12-28 22:45:00,0.00811,0.00817,0.00811,0.00816,1748250.0
2023-12-28 23:00:00,0.00816,0.00816,0.00813,0.00814,8834533.0
2023-12-28 23:15:00,0.00813,0.00817,0.00812,0.00817,2119221.0
2023-12-28 23:30:00,0.00816,0.00819,0.00815,0.00819,875503.0
2023-12-28 23:45:00,0.00818,0.00819,0.00813,0.00814,903709.0
2023-12-29 00:00:00,0.00813,0.00816,0.00812,0.00816,3859421.0
2023-12-29 00:15:00,0.00816,0.00817,0.00807,0.00809,7961077.0
2023-12-29 00:30:00,0.00809,0.0081,0.00802,0.00806,4460373.0
2023-12-29 00:45:00,0.00806,0.00806,0.00785,0.00788,27019144.0
2023-12-29 01:00:00,0.00788,0.00794,0.00781,0.00792,10292707.0
2023-12-29 01:15:00,0.00792,0.00795,0.00777,0.00783,5626889.0
2023-12-29 01:30:00,0.00783,0.00785,0.00779,0.00783,3753602.0
2023-12-29 01:45:00,0.00782,0.00784,0.00777,0.00784,2935738.0
2023-12-29 02:00:00,0.00784,0.00786,0.0078,0.00785,3437846.0
2023-12-29 02:15:00,0.00785,0.00791,0.00785,0.00788,5099510.0
2023-12-29 02:30:00,0.00788,0.00791,0.00788,0.00791,987000.0
2023-12-29 02:45:00,0.00791,0.00794,0.00789,0.00793,1779638.0
2023-12-29 03:00:00,0.00793,0.00794,0.00792,0.00794,705113.0
2023-12-29 03:15:00,0.00794,0.00795,0.0079,0.00793,3160615.0
2023-12-29 03:30:00,0.00793,0.00798,0.00793,0.00795,936688.0
2023-12-29 03:45:00,0.00796,0.00797,0.00792,0.00793,1542523.0
2023-12-29 04:00:00,0.00793,0.00794,0.00791,0.00791,904492.0
2023-12-29 04:15:00,0.00791,0.00793,0.0079,0.00791,1368412.0
2023-12-29 04:30:00,0.00791,0.00791,0.00787,0.00789,4520457.0
2023-12-29 04:45:00,0.00789,0.00792,0.00789,0.00792,1998902.0
2023-12-29 05:00:00,0.00792,0.00792,0.00788,0.00789,1103324.0
2023-12-29 05:15:00,0.0079,0.00791,0.00785,0.00787,735084.0
2023-12-29 05:30:00,0.00787,0.0079,0.00785,0.0079,2040766.0
2023-12-29 05:45:00,0.00789,0.00793,0.00789,0.00792,5102085.0
2023-12-29 06:00:00,0.00792,0.00794,0.00791,0.00793,442441.0
2023-12-29 06:15:00,0.00793,0.00793,0.0079,0.00793,888428.0
2023-12-29 06:30:00,0.00792,0.00794,0.00789,0.00794,6392823.0
2023-12-29 06:45:00,0.00793,0.00794,0.0079,0.00792,3418112.0
2023-12-29 07:00:00,0.00792,0.00796,0.00792,0.00795,1216600.0
2023-12-29 07:15:00,0.00796,0.00796,0.0079,0.00793,4362365.0
2023-12-29 07:30:00,0.00793,0.00793,0.00785,0.00787,2500012.0
2023-12-29 07:45:00,0.00787,0.00787,0.0078,0.00783,2913059.0
2023-12-29 08:00:00,0.00782,0.0079,0.00781,0.0079,2922399.0
2023-12-29 08:15:00,0.00789,0.00792,0.00786,0.00788,3002831.0
2023-12-29 08:30:00,0.00788,0.00792,0.00788,0.0079,1070619.0
2023-12-29 08:45:00,0.00789,0.00793,0.00789,0.00793,2377194.0
2023-12-29 09:00:00,0.00793,0.00796,0.00791,0.00795,1243451.0
2023-12-29 09:15:00,0.00795,0.00801,0.00795,0.008,3747614.0
2023-12-29 09:30:00,0.008,0.00803,0.00799,0.00802,2024570.0
2023-12-29 09:45:00,0.00802,0.00802,0.00799,0.00801,1349438.0
2023-12-29 10:00:00,0.00801,0.00802,0.00799,0.00802,1163217.0
2023-12-29 10:15:00,0.00802,0.00805,0.00802,0.00803,1996753.0
2023-12-29 10:30:00,0.00804,0.00805,0.00803,0.00805,849212.0
2023-12-29 10:45:00,0.00805,0.00805,0.00801,0.00801,3031461.0
2023-12-29 11:00:00,0.008,0.00805,0.008,0.00805,1964377.0
2023-12-29 11:15:00,0.00805,0.00808,0.00805,0.00808,985260.0
2023-12-29 11:30:00,0.00807,0.00808,0.00805,0.00806,1182144.0
2023-12-29 11:45:00,0.00805,0.0081,0.00804,0.00808,1737162.0
2023-12-29 12:00:00,0.00808,0.0081,0.00808,0.00809,2805721.0
2023-12-29 12:15:00,0.00808,0.00809,0.00807,0.00807,812258.0
2023-12-29 12:30:00,0.00807,0.00808,0.00802,0.00803,1921371.0
2023-12-29 12:45:00,0.00802,0.00803,0.008,0.00803,4277931.0
2023-12-29 13:00:00,0.00803,0.00805,0.008,0.008,1754474.0
2023-12-29 13:15:00,0.00801,0.00802,0.00799,0.00801,3418305.0
2023-12-29 13:30:00,0.00801,0.00809,0.008,0.00807,2386965.0
2023-12-29 13:45:00,0.00807,0.00807,0.00804,0.00805,3555603.0
2023-12-29 14:00:00,0.00805,0.00814,0.00804,0.00814,17863981.0
2023-12-29 14:15:00,0.00814,0.00815,0.00806,0.00807,3581756.0
2023-12-29 14:30:00,0.00808,0.00814,0.00807,0.00812,1765378.0
2023-12-29 14:45:00,0.00812,0.00816,0.00811,0.00814,1491232.0
2023-12-29 15:00:00,0.00814,0.00814,0.00809,0.00809,1566326.0
2023-12-29 15:15:00,0.00809,0.00809,0.00804,0.00805,3196659.0
2023-12-29 15:30:00,0.00806,0.00807,0.00798,0.00801,3846983.0
2023-12-29 15:45:00,0.00801,0.00801,0.00787,0.00794,8015468.0
2023-12-29 16:00:00,0.00794,0.00799,0.00789,0.00791,6240676.0
2023-12-29 16:15:00,0.00791,0.00793,0.00784,0.00793,7921247.0
2023-12-29 16:30:00,0.00793,0.00796,0.00788,0.00789,4502302.0
2023-12-29 16:45:00,0.0079,0.0079,0.00776,0.00777,8690511.0
2023-12-29 17:00:00,0.00777,0.00783,0.00774,0.0078,6905360.0
2023-12-29 17:15:00,0.0078,0.00785,0.00778,0.00781,1984565.0
2023-12-29 17:30:00,0.00781,0.00783,0.00775,0.00775,1602534.0
2023-12-29 17:45:00,0.00775,0.0078,0.00773,0.00779,2804780.0
2023-12-29 18:00:00,0.00779,0.00783,0.00778,0.00782,428689.0
2023-12-29 18:15:00,0.00783,0.00786,0.00782,0.00783,729797.0
2023-12-29 18:30:00,0.00783,0.00786,0.00783,0.00785,720908.0
2023-12-29 18:45:00,0.00786,0.00786,0.00783,0.00786,968502.0
2023-12-29 19:00:00,0.00785,0.00786,0.00781,0.00782,861457.0
2023-12-29 19:15:00,0.00782,0.00786,0.00781,0.00786,1616848.0
2023-12-29 19:30:00,0.00786,0.00788,0.00786,0.00787,1095262.0
2023-12-29 19:45:00,0.00788,0.008,0.00786,0.00798,40964426.0
2023-12-29 20:00:00,0.00798,0.00802,0.00795,0.00802,15883967.0
2023-12-29 20:15:00,0.00802,0.00802,0.00799,0.008,2130664.0
2023-12-29 20:30:00,0.00799,0.00801,0.00798,0.00799,1654330.0
2023-12-29 20:45:00,0.00799,0.00802,0.00799,0.00801,782387.0
2023-12-29 21:00:00,0.008,0.00803,0.00799,0.00802,2264235.0
2023-12-29 21:15:00,0.00802,0.00802,0.00798,0.00798,1271112.0
2023-12-29 21:30:00,0.00798,0.008,0.00798,0.00799,6745143.0
2023-12-29 21:45:00,0.00799,0.008,0.00796,0.00797,6925367.0
2023-12-29 22:00:00,0.00796,0.00797,0.00792,0.00795,6013262.0
2023-12-29 22:15:00,0.00795,0.00797,0.00785,0.00796,16079523.0
2023-12-29 22:30:00,0.00796,0.00799,0.00791,0.00799,1795039.0
2023-12-29 22:45:00,0.008,0.00801,0.00796,0.00798,1166481.0
2023-12-29 23:00:00,0.00797,0.008,0.00797,0.00799,549957.0
2023-12-29 23:15:00,0.00799,0.00802,0.00799,0.00802,399146.0
2023-12-29 23:30:00,0.00801,0.00805,0.00801,0.00804,1632675.0
2023-12-29 23:45:00,0.00804,0.00807,0.00803,0.00807,967832.0
2023-12-30 00:00:00,0.00806,0.00814,0.00805,0.00812,2907546.0
2023-12-30 00:15:00,0.00812,0.00813,0.0081,0.00812,2007874.0
2023-12-30 00:30:00,0.00812,0.00812,0.00808,0.00808,1940243.0
2023-12-30 00:45:00,0.00808,0.0081,0.00808,0.00808,1881792.0
2023-12-30 01:00:00,0.00809,0.00809,0.00806,0.00807,1034972.0
2023-12-30 01:15:00,0.00808,0.0081,0.00807,0.00807,422492.0
2023-12-30 01:30:00,0.00808,0.0081,0.00806,0.00807,1921221.0
2023-12-30 01:45:00,0.00807,0.00808,0.00806,0.00806,261826.0
2023-12-30 02:00:00,0.00806,0.00808,0.00803,0.00803,745867.0
2023-12-30 02:15:00,0.00803,0.00805,0.00802,0.00803,822560.0
2023-12-30 02:30:00,0.00803,0.00803,0.00797,0.00797,2905017.0
2023-12-30 02:45:00,0.00798,0.00799,0.00794,0.00794,3335156.0
2023-12-30 03:00:00,0.00795,0.008,0.00795,0.00797,1504096.0
2023-12-30 03:15:00,0.00797,0.00797,0.00792,0.00792,1199138.0
2023-12-30 03:30:00,0.00793,0.00796,0.00792,0.00795,453758.0
2023-12-30 03:45:00,0.00796,0.00798,0.00794,0.00796,290103.0
2023-12-30 04:00:00,0.00797,0.008,0.00797,0.00799,990243.0
2023-12-30 04:15:00,0.00799,0.00801,0.00798,0.00799,508408.0
2023-12-30 04:30:00,0.00799,0.00799,0.00796,0.00798,923034.0
2023-12-30 04:45:00,0.00798,0.00799,0.00796,0.00796,278969.0
2023-12-30 05:00:00,0.00796,0.00798,0.00795,0.00798,1692818.0
2023-12-30 05:15:00,0.00798,0.008,0.00796,0.00797,1470998.0
2023-12-30 05:30:00,0.00797,0.00798,0.00796,0.00797,912347.0
2023-12-30 05:45:00,0.00798,0.00801,0.00798,0.00801,1550526.0
2023-12-30 06:00:00,0.00801,0.00804,0.008,0.00803,1838594.0
2023-12-30 06:15:00,0.00803,0.00803,0.00798,0.00798,4474858.0
2023-12-30 06:30:00,0.00799,0.00801,0.00798,0.00799,1409248.0
2023-12-30 06:45:00,0.008,0.00801,0.00799,0.00799,904973.0
2023-12-30 07:00:00,0.008,0.00801,0.00798,0.00799,1212894.0
2023-12-30 07:15:00,0.00799,0.00801,0.00797,0.00798,1697009.0
2023-12-30 07:30:00,0.00799,0.00799,0.00795,0.00795,1547471.0
2023-12-30 07:45:00,0.00796,0.00797,0.00793,0.00794,3148698.0
2023-12-30 08:00:00,0.00794,0.00795,0.00791,0.00794,3706257.0
2023-12-30 08:15:00,0.00793,0.00793,0.00788,0.00789,4364449.0
2023-12-30 08:30:00,0.00788,0.00789,0.00786,0.00786,1474921.0
2023-12-30 08:45:00,0.00786,0.00787,0.0078,0.00781,3338632.0
2023-12-30 09:00:00,0.00781,0.00786,0.00781,0.00785,2372388.0
2023-12-30 09:15:00,0.00784,0.00788,0.00783,0.00783,1036362.0
2023-12-30 09:30:00,0.00784,0.00786,0.00775,0.00776,2729532.0
2023-12-30 09:45:00,0.00777,0.00784,0.00777,0.00783,2461665.0
2023-12-30 10:00:00,0.00784,0.00786,0.00782,0.00785,871464.0
2023-12-30 10:15:00,0.00785,0.00786,0.00783,0.00784,679518.0
2023-12-30 10:30:00,0.00785,0.00786,0.00784,0.00786,408856.0
2023-12-30 10:45:00,0.00786,0.00787,0.00785,0.00785,246817.0
2023-12-30 11:00:00,0.00784,0.00785,0.00783,0.00785,1843370.0
2023-12-30 11:15:00,0.00785,0.00786,0.00784,0.00784,516448.0
2023-12-30 11:30:00,0.00784,0.00784,0.00782,0.00782,1066806.0
2023-12-30 11:45:00,0.00783,0.00784,0.00783,0.00783,772003.0
2023-12-30 12:00:00,0.00783,0.00788,0.00782,0.00787,921578.0
2023-12-30 12:15:00,0.00787,0.0079,0.00786,0.00789,435127.0
2023-12-30 12:30:00,0.00789,0.0079,0.00784,0.00784,352280.0
2023-12-30 12:45:00,0.00784,0.00785,0.00783,0.00783,496375.0
2023-12-30 13:00:00,0.00784,0.00785,0.00779,0.00781,998022.0
2023-12-30 13:15:00,0.00781,0.00781,0.00778,0.0078,1350898.0
2023-12-30 13:30:00,0.0078,0.00784,0.00777,0.00783,1076958.0
2023-12-30 13:45:00,0.00783,0.00783,0.00781,0.00783,1103869.0
2023-12-30 14:00:00,0.00783,0.00786,0.00783,0.00786,1431616.0
2023-12-30 14:15:00,0.00786,0.00787,0.00783,0.00784,1211865.0
2023-12-30 14:30:00,0.00784,0.00786,0.00783,0.00783,396642.0
2023-12-30 14:45:00,0.00784,0.00794,0.00784,0.00791,10705790.0
2023-12-30 15:00:00,0.00791,0.00794,0.0079,0.00792,2467652.0
2023-12-30 15:15:00,0.00792,0.00792,0.0079,0.0079,540893.0
2023-12-30 15:30:00,0.00791,0.00793,0.0079,0.00793,431900.0
2023-12-30 15:45:00,0.00792,0.00798,0.00791,0.00797,1287256.0
2023-12-30 16:00:00,0.00797,0.008,0.00797,0.008,1366665.0
2023-12-30 16:15:00,0.008,0.00802,0.00798,0.00798,3671987.0
2023-12-30 16:30:00,0.00798,0.008,0.00795,0.00795,2278624.0
2023-12-30 16:45:00,0.00794,0.00797,0.00794,0.00796,1059744.0
2023-12-30 17:00:00,0.00797,0.008,0.00796,0.00796,1811105.0
2023-12-30 17:15:00,0.00796,0.00802,0.00796,0.008,1737867.0
2023-12-30 17:30:00,0.00799,0.008,0.00795,0.00797,1290082.0
2023-12-30 17:45:00,0.00797,0.00798,0.00796,0.00796,815147.0
2023-12-30 18:00:00,0.00797,0.00798,0.00796,0.00797,472175.0
2023-12-30 18:15:00,0.00796,0.00798,0.00795,0.00796,1008098.0
2023-12-30 18:30:00,0.00796,0.00796,0.00791,0.00792,1198238.0
2023-12-30 18:45:00,0.00792,0.00796,0.00791,0.00794,573963.0
2023-12-30 19:00:00,0.00795,0.00795,0.00791,0.00792,952793.0
2023-12-30 19:15:00,0.00792,0.00794,0.00791,0.00792,375072.0
2023-12-30 19:30:00,0.00792,0.00794,0.00791,0.00791,414854.0
2023-12-30 19:45:00,0.00792,0.00793,0.0079,0.00792,405850.0
2023-12-30 20:00:00,0.00791,0.00792,0.0079,0.00791,360845.0
2023-12-30 20:15:00,0.00791,0.00792,0.0079,0.00791,352226.0
2023-12-30 20:30:00,0.00791,0.00793,0.0079,0.00791,2249049.0
2023-12-30 20:45:00,0.0079,0.00793,0.0079,0.00791,4073343.0
2023-12-30 21:00:00,0.00792,0.00796,0.00792,0.00796,689819.0
2023-12-30 21:15:00,0.00795,0.00797,0.00794,0.00797,664815.0
2023-12-30 21:30:00,0.00796,0.00797,0.00794,0.00794,1022437.0
2023-12-30 21:45:00,0.00794,0.00796,0.00792,0.00795,523542.0
2023-12-30 22:00:00,0.00796,0.00798,0.00794,0.00798,821853.0
2023-12-30 22:15:00,0.00798,0.00798,0.00795,0.00797,408270.0
2023-12-30 22:30:00,0.00798,0.00798,0.00794,0.00794,260201.0
2023-12-30 22:45:00,0.00795,0.00795,0.00789,0.00793,2224566.0
2023-12-30 23:00:00,0.00793,0.00798,0.00793,0.00795,2183470.0
2023-12-30 23:15:00,0.00796,0.00798,0.00794,0.00797,566760.0
2023-12-30 23:30:00,0.00797,0.00799,0.00796,0.00797,843521.0
2023-12-30 23:45:00,0.00797,0.00798,0.00795,0.00795,971584.0
2023-12-31 00:00:00,0.00795,0.00797,0.00792,0.00794,1496953.0
2023-12-31 00:15:00,0.00795,0.00799,0.00794,0.00798,1119164.0
2023-12-31 00:30:00,0.00798,0.00802,0.00797,0.008,1488687.0
2023-12-31 00:45:00,0.008,0.00802,0.00799,0.00799,706463.0
2023-12-31 01:00:00,0.008,0.00802,0.00798,0.00801,1133330.0
2023-12-31 01:15:00,0.008,0.00801,0.00799,0.00799,389075.0
2023-12-31 01:30:00,0.008,0.00802,0.00797,0.00798,1743190.0
2023-12-31 01:45:00,0.00799,0.00806,0.00799,0.00801,3293665.0
2023-12-31 02:00:00,0.00801,0.00802,0.00798,0.00799,2032006.0
2023-12-31 02:15:00,0.00799,0.00799,0.00797,0.00799,1152268.0
2023-12-31 02:30:00,0.00799,0.008,0.00796,0.00797,1244144.0
2023-12-31 02:45:00,0.00796,0.00796,0.0079,0.00795,2466710.0
2023-12-31 03:00:00,0.00795,0.00796,0.00793,0.00793,1603654.0
2023-12-31 03:15:00,0.00793,0.00795,0.00792,0.00792,620422.0
2023-12-31 03:30:00,0.00793,0.00796,0.00791,0.00795,1563531.0
2023-12-31 03:45:00,0.00795,0.00795,0.0079,0.00792,5040097.0
2023-12-31 04:00:00,0.00792,0.00797,0.00789,0.00797,15471850.0
2023-12-31 04:15:00,0.00796,0.00797,0.00795,0.00797,991415.0
2023-12-31 04:30:00,0.00796,0.00796,0.00794,0.00794,664937.0
2023-12-31 04:45:00,0.00794,0.00796,0.00794,0.00796,720765.0
2023-12-31 05:00:00,0.00796,0.00799,0.00794,0.00798,274150.0
2023-12-31 05:15:00,0.00797,0.00801,0.00797,0.00799,1697701.0
2023-12-31 05:30:00,0.00798,0.00802,0.00798,0.00801,1337561.0
2023-12-31 05:45:00,0.00801,0.00802,0.00798,0.00798,432426.0
2023-12-31 06:00:00,0.00799,0.00799,0.00797,0.00799,890941.0
2023-12-31 06:15:00,0.00799,0.00801,0.00798,0.00799,321492.0
2023-12-31 06:30:00,0.008,0.00803,0.00799,0.00802,560206.0
2023-12-31 06:45:00,0.00802,0.00803,0.00799,0.008,704406.0
2023-12-31 07:00:00,0.008,0.00803,0.00799,0.00802,753192.0
2023-12-31 07:15:00,0.00802,0.00805,0.00801,0.00805,2484784.0
2023-12-31 07:30:00,0.00805,0.00807,0.00803,0.00804,2462554.0
2023-12-31 07:45:00,0.00804,0.00805,0.00803,0.00804,784031.0
2023-12-31 08:00:00,0.00804,0.00805,0.00803,0.00803,1793644.0
2023-12-31 08:15:00,0.00804,0.00805,0.00802,0.00803,903000.0
2023-12-31 08:30:00,0.00803,0.00803,0.00801,0.00801,497645.0
2023-12-31 08:45:00,0.00802,0.00803,0.008,0.00803,512933.0
2023-12-31 09:00:00,0.00802,0.00804,0.008,0.00803,1072985.0
2023-12-31 09:15:00,0.00804,0.00805,0.00803,0.00804,749970.0
2023-12-31 09:30:00,0.00804,0.00806,0.00804,0.00804,1138203.0
2023-12-31 09:45:00,0.00805,0.00806,0.00803,0.00803,1281343.0
2023-12-31 10:00:00,0.00804,0.00805,0.00802,0.00803,784555.0
2023-12-31 10:15:00,0.00802,0.00802,0.00798,0.00799,1210777.0
2023-12-31 10:30:00,0.008,0.00802,0.00797,0.00801,1640709.0
2023-12-31 10:45:00,0.00801,0.00802,0.008,0.008,204195.0
2023-12-31 11:00:00,0.008,0.00802,0.00798,0.00799,1654774.0
2023-12-31 11:15:00,0.008,0.00801,0.008,0.008,679739.0
2023-12-31 11:30:00,0.008,0.00801,0.00799,0.00801,1097962.0
2023-12-31 11:45:00,0.008,0.008,0.00797,0.00797,2619631.0
2023-12-31 12:00:00,0.00798,0.00801,0.00796,0.008,1056634.0
2023-12-31 12:15:00,0.008,0.00802,0.008,0.008,197713.0
2023-12-31 12:30:00,0.008,0.00803,0.008,0.00802,360014.0
2023-12-31 12:45:00,0.00801,0.00801,0.00794,0.00796,3460506.0
2023-12-31 13:00:00,0.00796,0.00802,0.00794,0.008,2838568.0
2023-12-31 13:15:00,0.008,0.00801,0.00798,0.00799,316130.0
2023-12-31 13:30:00,0.00799,0.00801,0.00798,0.00798,397332.0
2023-12-31 13:45:00,0.00798,0.00801,0.00798,0.00799,1734966.0
2023-12-31 14:00:00,0.00799,0.00801,0.00798,0.008,836997.0
2023-12-31 14:15:00,0.008,0.00801,0.00798,0.00801,792912.0
2023-12-31 14:30:00,0.00801,0.00802,0.008,0.00801,1304929.0
2023-12-31 14:45:00,0.00801,0.00802,0.008,0.008,554784.0
2023-12-31 15:00:00,0.008,0.00802,0.00799,0.00801,3098426.0
2023-12-31 15:15:00,0.00801,0.00802,0.00799,0.00799,2388373.0
2023-12-31 15:30:00,0.00799,0.00799,0.00795,0.00798,1585468.0
2023-12-31 15:45:00,0.00797,0.00797,0.00795,0.00797,268236.0
2023-12-31 16:00:00,0.00797,0.00797,0.00795,0.00797,1053699.0
2023-12-31 16:15:00,0.00797,0.008,0.00797,0.00799,848297.0
2023-12-31 16:30:00,0.00799,0.00802,0.00799,0.00802,861879.0
2023-12-31 16:45:00,0.00802,0.00802,0.008,0.008,1901886.0
2023-12-31 17:00:00,0.008,0.00803,0.00799,0.00802,614460.0
2023-12-31 17:15:00,0.00803,0.00803,0.00799,0.00799,329314.0
2023-12-31 17:30:00,0.00798,0.00799,0.00796,0.00797,2615654.0
2023-12-31 17:45:00,0.00798,0.008,0.00798,0.00799,2059019.0
2023-12-31 18:00:00,0.00799,0.00801,0.00799,0.00799,1182804.0
2023-12-31 18:15:00,0.008,0.00801,0.00799,0.00801,1366634.0
2023-12-31 18:30:00,0.00802,0.00809,0.00802,0.00807,5078793.0
2023-12-31 18:45:00,0.00808,0.0081,0.00806,0.00807,5333603.0
2023-12-31 19:00:00,0.00807,0.00815,0.00807,0.00812,6137656.0
2023-12-31 19:15:00,0.00812,0.00813,0.00811,0.00812,989467.0
2023-12-31 19:30:00,0.00812,0.00812,0.00808,0.0081,1975526.0
2023-12-31 19:45:00,0.0081,0.00811,0.00808,0.00809,1956281.0
2023-12-31 20:00:00,0.00809,0.00809,0.00805,0.00805,1866662.0
2023-12-31 20:15:00,0.00806,0.00816,0.00806,0.00813,4826122.0
2023-12-31 20:30:00,0.00813,0.00814,0.00807,0.00811,5573324.0
2023-12-31 20:45:00,0.0081,0.0081,0.00805,0.00806,3239694.0
2023-12-31 21:00:00,0.00807,0.00811,0.00806,0.0081,1166488.0
2023-12-31 21:15:00,0.00811,0.00815,0.00811,0.00813,1312389.0
2023-12-31 21:30:00,0.00813,0.00817,0.00812,0.00815,3538141.0
2023-12-31 21:45:00,0.00815,0.00818,0.00811,0.00811,1178088.0
2023-12-31 22:00:00,0.00811,0.00813,0.00808,0.00811,1644720.0
2023-12-31 22:15:00,0.00811,0.00811,0.00805,0.00807,4290797.0
2023-12-31 22:30:00,0.00808,0.00808,0.00796,0.00797,4867557.0
2023-12-31 22:45:00,0.00797,0.00797,0.00755,0.00783,31783894.0
2023-12-31 23:00:00,0.00782,0.0079,0.00781,0.00789,4124451.0
2023-12-31 23:15:00,0.00788,0.00788,0.00782,0.00785,5702739.0
2023-12-31 23:30:00,0.00785,0.00789,0.00784,0.00789,1032226.0
2023-12-31 23:45:00,0.00789,0.00793,0.00789,0.00792,967874.0
2024-01-01 00:00:00,0.00791,0.00796,0.00791,0.00795,1628084.0
2024-01-01 00:15:00,0.00795,0.00798,0.00792,0.00794,3795138.0
2024-01-01 00:30:00,0.00793,0.00796,0.00792,0.00795,2940711.0
2024-01-01 00:45:00,0.00794,0.00795,0.00793,0.00794,368506.0
2024-01-01 01:00:00,0.00795,0.00798,0.00793,0.00797,916291.0
2024-01-01 01:15:00,0.00797,0.00801,0.00797,0.008,752771.0
2024-01-01 01:30:00,0.00799,0.008,0.00798,0.008,605883.0
2024-01-01 01:45:00,0.008,0.00801,0.00795,0.00796,644903.0
2024-01-01 02:00:00,0.00796,0.00797,0.00794,0.00797,542975.0
2024-01-01 02:15:00,0.00796,0.008,0.00796,0.00797,832466.0
2024-01-01 02:30:00,0.00797,0.00799,0.00795,0.00797,589588.0
2024-01-01 02:45:00,0.00796,0.00797,0.00792,0.00793,3435664.0
2024-01-01 03:00:00,0.00793,0.00794,0.00787,0.00787,1236082.0
2024-01-01 03:15:00,0.00788,0.00795,0.00786,0.00791,9268988.0
2024-01-01 03:30:00,0.00791,0.00792,0.00788,0.00789,7746739.0
2024-01-01 03:45:00,0.00787,0.00794,0.00785,0.0079,11270449.0
2024-01-01 04:00:00,0.0079,0.00792,0.00784,0.00786,12310556.0
2024-01-01 04:15:00,0.00786,0.00795,0.00784,0.00793,23619995.0
2024-01-01 04:30:00,0.00793,0.00794,0.0079,0.0079,12322137.0
2024-01-01 04:45:00,0.0079,0.00792,0.0079,0.0079,4360353.0
2024-01-01 05:00:00,0.00791,0.00794,0.0079,0.00792,2852706.0
2024-01-01 05:15:00,0.00791,0.00792,0.00788,0.00789,1497715.0
2024-01-01 05:30:00,0.00789,0.0079,0.00786,0.00786,2532473.0
2024-01-01 05:45:00,0.00786,0.00786,0.00779,0.00781,2903401.0
2024-01-01 06:00:00,0.00781,0.00784,0.0078,0.00782,1492868.0
2024-01-01 06:15:00,0.00782,0.00787,0.00782,0.00785,1455120.0
2024-01-01 06:30:00,0.00785,0.00788,0.00785,0.00788,1385251.0
2024-01-01 06:45:00,0.00788,0.00789,0.00785,0.00788,3213159.0
2024-01-01 07:00:00,0.00787,0.0079,0.00785,0.00788,2859580.0
2024-01-01 07:15:00,0.00789,0.00793,0.00782,0.00783,6129222.0
2024-01-01 07:30:00,0.00784,0.00795,0.00784,0.00788,9568048.0
2024-01-01 07:45:00,0.00788,0.00788,0.00787,0.00788,386724.0
2024-01-01 08:00:00,0.00788,0.0079,0.00786,0.0079,1799033.0
2024-01-01 08:15:00,0.00789,0.00789,0.00785,0.00786,291185.0
2024-01-01 08:30:00,0.00786,0.00786,0.00784,0.00785,1163974.0
2024-01-01 08:45:00,0.00785,0.00791,0.00784,0.00788,8253937.0
2024-01-01 09:00:00,0.00788,0.00789,0.00786,0.00786,516618.0
2024-01-01 09:15:00,0.00787,0.00788,0.00786,0.00787,391707.0
2024-01-01 09:30:00,0.00787,0.00789,0.00787,0.00787,1468707.0
2024-01-01 09:45:00,0.00787,0.0079,0.00787,0.00788,594819.0
2024-01-01 10:00:00,0.00789,0.00789,0.00787,0.00788,93684.0
2024-01-01 10:15:00,0.00787,0.00789,0.00787,0.00787,1661170.0
2024-01-01 10:30:00,0.00787,0.00787,0.00785,0.00785,3131928.0
2024-01-01 10:45:00,0.00785,0.00787,0.00785,0.00786,751114.0
2024-01-01 11:00:00,0.00786,0.00787,0.00786,0.00787,508275.0
2024-01-01 11:15:00,0.00786,0.00786,0.00784,0.00784,720379.0
2024-01-01 11:30:00,0.00784,0.00785,0.00784,0.00784,516585.0
2024-01-01 11:45:00,0.00785,0.00787,0.00783,0.00787,805870.0
2024-01-01 12:00:00,0.00788,0.00788,0.00787,0.00787,402394.0
2024-01-01 12:15:00,0.00788,0.00789,0.00788,0.00789,111484.0
2024-01-01 12:30:00,0.00789,0.0079,0.00788,0.0079,272787.0
2024-01-01 12:45:00,0.0079,0.0079,0.00788,0.00788,687586.0
2024-01-01 13:00:00,0.00789,0.0079,0.00788,0.00789,2252829.0
2024-01-01 13:15:00,0.0079,0.00792,0.00789,0.00792,2371045.0
2024-01-01 13:30:00,0.00791,0.00792,0.0079,0.00792,194295.0
2024-01-01 13:45:00,0.00792,0.00794,0.00791,0.00793,524603.0
2024-01-01 14:00:00,0.00793,0.00793,0.00789,0.00791,1400371.0
2024-01-01 14:15:00,0.0079,0.00792,0.0079,0.00791,268922.0
2024-01-01 14:30:00,0.00791,0.00793,0.00791,0.00791,719051.0
2024-01-01 14:45:00,0.00792,0.00793,0.0079,0.00793,2318686.0
2024-01-01 15:00:00,0.00793,0.00793,0.00791,0.00793,1184238.0
2024-01-01 15:15:00,0.00793,0.00797,0.00792,0.00797,6079032.0
2024-01-01 15:30:00,0.00797,0.00797,0.00793,0.00795,1222151.0
2024-01-01 15:45:00,0.00795,0.00798,0.00795,0.00798,726681.0
2024-01-01 16:00:00,0.00798,0.008,0.00797,0.008,5309252.0
2024-01-01 16:15:00,0.008,0.00801,0.00793,0.00796,5423107.0
2024-01-01 16:30:00,0.00796,0.00798,0.00796,0.00797,2189403.0
2024-01-01 16:45:00,0.00797,0.00798,0.00796,0.00797,788073.0
2024-01-01 17:00:00,0.00797,0.008,0.00796,0.00799,2185162.0
2024-01-01 17:15:00,0.00799,0.008,0.00798,0.00799,2028234.0
2024-01-01 17:30:00,0.008,0.00804,0.008,0.00801,2867664.0
2024-01-01 17:45:00,0.00801,0.00803,0.008,0.00802,962604.0
2024-01-01 18:00:00,0.00803,0.00807,0.00803,0.00806,1235308.0
2024-01-01 18:15:00,0.00806,0.00809,0.00806,0.00807,1415264.0
2024-01-01 18:30:00,0.00808,0.00809,0.00806,0.00806,1361652.0
2024-01-01 18:45:00,0.00806,0.00808,0.00806,0.00807,1225089.0
2024-01-01 19:00:00,0.00807,0.00808,0.00806,0.00808,1203716.0
2024-01-01 19:15:00,0.00807,0.0081,0.00805,0.00809,1319129.0
2024-01-01 19:30:00,0.00809,0.00812,0.00809,0.00811,1375532.0
2024-01-01 19:45:00,0.00811,0.00813,0.0081,0.00812,1856767.0
2024-01-01 20:00:00,0.00812,0.00826,0.00812,0.00821,12583951.0
2024-01-01 20:15:00,0.0082,0.00821,0.00816,0.00818,4534754.0
2024-01-01 20:30:00,0.00818,0.00818,0.00816,0.00816,359624.0
2024-01-01 20:45:00,0.00817,0.00819,0.00816,0.00818,2170903.0
2024-01-01 21:00:00,0.00819,0.00821,0.00817,0.00818,1912058.0
2024-01-01 21:15:00,0.00817,0.00817,0.00811,0.00812,6726143.0
2024-01-01 21:30:00,0.00811,0.00816,0.00811,0.00816,1905040.0
2024-01-01 21:45:00,0.00815,0.0082,0.00815,0.00819,1153150.0
2024-01-01 22:00:00,0.00819,0.0082,0.00817,0.00818,1835417.0
2024-01-01 22:15:00,0.00819,0.0082,0.00815,0.00817,1940427.0
2024-01-01 22:30:00,0.00818,0.0082,0.00818,0.00818,459808.0
2024-01-01 22:45:00,0.00819,0.0082,0.00817,0.00818,2682126.0
2024-01-01 23:00:00,0.00819,0.0082,0.00816,0.00816,2999635.0
2024-01-01 23:15:00,0.00816,0.0082,0.00816,0.0082,523599.0
2024-01-01 23:30:00,0.00819,0.00821,0.00817,0.00821,2739656.0
2024-01-01 23:45:00,0.0082,0.00824,0.0082,0.00824,2449527.0
2024-01-02 00:00:00,0.00823,0.00825,0.00817,0.00818,2665554.0
2024-01-02 00:15:00,0.00817,0.00824,0.00816,0.00822,7406283.0
2024-01-02 00:30:00,0.00822,0.00828,0.00822,0.00827,2954278.0
2024-01-02 00:45:00,0.00827,0.0083,0.00825,0.00829,2552961.0
2024-01-02 01:00:00,0.00829,0.00832,0.00824,0.00824,4395082.0
2024-01-02 01:15:00,0.00825,0.0083,0.00824,0.0083,2479498.0
2024-01-02 01:30:00,0.0083,0.00832,0.00828,0.00831,2149570.0
2024-01-02 01:45:00,0.00831,0.00832,0.00828,0.00831,1307961.0
2024-01-02 02:00:00,0.00831,0.00834,0.00831,0.00831,1562733.0
2024-01-02 02:15:00,0.00831,0.00833,0.00829,0.00833,1379951.0
2024-01-02 02:30:00,0.00833,0.00837,0.00833,0.00836,1542976.0
2024-01-02 02:45:00,0.00836,0.00837,0.00834,0.00835,1995830.0
2024-01-02 03:00:00,0.00835,0.00836,0.00828,0.0083,6779180.0
2024-01-02 03:15:00,0.0083,0.00832,0.00828,0.00832,3163115.0
2024-01-02 03:30:00,0.00832,0.00832,0.00829,0.00831,2199373.0
2024-01-02 03:45:00,0.00832,0.00835,0.00832,0.00833,501235.0
2024-01-02 04:00:00,0.00834,0.00837,0.00832,0.00837,1058581.0
2024-01-02 04:15:00,0.00836,0.00837,0.00835,0.00837,1632171.0
2024-01-02 04:30:00,0.00837,0.00837,0.00834,0.00835,1467777.0
2024-01-02 04:45:00,0.00835,0.00838,0.00835,0.00838,968676.0
2024-01-02 05:00:00,0.00838,0.0084,0.00836,0.0084,2656871.0
2024-01-02 05:15:00,0.0084,0.00843,0.00838,0.00838,4415955.0
2024-01-02 05:30:00,0.00839,0.00839,0.00835,0.00837,3702946.0
2024-01-02 05:45:00,0.00836,0.00837,0.00834,0.00835,1539013.0
2024-01-02 06:00:00,0.00835,0.00839,0.00834,0.00838,1843127.0
2024-01-02 06:15:00,0.00837,0.00838,0.00835,0.00835,1566479.0
2024-01-02 06:30:00,0.00836,0.00836,0.00833,0.00834,1267580.0
2024-01-02 06:45:00,0.00834,0.00834,0.0083,0.00831,1243891.0
2024-01-02 07:00:00,0.00831,0.00832,0.00831,0.00832,2287699.0
2024-01-02 07:15:00,0.00831,0.00831,0.00827,0.00828,2398502.0
2024-01-02 07:30:00,0.00828,0.00828,0.00826,0.00828,1694263.0
2024-01-02 07:45:00,0.00828,0.00837,0.00828,0.0083,7936723.0
2024-01-02 08:00:00,0.0083,0.00831,0.00827,0.0083,2222018.0
2024-01-02 08:15:00,0.00829,0.00833,0.00828,0.00833,630262.0
2024-01-02 08:30:00,0.00833,0.00833,0.00832,0.00833,611389.0
2024-01-02 08:45:00,0.00833,0.00834,0.00832,0.00833,424029.0
2024-01-02 09:00:00,0.00833,0.00834,0.00831,0.00831,1454189.0
2024-01-02 09:15:00,0.00831,0.00832,0.00829,0.00832,1397882.0
2024-01-02 09:30:00,0.00832,0.00833,0.00829,0.00829,841377.0
2024-01-02 09:45:00,0.00829,0.00831,0.00828,0.00829,428026.0
2024-01-02 10:00:00,0.00829,0.00829,0.00826,0.00829,2850590.0
2024-01-02 10:15:00,0.00828,0.00828,0.0082,0.00821,17872375.0
2024-01-02 10:30:00,0.00822,0.00822,0.00817,0.00819,3741835.0
2024-01-02 10:45:00,0.00819,0.00821,0.00817,0.00821,1390765.0
2024-01-02 11:00:00,0.00822,0.00824,0.00821,0.00823,3164789.0
2024-01-02 11:15:00,0.00822,0.00823,0.0082,0.00821,2091703.0
2024-01-02 11:30:00,0.00821,0.00822,0.00811,0.00812,6726878.0
2024-01-02 11:45:00,0.00812,0.00818,0.00812,0.00818,1884138.0
2024-01-02 12:00:00,0.00818,0.0082,0.00817,0.00818,3529523.0
2024-01-02 12:15:00,0.00818,0.00819,0.00816,0.00818,2937405.0
2024-01-02 12:30:00,0.00818,0.00818,0.00816,0.00817,3289317.0
2024-01-02 12:45:00,0.00817,0.00817,0.00808,0.00809,3013496.0
2024-01-02 13:00:00,0.00809,0.00814,0.00808,0.00813,3454255.0
2024-01-02 13:15:00,0.00813,0.0082,0.00811,0.00816,9884587.0
2024-01-02 13:30:00,0.00816,0.00817,0.00816,0.00816,2053065.0
2024-01-02 13:45:00,0.00816,0.00816,0.00812,0.00815,2029901.0
2024-01-02 14:00:00,0.00815,0.00819,0.00815,0.00819,2378737.0
2024-01-02 14:15:00,0.00819,0.0082,0.00811,0.00813,4598945.0
2024-01-02 14:30:00,0.00813,0.00813,0.00805,0.00808,5720729.0
2024-01-02 14:45:00,0.00808,0.00808,0.00798,0.00804,10202790.0
2024-01-02 15:00:00,0.00803,0.00807,0.00802,0.00802,4289293.0
2024-01-02 15:15:00,0.00802,0.00802,0.00795,0.00801,4175706.0
2024-01-02 15:30:00,0.00801,0.00806,0.008,0.00806,4525244.0
2024-01-02 15:45:00,0.00805,0.00806,0.00801,0.00801,1341009.0
2024-01-02 16:00:00,0.00802,0.00804,0.00791,0.00793,8996495.0
2024-01-02 16:15:00,0.00794,0.00799,0.00793,0.00798,4877265.0
2024-01-02 16:30:00,0.00799,0.00801,0.00798,0.00801,4085459.0
2024-01-02 16:45:00,0.008,0.00803,0.008,0.00803,3053218.0
2024-01-02 17:00:00,0.00802,0.00804,0.00801,0.00801,2412380.0
2024-01-02 17:15:00,0.00801,0.00803,0.00801,0.00803,643344.0
2024-01-02 17:30:00,0.00802,0.00802,0.00796,0.00799,3239518.0
2024-01-02 17:45:00,0.00799,0.008,0.00795,0.00799,1986341.0
2024-01-02 18:00:00,0.00799,0.00801,0.00798,0.008,2197552.0
2024-01-02 18:15:00,0.00799,0.008,0.00796,0.00799,1602404.0
2024-01-02 18:30:00,0.00798,0.008,0.00796,0.00797,503541.0
2024-01-02 18:45:00,0.00797,0.00799,0.00797,0.00798,451680.0
2024-01-02 19:00:00,0.00799,0.00802,0.00797,0.00802,1300588.0
2024-01-02 19:15:00,0.00801,0.00802,0.00795,0.00796,2551028.0
2024-01-02 19:30:00,0.00796,0.00799,0.00795,0.00798,664852.0
2024-01-02 19:45:00,0.00798,0.008,0.00797,0.00799,1610828.0
2024-01-02 20:00:00,0.00798,0.00804,0.00797,0.00803,4291134.0
2024-01-02 20:15:00,0.00803,0.00804,0.00798,0.00799,4153480.0
2024-01-02 20:30:00,0.00799,0.00799,0.00791,0.00794,4717072.0
2024-01-02 20:45:00,0.00794,0.00797,0.00791,0.00794,2488459.0
2024-01-02 21:00:00,0.00794,0.00796,0.00789,0.00796,3278384.0
2024-01-02 21:15:00,0.00796,0.00798,0.00795,0.00795,2114495.0
2024-01-02 21:30:00,0.00795,0.00798,0.00794,0.00797,1251700.0
2024-01-02 21:45:00,0.00797,0.00799,0.00796,0.00798,677505.0
2024-01-02 22:00:00,0.00798,0.00802,0.00797,0.00801,765187.0
2024-01-02 22:15:00,0.00801,0.00804,0.00801,0.00801,2035729.0
2024-01-02 22:30:00,0.008,0.008,0.00796,0.00796,903727.0
2024-01-02 22:45:00,0.00797,0.00803,0.00797,0.00801,921031.0
2024-01-02 23:00:00,0.00801,0.00802,0.00799,0.00802,1177111.0
2024-01-02 23:15:00,0.00802,0.00804,0.00802,0.00803,1193256.0
2024-01-02 23:30:00,0.00803,0.00804,0.00802,0.00802,544907.0
2024-01-02 23:45:00,0.00802,0.00805,0.00797,0.00805,1000097.0
2024-01-03 00:00:00,0.00805,0.0081,0.00804,0.0081,1993345.0
2024-01-03 00:15:00,0.00809,0.0081,0.00802,0.00805,1470894.0
2024-01-03 00:30:00,0.00805,0.00812,0.00805,0.00811,3379978.0
2024-01-03 00:45:00,0.00812,0.00812,0.00809,0.0081,829734.0
2024-01-03 01:00:00,0.0081,0.00812,0.00808,0.00809,681969.0
2024-01-03 01:15:00,0.00808,0.00808,0.00805,0.00806,691615.0
2024-01-03 01:30:00,0.00806,0.00809,0.00805,0.00809,933952.0
2024-01-03 01:45:00,0.00809,0.00812,0.00808,0.00811,997092.0
2024-01-03 02:00:00,0.00811,0.00812,0.00809,0.0081,2397743.0
2024-01-03 02:15:00,0.0081,0.0081,0.00806,0.00806,2394004.0
2024-01-03 02:30:00,0.00806,0.00808,0.00804,0.00805,1712500.0
2024-01-03 02:45:00,0.00805,0.00808,0.00805,0.00806,163723.0
2024-01-03 03:00:00,0.00806,0.00808,0.00805,0.00806,960333.0
2024-01-03 03:15:00,0.00806,0.00807,0.00804,0.00804,1030957.0
2024-01-03 03:30:00,0.00804,0.00804,0.00802,0.00803,1473397.0
2024-01-03 03:45:00,0.00803,0.00804,0.00802,0.00803,533821.0
2024-01-03 04:00:00,0.00803,0.00804,0.00802,0.00804,1350484.0
2024-01-03 04:15:00,0.00804,0.00807,0.00804,0.00805,1329194.0
2024-01-03 04:30:00,0.00805,0.00806,0.00803,0.00804,2479842.0
2024-01-03 04:45:00,0.00804,0.00805,0.00802,0.00805,828460.0
2024-01-03 05:00:00,0.00805,0.00807,0.00805,0.00807,1872031.0
2024-01-03 05:15:00,0.00807,0.00809,0.00806,0.00809,630493.0
2024-01-03 05:30:00,0.00809,0.00812,0.00808,0.00812,1988551.0
2024-01-03 05:45:00,0.00811,0.00814,0.00808,0.00812,8746843.0
2024-01-03 06:00:00,0.00812,0.00815,0.00809,0.00811,5589844.0
2024-01-03 06:15:00,0.00811,0.00813,0.0081,0.00813,666928.0
2024-01-03 06:30:00,0.00813,0.00814,0.00812,0.00813,573757.0
2024-01-03 06:45:00,0.00813,0.00813,0.00811,0.00813,1642270.0
2024-01-03 07:00:00,0.00812,0.00812,0.00811,0.00812,586895.0
2024-01-03 07:15:00,0.00812,0.00812,0.00809,0.00809,2139714.0
2024-01-03 07:30:00,0.0081,0.00813,0.00804,0.00805,3744946.0
2024-01-03 07:45:00,0.00805,0.00805,0.00801,0.00804,3627405.0
2024-01-03 08:00:00,0.00804,0.00809,0.00804,0.00807,1447602.0
2024-01-03 08:15:00,0.00808,0.00809,0.00806,0.00809,845491.0
2024-01-03 08:30:00,0.00808,0.00809,0.00805,0.00806,807429.0
2024-01-03 08:45:00,0.00806,0.00813,0.00806,0.00811,2877547.0
2024-01-03 09:00:00,0.0081,0.00812,0.00809,0.00812,1515973.0
2024-01-03 09:15:00,0.00811,0.00813,0.00811,0.00812,2762360.0
2024-01-03 09:30:00,0.00812,0.00815,0.0081,0.00813,2025896.0
2024-01-03 09:45:00,0.00814,0.00815,0.00811,0.00812,1366012.0
2024-01-03 10:00:00,0.00812,0.00815,0.00811,0.00814,6764976.0
2024-01-03 10:15:00,0.00813,0.00813,0.0081,0.00811,2251413.0
2024-01-03 10:30:00,0.00812,0.00812,0.00806,0.00806,2048916.0
2024-01-03 10:45:00,0.00807,0.0081,0.00805,0.00808,1081698.0
2024-01-03 11:00:00,0.00808,0.00809,0.0079,0.0079,14868744.0
2024-01-03 11:15:00,0.0079,0.00798,0.00789,0.00792,10454427.0
2024-01-03 11:30:00,0.00792,0.008,0.00792,0.00797,4395959.0
2024-01-03 11:45:00,0.00797,0.00798,0.00781,0.00786,11445041.0
2024-01-03 12:00:00,0.00786,0.00786,0.00642,0.00676,98896473.0
2024-01-03 12:15:00,0.00677,0.00697,0.00677,0.00697,56714768.0
2024-01-03 12:30:00,0.00696,0.00715,0.00689,0.00702,32190665.0
2024-01-03 12:45:00,0.00702,0.00721,0.00702,0.0072,10486165.0
2024-01-03 13:00:00,0.0072,0.00721,0.0071,0.00714,10509111.0
2024-01-03 13:15:00,0.00713,0.00718,0.00707,0.00708,13833282.0
2024-01-03 13:30:00,0.00708,0.00714,0.00704,0.00712,6780886.0
2024-01-03 13:45:00,0.00711,0.00712,0.00701,0.00709,14738724.0
2024-01-03 14:00:00,0.00709,0.0071,0.00701,0.00702,7075742.0
2024-01-03 14:15:00,0.00702,0.00702,0.00687,0.00692,14916548.0
2024-01-03 14:30:00,0.00692,0.00711,0.00692,0.00702,14691260.0
2024-01-03 14:45:00,0.00701,0.00701,0.00693,0.00698,9091820.0
2024-01-03 15:00:00,0.00698,0.00717,0.00696,0.00703,12498085.0
2024-01-03 15:15:00,0.00702,0.00703,0.00694,0.00702,6453613.0
2024-01-03 15:30:00,0.00701,0.00713,0.00698,0.00711,18656477.0
2024-01-03 15:45:00,0.00711,0.00731,0.00709,0.0073,24959148.0
2024-01-03 16:00:00,0.00729,0.0073,0.00721,0.00726,16052509.0
2024-01-03 16:15:00,0.00726,0.00727,0.00722,0.00727,11925909.0
2024-01-03 16:30:00,0.00727,0.00729,0.00716,0.00718,7052195.0
2024-01-03 16:45:00,0.00719,0.00724,0.00713,0.00721,7530513.0
2024-01-03 17:00:00,0.00722,0.00726,0.00718,0.00719,4386908.0
2024-01-03 17:15:00,0.00719,0.00719,0.00711,0.00714,4084315.0
2024-01-03 17:30:00,0.00714,0.00717,0.00711,0.00713,2576275.0
2024-01-03 17:45:00,0.00713,0.00714,0.00707,0.00711,3396813.0
2024-01-03 18:00:00,0.00711,0.00715,0.00708,0.00708,3643187.0
2024-01-03 18:15:00,0.00708,0.00708,0.00701,0.00702,3988557.0
2024-01-03 18:30:00,0.00702,0.00703,0.00697,0.007,7376487.0
2024-01-03 18:45:00,0.007,0.00701,0.00685,0.00692,9100947.0
2024-01-03 19:00:00,0.00693,0.007,0.00692,0.00699,3628346.0
2024-01-03 19:15:00,0.007,0.0071,0.00699,0.00705,7558585.0
2024-01-03 19:30:00,0.00704,0.0071,0.00702,0.00702,5312522.0
2024-01-03 19:45:00,0.00703,0.00703,0.00698,0.00699,4405699.0
2024-01-03 20:00:00,0.00699,0.007,0.00695,0.00697,2235583.0
2024-01-03 20:15:00,0.00698,0.00706,0.00698,0.00705,2400912.0
2024-01-03 20:30:00,0.00704,0.00709,0.00704,0.00706,1465530.0
2024-01-03 20:45:00,0.00706,0.00708,0.00705,0.00706,3119100.0
2024-01-03 21:00:00,0.00706,0.00708,0.00702,0.00705,2430613.0
2024-01-03 21:15:00,0.00704,0.0071,0.00704,0.00709,2397833.0
2024-01-03 21:30:00,0.00708,0.0071,0.00706,0.00708,2200621.0
2024-01-03 21:45:00,0.00708,0.00713,0.00708,0.00711,2646892.0
2024-01-03 22:00:00,0.00712,0.00712,0.00708,0.00709,2901194.0
2024-01-03 22:15:00,0.00709,0.00709,0.00702,0.00703,3036893.0
2024-01-03 22:30:00,0.00701,0.00703,0.00697,0.00699,4012807.0
2024-01-03 22:45:00,0.00698,0.00702,0.00698,0.00702,1080496.0
2024-01-03 23:00:00,0.00701,0.00701,0.00695,0.00696,1378092.0
2024-01-03 23:15:00,0.00696,0.007,0.00696,0.00699,1614898.0
2024-01-03 23:30:00,0.00699,0.00702,0.00698,0.007,1264401.0
2024-01-03 23:45:00,0.007,0.00703,0.007,0.00703,676179.0
2024-01-04 00:00:00,0.00703,0.00708,0.00701,0.00707,3098231.0
2024-01-04 00:15:00,0.00707,0.00708,0.00704,0.00705,2300755.0
2024-01-04 00:30:00,0.00705,0.00708,0.00704,0.00706,1324409.0
2024-01-04 00:45:00,0.00706,0.00706,0.00702,0.00703,839339.0
2024-01-04 01:00:00,0.00703,0.00704,0.00699,0.00701,1151084.0
2024-01-04 01:15:00,0.007,0.007,0.00685,0.0069,6366653.0
2024-01-04 01:30:00,0.0069,0.00694,0.00689,0.00691,4122532.0
2024-01-04 01:45:00,0.00691,0.00696,0.0069,0.00691,3118662.0
2024-01-04 02:00:00,0.0069,0.00698,0.00689,0.00698,1279840.0
2024-01-04 02:15:00,0.00697,0.00702,0.00697,0.00701,1038476.0
2024-01-04 02:30:00,0.00701,0.00706,0.007,0.00706,3699569.0
2024-01-04 02:45:00,0.00706,0.00711,0.00706,0.0071,3870621.0
2024-01-04 03:00:00,0.0071,0.00711,0.00707,0.00709,1393069.0
2024-01-04 03:15:00,0.0071,0.00711,0.00705,0.00706,1260867.0
2024-01-04 03:30:00,0.00706,0.00706,0.00702,0.00703,3564172.0
2024-01-04 03:45:00,0.00703,0.00707,0.00703,0.00705,2149932.0
2024-01-04 04:00:00,0.00706,0.00708,0.00704,0.00705,2052955.0
2024-01-04 04:15:00,0.00706,0.0071,0.00706,0.00709,990328.0
2024-01-04 04:30:00,0.0071,0.00713,0.00709,0.00712,3151262.0
2024-01-04 04:45:00,0.00712,0.00717,0.00712,0.00716,2252054.0
2024-01-04 05:00:00,0.00716,0.00724,0.00714,0.00718,4154059.0
2024-01-04 05:15:00,0.00718,0.0072,0.00715,0.00717,1840081.0
2024-01-04 05:30:00,0.00717,0.00725,0.00716,0.00725,1760603.0
2024-01-04 05:45:00,0.00725,0.00734,0.00725,0.0073,7384206.0
2024-01-04 06:00:00,0.00729,0.00735,0.00726,0.00729,2059712.0
2024-01-04 06:15:00,0.0073,0.00734,0.00728,0.0073,2550378.0
2024-01-04 06:30:00,0.00729,0.00737,0.00727,0.00736,5766404.0
2024-01-04 06:45:00,0.00736,0.0074,0.00733,0.00734,3566719.0
2024-01-04 07:00:00,0.00733,0.00739,0.00731,0.00732,6559008.0
2024-01-04 07:15:00,0.00732,0.00734,0.00728,0.00731,2883534.0
2024-01-04 07:30:00,0.00732,0.00735,0.00724,0.00729,5897475.0
2024-01-04 07:45:00,0.00729,0.00731,0.00725,0.00725,5151463.0
2024-01-04 08:00:00,0.00725,0.0073,0.00724,0.00727,3554390.0
2024-01-04 08:15:00,0.00727,0.00728,0.00718,0.00723,7159391.0
2024-01-04 08:30:00,0.00723,0.00725,0.00715,0.00716,3987945.0
2024-01-04 08:45:00,0.00717,0.00724,0.00716,0.0072,2656604.0
2024-01-04 09:00:00,0.0072,0.00723,0.00718,0.00718,3596311.0
2024-01-04 09:15:00,0.00719,0.00728,0.00718,0.00728,1646839.0
2024-01-04 09:30:00,0.00729,0.00731,0.00724,0.00724,3269355.0
2024-01-04 09:45:00,0.00724,0.00726,0.00722,0.00723,1135803.0
2024-01-04 10:00:00,0.00724,0.00727,0.00718,0.00719,3417605.0
2024-01-04 10:15:00,0.0072,0.00721,0.00712,0.00716,4116980.0
2024-01-04 10:30:00,0.00715,0.00725,0.00714,0.00722,5671966.0
2024-01-04 10:45:00,0.00721,0.00723,0.0072,0.00722,2567890.0
2024-01-04 11:00:00,0.00723,0.00729,0.00722,0.00725,1612705.0
2024-01-04 11:15:00,0.00726,0.0073,0.00722,0.00727,4632817.0
2024-01-04 11:30:00,0.00726,0.00728,0.00722,0.00723,3163693.0
2024-01-04 11:45:00,0.00723,0.00724,0.0072,0.0072,860619.0
2024-01-04 12:00:00,0.00721,0.00724,0.00717,0.00723,1469414.0
2024-01-04 12:15:00,0.00722,0.00728,0.00722,0.00722,3112698.0
2024-01-04 12:30:00,0.00722,0.00724,0.00721,0.00721,1493698.0
2024-01-04 12:45:00,0.00722,0.00726,0.00721,0.00724,3281807.0
2024-01-04 13:00:00,0.00723,0.00724,0.00719,0.00721,4585917.0
2024-01-04 13:15:00,0.00721,0.00723,0.0072,0.0072,1962292.0
2024-01-04 13:30:00,0.0072,0.00722,0.00718,0.00721,811824.0
2024-01-04 13:45:00,0.00721,0.00727,0.00721,0.00724,1489881.0
2024-01-04 14:00:00,0.00724,0.00725,0.00721,0.00725,582605.0
2024-01-04 14:15:00,0.00724,0.0073,0.00723,0.00725,1566746.0
2024-01-04 14:30:00,0.00726,0.0073,0.00724,0.00729,1094156.0
2024-01-04 14:45:00,0.00731,0.00734,0.00728,0.00734,4502651.0
2024-01-04 15:00:00,0.00734,0.00736,0.0073,0.00734,1413776.0
2024-01-04 15:15:00,0.00734,0.00738,0.00732,0.00737,1547439.0
2024-01-04 15:30:00,0.00737,0.0074,0.00733,0.00734,3486976.0
2024-01-04 15:45:00,0.00734,0.00734,0.00727,0.0073,10803704.0
2024-01-04 16:00:00,0.0073,0.00731,0.00724,0.00726,6011086.0
2024-01-04 16:15:00,0.00726,0.00728,0.00723,0.00723,2573496.0
2024-01-04 16:30:00,0.00723,0.00728,0.00721,0.00726,4211759.0
2024-01-04 16:45:00,0.00727,0.00729,0.00726,0.00726,773041.0
2024-01-04 17:00:00,0.00726,0.0073,0.00724,0.0073,901159.0
2024-01-04 17:15:00,0.00729,0.00733,0.00728,0.00729,3373710.0
2024-01-04 17:30:00,0.0073,0.00731,0.00725,0.00726,1372573.0
2024-01-04 17:45:00,0.00726,0.0073,0.00726,0.0073,742134.0
2024-01-04 18:00:00,0.0073,0.00731,0.00727,0.00728,683375.0
2024-01-04 18:15:00,0.00728,0.00732,0.00726,0.0073,4216558.0
2024-01-04 18:30:00,0.0073,0.00734,0.00728,0.00733,3563243.0
2024-01-04 18:45:00,0.00733,0.00734,0.0073,0.00731,2930739.0
2024-01-04 19:00:00,0.0073,0.00734,0.0073,0.00734,1259752.0
2024-01-04 19:15:00,0.00734,0.00736,0.00732,0.00736,1357501.0
2024-01-04 19:30:00,0.00735,0.00736,0.00729,0.0073,1424573.0
2024-01-04 19:45:00,0.0073,0.0073,0.00726,0.00728,2022336.0
2024-01-04 20:00:00,0.00729,0.00731,0.00728,0.0073,965181.0
2024-01-04 20:15:00,0.00729,0.00732,0.00729,0.00732,241947.0
2024-01-04 20:30:00,0.00732,0.00736,0.00731,0.00733,3442499.0
2024-01-04 20:45:00,0.00733,0.00734,0.00727,0.00728,823304.0
2024-01-04 21:00:00,0.00728,0.00732,0.00726,0.00728,2827883.0
2024-01-04 21:15:00,0.00728,0.00728,0.00725,0.00727,457066.0
2024-01-04 21:30:00,0.00727,0.00727,0.00719,0.0072,1456610.0
2024-01-04 21:45:00,0.0072,0.00724,0.00718,0.00723,1826927.0
2024-01-04 22:00:00,0.00723,0.00726,0.00722,0.00726,409918.0
2024-01-04 22:15:00,0.00725,0.00729,0.00724,0.00725,1987386.0
2024-01-04 22:30:00,0.00725,0.00725,0.00719,0.0072,2664525.0
2024-01-04 22:45:00,0.0072,0.00721,0.00714,0.00721,3435164.0
2024-01-04 23:00:00,0.00722,0.00722,0.0072,0.0072,1327166.0
2024-01-04 23:15:00,0.00721,0.00725,0.0072,0.00725,937023.0
2024-01-04 23:30:00,0.00724,0.00724,0.0072,0.00722,541751.0
2024-01-04 23:45:00,0.00722,0.00725,0.00721,0.00723,3694329.0
2024-01-05 00:00:00,0.00724,0.00728,0.00722,0.00728,1729612.0
2024-01-05 00:15:00,0.00727,0.00731,0.00726,0.0073,1448357.0
2024-01-05 00:30:00,0.0073,0.0073,0.00721,0.00724,1641918.0
2024-01-05 00:45:00,0.00724,0.00729,0.00724,0.00727,751010.0
2024-01-05 01:00:00,0.00726,0.00728,0.00723,0.00724,655165.0
2024-01-05 01:15:00,0.00723,0.00723,0.00716,0.00716,3803832.0
2024-01-05 01:30:00,0.00716,0.00721,0.00716,0.00718,616415.0
2024-01-05 01:45:00,0.00718,0.00718,0.00677,0.00702,32155416.0
2024-01-05 02:00:00,0.00702,0.00708,0.007,0.00704,5194009.0
2024-01-05 02:15:00,0.00704,0.00704,0.00695,0.00696,3889616.0
2024-01-05 02:30:00,0.00696,0.00701,0.00693,0.007,18214180.0
2024-01-05 02:45:00,0.007,0.007,0.00694,0.00695,3402068.0
2024-01-05 03:00:00,0.00695,0.00701,0.00695,0.00697,2516894.0
2024-01-05 03:15:00,0.00698,0.00699,0.00695,0.00696,2989517.0
2024-01-05 03:30:00,0.00697,0.00697,0.0069,0.00691,5537646.0
2024-01-05 03:45:00,0.00692,0.00694,0.0069,0.00693,1541903.0
2024-01-05 04:00:00,0.00693,0.00696,0.0069,0.00692,1494699.0
2024-01-05 04:15:00,0.00692,0.00695,0.00689,0.00694,4252964.0
2024-01-05 04:30:00,0.00694,0.00697,0.00692,0.00696,2171144.0
2024-01-05 04:45:00,0.00696,0.00698,0.00695,0.00695,1061155.0
2024-01-05 05:00:00,0.00695,0.00699,0.00694,0.00697,1875794.0
2024-01-05 05:15:00,0.00697,0.00701,0.00696,0.00701,3078584.0
2024-01-05 05:30:00,0.007,0.00702,0.007,0.00701,1110388.0
2024-01-05 05:45:00,0.007,0.00701,0.00695,0.00699,3801051.0
2024-01-05 06:00:00,0.00698,0.00702,0.00698,0.00701,1351262.0
2024-01-05 06:15:00,0.007,0.007,0.00693,0.00693,3507458.0
2024-01-05 06:30:00,0.00694,0.00697,0.0069,0.00695,2492787.0
2024-01-05 06:45:00,0.00695,0.007,0.00694,0.00698,1917909.0
2024-01-05 07:00:00,0.00697,0.00701,0.00695,0.00696,1795787.0
2024-01-05 07:15:00,0.00696,0.00697,0.00693,0.00696,1153659.0
2024-01-05 07:30:00,0.00697,0.00697,0.00694,0.00695,1357845.0
2024-01-05 07:45:00,0.00695,0.00696,0.00692,0.00692,1361882.0
2024-01-05 08:00:00,0.00693,0.00695,0.00691,0.00693,1033489.0
2024-01-05 08:15:00,0.00693,0.00699,0.00693,0.00698,2948675.0
2024-01-05 08:30:00,0.00697,0.00698,0.0069,0.00691,2667002.0
2024-01-05 08:45:00,0.00691,0.00693,0.0069,0.00692,2463042.0
2024-01-05 09:00:00,0.00692,0.00701,0.00691,0.00696,4185718.0
2024-01-05 09:15:00,0.00697,0.00697,0.00693,0.00694,2233451.0
2024-01-05 09:30:00,0.00695,0.00698,0.00695,0.00698,775028.0
2024-01-05 09:45:00,0.00697,0.00699,0.00696,0.00697,1321324.0
2024-01-05 10:00:00,0.00699,0.00699,0.00694,0.00695,1059405.0
2024-01-05 10:15:00,0.00695,0.00698,0.00693,0.00695,1358979.0
2024-01-05 10:30:00,0.00695,0.00698,0.00693,0.00695,2267815.0
2024-01-05 10:45:00,0.00695,0.00695,0.00679,0.00687,11705692.0
2024-01-05 11:00:00,0.00687,0.00694,0.00687,0.0069,3362442.0
2024-01-05 11:15:00,0.00691,0.00694,0.00691,0.00691,1645519.0
2024-01-05 11:30:00,0.00691,0.00692,0.00688,0.0069,1588781.0
2024-01-05 11:45:00,0.00689,0.00689,0.00685,0.00687,1791252.0
2024-01-05 12:00:00,0.00687,0.0069,0.00682,0.00686,2818592.0
2024-01-05 12:15:00,0.00686,0.00695,0.00686,0.00692,1901118.0
2024-01-05 12:30:00,0.00692,0.00696,0.00692,0.00695,803269.0
2024-01-05 12:45:00,0.00695,0.00696,0.00693,0.00694,850659.0
2024-01-05 13:00:00,0.00695,0.00698,0.00693,0.00698,1164028.0
2024-01-05 13:15:00,0.00698,0.00703,0.00696,0.00701,1630086.0
2024-01-05 13:30:00,0.007,0.00703,0.00697,0.00701,3657500.0
2024-01-05 13:45:00,0.00701,0.00703,0.00696,0.00702,2058360.0
2024-01-05 14:00:00,0.00701,0.00704,0.00697,0.00698,2150235.0
2024-01-05 14:15:00,0.00698,0.007,0.00693,0.00694,2055136.0
2024-01-05 14:30:00,0.00694,0.00697,0.00684,0.00693,7060420.0
2024-01-05 14:45:00,0.00694,0.00696,0.00685,0.00686,6969096.0
2024-01-05 15:00:00,0.00687,0.00694,0.00686,0.0069,2173351.0
2024-01-05 15:15:00,0.00691,0.00691,0.00679,0.00685,4554067.0
2024-01-05 15:30:00,0.00686,0.0069,0.00683,0.00685,5324926.0
2024-01-05 15:45:00,0.00686,0.0069,0.00684,0.0069,2975202.0
2024-01-05 16:00:00,0.0069,0.00695,0.00688,0.00691,7523418.0
2024-01-05 16:15:00,0.00692,0.00693,0.00682,0.00684,2410021.0
2024-01-05 16:30:00,0.00684,0.00688,0.00682,0.00686,2680302.0
2024-01-05 16:45:00,0.00686,0.00688,0.00674,0.00677,4896669.0
2024-01-05 17:00:00,0.00677,0.00682,0.0067,0.00678,10613988.0
2024-01-05 17:15:00,0.00677,0.0068,0.00675,0.00677,3519677.0
2024-01-05 17:30:00,0.00677,0.00682,0.00675,0.00682,1533827.0
2024-01-05 17:45:00,0.00681,0.00681,0.00677,0.00681,3607187.0
2024-01-05 18:00:00,0.0068,0.00685,0.00679,0.00683,477728.0
2024-01-05 18:15:00,0.00684,0.00684,0.00678,0.00679,571168.0
2024-01-05 18:30:00,0.00679,0.00684,0.00677,0.00681,957575.0
2024-01-05 18:45:00,0.00682,0.00683,0.00678,0.00678,661735.0
2024-01-05 19:00:00,0.00679,0.0068,0.00676,0.00679,2092960.0
2024-01-05 19:15:00,0.00679,0.00681,0.00676,0.00676,1085899.0
2024-01-05 19:30:00,0.00677,0.00678,0.00675,0.00678,829587.0
2024-01-05 19:45:00,0.00677,0.00681,0.00676,0.00676,3354347.0
2024-01-05 20:00:00,0.00676,0.00678,0.00676,0.00676,1030337.0
2024-01-05 20:15:00,0.00676,0.00677,0.00671,0.00673,2628660.0
2024-01-05 20:30:00,0.00674,0.00678,0.00673,0.00677,1077437.0
2024-01-05 20:45:00,0.00677,0.00682,0.00676,0.0068,6152008.0
2024-01-05 21:00:00,0.0068,0.00681,0.00674,0.00674,2593953.0
2024-01-05 21:15:00,0.00675,0.00679,0.00674,0.00678,1126025.0
2024-01-05 21:30:00,0.00679,0.00679,0.00676,0.00676,207401.0
2024-01-05 21:45:00,0.00676,0.00684,0.00676,0.00683,1367324.0
2024-01-05 22:00:00,0.00683,0.00684,0.00682,0.00683,561238.0
2024-01-05 22:15:00,0.00683,0.00683,0.00681,0.00682,546570.0
2024-01-05 22:30:00,0.00682,0.00684,0.00682,0.00682,2294068.0
2024-01-05 22:45:00,0.00682,0.00689,0.00682,0.00687,889404.0
2024-01-05 23:00:00,0.00688,0.00699,0.00688,0.00698,2536379.0
2024-01-05 23:15:00,0.00698,0.007,0.00698,0.00699,2368370.0
2024-01-05 23:30:00,0.00698,0.00699,0.00695,0.00697,726458.0
2024-01-05 23:45:00,0.00697,0.00704,0.00695,0.00703,1838783.0
2024-01-06 00:00:00,0.00703,0.00725,0.00703,0.00712,37900333.0
2024-01-06 00:15:00,0.00712,0.00715,0.00706,0.00708,3170287.0
2024-01-06 00:30:00,0.00708,0.00708,0.00701,0.00704,3258672.0
2024-01-06 00:45:00,0.00704,0.00707,0.00701,0.00706,2668256.0
2024-01-06 01:00:00,0.00705,0.00705,0.00698,0.00703,4829535.0
2024-01-06 01:15:00,0.00704,0.00705,0.00696,0.00698,3585306.0
2024-01-06 01:30:00,0.00697,0.00705,0.00697,0.00702,1457337.0
2024-01-06 01:45:00,0.00703,0.00705,0.00699,0.00703,1432428.0
2024-01-06 02:00:00,0.00703,0.00704,0.00695,0.00697,2285044.0
2024-01-06 02:15:00,0.00697,0.00697,0.00692,0.00693,3836479.0
2024-01-06 02:30:00,0.00693,0.00698,0.00692,0.00698,1496848.0
2024-01-06 02:45:00,0.00698,0.00699,0.00694,0.00697,303414.0
2024-01-06 03:00:00,0.00696,0.00696,0.00689,0.00689,1716285.0
2024-01-06 03:15:00,0.0069,0.00694,0.0069,0.00692,1371500.0
2024-01-06 03:30:00,0.00693,0.00697,0.00692,0.00695,2068519.0
2024-01-06 03:45:00,0.00694,0.00694,0.0069,0.00692,1084503.0
2024-01-06 04:00:00,0.00691,0.00694,0.0069,0.0069,2063401.0
2024-01-06 04:15:00,0.0069,0.0069,0.00686,0.00688,1574400.0
2024-01-06 04:30:00,0.00688,0.00689,0.00684,0.00685,1669705.0
2024-01-06 04:45:00,0.00685,0.00685,0.00677,0.00678,4963638.0
2024-01-06 05:00:00,0.00678,0.00683,0.00678,0.00682,4102534.0
2024-01-06 05:15:00,0.00682,0.00683,0.0067,0.00674,5865533.0
2024-01-06 05:30:00,0.00675,0.00683,0.00675,0.0068,2590293.0
2024-01-06 05:45:00,0.0068,0.00682,0.0067,0.00676,5457702.0
2024-01-06 06:00:00,0.00677,0.0068,0.00663,0.00671,9785513.0
2024-01-06 06:15:00,0.00671,0.00673,0.00662,0.00667,4980183.0
2024-01-06 06:30:00,0.00667,0.0067,0.0066,0.00662,4696663.0
2024-01-06 06:45:00,0.00662,0.00666,0.00657,0.00661,4626536.0
2024-01-06 07:00:00,0.00662,0.00665,0.00659,0.0066,5417271.0
2024-01-06 07:15:00,0.00659,0.00668,0.00653,0.00667,14744937.0
2024-01-06 07:30:00,0.00667,0.00672,0.00664,0.0067,2760530.0
2024-01-06 07:45:00,0.0067,0.00674,0.00668,0.00672,1886706.0
2024-01-06 08:00:00,0.00673,0.00674,0.00666,0.00669,3333668.0
2024-01-06 08:15:00,0.00669,0.00677,0.00668,0.00676,1668418.0
2024-01-06 08:30:00,0.00677,0.0068,0.00674,0.00675,2436593.0
2024-01-06 08:45:00,0.00675,0.00682,0.00675,0.0068,617208.0
2024-01-06 09:00:00,0.00681,0.00682,0.00677,0.00681,1691944.0
2024-01-06 09:15:00,0.00681,0.00684,0.0068,0.00682,1953878.0
2024-01-06 09:30:00,0.00683,0.00685,0.00678,0.00685,2033083.0
2024-01-06 09:45:00,0.00686,0.00686,0.0068,0.0068,4245609.0
2024-01-06 10:00:00,0.0068,0.00682,0.00676,0.00676,1793430.0
2024-01-06 10:15:00,0.00677,0.00683,0.00676,0.00683,526743.0
2024-01-06 10:30:00,0.00683,0.00684,0.00681,0.00683,766792.0
2024-01-06 10:45:00,0.00683,0.00683,0.0068,0.00681,1108577.0
2024-01-06 11:00:00,0.00681,0.00682,0.00677,0.00679,1225197.0
2024-01-06 11:15:00,0.00679,0.00684,0.00679,0.00683,652806.0
2024-01-06 11:30:00,0.00683,0.00686,0.00682,0.00685,1537107.0
2024-01-06 11:45:00,0.00686,0.00693,0.00684,0.00692,2353249.0
2024-01-06 12:00:00,0.00692,0.007,0.0069,0.00691,9894173.0
2024-01-06 12:15:00,0.00691,0.00691,0.00688,0.00689,2202582.0
2024-01-06 12:30:00,0.00689,0.00691,0.00684,0.00685,1704015.0
2024-01-06 12:45:00,0.00685,0.00686,0.00679,0.00681,2995621.0
2024-01-06 13:00:00,0.00681,0.00683,0.00677,0.00681,977802.0
2024-01-06 13:15:00,0.00681,0.00684,0.00681,0.00683,576826.0
2024-01-06 13:30:00,0.00683,0.00684,0.00678,0.0068,2217967.0
2024-01-06 13:45:00,0.00679,0.0068,0.00676,0.00678,4120667.0
2024-01-06 14:00:00,0.00678,0.00684,0.00678,0.00684,1469074.0
2024-01-06 14:15:00,0.00684,0.00687,0.00683,0.00686,2238000.0
2024-01-06 14:30:00,0.00686,0.0069,0.00685,0.00687,3020433.0
2024-01-06 14:45:00,0.00688,0.00689,0.00685,0.00688,1033588.0
2024-01-06 15:00:00,0.00688,0.00692,0.00686,0.00692,1383558.0
2024-01-06 15:15:00,0.00692,0.00694,0.00691,0.00691,1680515.0
2024-01-06 15:30:00,0.00691,0.00698,0.00689,0.00692,7512645.0
2024-01-06 15:45:00,0.00692,0.00697,0.00691,0.00693,2293848.0
2024-01-06 16:00:00,0.00694,0.00696,0.00692,0.00694,1025584.0
2024-01-06 16:15:00,0.00695,0.00696,0.00691,0.00692,742473.0
2024-01-06 16:30:00,0.00691,0.00693,0.00688,0.00691,4514355.0
2024-01-06 16:45:00,0.00691,0.00693,0.0069,0.00693,908252.0
2024-01-06 17:00:00,0.00693,0.00694,0.0069,0.00694,959967.0
2024-01-06 17:15:00,0.00693,0.00694,0.00689,0.00692,569895.0
2024-01-06 17:30:00,0.00691,0.00694,0.0069,0.00693,2291367.0
2024-01-06 17:45:00,0.00692,0.00692,0.0069,0.00691,1440911.0
2024-01-06 18:00:00,0.00692,0.00693,0.00687,0.00689,1829503.0
2024-01-06 18:15:00,0.00689,0.00692,0.00688,0.00691,519302.0
2024-01-06 18:30:00,0.00691,0.00692,0.00688,0.00688,433278.0
2024-01-06 18:45:00,0.00689,0.00692,0.00685,0.00686,1129466.0
2024-01-06 19:00:00,0.00686,0.00687,0.00683,0.00685,3853694.0
2024-01-06 19:15:00,0.00684,0.00684,0.00678,0.00679,3469434.0
2024-01-06 19:30:00,0.00679,0.0068,0.00676,0.00678,1051621.0
2024-01-06 19:45:00,0.00678,0.00684,0.00678,0.00682,894292.0
2024-01-06 20:00:00,0.00683,0.00688,0.0068,0.00681,2558258.0
2024-01-06 20:15:00,0.00681,0.00684,0.00681,0.00683,2484139.0
2024-01-06 20:30:00,0.00684,0.00686,0.00683,0.00683,1835108.0
2024-01-06 20:45:00,0.00684,0.00685,0.0068,0.00682,1028654.0
2024-01-06 21:00:00,0.00682,0.00682,0.00677,0.00681,3223204.0
2024-01-06 21:15:00,0.00681,0.00683,0.00678,0.0068,2222894.0
2024-01-06 21:30:00,0.0068,0.00683,0.00679,0.00682,2009561.0
2024-01-06 21:45:00,0.00681,0.00683,0.00681,0.00682,2749813.0
2024-01-06 22:00:00,0.00682,0.00683,0.00678,0.00678,1669675.0
2024-01-06 22:15:00,0.00679,0.00682,0.00678,0.00679,1588186.0
2024-01-06 22:30:00,0.00678,0.00678,0.00672,0.00677,4184444.0
2024-01-06 22:45:00,0.00677,0.00677,0.00674,0.00677,970378.0
2024-01-06 23:00:00,0.00678,0.00678,0.0067,0.00671,1768844.0
2024-01-06 23:15:00,0.00671,0.00678,0.00668,0.00677,3039204.0
2024-01-06 23:30:00,0.00677,0.0068,0.00677,0.00677,1264563.0
2024-01-06 23:45:00,0.00677,0.0068,0.00677,0.0068,1053360.0
2024-01-07 00:00:00,0.00679,0.00683,0.00677,0.00682,2016794.0
2024-01-07 00:15:00,0.00683,0.00692,0.00682,0.00686,15186297.0
2024-01-07 00:30:00,0.00686,0.00691,0.00686,0.00691,1365001.0
2024-01-07 00:45:00,0.00691,0.00692,0.00688,0.00689,955441.0
2024-01-07 01:00:00,0.00689,0.0069,0.00686,0.0069,1931753.0
2024-01-07 01:15:00,0.0069,0.0069,0.00687,0.0069,552978.0
2024-01-07 01:30:00,0.0069,0.00691,0.00687,0.00689,362855.0
2024-01-07 01:45:00,0.0069,0.0069,0.00683,0.00684,1047430.0
2024-01-07 02:00:00,0.00685,0.0069,0.00685,0.00689,661085.0
2024-01-07 02:15:00,0.00689,0.00691,0.00689,0.00689,1803847.0
2024-01-07 02:30:00,0.0069,0.0069,0.00682,0.00683,1494489.0
2024-01-07 02:45:00,0.00684,0.00684,0.00678,0.00682,7788312.0
2024-01-07 03:00:00,0.00682,0.00692,0.00682,0.0069,5042435.0
2024-01-07 03:15:00,0.0069,0.00692,0.00687,0.00687,4360401.0
2024-01-07 03:30:00,0.00688,0.00691,0.00685,0.0069,1350709.0
2024-01-07 03:45:00,0.00688,0.00691,0.00688,0.0069,542844.0
2024-01-07 04:00:00,0.0069,0.00694,0.0069,0.00692,1678924.0
2024-01-07 04:15:00,0.00692,0.00695,0.00687,0.00693,2238018.0
2024-01-07 04:30:00,0.00693,0.00697,0.00691,0.00694,2940006.0
2024-01-07 04:45:00,0.00694,0.00698,0.00693,0.00697,3344927.0
2024-01-07 05:00:00,0.00697,0.00699,0.00696,0.00698,1294850.0
2024-01-07 05:15:00,0.00698,0.00699,0.00696,0.00697,2241353.0
2024-01-07 05:30:00,0.00697,0.00698,0.00692,0.00695,691901.0
2024-01-07 05:45:00,0.00696,0.00699,0.00694,0.00696,2424496.0
2024-01-07 06:00:00,0.00695,0.00697,0.00692,0.00696,1322060.0
2024-01-07 06:15:00,0.00696,0.00697,0.00695,0.00696,2098433.0
2024-01-07 06:30:00,0.00696,0.00697,0.00693,0.00694,2483134.0
2024-01-07 06:45:00,0.00694,0.00697,0.00693,0.00695,1051772.0
2024-01-07 07:00:00,0.00696,0.00699,0.00694,0.00698,1166143.0
2024-01-07 07:15:00,0.00698,0.00705,0.00698,0.007,9711452.0
2024-01-07 07:30:00,0.007,0.00704,0.00698,0.00701,2534556.0
2024-01-07 07:45:00,0.00702,0.00703,0.007,0.007,1091444.0
2024-01-07 08:00:00,0.00701,0.00704,0.00699,0.00703,2409129.0
2024-01-07 08:15:00,0.00702,0.00704,0.007,0.00703,1126851.0
2024-01-07 08:30:00,0.00703,0.00704,0.00695,0.00696,2070928.0
2024-01-07 08:45:00,0.00696,0.00697,0.00686,0.00688,8369663.0
2024-01-07 09:00:00,0.00688,0.00692,0.00685,0.00686,7792614.0
2024-01-07 09:15:00,0.00686,0.0069,0.00686,0.00688,3873469.0
2024-01-07 09:30:00,0.00687,0.00687,0.00679,0.00685,5380884.0
2024-01-07 09:45:00,0.00685,0.00687,0.0068,0.00683,2364749.0
2024-01-07 10:00:00,0.00683,0.00687,0.00683,0.00685,4202509.0
2024-01-07 10:15:00,0.00686,0.00688,0.00684,0.00684,3644066.0
2024-01-07 10:30:00,0.00684,0.00684,0.00681,0.00682,1584386.0
2024-01-07 10:45:00,0.00682,0.00685,0.00681,0.00683,4852669.0
2024-01-07 11:00:00,0.00682,0.00684,0.0068,0.0068,2557838.0
2024-01-07 11:15:00,0.0068,0.00687,0.0068,0.00685,2372704.0
2024-01-07 11:30:00,0.00685,0.00687,0.00684,0.00686,2256962.0
2024-01-07 11:45:00,0.00685,0.00685,0.00679,0.0068,4924966.0
2024-01-07 12:00:00,0.0068,0.0068,0.00673,0.00678,5013590.0
2024-01-07 12:15:00,0.00678,0.00679,0.00676,0.00677,1000939.0
2024-01-07 12:30:00,0.00677,0.00681,0.00677,0.0068,2096121.0
2024-01-07 12:45:00,0.0068,0.0068,0.00678,0.00679,857787.0
2024-01-07 13:00:00,0.00679,0.00683,0.00679,0.00682,2084137.0
2024-01-07 13:15:00,0.00682,0.00685,0.00681,0.00684,2229682.0
2024-01-07 13:30:00,0.00684,0.00686,0.00682,0.00684,3790916.0
2024-01-07 13:45:00,0.00684,0.00685,0.00682,0.00684,1812262.0
2024-01-07 14:00:00,0.00683,0.00684,0.00679,0.00681,3187163.0
2024-01-07 14:15:00,0.00678,0.00679,0.00676,0.00679,1608880.0
2024-01-07 14:30:00,0.00679,0.0068,0.00676,0.00679,796701.0
2024-01-07 14:45:00,0.00679,0.00681,0.00677,0.00681,1131636.0
2024-01-07 15:00:00,0.0068,0.00681,0.00679,0.00681,941184.0
2024-01-07 15:15:00,0.0068,0.0068,0.00672,0.00673,4909012.0
2024-01-07 15:30:00,0.00673,0.00676,0.00671,0.00673,6483829.0
2024-01-07 15:45:00,0.00673,0.00674,0.00668,0.00673,2138822.0
2024-01-07 16:00:00,0.00673,0.00675,0.00672,0.00674,935967.0
2024-01-07 16:15:00,0.00674,0.00675,0.00672,0.00674,1247067.0
2024-01-07 16:30:00,0.00673,0.00673,0.00668,0.00669,3610395.0
2024-01-07 16:45:00,0.00669,0.00669,0.00658,0.00661,12054386.0
2024-01-07 17:00:00,0.00662,0.00667,0.00659,0.00667,4552991.0
2024-01-07 17:15:00,0.00667,0.00668,0.00666,0.00667,410776.0
2024-01-07 17:30:00,0.00668,0.0067,0.00667,0.00669,2156492.0
2024-01-07 17:45:00,0.00669,0.00672,0.00669,0.00669,1746232.0
2024-01-07 18:00:00,0.0067,0.00673,0.0067,0.00672,1543350.0
2024-01-07 18:15:00,0.00672,0.00673,0.0067,0.0067,1671762.0
2024-01-07 18:30:00,0.00671,0.00672,0.0067,0.00672,1225649.0
2024-01-07 18:45:00,0.00672,0.00672,0.00668,0.00669,1475964.0
2024-01-07 19:00:00,0.0067,0.0067,0.00668,0.00668,492526.0
2024-01-07 19:15:00,0.00668,0.00669,0.00667,0.00668,194281.0
2024-01-07 19:30:00,0.00668,0.00672,0.00668,0.00671,704707.0
2024-01-07 19:45:00,0.0067,0.00671,0.0067,0.0067,94232.0
2024-01-07 20:00:00,0.00669,0.00671,0.00667,0.0067,2778812.0
2024-01-07 20:15:00,0.0067,0.0067,0.00667,0.00668,1119887.0
2024-01-07 20:30:00,0.00668,0.00668,0.00664,0.00665,2026321.0
2024-01-07 20:45:00,0.00665,0.00666,0.00663,0.00664,1644763.0
2024-01-07 21:00:00,0.00664,0.00667,0.00663,0.00667,489070.0
2024-01-07 21:15:00,0.00666,0.00666,0.00664,0.00665,3405688.0
2024-01-07 21:30:00,0.00665,0.00665,0.0066,0.00661,1006901.0
2024-01-07 21:45:00,0.00661,0.00663,0.00659,0.0066,2067418.0
2024-01-07 22:00:00,0.0066,0.0066,0.0065,0.00651,9203718.0
2024-01-07 22:15:00,0.00651,0.00651,0.00641,0.00643,11079353.0
2024-01-07 22:30:00,0.00642,0.00642,0.00625,0.00636,18512880.0
2024-01-07 22:45:00,0.00636,0.00638,0.00629,0.00631,7412278.0
2024-01-07 23:00:00,0.00631,0.00638,0.00631,0.00635,3188666.0
2024-01-07 23:15:00,0.00635,0.00635,0.00624,0.00624,9010536.0
2024-01-07 23:30:00,0.00624,0.00629,0.00624,0.00626,4863059.0
2024-01-07 23:45:00,0.00627,0.00632,0.00626,0.00632,1422456.0
2024-01-08 00:00:00,0.00631,0.00634,0.0062,0.00622,7071400.0
2024-01-08 00:15:00,0.00622,0.00625,0.00618,0.00625,7147167.0
2024-01-08 00:30:00,0.00624,0.00625,0.00617,0.00624,4495837.0
2024-01-08 00:45:00,0.00624,0.00625,0.00609,0.0061,5662336.0
2024-01-08 01:00:00,0.0061,0.00619,0.00609,0.00618,5015846.0
2024-01-08 01:15:00,0.00618,0.00618,0.00609,0.00616,5650151.0
2024-01-08 01:30:00,0.00616,0.00618,0.00609,0.0061,4498778.0
2024-01-08 01:45:00,0.0061,0.00613,0.00608,0.00612,4013020.0
2024-01-08 02:00:00,0.00612,0.00615,0.00604,0.00604,4467635.0
2024-01-08 02:15:00,0.00605,0.00606,0.00555,0.00597,28699910.0
2024-01-08 02:30:00,0.00597,0.00598,0.00588,0.00596,6952751.0
2024-01-08 02:45:00,0.00595,0.00596,0.00576,0.00588,13848639.0
2024-01-08 03:00:00,0.00588,0.00591,0.00585,0.00585,5663668.0
2024-01-08 03:15:00,0.00585,0.00586,0.00564,0.00571,17165145.0
2024-01-08 03:30:00,0.00572,0.00584,0.00571,0.00584,13365849.0
2024-01-08 03:45:00,0.00583,0.00587,0.00581,0.00584,4764390.0
2024-01-08 04:00:00,0.00584,0.00587,0.00581,0.00584,4847803.0
2024-01-08 04:15:00,0.00585,0.00588,0.00584,0.00588,2060909.0
2024-01-08 04:30:00,0.00589,0.00594,0.00589,0.00594,3098077.0
2024-01-08 04:45:00,0.00594,0.00596,0.00593,0.00595,1598685.0
2024-01-08 05:00:00,0.00595,0.00595,0.0059,0.00593,3403874.0
2024-01-08 05:15:00,0.00592,0.00594,0.00589,0.00589,1892257.0
2024-01-08 05:30:00,0.00591,0.00592,0.00589,0.00592,5813048.0
2024-01-08 05:45:00,0.00592,0.00596,0.00592,0.00594,1445407.0
2024-01-08 06:00:00,0.00594,0.00594,0.00592,0.00594,1920367.0
2024-01-08 06:15:00,0.00594,0.00602,0.00593,0.00601,11630904.0
2024-01-08 06:30:00,0.00601,0.00601,0.00598,0.00599,3824715.0
2024-01-08 06:45:00,0.00599,0.006,0.00596,0.00596,2224107.0
2024-01-08 07:00:00,0.00596,0.00599,0.00595,0.00599,8610450.0
2024-01-08 07:15:00,0.00599,0.00602,0.00595,0.00596,8014727.0
2024-01-08 07:30:00,0.00596,0.00596,0.00589,0.00593,9315449.0
2024-01-08 07:45:00,0.00593,0.00597,0.00593,0.00597,3840476.0
2024-01-08 08:00:00,0.00596,0.00599,0.00594,0.00599,1917569.0
2024-01-08 08:15:00,0.00599,0.00605,0.00599,0.006,4836008.0
2024-01-08 08:30:00,0.00601,0.00602,0.00595,0.00596,2173013.0
2024-01-08 08:45:00,0.00596,0.00597,0.00593,0.00594,2170986.0
2024-01-08 09:00:00,0.00594,0.00596,0.00593,0.00595,1650922.0
2024-01-08 09:15:00,0.00595,0.00597,0.00594,0.00597,1802406.0
2024-01-08 09:30:00,0.00596,0.00596,0.00591,0.00594,1811504.0
2024-01-08 09:45:00,0.00594,0.00594,0.00585,0.00588,3863541.0
2024-01-08 10:00:00,0.00588,0.0059,0.00584,0.0059,4097814.0
2024-01-08 10:15:00,0.00589,0.00595,0.00589,0.00594,1534451.0
2024-01-08 10:30:00,0.00594,0.00595,0.00593,0.00594,788629.0
2024-01-08 10:45:00,0.00593,0.00595,0.0059,0.00594,2040205.0
2024-01-08 11:00:00,0.00593,0.00598,0.00593,0.00598,2641238.0
2024-01-08 11:15:00,0.00597,0.00598,0.00592,0.00597,1368323.0
2024-01-08 11:30:00,0.00596,0.00597,0.00593,0.00595,1454666.0
2024-01-08 11:45:00,0.00595,0.00606,0.00595,0.00604,6547792.0
2024-01-08 12:00:00,0.00605,0.00614,0.00605,0.00614,5234834.0
2024-01-08 12:15:00,0.00614,0.00617,0.00609,0.0061,9025716.0
2024-01-08 12:30:00,0.00611,0.00619,0.00611,0.00618,8039959.0
2024-01-08 12:45:00,0.00618,0.00624,0.00616,0.00622,4894820.0
2024-01-08 13:00:00,0.00622,0.00624,0.00619,0.0062,3744667.0
2024-01-08 13:15:00,0.0062,0.00624,0.00618,0.00623,4540589.0
2024-01-08 13:30:00,0.00623,0.00624,0.00617,0.0062,4719261.0
2024-01-08 13:45:00,0.0062,0.00621,0.00613,0.00616,5376267.0
2024-01-08 14:00:00,0.00616,0.00619,0.00615,0.00619,958699.0
2024-01-08 14:15:00,0.00619,0.00622,0.00619,0.00621,2014471.0
2024-01-08 14:30:00,0.00621,0.00626,0.00621,0.00623,1746884.0
2024-01-08 14:45:00,0.00623,0.00627,0.00619,0.00625,6100164.0
2024-01-08 15:00:00,0.00625,0.00628,0.00622,0.00626,7568931.0
2024-01-08 15:15:00,0.00625,0.00632,0.00625,0.00628,2799935.0
2024-01-08 15:30:00,0.00629,0.00638,0.00629,0.00635,9058298.0
2024-01-08 15:45:00,0.00636,0.00637,0.00633,0.00634,4535027.0
2024-01-08 16:00:00,0.00634,0.00636,0.00629,0.00629,1637503.0
2024-01-08 16:15:00,0.0063,0.00631,0.00627,0.0063,1792418.0
2024-01-08 16:30:00,0.0063,0.0063,0.00623,0.00629,2888608.0
2024-01-08 16:45:00,0.00629,0.0063,0.00625,0.00629,1249654.0
2024-01-08 17:00:00,0.0063,0.00636,0.00628,0.00636,2082013.0
2024-01-08 17:15:00,0.00636,0.00648,0.00634,0.00646,11072804.0
2024-01-08 17:30:00,0.00646,0.00647,0.00641,0.00645,8379875.0
2024-01-08 17:45:00,0.00645,0.00646,0.00642,0.00644,2657556.0
2024-01-08 18:00:00,0.00644,0.00646,0.00643,0.00646,2880841.0
2024-01-08 18:15:00,0.00645,0.00648,0.00644,0.00647,1999665.0
2024-01-08 18:30:00,0.00647,0.00654,0.00645,0.00652,4233736.0
2024-01-08 18:45:00,0.00651,0.00651,0.00646,0.00648,3568870.0
2024-01-08 19:00:00,0.00648,0.00649,0.00644,0.00648,7802098.0
2024-01-08 19:15:00,0.00647,0.00648,0.00645,0.00646,6168663.0
2024-01-08 19:30:00,0.00648,0.00652,0.00648,0.00652,2647914.0
2024-01-08 19:45:00,0.00652,0.00652,0.0065,0.00651,1390628.0
2024-01-08 20:00:00,0.00651,0.00652,0.00646,0.00646,2140849.0
2024-01-08 20:15:00,0.00646,0.00648,0.00645,0.00646,5029097.0
2024-01-08 20:30:00,0.00646,0.00647,0.00642,0.00643,1768423.0
2024-01-08 20:45:00,0.00644,0.00644,0.00639,0.00643,1534195.0
2024-01-08 21:00:00,0.00643,0.00647,0.00643,0.00645,503870.0
2024-01-08 21:15:00,0.00644,0.00647,0.00644,0.00645,755948.0
2024-01-08 21:30:00,0.00645,0.00649,0.00645,0.00648,919175.0
2024-01-08 21:45:00,0.00648,0.00648,0.00644,0.00646,2199121.0
2024-01-08 22:00:00,0.00646,0.00649,0.00645,0.00649,2796267.0
2024-01-08 22:15:00,0.00649,0.0065,0.00648,0.0065,588310.0
2024-01-08 22:30:00,0.00651,0.00652,0.00649,0.0065,1580886.0
2024-01-08 22:45:00,0.00651,0.00655,0.00651,0.00655,521126.0
2024-01-08 23:00:00,0.00655,0.00657,0.00653,0.00656,2374556.0
2024-01-08 23:15:00,0.00655,0.00655,0.00651,0.00653,639680.0
2024-01-08 23:30:00,0.00653,0.00655,0.00652,0.00652,1008794.0
2024-01-08 23:45:00,0.00653,0.00654,0.00651,0.00654,699619.0
2024-01-09 00:00:00,0.00654,0.00656,0.00649,0.00656,1777996.0
2024-01-09 00:15:00,0.00656,0.00658,0.00645,0.00648,9179021.0
2024-01-09 00:30:00,0.00649,0.00649,0.00639,0.00647,5432268.0
2024-01-09 00:45:00,0.00647,0.00651,0.00646,0.0065,1792403.0
2024-01-09 01:00:00,0.00649,0.0065,0.00648,0.00648,767779.0
2024-01-09 01:15:00,0.00649,0.0065,0.0064,0.00642,1310864.0
2024-01-09 01:30:00,0.00642,0.00643,0.00639,0.0064,1669282.0
2024-01-09 01:45:00,0.0064,0.00643,0.00639,0.00643,1027902.0
2024-01-09 02:00:00,0.00643,0.00644,0.0064,0.00641,3042457.0
2024-01-09 02:15:00,0.00641,0.00644,0.00641,0.00644,973175.0
2024-01-09 02:30:00,0.00643,0.00644,0.00641,0.00642,1885808.0
2024-01-09 02:45:00,0.00641,0.00642,0.0064,0.00642,1006738.0
2024-01-09 03:00:00,0.00642,0.00642,0.00637,0.00637,1175028.0
2024-01-09 03:15:00,0.00637,0.00641,0.00637,0.00641,590539.0
2024-01-09 03:30:00,0.0064,0.0064,0.00638,0.00638,337321.0
2024-01-09 03:45:00,0.00639,0.00641,0.00638,0.00641,411598.0
2024-01-09 04:00:00,0.00641,0.00643,0.00639,0.00642,497297.0
2024-01-09 04:15:00,0.00642,0.00642,0.00638,0.00639,387207.0
2024-01-09 04:30:00,0.00639,0.00644,0.00639,0.00643,859115.0
2024-01-09 04:45:00,0.00644,0.00649,0.00644,0.00648,1237454.0
2024-01-09 05:00:00,0.00648,0.00649,0.00644,0.00644,1704308.0
2024-01-09 05:15:00,0.00643,0.00643,0.0064,0.0064,815766.0
2024-01-09 05:30:00,0.00641,0.00641,0.00637,0.00638,2118254.0
2024-01-09 05:45:00,0.00638,0.00642,0.00636,0.00642,444037.0
2024-01-09 06:00:00,0.00642,0.00642,0.00637,0.0064,838653.0
2024-01-09 06:15:00,0.00639,0.00639,0.00635,0.00637,2981477.0
2024-01-09 06:30:00,0.00637,0.00637,0.00632,0.00634,1425008.0
2024-01-09 06:45:00,0.00633,0.00635,0.0063,0.00634,1624293.0
2024-01-09 07:00:00,0.00634,0.00634,0.0063,0.00632,3075936.0
2024-01-09 07:15:00,0.00632,0.00636,0.00632,0.00635,8350184.0
2024-01-09 07:30:00,0.00636,0.00636,0.00632,0.00632,914314.0
2024-01-09 07:45:00,0.00633,0.00634,0.00632,0.00633,976454.0
2024-01-09 08:00:00,0.00632,0.00633,0.00628,0.00631,1553920.0
2024-01-09 08:15:00,0.00631,0.00634,0.00631,0.00633,2263792.0
2024-01-09 08:30:00,0.00633,0.00634,0.00622,0.00623,3724353.0
2024-01-09 08:45:00,0.00624,0.00625,0.00618,0.00618,3151564.0
2024-01-09 09:00:00,0.00619,0.00622,0.00619,0.00619,1422521.0
2024-01-09 09:15:00,0.00619,0.00619,0.00612,0.00615,8428349.0
2024-01-09 09:30:00,0.00615,0.00617,0.00613,0.00613,4062297.0
2024-01-09 09:45:00,0.00612,0.00613,0.00607,0.00611,7006907.0
2024-01-09 10:00:00,0.00611,0.00615,0.00611,0.00614,4084613.0
2024-01-09 10:15:00,0.00615,0.00617,0.00614,0.00616,1383959.0
2024-01-09 10:30:00,0.00616,0.0062,0.00615,0.00618,2730310.0
2024-01-09 10:45:00,0.00618,0.00618,0.00613,0.00615,1739061.0
2024-01-09 11:00:00,0.00615,0.00622,0.00614,0.00621,2404596.0
2024-01-09 11:15:00,0.00622,0.00624,0.0062,0.00623,5005566.0
2024-01-09 11:30:00,0.00623,0.00626,0.00621,0.00622,3770142.0
2024-01-09 11:45:00,0.00622,0.00625,0.00621,0.00623,3605585.0
2024-01-09 12:00:00,0.00622,0.00625,0.00621,0.00622,3073278.0
2024-01-09 12:15:00,0.00622,0.00622,0.00619,0.0062,1935548.0
2024-01-09 12:30:00,0.0062,0.0062,0.00616,0.00617,1169737.0
2024-01-09 12:45:00,0.00617,0.0062,0.00595,0.00603,16938689.0
2024-01-09 13:00:00,0.00603,0.00613,0.00602,0.00612,8631140.0
2024-01-09 13:15:00,0.00611,0.00615,0.00609,0.0061,1435548.0
2024-01-09 13:30:00,0.00611,0.00614,0.00609,0.00611,2869232.0
2024-01-09 13:45:00,0.00611,0.00615,0.0061,0.00612,1901810.0
2024-01-09 14:00:00,0.00612,0.00614,0.0061,0.00611,4243168.0
2024-01-09 14:15:00,0.00612,0.00612,0.00608,0.0061,2330673.0
2024-01-09 14:30:00,0.0061,0.0061,0.00605,0.00606,1335635.0
2024-01-09 14:45:00,0.00606,0.00608,0.00604,0.00605,5009227.0
2024-01-09 15:00:00,0.00605,0.00608,0.00601,0.00606,7771107.0
2024-01-09 15:15:00,0.00606,0.00621,0.00604,0.00607,30063472.0
2024-01-09 15:30:00,0.00608,0.00609,0.00605,0.00608,6583700.0
2024-01-09 15:45:00,0.00607,0.00607,0.00603,0.00604,1506212.0
2024-01-09 16:00:00,0.00604,0.00604,0.00602,0.00604,1166823.0
2024-01-09 16:15:00,0.00604,0.00605,0.00596,0.00596,5273231.0
2024-01-09 16:30:00,0.00596,0.00602,0.00594,0.00602,4883097.0
2024-01-09 16:45:00,0.00602,0.00602,0.00599,0.00601,543230.0
2024-01-09 17:00:00,0.00602,0.00602,0.00597,0.006,877639.0
2024-01-09 17:15:00,0.00599,0.00601,0.00598,0.00601,997786.0
2024-01-09 17:30:00,0.00601,0.00602,0.00598,0.00599,1529207.0
2024-01-09 17:45:00,0.00599,0.00604,0.00598,0.00598,1935342.0
2024-01-09 18:00:00,0.00598,0.00603,0.00597,0.006,1254196.0
2024-01-09 18:15:00,0.00601,0.00603,0.00599,0.00602,2898459.0
2024-01-09 18:30:00,0.00602,0.00603,0.00599,0.00603,1305141.0
2024-01-09 18:45:00,0.00603,0.00606,0.00603,0.00605,2011739.0
2024-01-09 19:00:00,0.00605,0.00605,0.00601,0.00602,3513037.0
2024-01-09 19:15:00,0.00602,0.00603,0.00597,0.00597,2718700.0
2024-01-09 19:30:00,0.00598,0.006,0.00593,0.00595,1548212.0
2024-01-09 19:45:00,0.00595,0.00598,0.0059,0.00598,2064865.0
2024-01-09 20:00:00,0.00597,0.00599,0.00594,0.00595,585331.0
2024-01-09 20:15:00,0.00594,0.00594,0.00587,0.00589,14176736.0
2024-01-09 20:30:00,0.00589,0.00591,0.00587,0.00589,3221298.0
2024-01-09 20:45:00,0.00588,0.00589,0.00583,0.00584,8135444.0
2024-01-09 21:00:00,0.00584,0.00605,0.00583,0.00605,12433420.0
2024-01-09 21:15:00,0.00604,0.00605,0.00589,0.00593,34355702.0
2024-01-09 21:30:00,0.00592,0.00601,0.00584,0.006,7865971.0
2024-01-09 21:45:00,0.006,0.00604,0.00588,0.00591,6732657.0
2024-01-09 22:00:00,0.00591,0.006,0.00589,0.00599,5479796.0
2024-01-09 22:15:00,0.00599,0.00609,0.00599,0.00607,4388703.0
2024-01-09 22:30:00,0.00607,0.00608,0.00601,0.00601,1781895.0
2024-01-09 22:45:00,0.00601,0.00604,0.00595,0.00604,5144570.0
2024-01-09 23:00:00,0.00603,0.00607,0.006,0.00601,3139780.0
2024-01-09 23:15:00,0.00602,0.00607,0.00598,0.00606,1694496.0
2024-01-09 23:30:00,0.00606,0.00607,0.00603,0.00603,1064617.0
2024-01-09 23:45:00,0.00604,0.00607,0.00603,0.00607,349023.0
2024-01-10 00:00:00,0.00607,0.00616,0.00604,0.00616,10724158.0
2024-01-10 00:15:00,0.00616,0.00619,0.00613,0.00617,2329328.0
2024-01-10 00:30:00,0.00617,0.00621,0.00615,0.00619,1835045.0
2024-01-10 00:45:00,0.0062,0.00621,0.00614,0.00616,2361300.0
2024-01-10 01:00:00,0.00617,0.00618,0.00614,0.00616,1911748.0
2024-01-10 01:15:00,0.00615,0.00618,0.00613,0.00617,820653.0
2024-01-10 01:30:00,0.00617,0.00618,0.00614,0.00616,841205.0
2024-01-10 01:45:00,0.00616,0.00618,0.00613,0.00618,1233065.0
2024-01-10 02:00:00,0.00618,0.0062,0.00613,0.00619,2896387.0
2024-01-10 02:15:00,0.00619,0.0062,0.00617,0.00618,513080.0
2024-01-10 02:30:00,0.00619,0.00621,0.00612,0.00612,829313.0
2024-01-10 02:45:00,0.00612,0.00614,0.00609,0.0061,1013769.0
2024-01-10 03:00:00,0.0061,0.00615,0.00609,0.00612,1852599.0
2024-01-10 03:15:00,0.00612,0.00615,0.00611,0.00615,838435.0
2024-01-10 03:30:00,0.00615,0.00618,0.00614,0.00616,1067594.0
2024-01-10 03:45:00,0.00616,0.00617,0.00614,0.00615,496513.0
2024-01-10 04:00:00,0.00615,0.00617,0.00614,0.00617,1181359.0
2024-01-10 04:15:00,0.00617,0.00618,0.00615,0.00618,745134.0
2024-01-10 04:30:00,0.00617,0.00621,0.00616,0.0062,3084411.0
2024-01-10 04:45:00,0.00621,0.00624,0.00619,0.00619,1821410.0
2024-01-10 05:00:00,0.00618,0.00621,0.00617,0.00617,1132721.0
2024-01-10 05:15:00,0.00618,0.00619,0.00617,0.00619,387136.0
2024-01-10 05:30:00,0.00618,0.00618,0.00615,0.00617,392377.0
2024-01-10 05:45:00,0.00618,0.00621,0.00617,0.0062,757094.0
2024-01-10 06:00:00,0.00621,0.00621,0.00618,0.00618,3053107.0
2024-01-10 06:15:00,0.00618,0.00625,0.00618,0.00623,3505018.0
2024-01-10 06:30:00,0.00623,0.00625,0.00619,0.00625,2740069.0
2024-01-10 06:45:00,0.00625,0.00628,0.00617,0.00621,10009579.0
2024-01-10 07:00:00,0.0062,0.0062,0.00615,0.00615,4078224.0
2024-01-10 07:15:00,0.00615,0.00617,0.00614,0.00616,2332797.0
2024-01-10 07:30:00,0.00615,0.00615,0.00613,0.00614,1436899.0
2024-01-10 07:45:00,0.00614,0.00616,0.00613,0.00615,1294229.0
2024-01-10 08:00:00,0.00615,0.00618,0.00613,0.00613,756288.0
2024-01-10 08:15:00,0.00613,0.00614,0.00607,0.00608,1525838.0
2024-01-10 08:30:00,0.00608,0.0061,0.00606,0.00607,1909802.0
2024-01-10 08:45:00,0.00606,0.0061,0.00603,0.00608,5462952.0
2024-01-10 09:00:00,0.00608,0.0061,0.00607,0.00607,1496385.0
2024-01-10 09:15:00,0.00608,0.00618,0.00608,0.00618,1401324.0
2024-01-10 09:30:00,0.00618,0.00626,0.00618,0.00625,5639197.0
2024-01-10 09:45:00,0.00625,0.00627,0.00621,0.00627,2535828.0
2024-01-10 10:00:00,0.00627,0.00629,0.00627,0.00629,2612196.0
2024-01-10 10:15:00,0.00629,0.0063,0.00626,0.0063,1566171.0
2024-01-10 10:30:00,0.0063,0.00631,0.00623,0.00624,1714106.0
2024-01-10 10:45:00,0.00625,0.00627,0.00622,0.00624,5380399.0
2024-01-10 11:00:00,0.00624,0.00628,0.00624,0.00627,1643613.0
2024-01-10 11:15:00,0.00627,0.00627,0.00623,0.00625,1178880.0
2024-01-10 11:30:00,0.00625,0.00626,0.00619,0.00626,3214164.0
2024-01-10 11:45:00,0.00626,0.00626,0.00618,0.00624,2681434.0
2024-01-10 12:00:00,0.00624,0.00625,0.00621,0.00622,1661524.0
2024-01-10 12:15:00,0.00621,0.00622,0.00611,0.00615,7464824.0
2024-01-10 12:30:00,0.00616,0.00618,0.00614,0.00617,1558519.0
2024-01-10 12:45:00,0.00617,0.00618,0.00598,0.00605,8706582.0
2024-01-10 13:00:00,0.00606,0.00613,0.00602,0.00611,1834799.0
2024-01-10 13:15:00,0.00611,0.00616,0.00608,0.00614,5733136.0
2024-01-10 13:30:00,0.00613,0.00613,0.00609,0.0061,2482911.0
2024-01-10 13:45:00,0.00611,0.00613,0.00607,0.00609,2449312.0
2024-01-10 14:00:00,0.00611,0.00611,0.00607,0.0061,2970296.0
2024-01-10 14:15:00,0.0061,0.00614,0.0061,0.00613,3194465.0
2024-01-10 14:30:00,0.00613,0.00613,0.00609,0.0061,1203909.0
2024-01-10 14:45:00,0.00609,0.0061,0.00603,0.00604,5172668.0
2024-01-10 15:00:00,0.00603,0.00617,0.006,0.00615,4394084.0
2024-01-10 15:15:00,0.00615,0.00618,0.00613,0.00617,3043407.0
2024-01-10 15:30:00,0.00616,0.00618,0.00614,0.00616,1162062.0
2024-01-10 15:45:00,0.00615,0.00635,0.00615,0.00625,42237167.0
2024-01-10 16:00:00,0.00625,0.00632,0.00624,0.00631,2619017.0
2024-01-10 16:15:00,0.00631,0.00631,0.00626,0.00628,1819196.0
2024-01-10 16:30:00,0.00628,0.00628,0.00623,0.00625,6244243.0
2024-01-10 16:45:00,0.00624,0.00627,0.00623,0.00623,2383362.0
2024-01-10 17:00:00,0.00623,0.00625,0.00621,0.00623,646873.0
2024-01-10 17:15:00,0.00623,0.00627,0.00622,0.00626,895974.0
2024-01-10 17:30:00,0.00626,0.00634,0.00625,0.00633,912633.0
2024-01-10 17:45:00,0.00632,0.00634,0.00629,0.00632,1141178.0
2024-01-10 18:00:00,0.00633,0.00637,0.00631,0.00634,4220108.0
2024-01-10 18:15:00,0.00634,0.00639,0.00633,0.00638,3223073.0
2024-01-10 18:30:00,0.00637,0.00639,0.00633,0.00634,1023379.0
2024-01-10 18:45:00,0.00634,0.00636,0.00633,0.00634,894884.0
2024-01-10 19:00:00,0.00635,0.00642,0.00634,0.00642,5225607.0
2024-01-10 19:15:00,0.00642,0.00649,0.0064,0.00644,5455712.0
2024-01-10 19:30:00,0.00643,0.00643,0.00636,0.00642,2185402.0
2024-01-10 19:45:00,0.00642,0.00644,0.0064,0.00641,1956805.0
2024-01-10 20:00:00,0.00641,0.00643,0.00628,0.00634,6036864.0
2024-01-10 20:15:00,0.00633,0.00638,0.00628,0.00634,2340133.0
2024-01-10 20:30:00,0.00635,0.0064,0.0063,0.00635,3838880.0
2024-01-10 20:45:00,0.00634,0.00648,0.00631,0.00645,5622704.0
2024-01-10 21:00:00,0.00645,0.00657,0.00641,0.00655,11551278.0
2024-01-10 21:15:00,0.00655,0.00659,0.0065,0.00658,8249646.0
2024-01-10 21:30:00,0.00658,0.0066,0.00652,0.00659,5727640.0
2024-01-10 21:45:00,0.00658,0.00674,0.00658,0.00672,7155853.0
2024-01-10 22:00:00,0.00673,0.00678,0.00665,0.00674,7985985.0
2024-01-10 22:15:00,0.00673,0.00683,0.00673,0.0068,7303324.0
2024-01-10 22:30:00,0.0068,0.00682,0.00672,0.00672,10700655.0
2024-01-10 22:45:00,0.00672,0.00678,0.00671,0.00678,1969731.0
2024-01-10 23:00:00,0.00678,0.00683,0.00676,0.00682,4942842.0
2024-01-10 23:15:00,0.00682,0.00685,0.00673,0.00674,7833169.0
2024-01-10 23:30:00,0.00674,0.00677,0.00665,0.00672,8811418.0
2024-01-10 23:45:00,0.00672,0.00675,0.00668,0.00674,2626934.0
2024-01-11 00:00:00,0.00675,0.00676,0.00666,0.00669,7071034.0
2024-01-11 00:15:00,0.00669,0.00672,0.00666,0.00667,3365545.0
2024-01-11 00:30:00,0.00667,0.00674,0.00667,0.00674,1704843.0
2024-01-11 00:45:00,0.00674,0.00678,0.00672,0.00677,2673025.0
2024-01-11 01:00:00,0.00676,0.00676,0.00669,0.00676,1615782.0
2024-01-11 01:15:00,0.00676,0.00679,0.00674,0.00678,1444161.0
2024-01-11 01:30:00,0.00679,0.0068,0.00673,0.00674,1067644.0
2024-01-11 01:45:00,0.00677,0.00678,0.00672,0.00672,963440.0
2024-01-11 02:00:00,0.00672,0.00673,0.00671,0.00673,1307635.0
2024-01-11 02:15:00,0.00673,0.00674,0.00673,0.00674,324824.0
2024-01-11 02:30:00,0.00673,0.00677,0.00672,0.00673,1235292.0
2024-01-11 02:45:00,0.00675,0.00675,0.00672,0.00673,667227.0
2024-01-11 03:00:00,0.00673,0.00677,0.00672,0.00673,3344091.0
2024-01-11 03:15:00,0.00673,0.00675,0.0067,0.00674,2447227.0
2024-01-11 03:30:00,0.00674,0.00677,0.00674,0.00677,449340.0
2024-01-11 03:45:00,0.00677,0.00682,0.00677,0.00682,963267.0
2024-01-11 04:00:00,0.00682,0.00682,0.00677,0.00681,1825205.0
2024-01-11 04:15:00,0.00681,0.00683,0.00679,0.00682,1196987.0
2024-01-11 04:30:00,0.00681,0.00681,0.00677,0.00678,1030241.0
2024-01-11 04:45:00,0.00679,0.00683,0.00679,0.00682,3861852.0
2024-01-11 05:00:00,0.00682,0.00682,0.00678,0.00678,7099335.0
2024-01-11 05:15:00,0.00679,0.00682,0.00679,0.0068,811027.0
2024-01-11 05:30:00,0.0068,0.0068,0.00671,0.00672,5256700.0
2024-01-11 05:45:00,0.00672,0.00677,0.00671,0.00676,4139588.0
2024-01-11 06:00:00,0.00677,0.00677,0.00663,0.00666,5133430.0
2024-01-11 06:15:00,0.00666,0.00669,0.00664,0.00665,3390043.0
2024-01-11 06:30:00,0.00665,0.00673,0.00663,0.00673,3101454.0
2024-01-11 06:45:00,0.00673,0.00673,0.00669,0.0067,770851.0
2024-01-11 07:00:00,0.0067,0.00674,0.0067,0.00674,2503659.0
2024-01-11 07:15:00,0.00673,0.00676,0.00672,0.00676,1202325.0
2024-01-11 07:30:00,0.00676,0.00676,0.00671,0.00676,634308.0
2024-01-11 07:45:00,0.00676,0.00678,0.00675,0.00678,485313.0
2024-01-11 08:00:00,0.00677,0.00679,0.00676,0.00679,1320494.0
2024-01-11 08:15:00,0.00679,0.00682,0.00679,0.00682,618746.0
2024-01-11 08:30:00,0.00681,0.00686,0.00681,0.00686,1456526.0
2024-01-11 08:45:00,0.00686,0.00692,0.00686,0.0069,3811770.0
2024-01-11 09:00:00,0.00689,0.0069,0.00685,0.00686,4174474.0
2024-01-11 09:15:00,0.00687,0.00687,0.00681,0.00684,13652189.0
2024-01-11 09:30:00,0.00684,0.00686,0.00682,0.00684,3292852.0
2024-01-11 09:45:00,0.00684,0.00686,0.00682,0.00682,3423200.0
2024-01-11 10:00:00,0.00682,0.00684,0.00681,0.00684,902180.0
2024-01-11 10:15:00,0.00684,0.00687,0.00683,0.00687,1000421.0
2024-01-11 10:30:00,0.00687,0.00688,0.00684,0.00688,4409368.0
2024-01-11 10:45:00,0.00689,0.00691,0.00687,0.00689,1462843.0
2024-01-11 11:00:00,0.00688,0.00691,0.00685,0.00691,1260030.0
2024-01-11 11:15:00,0.0069,0.00692,0.00689,0.00691,3034148.0
2024-01-11 11:30:00,0.00691,0.00692,0.00689,0.00691,2907797.0
2024-01-11 11:45:00,0.00692,0.00699,0.00691,0.00698,4411021.0
2024-01-11 12:00:00,0.00698,0.00704,0.00698,0.00703,3782093.0
2024-01-11 12:15:00,0.00702,0.00703,0.007,0.00703,5123655.0
2024-01-11 12:30:00,0.00702,0.00706,0.007,0.00703,3607066.0
2024-01-11 12:45:00,0.00702,0.00707,0.007,0.00705,3674355.0
2024-01-11 13:00:00,0.00704,0.00705,0.00698,0.007,1690749.0
2024-01-11 13:15:00,0.007,0.00712,0.00698,0.00705,4680886.0
2024-01-11 13:30:00,0.00705,0.00709,0.00692,0.00699,5320622.0
2024-01-11 13:45:00,0.00698,0.00706,0.00698,0.00702,611326.0
2024-01-11 14:00:00,0.00702,0.00705,0.00699,0.00705,1198245.0
2024-01-11 14:15:00,0.00704,0.00704,0.00694,0.00696,961796.0
2024-01-11 14:30:00,0.00696,0.00708,0.0069,0.00706,5849219.0
2024-01-11 14:45:00,0.00706,0.00714,0.00706,0.00709,3705921.0
2024-01-11 15:00:00,0.0071,0.00711,0.007,0.00702,5468694.0
2024-01-11 15:15:00,0.00702,0.00702,0.00693,0.00697,15569634.0
2024-01-11 15:30:00,0.00696,0.00699,0.00682,0.00688,6118240.0
2024-01-11 15:45:00,0.00687,0.00687,0.00676,0.00687,4506409.0
2024-01-11 16:00:00,0.00687,0.00693,0.00675,0.00677,5931646.0
2024-01-11 16:15:00,0.00677,0.00682,0.00672,0.00677,3578374.0
2024-01-11 16:30:00,0.00678,0.0069,0.00674,0.00688,4120589.0
2024-01-11 16:45:00,0.00688,0.00689,0.00684,0.00686,1213546.0
2024-01-11 17:00:00,0.00686,0.00694,0.00685,0.00694,1177435.0
2024-01-11 17:15:00,0.00694,0.00695,0.00682,0.00685,2846022.0
2024-01-11 17:30:00,0.00685,0.00694,0.00685,0.00692,1188092.0
2024-01-11 17:45:00,0.00693,0.00698,0.00693,0.00698,1201770.0
2024-01-11 18:00:00,0.00697,0.00697,0.00691,0.00692,3803977.0
2024-01-11 18:15:00,0.00692,0.00697,0.00692,0.00696,1755676.0
2024-01-11 18:30:00,0.00696,0.00701,0.00695,0.007,1444204.0
2024-01-11 18:45:00,0.007,0.00702,0.00695,0.00698,904235.0
2024-01-11 19:00:00,0.00697,0.00699,0.00695,0.00696,1456677.0
2024-01-11 19:15:00,0.00696,0.00699,0.00695,0.00698,468128.0
2024-01-11 19:30:00,0.00698,0.00699,0.00697,0.00698,1864885.0
2024-01-11 19:45:00,0.00699,0.00703,0.00699,0.00702,450148.0
2024-01-11 20:00:00,0.00702,0.00706,0.00701,0.00705,971344.0
2024-01-11 20:15:00,0.00705,0.00705,0.00696,0.00697,2048639.0
2024-01-11 20:30:00,0.00697,0.00698,0.00691,0.00693,1943748.0
2024-01-11 20:45:00,0.00693,0.00696,0.00689,0.00692,1885565.0
2024-01-11 21:00:00,0.00692,0.00696,0.00691,0.00695,677413.0
2024-01-11 21:15:00,0.00695,0.007,0.00695,0.00698,731772.0
2024-01-11 21:30:00,0.00697,0.007,0.00694,0.00699,1922045.0
2024-01-11 21:45:00,0.00697,0.00698,0.00693,0.00695,909828.0
2024-01-11 22:00:00,0.00695,0.00698,0.00694,0.00698,530935.0
2024-01-11 22:15:00,0.00698,0.00698,0.00693,0.00693,876767.0
2024-01-11 22:30:00,0.00692,0.00693,0.00689,0.0069,909226.0
2024-01-11 22:45:00,0.00692,0.00698,0.0069,0.00697,654211.0
2024-01-11 23:00:00,0.00697,0.00701,0.00695,0.00701,1139413.0
2024-01-11 23:15:00,0.00701,0.00702,0.00697,0.00699,1017102.0
2024-01-11 23:30:00,0.00699,0.00704,0.00698,0.00703,3170320.0
2024-01-11 23:45:00,0.00702,0.00704,0.00701,0.00701,1118172.0
2024-01-12 00:00:00,0.00702,0.00706,0.007,0.00703,2035032.0
2024-01-12 00:15:00,0.00704,0.00707,0.00702,0.00705,2891526.0
2024-01-12 00:30:00,0.00704,0.00707,0.00702,0.00705,1964401.0
2024-01-12 00:45:00,0.00704,0.00707,0.00703,0.00704,553257.0
2024-01-12 01:00:00,0.00704,0.00704,0.00698,0.007,1556008.0
2024-01-12 01:15:00,0.007,0.00701,0.00694,0.00695,926812.0
2024-01-12 01:30:00,0.00695,0.00701,0.00694,0.00701,1937394.0
2024-01-12 01:45:00,0.00701,0.00704,0.00698,0.00703,606424.0
2024-01-12 02:00:00,0.00703,0.00708,0.00702,0.00707,1900477.0
2024-01-12 02:15:00,0.00707,0.00709,0.00703,0.00705,1342591.0
2024-01-12 02:30:00,0.00705,0.00708,0.00703,0.00708,945439.0
2024-01-12 02:45:00,0.00708,0.0071,0.00707,0.00709,2492795.0
2024-01-12 03:00:00,0.00709,0.00709,0.00704,0.00707,1055371.0
2024-01-12 03:15:00,0.00707,0.00708,0.00701,0.00704,909070.0
2024-01-12 03:30:00,0.00704,0.00707,0.00703,0.00703,546216.0
2024-01-12 03:45:00,0.00703,0.00708,0.00703,0.00703,1175495.0
2024-01-12 04:00:00,0.00703,0.00707,0.00702,0.00705,1128716.0
2024-01-12 04:15:00,0.00705,0.0071,0.00705,0.00709,1005426.0
2024-01-12 04:30:00,0.00709,0.00709,0.00703,0.00703,1371818.0
2024-01-12 04:45:00,0.00703,0.00704,0.007,0.00704,1923194.0
2024-01-12 05:00:00,0.00704,0.00709,0.00702,0.00705,1242557.0
2024-01-12 05:15:00,0.00706,0.00709,0.00706,0.00707,765113.0
2024-01-12 05:30:00,0.00707,0.00717,0.00707,0.00714,4999001.0
2024-01-12 05:45:00,0.00715,0.00716,0.00713,0.00714,671805.0
2024-01-12 06:00:00,0.00713,0.00715,0.00712,0.00714,940689.0
2024-01-12 06:15:00,0.00714,0.00717,0.00714,0.00716,809195.0
2024-01-12 06:30:00,0.00715,0.00716,0.00713,0.00714,1112359.0
2024-01-12 06:45:00,0.00714,0.00715,0.00708,0.00708,1040185.0
2024-01-12 07:00:00,0.00709,0.00711,0.00706,0.00706,1191356.0
2024-01-12 07:15:00,0.00706,0.00714,0.00705,0.00712,2166435.0
2024-01-12 07:30:00,0.00712,0.00712,0.00707,0.00708,958346.0
2024-01-12 07:45:00,0.00708,0.00711,0.00705,0.00711,1576167.0
2024-01-12 08:00:00,0.00709,0.0071,0.00704,0.00705,925773.0
2024-01-12 08:15:00,0.00705,0.00709,0.00705,0.00706,1819613.0
2024-01-12 08:30:00,0.00706,0.00708,0.00699,0.007,4868429.0
2024-01-12 08:45:00,0.00701,0.00707,0.007,0.00705,1311355.0
2024-01-12 09:00:00,0.00706,0.00708,0.00699,0.00702,1852780.0
2024-01-12 09:15:00,0.00702,0.00704,0.00697,0.00697,2518757.0
2024-01-12 09:30:00,0.00697,0.00705,0.00697,0.00704,1792772.0
2024-01-12 09:45:00,0.00704,0.00709,0.00704,0.00707,984215.0
2024-01-12 10:00:00,0.00708,0.00709,0.00702,0.00704,1894801.0
2024-01-12 10:15:00,0.00704,0.00706,0.00702,0.00705,911153.0
2024-01-12 10:30:00,0.00705,0.00709,0.00704,0.00708,810067.0
2024-01-12 10:45:00,0.00708,0.00713,0.00708,0.00712,2548843.0
2024-01-12 11:00:00,0.00712,0.00716,0.0071,0.00712,4869376.0
2024-01-12 11:15:00,0.00712,0.0072,0.00711,0.0072,3700055.0
2024-01-12 11:30:00,0.0072,0.00721,0.00715,0.00716,1286217.0
2024-01-12 11:45:00,0.00716,0.00718,0.00715,0.00718,1066158.0
2024-01-12 12:00:00,0.00718,0.00723,0.00715,0.00721,2533582.0
2024-01-12 12:15:00,0.00721,0.0073,0.00721,0.00728,3759388.0
2024-01-12 12:30:00,0.00727,0.00727,0.00716,0.00719,3836631.0
2024-01-12 12:45:00,0.00719,0.00719,0.00712,0.00716,1695250.0
2024-01-12 13:00:00,0.00716,0.0072,0.00713,0.00717,4228243.0
2024-01-12 13:15:00,0.00717,0.00718,0.00715,0.00715,3118967.0
2024-01-12 13:30:00,0.00716,0.00718,0.00713,0.00715,882403.0
2024-01-12 13:45:00,0.00714,0.00716,0.00713,0.00714,806531.0
2024-01-12 14:00:00,0.00714,0.00716,0.00711,0.00715,1411560.0
2024-01-12 14:15:00,0.00715,0.00719,0.00714,0.00719,1416823.0
2024-01-12 14:30:00,0.00718,0.00719,0.00707,0.00709,1996549.0
2024-01-12 14:45:00,0.00709,0.00715,0.00707,0.00714,2017922.0
2024-01-12 15:00:00,0.00713,0.00715,0.00709,0.00712,735197.0
2024-01-12 15:15:00,0.00712,0.00713,0.00695,0.00703,4626108.0
2024-01-12 15:30:00,0.00703,0.00704,0.00691,0.00695,8345640.0
2024-01-12 15:45:00,0.00694,0.007,0.00692,0.00696,3433460.0
2024-01-12 16:00:00,0.00695,0.00703,0.00694,0.00698,1702335.0
2024-01-12 16:15:00,0.00698,0.00704,0.00694,0.00703,4987471.0
2024-01-12 16:30:00,0.00701,0.00703,0.00693,0.00696,1409959.0
2024-01-12 16:45:00,0.00695,0.007,0.0067,0.0068,13318745.0
2024-01-12 17:00:00,0.0068,0.00687,0.00675,0.00677,5274152.0
2024-01-12 17:15:00,0.00678,0.00679,0.0066,0.00667,11060301.0
2024-01-12 17:30:00,0.00668,0.00678,0.00668,0.00678,2860112.0
2024-01-12 17:45:00,0.00678,0.00682,0.00676,0.00682,3595576.0
2024-01-12 18:00:00,0.00682,0.00686,0.00682,0.00684,1943160.0
2024-01-12 18:15:00,0.00684,0.00685,0.00682,0.00682,926121.0
2024-01-12 18:30:00,0.00683,0.00684,0.00677,0.00678,1294518.0
2024-01-12 18:45:00,0.00679,0.00685,0.00677,0.00683,1026096.0
2024-01-12 19:00:00,0.00683,0.00683,0.0068,0.0068,648169.0
2024-01-12 19:15:00,0.0068,0.00685,0.00677,0.00684,1346565.0
2024-01-12 19:30:00,0.00684,0.00684,0.00679,0.00681,783405.0
2024-01-12 19:45:00,0.0068,0.00682,0.00679,0.0068,511827.0
2024-01-12 20:00:00,0.00681,0.00686,0.0068,0.00685,1333490.0
2024-01-12 20:15:00,0.00685,0.00688,0.00684,0.00686,1040439.0
2024-01-12 20:30:00,0.00686,0.00686,0.00683,0.00685,1561607.0
2024-01-12 20:45:00,0.00685,0.00688,0.00684,0.00686,1554876.0
2024-01-12 21:00:00,0.00687,0.00688,0.00678,0.00681,2344175.0
2024-01-12 21:15:00,0.00681,0.00683,0.00676,0.00682,1651602.0
2024-01-12 21:30:00,0.00682,0.00683,0.00666,0.00667,3001180.0
2024-01-12 21:45:00,0.00667,0.00675,0.00667,0.00675,2435454.0
2024-01-12 22:00:00,0.00674,0.00674,0.00655,0.00667,11372697.0
2024-01-12 22:15:00,0.00667,0.00668,0.00636,0.00648,14466786.0
2024-01-12 22:30:00,0.00648,0.00658,0.00648,0.00655,2525135.0
2024-01-12 22:45:00,0.00655,0.00663,0.00653,0.00662,1862980.0
2024-01-12 23:00:00,0.00662,0.00666,0.00661,0.00665,2088476.0
2024-01-12 23:15:00,0.00665,0.00667,0.00663,0.00667,1391075.0
2024-01-12 23:30:00,0.00666,0.00667,0.00664,0.00666,502763.0
2024-01-12 23:45:00,0.00666,0.00669,0.00665,0.00668,481817.0
2024-01-13 00:00:00,0.00667,0.0067,0.00665,0.00666,1515859.0
2024-01-13 00:15:00,0.00666,0.00668,0.00659,0.0066,2148441.0
2024-01-13 00:30:00,0.0066,0.00661,0.00658,0.00659,1236848.0
2024-01-13 00:45:00,0.00659,0.00659,0.00653,0.00653,3985922.0
2024-01-13 01:00:00,0.00653,0.0066,0.00641,0.00646,24102086.0
2024-01-13 01:15:00,0.00647,0.00652,0.00644,0.00652,2628207.0
2024-01-13 01:30:00,0.00652,0.00658,0.00651,0.00658,1586326.0
2024-01-13 01:45:00,0.00658,0.00658,0.00656,0.00658,734546.0
2024-01-13 02:00:00,0.00657,0.00662,0.00655,0.00662,859575.0
2024-01-13 02:15:00,0.00661,0.00663,0.0066,0.00662,382817.0
2024-01-13 02:30:00,0.00662,0.00664,0.0066,0.00663,716030.0
2024-01-13 02:45:00,0.00663,0.00664,0.00653,0.00656,18936097.0
2024-01-13 03:00:00,0.00657,0.00659,0.00653,0.00654,1755179.0
2024-01-13 03:15:00,0.00655,0.00656,0.00653,0.00654,635535.0
2024-01-13 03:30:00,0.00655,0.00659,0.00653,0.00659,2257316.0
2024-01-13 03:45:00,0.00659,0.00662,0.00659,0.00659,1936286.0
2024-01-13 04:00:00,0.00659,0.0066,0.00656,0.00659,809417.0
2024-01-13 04:15:00,0.00658,0.00662,0.00657,0.00661,704193.0
2024-01-13 04:30:00,0.0066,0.00662,0.00659,0.00661,412604.0
2024-01-13 04:45:00,0.00661,0.00662,0.0066,0.00661,492655.0
2024-01-13 05:00:00,0.00661,0.00662,0.00659,0.00662,223334.0
2024-01-13 05:15:00,0.00662,0.00665,0.00662,0.00665,332235.0
2024-01-13 05:30:00,0.00665,0.00667,0.00664,0.00666,516577.0
2024-01-13 05:45:00,0.00667,0.00669,0.00667,0.00669,851216.0
2024-01-13 06:00:00,0.00668,0.00672,0.00667,0.00671,1551627.0
2024-01-13 06:15:00,0.00671,0.00679,0.0067,0.00677,2341015.0
2024-01-13 06:30:00,0.00677,0.00681,0.00674,0.0068,3069495.0
2024-01-13 06:45:00,0.0068,0.00684,0.00679,0.00679,3548359.0
2024-01-13 07:00:00,0.00679,0.0068,0.00676,0.00676,1137084.0
2024-01-13 07:15:00,0.00676,0.00676,0.00674,0.00675,722185.0
2024-01-13 07:30:00,0.00674,0.00674,0.00672,0.00672,575564.0
2024-01-13 07:45:00,0.00672,0.00673,0.0067,0.00672,534188.0
2024-01-13 08:00:00,0.00672,0.00677,0.00671,0.00677,2584588.0
2024-01-13 08:15:00,0.00677,0.00682,0.00677,0.00679,2367683.0
2024-01-13 08:30:00,0.00679,0.0068,0.00675,0.00676,2314869.0
2024-01-13 08:45:00,0.00676,0.00678,0.00674,0.00676,624471.0
2024-01-13 09:00:00,0.00676,0.00676,0.00671,0.00672,1198888.0
2024-01-13 09:15:00,0.00672,0.00672,0.00668,0.00671,2396217.0
2024-01-13 09:30:00,0.0067,0.00674,0.0067,0.0067,2771287.0
2024-01-13 09:45:00,0.00671,0.00672,0.00667,0.00669,1373816.0
2024-01-13 10:00:00,0.00669,0.0067,0.00666,0.00667,1274247.0
2024-01-13 10:15:00,0.00667,0.00672,0.00667,0.0067,863298.0
2024-01-13 10:30:00,0.0067,0.00672,0.00667,0.00668,802113.0
2024-01-13 10:45:00,0.00669,0.00674,0.00666,0.00669,11995329.0
2024-01-13 11:00:00,0.00669,0.00672,0.00666,0.00667,10483355.0
2024-01-13 11:15:00,0.00667,0.00668,0.00664,0.00664,1541882.0
2024-01-13 11:30:00,0.00665,0.00667,0.00664,0.00666,1159806.0
2024-01-13 11:45:00,0.00666,0.00666,0.00664,0.00666,551072.0
2024-01-13 12:00:00,0.00666,0.00669,0.00665,0.00665,625039.0
2024-01-13 12:15:00,0.00665,0.00666,0.00661,0.00665,1615243.0
2024-01-13 12:30:00,0.00665,0.00669,0.00664,0.00669,1461720.0
2024-01-13 12:45:00,0.00669,0.00669,0.00666,0.00667,570720.0
2024-01-13 13:00:00,0.00666,0.00669,0.00664,0.00669,3082918.0
2024-01-13 13:15:00,0.00669,0.00672,0.00667,0.00671,1154746.0
2024-01-13 13:30:00,0.00672,0.00672,0.0067,0.0067,3396446.0
2024-01-13 13:45:00,0.0067,0.00672,0.00669,0.0067,1900266.0
2024-01-13 14:00:00,0.00669,0.00671,0.00668,0.00669,769281.0
2024-01-13 14:15:00,0.00669,0.00672,0.00668,0.00671,1827519.0
2024-01-13 14:30:00,0.00671,0.00675,0.00669,0.00674,871173.0
2024-01-13 14:45:00,0.00674,0.00676,0.00671,0.00673,1386669.0
2024-01-13 15:00:00,0.00672,0.00676,0.00671,0.00673,1316975.0
2024-01-13 15:15:00,0.00674,0.00677,0.00674,0.00677,973052.0
2024-01-13 15:30:00,0.00676,0.00678,0.00674,0.00675,1212749.0
2024-01-13 15:45:00,0.00676,0.00679,0.00675,0.00677,1636853.0
2024-01-13 16:00:00,0.00677,0.0068,0.00674,0.0068,3784276.0
2024-01-13 16:15:00,0.0068,0.00682,0.00677,0.00679,790702.0
2024-01-13 16:30:00,0.00679,0.00683,0.00679,0.00682,692334.0
2024-01-13 16:45:00,0.00682,0.00683,0.00679,0.0068,522810.0
2024-01-13 17:00:00,0.0068,0.00685,0.00679,0.00685,799337.0
2024-01-13 17:15:00,0.00685,0.00687,0.00684,0.00687,1001575.0
2024-01-13 17:30:00,0.00687,0.00688,0.00685,0.00687,1941602.0
2024-01-13 17:45:00,0.00687,0.00691,0.00685,0.00688,2098494.0
2024-01-13 18:00:00,0.00688,0.00689,0.00686,0.00688,768295.0
2024-01-13 18:15:00,0.00688,0.00688,0.00686,0.00688,612975.0
2024-01-13 18:30:00,0.00689,0.0069,0.00687,0.00688,547093.0
2024-01-13 18:45:00,0.00688,0.00689,0.00687,0.00688,835282.0
2024-01-13 19:00:00,0.00689,0.00692,0.00688,0.00692,1222945.0
2024-01-13 19:15:00,0.00692,0.00696,0.00691,0.00696,1048675.0
2024-01-13 19:30:00,0.00695,0.00696,0.00693,0.00695,1328698.0
2024-01-13 19:45:00,0.00694,0.00698,0.00691,0.00691,4777001.0
2024-01-13 20:00:00,0.00691,0.00691,0.00687,0.0069,535100.0
2024-01-13 20:15:00,0.0069,0.0069,0.00686,0.00688,681432.0
2024-01-13 20:30:00,0.00688,0.0069,0.00687,0.00689,129351.0
2024-01-13 20:45:00,0.0069,0.00691,0.00688,0.00689,428449.0
2024-01-13 21:00:00,0.00689,0.0069,0.00686,0.00688,317364.0
2024-01-13 21:15:00,0.0069,0.0069,0.00687,0.00689,2619930.0
2024-01-13 21:30:00,0.00689,0.0069,0.00688,0.0069,303883.0
2024-01-13 21:45:00,0.0069,0.00694,0.0069,0.00692,1214175.0
2024-01-13 22:00:00,0.00693,0.00697,0.00693,0.00695,1641555.0
2024-01-13 22:15:00,0.00695,0.00697,0.00695,0.00696,386097.0
2024-01-13 22:30:00,0.00695,0.00695,0.00692,0.00693,1427877.0
2024-01-13 22:45:00,0.00694,0.00698,0.00694,0.00697,538438.0
2024-01-13 23:00:00,0.00697,0.00697,0.00695,0.00695,664496.0
2024-01-13 23:15:00,0.00695,0.00695,0.00692,0.00693,109941.0
2024-01-13 23:30:00,0.00692,0.00693,0.0069,0.0069,603176.0
2024-01-13 23:45:00,0.00691,0.00692,0.0069,0.00692,487263.0
2024-01-14 00:00:00,0.00691,0.00694,0.00689,0.00689,1433466.0
2024-01-14 00:15:00,0.00689,0.0069,0.00684,0.00686,1335555.0
2024-01-14 00:30:00,0.00686,0.00686,0.00682,0.00684,5710246.0
2024-01-14 00:45:00,0.00684,0.00684,0.00679,0.00681,3359065.0
2024-01-14 01:00:00,0.00681,0.00685,0.0068,0.00684,1739824.0
2024-01-14 01:15:00,0.00683,0.00686,0.00681,0.00684,2878851.0
2024-01-14 01:30:00,0.00685,0.00687,0.00684,0.00686,630130.0
2024-01-14 01:45:00,0.00686,0.0069,0.00684,0.00689,746050.0
2024-01-14 02:00:00,0.00689,0.00691,0.00684,0.00685,1119680.0
2024-01-14 02:15:00,0.00684,0.00684,0.0068,0.0068,1283717.0
2024-01-14 02:30:00,0.00681,0.00684,0.00681,0.00684,899747.0
2024-01-14 02:45:00,0.00684,0.00685,0.00683,0.00685,750564.0
2024-01-14 03:00:00,0.00684,0.00688,0.00682,0.00687,2530437.0
2024-01-14 03:15:00,0.00687,0.00689,0.00684,0.00685,1271465.0
2024-01-14 03:30:00,0.00685,0.00685,0.00682,0.00684,658274.0
2024-01-14 03:45:00,0.00684,0.00685,0.00681,0.00683,1815471.0
2024-01-14 04:00:00,0.00683,0.00687,0.00682,0.00686,1074865.0
2024-01-14 04:15:00,0.00686,0.00686,0.00681,0.00684,472736.0
2024-01-14 04:30:00,0.00685,0.00687,0.0068,0.00681,2174124.0
2024-01-14 04:45:00,0.00681,0.00682,0.00679,0.00681,1213308.0
2024-01-14 05:00:00,0.00681,0.00687,0.00681,0.00686,1017694.0
2024-01-14 05:15:00,0.00686,0.00688,0.00686,0.00687,384428.0
2024-01-14 05:30:00,0.00687,0.0069,0.00687,0.00689,771514.0
2024-01-14 05:45:00,0.00689,0.0069,0.00688,0.00689,723062.0
2024-01-14 06:00:00,0.00689,0.00693,0.00689,0.00693,650557.0
2024-01-14 06:15:00,0.00694,0.00698,0.00692,0.00698,1203926.0
2024-01-14 06:30:00,0.00697,0.00698,0.00693,0.00693,2015491.0
2024-01-14 06:45:00,0.00694,0.00698,0.00694,0.00697,1006126.0
2024-01-14 07:00:00,0.00697,0.00699,0.00693,0.00698,1327555.0
2024-01-14 07:15:00,0.00698,0.00698,0.00693,0.00697,1766345.0
2024-01-14 07:30:00,0.00697,0.00698,0.00695,0.00695,869141.0
2024-01-14 07:45:00,0.00695,0.00699,0.00695,0.00698,370064.0
2024-01-14 08:00:00,0.00698,0.00698,0.00693,0.00694,499731.0
2024-01-14 08:15:00,0.00694,0.00695,0.00693,0.00695,428490.0
2024-01-14 08:30:00,0.00695,0.00698,0.00693,0.00697,1056303.0
2024-01-14 08:45:00,0.00698,0.00702,0.00697,0.00701,2758577.0
2024-01-14 09:00:00,0.007,0.00704,0.00699,0.00703,1908943.0
2024-01-14 09:15:00,0.00702,0.00703,0.00699,0.00701,2189146.0
2024-01-14 09:30:00,0.00702,0.00704,0.007,0.00701,1512256.0
2024-01-14 09:45:00,0.00701,0.00706,0.00698,0.00704,1819606.0
2024-01-14 10:00:00,0.00704,0.00704,0.007,0.00701,826300.0
2024-01-14 10:15:00,0.00702,0.00703,0.007,0.007,700672.0
2024-01-14 10:30:00,0.00701,0.00702,0.00698,0.00699,5530687.0
2024-01-14 10:45:00,0.00699,0.00699,0.00694,0.00694,6260967.0
2024-01-14 11:00:00,0.00694,0.00694,0.00692,0.00693,993069.0
2024-01-14 11:15:00,0.00692,0.00695,0.00691,0.00694,1586761.0
2024-01-14 11:30:00,0.00694,0.00694,0.00688,0.00688,2436770.0
2024-01-14 11:45:00,0.00688,0.00689,0.00686,0.00688,2528122.0
2024-01-14 12:00:00,0.00687,0.0069,0.00686,0.0069,2724388.0
2024-01-14 12:15:00,0.00689,0.0069,0.00687,0.00688,593773.0
2024-01-14 12:30:00,0.00688,0.00689,0.00686,0.00687,428757.0
2024-01-14 12:45:00,0.00687,0.00687,0.00682,0.00683,4083320.0
2024-01-14 13:00:00,0.00683,0.00684,0.00681,0.00684,1591055.0
2024-01-14 13:15:00,0.00684,0.00685,0.00682,0.00685,460373.0
2024-01-14 13:30:00,0.00685,0.00689,0.00685,0.00688,2171743.0
2024-01-14 13:45:00,0.00688,0.00693,0.00688,0.00691,1017672.0
2024-01-14 14:00:00,0.00692,0.00693,0.0069,0.00693,836771.0
2024-01-14 14:15:00,0.00692,0.00692,0.0069,0.00691,1041657.0
2024-01-14 14:30:00,0.00692,0.00693,0.00689,0.0069,2374362.0
2024-01-14 14:45:00,0.0069,0.00692,0.00688,0.00689,1315416.0
2024-01-14 15:00:00,0.00689,0.00692,0.00689,0.00691,789609.0
2024-01-14 15:15:00,0.0069,0.00691,0.00684,0.00687,13659217.0
2024-01-14 15:30:00,0.00688,0.00689,0.00685,0.00686,3873017.0
2024-01-14 15:45:00,0.00687,0.00688,0.00684,0.00687,2435286.0
2024-01-14 16:00:00,0.00687,0.00687,0.00684,0.00686,959058.0
2024-01-14 16:15:00,0.00686,0.00687,0.00682,0.00683,484391.0
2024-01-14 16:30:00,0.00683,0.00684,0.00676,0.0068,4286457.0
2024-01-14 16:45:00,0.00681,0.00682,0.00679,0.0068,437576.0
2024-01-14 17:00:00,0.0068,0.00704,0.00679,0.007,27953191.0
2024-01-14 17:15:00,0.007,0.00874,0.00696,0.008,776597958.0
2024-01-14 17:30:00,0.00799,0.00799,0.00726,0.00737,320563963.0
2024-01-14 17:45:00,0.00738,0.00747,0.00722,0.00724,105095084.0
2024-01-14 18:00:00,0.00723,0.00734,0.00715,0.00734,59010737.0
2024-01-14 18:15:00,0.00733,0.00738,0.00722,0.00727,42763497.0
2024-01-14 18:30:00,0.00727,0.0074,0.00727,0.00734,26999154.0
2024-01-14 18:45:00,0.00735,0.00743,0.00728,0.00741,24055289.0
2024-01-14 19:00:00,0.00741,0.00757,0.00738,0.00748,43342625.0
2024-01-14 19:15:00,0.00749,0.00774,0.00747,0.00761,81223346.0
2024-01-14 19:30:00,0.00761,0.00777,0.00755,0.00774,71640510.0
2024-01-14 19:45:00,0.00774,0.00776,0.00749,0.00753,63559836.0
2024-01-14 20:00:00,0.00753,0.00773,0.00746,0.00772,76896678.0
2024-01-14 20:15:00,0.00771,0.00784,0.00767,0.0077,53202679.0
2024-01-14 20:30:00,0.0077,0.00776,0.00761,0.00762,35060916.0
2024-01-14 20:45:00,0.00762,0.00771,0.00754,0.00759,26420571.0
2024-01-14 21:00:00,0.00759,0.00763,0.00752,0.00754,23449206.0
2024-01-14 21:15:00,0.00754,0.00755,0.00743,0.00749,25692775.0
2024-01-14 21:30:00,0.00749,0.00756,0.00746,0.00754,16497118.0
2024-01-14 21:45:00,0.00754,0.00758,0.00748,0.00752,19023344.0
2024-01-14 22:00:00,0.00751,0.00767,0.00744,0.00766,19045900.0
2024-01-14 22:15:00,0.00765,0.00773,0.00761,0.00764,23616349.0
2024-01-14 22:30:00,0.00764,0.00774,0.00757,0.00769,17611662.0
2024-01-14 22:45:00,0.00769,0.00769,0.00756,0.00758,13549801.0
2024-01-14 23:00:00,0.00759,0.00767,0.0075,0.00767,14980410.0
2024-01-14 23:15:00,0.00766,0.00766,0.00755,0.0076,14657993.0
2024-01-14 23:30:00,0.00759,0.00773,0.00754,0.00764,18714547.0
2024-01-14 23:45:00,0.00763,0.00777,0.00762,0.00768,24868534.0
2024-01-15 00:00:00,0.00767,0.00777,0.00744,0.00773,46351309.0
2024-01-15 00:15:00,0.00772,0.00787,0.00761,0.00782,42613897.0
2024-01-15 00:30:00,0.00781,0.00787,0.00774,0.0078,26822559.0
2024-01-15 00:45:00,0.00779,0.0079,0.00775,0.00778,32008187.0
2024-01-15 01:00:00,0.00778,0.00795,0.00777,0.00791,28409819.0
2024-01-15 01:15:00,0.00791,0.00792,0.00777,0.0078,14715861.0
2024-01-15 01:30:00,0.0078,0.00795,0.00779,0.0079,11920392.0
2024-01-15 01:45:00,0.0079,0.00814,0.0079,0.00798,47365948.0
2024-01-15 02:00:00,0.00798,0.00807,0.00785,0.00793,36384880.0
2024-01-15 02:15:00,0.00793,0.00802,0.00786,0.00789,10910593.0
2024-01-15 02:30:00,0.0079,0.00791,0.00777,0.00786,14092844.0
2024-01-15 02:45:00,0.00786,0.00796,0.00783,0.00791,11465211.0
2024-01-15 03:00:00,0.00791,0.00805,0.0079,0.00804,11716776.0
2024-01-15 03:15:00,0.00804,0.00815,0.00802,0.00805,36083092.0
2024-01-15 03:30:00,0.00805,0.00814,0.00799,0.00807,26287721.0
2024-01-15 03:45:00,0.00807,0.00808,0.00796,0.00802,13705957.0
2024-01-15 04:00:00,0.00802,0.00807,0.00796,0.00804,11059858.0
2024-01-15 04:15:00,0.00804,0.00807,0.00789,0.0079,16008260.0
2024-01-15 04:30:00,0.0079,0.0079,0.00765,0.0077,29693913.0
2024-01-15 04:45:00,0.0077,0.00778,0.0077,0.00774,12747418.0
2024-01-15 05:00:00,0.00775,0.00779,0.00768,0.00771,13959565.0
2024-01-15 05:15:00,0.00771,0.00784,0.0077,0.00781,12880396.0
2024-01-15 05:30:00,0.00782,0.00791,0.0078,0.00788,12541760.0
2024-01-15 05:45:00,0.00788,0.00788,0.00772,0.00774,10686026.0
2024-01-15 06:00:00,0.00774,0.00776,0.00766,0.00766,15236378.0
2024-01-15 06:15:00,0.00767,0.00768,0.0075,0.00755,26014146.0
2024-01-15 06:30:00,0.00755,0.00763,0.00754,0.0076,10525009.0
2024-01-15 06:45:00,0.00761,0.00762,0.00756,0.00758,8538341.0
2024-01-15 07:00:00,0.00757,0.00773,0.00752,0.00768,19811215.0
2024-01-15 07:15:00,0.00768,0.00777,0.00765,0.00766,15726023.0
2024-01-15 07:30:00,0.00766,0.00773,0.00762,0.00768,9409220.0
2024-01-15 07:45:00,0.00768,0.00774,0.00767,0.00772,5630465.0
2024-01-15 08:00:00,0.00771,0.00805,0.00771,0.00798,57919590.0
2024-01-15 08:15:00,0.00798,0.00802,0.00786,0.00797,59967363.0
2024-01-15 08:30:00,0.00797,0.00813,0.00792,0.00805,54924228.0
2024-01-15 08:45:00,0.00805,0.00827,0.00805,0.00821,67692847.0
2024-01-15 09:00:00,0.00821,0.00836,0.00811,0.00818,60202409.0
2024-01-15 09:15:00,0.00818,0.00819,0.00806,0.0081,34871291.0
2024-01-15 09:30:00,0.0081,0.00841,0.0081,0.00835,67293827.0
2024-01-15 09:45:00,0.00834,0.00837,0.00825,0.00831,38190308.0
2024-01-15 10:00:00,0.0083,0.00845,0.00827,0.00831,55858617.0
2024-01-15 10:15:00,0.00831,0.00831,0.00815,0.00821,35815749.0
2024-01-15 10:30:00,0.00821,0.00839,0.0082,0.00834,25627818.0
2024-01-15 10:45:00,0.00833,0.00866,0.00831,0.0086,105485160.0
2024-01-15 11:00:00,0.00861,0.00894,0.00856,0.00881,179930127.0
2024-01-15 11:15:00,0.00881,0.00894,0.00865,0.00873,112048749.0
2024-01-15 11:30:00,0.00872,0.00887,0.00862,0.00874,89610912.0
2024-01-15 11:45:00,0.00875,0.00885,0.00872,0.00879,60534244.0
2024-01-15 12:00:00,0.00879,0.00882,0.00865,0.00872,62498923.0
2024-01-15 12:15:00,0.00872,0.00872,0.00857,0.0087,44430300.0
2024-01-15 12:30:00,0.00869,0.00887,0.00869,0.00878,41471980.0
2024-01-15 12:45:00,0.00878,0.00895,0.00872,0.00888,75800646.0
2024-01-15 13:00:00,0.00888,0.00896,0.00865,0.00869,61409100.0
2024-01-15 13:15:00,0.0087,0.00874,0.00862,0.00867,34762275.0
2024-01-15 13:30:00,0.00868,0.0088,0.00857,0.00878,39161196.0
2024-01-15 13:45:00,0.00877,0.00886,0.00852,0.00866,129551746.0
2024-01-15 14:00:00,0.00866,0.00883,0.00843,0.00849,96874034.0
2024-01-15 14:15:00,0.00848,0.00852,0.00834,0.00842,54380278.0
2024-01-15 14:30:00,0.00841,0.00844,0.00831,0.00838,35069889.0
2024-01-15 14:45:00,0.00838,0.00843,0.00828,0.0084,29430157.0
2024-01-15 15:00:00,0.00839,0.00845,0.00834,0.00841,27518901.0
2024-01-15 15:15:00,0.0084,0.0084,0.00811,0.00815,56237383.0
2024-01-15 15:30:00,0.00816,0.00818,0.00804,0.00816,39713766.0
2024-01-15 15:45:00,0.00817,0.0082,0.00806,0.0081,35893780.0
2024-01-15 16:00:00,0.0081,0.00817,0.00788,0.00798,39510922.0
2024-01-15 16:15:00,0.00798,0.00821,0.00797,0.00819,54293294.0
2024-01-15 16:30:00,0.00819,0.00838,0.00816,0.0082,41569675.0
2024-01-15 16:45:00,0.00821,0.00837,0.0082,0.00836,26431894.0
2024-01-15 17:00:00,0.00837,0.00853,0.00834,0.00839,51026364.0
2024-01-15 17:15:00,0.00838,0.00841,0.00821,0.00831,38800986.0
2024-01-15 17:30:00,0.00832,0.00834,0.00816,0.00821,23184946.0
2024-01-15 17:45:00,0.00821,0.00827,0.00821,0.00823,18986581.0
2024-01-15 18:00:00,0.00823,0.00847,0.00823,0.00846,30322275.0
2024-01-15 18:15:00,0.00845,0.00856,0.00842,0.00847,22462386.0
2024-01-15 18:30:00,0.00847,0.00853,0.0084,0.00847,17365017.0
2024-01-15 18:45:00,0.00847,0.00854,0.00841,0.00853,20988477.0
2024-01-15 19:00:00,0.00852,0.00854,0.00842,0.00843,25658384.0
2024-01-15 19:15:00,0.00843,0.00846,0.00834,0.00837,15283405.0
2024-01-15 19:30:00,0.00838,0.00844,0.00834,0.00842,6841228.0
2024-01-15 19:45:00,0.00843,0.00845,0.00837,0.00839,8128682.0
2024-01-15 20:00:00,0.0084,0.00843,0.00835,0.00838,11109862.0
2024-01-15 20:15:00,0.00839,0.0084,0.0083,0.00832,9055603.0
2024-01-15 20:30:00,0.00832,0.00835,0.0083,0.00832,9336810.0
2024-01-15 20:45:00,0.00832,0.00833,0.00827,0.0083,7657342.0
2024-01-15 21:00:00,0.00831,0.00832,0.00826,0.00826,6065319.0
2024-01-15 21:15:00,0.00826,0.00827,0.00815,0.00816,12795123.0
2024-01-15 21:30:00,0.00816,0.00818,0.0081,0.00813,7890614.0
2024-01-15 21:45:00,0.00813,0.00814,0.00809,0.0081,5999014.0
2024-01-15 22:00:00,0.0081,0.0081,0.00803,0.00804,3871230.0
2024-01-15 22:15:00,0.00804,0.00809,0.008,0.00809,6162172.0
2024-01-15 22:30:00,0.00809,0.00809,0.00805,0.00806,4242933.0
2024-01-15 22:45:00,0.00806,0.00807,0.00802,0.00805,3665291.0
2024-01-15 23:00:00,0.00804,0.00815,0.00803,0.00811,10403687.0
2024-01-15 23:15:00,0.00812,0.00819,0.00812,0.00813,8274222.0
2024-01-15 23:30:00,0.00814,0.00816,0.00806,0.00808,4617466.0
2024-01-15 23:45:00,0.00808,0.00811,0.00807,0.00808,3255530.0
2024-01-16 00:00:00,0.00808,0.00808,0.00794,0.00797,30922284.0
2024-01-16 00:15:00,0.00797,0.00808,0.00797,0.00806,12112025.0
2024-01-16 00:30:00,0.00806,0.00811,0.00805,0.00806,6360968.0
2024-01-16 00:45:00,0.00807,0.00811,0.00805,0.00806,4044046.0
2024-01-16 01:00:00,0.00806,0.00811,0.00806,0.00806,3725584.0
2024-01-16 01:15:00,0.00807,0.00807,0.008,0.008,2369890.0
2024-01-16 01:30:00,0.008,0.008,0.00793,0.00795,10553544.0
2024-01-16 01:45:00,0.00795,0.00797,0.00792,0.00794,2312284.0
2024-01-16 02:00:00,0.00794,0.00795,0.00787,0.00793,5125239.0
2024-01-16 02:15:00,0.00792,0.00798,0.00792,0.00797,3617434.0
2024-01-16 02:30:00,0.00797,0.00801,0.00791,0.00791,2918994.0
2024-01-16 02:45:00,0.00792,0.00797,0.0079,0.00796,5395291.0
2024-01-16 03:00:00,0.00796,0.00797,0.00792,0.00794,4777006.0
2024-01-16 03:15:00,0.00795,0.00801,0.00795,0.00797,3063261.0
2024-01-16 03:30:00,0.00798,0.00799,0.00793,0.00796,2997270.0
2024-01-16 03:45:00,0.00796,0.00802,0.00794,0.00801,2228613.0
2024-01-16 04:00:00,0.00801,0.00801,0.00797,0.00797,2013313.0
2024-01-16 04:15:00,0.00797,0.00799,0.00796,0.00799,2176189.0
2024-01-16 04:30:00,0.008,0.00801,0.00793,0.00795,3982189.0
2024-01-16 04:45:00,0.00795,0.00797,0.00793,0.00797,2774970.0
2024-01-16 05:00:00,0.00797,0.008,0.00789,0.00798,13739328.0
2024-01-16 05:15:00,0.00798,0.00802,0.00796,0.00797,5698758.0
2024-01-16 05:30:00,0.00797,0.00801,0.00794,0.00795,3999896.0
2024-01-16 05:45:00,0.00795,0.00797,0.00791,0.00792,2639749.0
2024-01-16 06:00:00,0.00792,0.00792,0.00778,0.00782,14413545.0
2024-01-16 06:15:00,0.00782,0.00784,0.00779,0.00782,4379102.0
2024-01-16 06:30:00,0.00783,0.00783,0.00779,0.00779,5102565.0
2024-01-16 06:45:00,0.00779,0.0078,0.00773,0.00779,9155577.0
2024-01-16 07:00:00,0.00779,0.00781,0.00774,0.00776,6205504.0
2024-01-16 07:15:00,0.00776,0.00776,0.00774,0.00774,3216323.0
2024-01-16 07:30:00,0.00775,0.00782,0.00775,0.00781,3579998.0
2024-01-16 07:45:00,0.00781,0.00783,0.00779,0.00783,5107760.0
2024-01-16 08:00:00,0.00783,0.00785,0.00776,0.00776,5260039.0
2024-01-16 08:15:00,0.00777,0.00782,0.00775,0.00779,3144118.0
2024-01-16 08:30:00,0.00779,0.00783,0.00779,0.0078,4319934.0
2024-01-16 08:45:00,0.00781,0.00783,0.00779,0.00781,2862804.0
2024-01-16 09:00:00,0.00782,0.00793,0.00779,0.00789,13148198.0
2024-01-16 09:15:00,0.0079,0.00791,0.00787,0.00787,3143022.0
2024-01-16 09:30:00,0.00787,0.00788,0.00784,0.00785,4286550.0
2024-01-16 09:45:00,0.00785,0.00787,0.00782,0.00787,4968521.0
2024-01-16 10:00:00,0.00787,0.00787,0.00784,0.00784,2426614.0
2024-01-16 10:15:00,0.00784,0.00785,0.00775,0.00776,9925412.0
2024-01-16 10:30:00,0.00776,0.00779,0.00775,0.00777,2885340.0
2024-01-16 10:45:00,0.00778,0.00782,0.00777,0.0078,3011200.0
2024-01-16 11:00:00,0.00779,0.00781,0.00776,0.00777,2530158.0
2024-01-16 11:15:00,0.00777,0.00779,0.00769,0.00771,10172056.0
2024-01-16 11:30:00,0.00771,0.00772,0.00762,0.00765,14078502.0
2024-01-16 11:45:00,0.00765,0.00767,0.00762,0.00764,3230243.0
2024-01-16 12:00:00,0.00764,0.00765,0.00759,0.00761,14229905.0
2024-01-16 12:15:00,0.00761,0.00765,0.00755,0.00764,9141337.0
2024-01-16 12:30:00,0.00764,0.00764,0.0076,0.00763,5773094.0
2024-01-16 12:45:00,0.00764,0.00766,0.00761,0.00765,5452038.0
2024-01-16 13:00:00,0.00765,0.00767,0.00763,0.00766,4391151.0
2024-01-16 13:15:00,0.00766,0.00769,0.00762,0.00763,3451542.0
2024-01-16 13:30:00,0.00763,0.00764,0.00756,0.00758,20863065.0
2024-01-16 13:45:00,0.00757,0.0076,0.00753,0.00755,5385688.0
2024-01-16 14:00:00,0.00755,0.00759,0.00754,0.00757,6573209.0
2024-01-16 14:15:00,0.00757,0.00758,0.00754,0.00755,2887698.0
2024-01-16 14:30:00,0.00755,0.00758,0.00741,0.00743,18356939.0
2024-01-16 14:45:00,0.00742,0.00754,0.00742,0.00752,6959982.0
2024-01-16 15:00:00,0.00752,0.00753,0.00745,0.00747,7254286.0
2024-01-16 15:15:00,0.00747,0.00755,0.00746,0.00754,6360078.0
2024-01-16 15:30:00,0.00754,0.0076,0.00752,0.00756,9593240.0
2024-01-16 15:45:00,0.00757,0.0076,0.00755,0.00758,14481795.0
2024-01-16 16:00:00,0.00758,0.00758,0.00752,0.00755,4245284.0
2024-01-16 16:15:00,0.00755,0.00761,0.00753,0.0076,5622581.0
2024-01-16 16:30:00,0.0076,0.0077,0.0076,0.00767,11739688.0
2024-01-16 16:45:00,0.00767,0.00768,0.00762,0.00767,7018822.0
2024-01-16 17:00:00,0.00766,0.00808,0.00765,0.00779,68886002.0
2024-01-16 17:15:00,0.00778,0.00782,0.00777,0.00779,5547114.0
2024-01-16 17:30:00,0.00779,0.00782,0.00772,0.00782,4621584.0
2024-01-16 17:45:00,0.00781,0.00788,0.00779,0.00782,8942384.0
2024-01-16 18:00:00,0.00782,0.00784,0.00776,0.0078,7490924.0
2024-01-16 18:15:00,0.00779,0.00809,0.00779,0.00788,50564958.0
2024-01-16 18:30:00,0.00789,0.00791,0.00781,0.00784,20395831.0
2024-01-16 18:45:00,0.00784,0.00787,0.00784,0.00787,3399923.0
2024-01-16 19:00:00,0.00787,0.00792,0.00785,0.00786,6995559.0
2024-01-16 19:15:00,0.00786,0.00786,0.0078,0.00781,4829937.0
2024-01-16 19:30:00,0.00781,0.00786,0.0078,0.00786,3677943.0
2024-01-16 19:45:00,0.00785,0.0079,0.00784,0.00786,2320110.0
2024-01-16 20:00:00,0.00786,0.00788,0.00783,0.00786,2423174.0
2024-01-16 20:15:00,0.00786,0.0079,0.00785,0.00786,1993652.0
2024-01-16 20:30:00,0.00786,0.00793,0.00786,0.00789,7483255.0
2024-01-16 20:45:00,0.00789,0.00792,0.00787,0.00791,3255839.0
2024-01-16 21:00:00,0.00792,0.00794,0.00788,0.00789,3656763.0
2024-01-16 21:15:00,0.00789,0.00792,0.00787,0.00788,3135571.0
2024-01-16 21:30:00,0.00788,0.00789,0.00784,0.00785,3065024.0
2024-01-16 21:45:00,0.00785,0.00797,0.00785,0.00797,6137070.0
2024-01-16 22:00:00,0.00797,0.008,0.00792,0.008,15926799.0
2024-01-16 22:15:00,0.008,0.00804,0.00796,0.00797,4723437.0
2024-01-16 22:30:00,0.00797,0.00799,0.00796,0.00797,2652852.0
2024-01-16 22:45:00,0.00798,0.00799,0.00794,0.00794,7110857.0
2024-01-16 23:00:00,0.00795,0.00795,0.00788,0.00789,1905683.0
2024-01-16 23:15:00,0.0079,0.0079,0.00785,0.00786,3447448.0
2024-01-16 23:30:00,0.00785,0.00785,0.00782,0.00782,570527.0
2024-01-16 23:45:00,0.00782,0.00782,0.00777,0.00778,4398650.0
2024-01-17 00:00:00,0.00778,0.00782,0.00763,0.00763,17376464.0
2024-01-17 00:15:00,0.00763,0.00768,0.00763,0.00767,4152805.0
2024-01-17 00:30:00,0.00767,0.00774,0.00767,0.00772,3975720.0
2024-01-17 00:45:00,0.00772,0.00773,0.00767,0.00769,1604340.0
2024-01-17 01:00:00,0.00768,0.00769,0.00765,0.00768,2599024.0
2024-01-17 01:15:00,0.00767,0.00772,0.00767,0.0077,2802677.0
2024-01-17 01:30:00,0.0077,0.00772,0.00762,0.00766,5047573.0
2024-01-17 01:45:00,0.00766,0.00769,0.00762,0.00764,6121327.0
2024-01-17 02:00:00,0.00764,0.00769,0.00763,0.00763,3073305.0
2024-01-17 02:15:00,0.00764,0.00765,0.00762,0.00763,1309503.0
2024-01-17 02:30:00,0.00763,0.00766,0.00758,0.00763,3274075.0
2024-01-17 02:45:00,0.00764,0.00765,0.00761,0.00762,1985151.0
2024-01-17 03:00:00,0.00762,0.00764,0.00759,0.00764,5124575.0
2024-01-17 03:15:00,0.00763,0.00765,0.0076,0.00764,1954308.0
2024-01-17 03:30:00,0.00764,0.00766,0.0076,0.00765,1575800.0
2024-01-17 03:45:00,0.00766,0.00766,0.00763,0.00765,5006127.0
2024-01-17 04:00:00,0.00765,0.00768,0.00765,0.00767,1873323.0
2024-01-17 04:15:00,0.00768,0.00769,0.00764,0.00764,1194615.0
2024-01-17 04:30:00,0.00765,0.00767,0.00762,0.00765,1286864.0
2024-01-17 04:45:00,0.00766,0.00767,0.00765,0.00767,1061042.0
2024-01-17 05:00:00,0.00767,0.00773,0.00766,0.0077,4716784.0
2024-01-17 05:15:00,0.00771,0.00772,0.00768,0.00769,2319764.0
2024-01-17 05:30:00,0.00769,0.0077,0.00762,0.00764,3790119.0
2024-01-17 05:45:00,0.00765,0.00765,0.0076,0.00762,5382909.0
2024-01-17 06:00:00,0.00761,0.00764,0.00759,0.00759,4295665.0
2024-01-17 06:15:00,0.0076,0.00761,0.00755,0.00758,5354199.0
2024-01-17 06:30:00,0.00757,0.00758,0.00755,0.00757,2053198.0
2024-01-17 06:45:00,0.00757,0.00758,0.00755,0.00755,1622191.0
2024-01-17 07:00:00,0.00755,0.00757,0.00748,0.00755,8430578.0
2024-01-17 07:15:00,0.00754,0.00757,0.00753,0.00754,1864846.0
2024-01-17 07:30:00,0.00754,0.00754,0.00749,0.0075,6183212.0
2024-01-17 07:45:00,0.0075,0.00751,0.00746,0.00749,2735753.0
2024-01-17 08:00:00,0.0075,0.00755,0.00746,0.00754,4789434.0
2024-01-17 08:15:00,0.00753,0.00757,0.00753,0.00755,2871511.0
2024-01-17 08:30:00,0.00754,0.00756,0.00752,0.00754,1487559.0
2024-01-17 08:45:00,0.00754,0.00755,0.00752,0.00754,2225413.0
2024-01-17 09:00:00,0.00755,0.00757,0.00754,0.00757,1933268.0
2024-01-17 09:15:00,0.00757,0.00759,0.00755,0.00758,3011925.0
2024-01-17 09:30:00,0.00758,0.00758,0.00754,0.00756,1720367.0
2024-01-17 09:45:00,0.00756,0.00757,0.00754,0.00755,1307581.0
2024-01-17 10:00:00,0.00755,0.00755,0.00752,0.00754,2040154.0
2024-01-17 10:15:00,0.00754,0.0076,0.00754,0.00758,2688627.0
2024-01-17 10:30:00,0.00758,0.00758,0.00752,0.00756,3687397.0
2024-01-17 10:45:00,0.00755,0.00756,0.00751,0.00754,6100201.0
2024-01-17 11:00:00,0.00754,0.00755,0.00751,0.00752,4533420.0
2024-01-17 11:15:00,0.00753,0.00754,0.0075,0.00752,2197081.0
2024-01-17 11:30:00,0.00752,0.00755,0.00751,0.00752,1384485.0
2024-01-17 11:45:00,0.00752,0.00755,0.0075,0.00752,4652137.0
2024-01-17 12:00:00,0.00752,0.00753,0.00746,0.00748,4648078.0
2024-01-17 12:15:00,0.00749,0.00752,0.00748,0.00752,2036540.0
2024-01-17 12:30:00,0.00751,0.00756,0.00747,0.00755,3908988.0
2024-01-17 12:45:00,0.00755,0.00759,0.00755,0.00759,1120741.0
2024-01-17 13:00:00,0.00758,0.00761,0.00757,0.00759,2416833.0
2024-01-17 13:15:00,0.00758,0.00766,0.00757,0.0076,6538479.0
2024-01-17 13:30:00,0.00759,0.00766,0.00756,0.00762,2344988.0
2024-01-17 13:45:00,0.00761,0.00775,0.0076,0.00774,16796734.0
2024-01-17 14:00:00,0.00773,0.00773,0.00763,0.0077,12461138.0
2024-01-17 14:15:00,0.00769,0.0077,0.00765,0.00766,2705144.0
2024-01-17 14:30:00,0.00766,0.00773,0.0076,0.00771,3510358.0
2024-01-17 14:45:00,0.00771,0.00774,0.00767,0.00767,2710125.0
2024-01-17 15:00:00,0.00767,0.00776,0.00764,0.00775,2964948.0
2024-01-17 15:15:00,0.00776,0.00779,0.00775,0.00777,5129080.0
2024-01-17 15:30:00,0.00777,0.00779,0.00769,0.00773,4488924.0
2024-01-17 15:45:00,0.00773,0.00779,0.00768,0.0077,4251642.0
2024-01-17 16:00:00,0.00771,0.00775,0.00766,0.00771,5391961.0
2024-01-17 16:15:00,0.0077,0.0077,0.00765,0.00765,3880640.0
2024-01-17 16:30:00,0.00766,0.00767,0.00761,0.00761,6778100.0
2024-01-17 16:45:00,0.00762,0.00776,0.00762,0.00773,8710795.0
2024-01-17 17:00:00,0.00773,0.00773,0.00763,0.00767,4270365.0
2024-01-17 17:15:00,0.00767,0.00774,0.00767,0.00771,2351665.0
2024-01-17 17:30:00,0.00771,0.00773,0.00768,0.00768,2236483.0
2024-01-17 17:45:00,0.00768,0.00772,0.00768,0.00771,1537455.0
2024-01-17 18:00:00,0.00771,0.00773,0.00766,0.00767,2154343.0
2024-01-17 18:15:00,0.00767,0.00773,0.00767,0.00772,4687833.0
2024-01-17 18:30:00,0.00772,0.00772,0.00767,0.00769,1236788.0
2024-01-17 18:45:00,0.00768,0.00771,0.00767,0.00769,1770267.0
2024-01-17 19:00:00,0.0077,0.00771,0.00767,0.00768,1791271.0
2024-01-17 19:15:00,0.00768,0.00769,0.00764,0.00769,1936628.0
2024-01-17 19:30:00,0.00768,0.00771,0.00766,0.00768,983439.0
2024-01-17 19:45:00,0.00767,0.00768,0.00763,0.00763,1676468.0
2024-01-17 20:00:00,0.00764,0.00766,0.00763,0.00763,1383029.0
2024-01-17 20:15:00,0.00764,0.00767,0.00763,0.00765,912965.0
2024-01-17 20:30:00,0.00765,0.00768,0.00764,0.00764,1483818.0
2024-01-17 20:45:00,0.00765,0.00768,0.00762,0.00765,1184549.0
2024-01-17 21:00:00,0.00764,0.00766,0.00762,0.00766,510164.0
2024-01-17 21:15:00,0.00766,0.00771,0.00765,0.00769,1422355.0
2024-01-17 21:30:00,0.00768,0.00768,0.00765,0.00767,574785.0
2024-01-17 21:45:00,0.00767,0.00767,0.00763,0.00764,3010603.0
2024-01-17 22:00:00,0.00763,0.00765,0.00761,0.00763,497329.0
2024-01-17 22:15:00,0.00764,0.00764,0.00751,0.00756,8864265.0
2024-01-17 22:30:00,0.00756,0.00759,0.00756,0.00758,2242868.0
2024-01-17 22:45:00,0.00758,0.00763,0.00757,0.00763,758523.0
2024-01-17 23:00:00,0.00763,0.00763,0.00757,0.0076,1649557.0
2024-01-17 23:15:00,0.0076,0.00761,0.00758,0.00759,1181617.0
2024-01-17 23:30:00,0.00759,0.00763,0.00759,0.00762,636814.0
2024-01-17 23:45:00,0.00762,0.00766,0.00761,0.00765,1411702.0
2024-01-18 00:00:00,0.00766,0.0077,0.00766,0.00768,2135274.0
2024-01-18 00:15:00,0.00769,0.00771,0.00766,0.00767,1921755.0
2024-01-18 00:30:00,0.00767,0.00769,0.00764,0.00764,1012037.0
2024-01-18 00:45:00,0.00764,0.00764,0.00761,0.00763,595212.0
2024-01-18 01:00:00,0.00763,0.00767,0.00759,0.00759,870589.0
2024-01-18 01:15:00,0.0076,0.0076,0.00756,0.00759,2655772.0
2024-01-18 01:30:00,0.00759,0.00759,0.00748,0.0075,4496603.0
2024-01-18 01:45:00,0.0075,0.00753,0.00749,0.00753,907369.0
2024-01-18 02:00:00,0.00753,0.00756,0.00752,0.00754,845029.0
2024-01-18 02:15:00,0.00755,0.00758,0.00754,0.00758,1411285.0
2024-01-18 02:30:00,0.00758,0.00759,0.00757,0.00759,669420.0
2024-01-18 02:45:00,0.00758,0.00758,0.00752,0.00756,1318431.0
2024-01-18 03:00:00,0.00755,0.00756,0.00754,0.00756,868028.0
2024-01-18 03:15:00,0.00755,0.00757,0.00751,0.00753,1201500.0
2024-01-18 03:30:00,0.00753,0.00755,0.00751,0.00755,991407.0
2024-01-18 03:45:00,0.00755,0.00759,0.00755,0.00757,1610077.0
2024-01-18 04:00:00,0.00756,0.0076,0.00755,0.00759,2055554.0
2024-01-18 04:15:00,0.00759,0.00764,0.00758,0.00758,6331313.0
2024-01-18 04:30:00,0.00758,0.0076,0.00758,0.00759,433170.0
2024-01-18 04:45:00,0.0076,0.0076,0.00756,0.00758,849200.0
2024-01-18 05:00:00,0.00758,0.00759,0.00756,0.00758,355860.0
2024-01-18 05:15:00,0.00758,0.00761,0.00758,0.00761,1342545.0
2024-01-18 05:30:00,0.0076,0.00762,0.00756,0.0076,746671.0
2024-01-18 05:45:00,0.0076,0.00762,0.00758,0.00762,788744.0
2024-01-18 06:00:00,0.00762,0.00768,0.00762,0.00768,948770.0
2024-01-18 06:15:00,0.00767,0.00769,0.00766,0.00766,539988.0
2024-01-18 06:30:00,0.00766,0.00766,0.00763,0.00764,1824626.0
2024-01-18 06:45:00,0.00765,0.00768,0.00763,0.00767,745872.0
2024-01-18 07:00:00,0.00766,0.00769,0.00762,0.00764,4254598.0
2024-01-18 07:15:00,0.00764,0.00765,0.00761,0.00762,737243.0
2024-01-18 07:30:00,0.00762,0.00764,0.0076,0.0076,449629.0
2024-01-18 07:45:00,0.0076,0.00762,0.00759,0.00761,325406.0
2024-01-18 08:00:00,0.00761,0.00763,0.00757,0.00757,1636693.0
2024-01-18 08:15:00,0.00758,0.0076,0.00754,0.00757,3307186.0
2024-01-18 08:30:00,0.00757,0.00757,0.00753,0.00755,5431694.0
2024-01-18 08:45:00,0.00755,0.00755,0.00753,0.00753,1428814.0
2024-01-18 09:00:00,0.00753,0.00756,0.00752,0.00754,1665207.0
2024-01-18 09:15:00,0.00754,0.00754,0.0075,0.00751,4399688.0
2024-01-18 09:30:00,0.0075,0.00752,0.00748,0.00749,4808002.0
2024-01-18 09:45:00,0.00749,0.00749,0.00744,0.00744,3368617.0
2024-01-18 10:00:00,0.00745,0.00745,0.00741,0.00742,2572076.0
2024-01-18 10:15:00,0.00743,0.00746,0.00743,0.00744,1568703.0
2024-01-18 10:30:00,0.00744,0.00745,0.00737,0.00739,4451931.0
2024-01-18 10:45:00,0.00739,0.0074,0.00733,0.00735,5020219.0
2024-01-18 11:00:00,0.00734,0.0074,0.00734,0.00737,4161199.0
2024-01-18 11:15:00,0.00737,0.00742,0.00737,0.0074,3343935.0
2024-01-18 11:30:00,0.00739,0.0074,0.00736,0.0074,1725293.0
2024-01-18 11:45:00,0.00739,0.00741,0.00738,0.00741,1766201.0
2024-01-18 12:00:00,0.00741,0.00741,0.00735,0.00735,2173992.0
2024-01-18 12:15:00,0.00736,0.00737,0.00724,0.00729,12482334.0
2024-01-18 12:30:00,0.0073,0.00734,0.00729,0.00733,2128080.0
2024-01-18 12:45:00,0.00734,0.00756,0.00728,0.00729,38991477.0
2024-01-18 13:00:00,0.00728,0.00732,0.00722,0.0073,12499332.0
2024-01-18 13:15:00,0.0073,0.00738,0.0073,0.00737,4526100.0
2024-01-18 13:30:00,0.00736,0.00746,0.00736,0.00746,4618939.0
2024-01-18 13:45:00,0.00746,0.00751,0.00743,0.00747,10389043.0
2024-01-18 14:00:00,0.00748,0.00751,0.00744,0.00749,5878005.0
2024-01-18 14:15:00,0.00749,0.00749,0.00745,0.00746,1603489.0
2024-01-18 14:30:00,0.00746,0.00747,0.00742,0.00742,1873970.0
2024-01-18 14:45:00,0.00743,0.00744,0.00741,0.00744,566572.0
2024-01-18 15:00:00,0.00743,0.00744,0.00741,0.00743,1971626.0
2024-01-18 15:15:00,0.00743,0.00743,0.00739,0.0074,2691307.0
2024-01-18 15:30:00,0.0074,0.00751,0.00737,0.0075,5545826.0
2024-01-18 15:45:00,0.00751,0.00756,0.0075,0.00755,3659021.0
2024-01-18 16:00:00,0.00754,0.00756,0.00753,0.00756,1266335.0
2024-01-18 16:15:00,0.00755,0.00757,0.00748,0.0075,4920852.0
2024-01-18 16:30:00,0.00751,0.00753,0.00743,0.00746,4790356.0
2024-01-18 16:45:00,0.00747,0.0075,0.00735,0.00744,5633380.0
2024-01-18 17:00:00,0.00744,0.00745,0.00738,0.0074,2876847.0
2024-01-18 17:15:00,0.00739,0.00746,0.00739,0.00742,3341660.0
2024-01-18 17:30:00,0.00742,0.00743,0.00733,0.00734,4179043.0
2024-01-18 17:45:00,0.00733,0.00734,0.00719,0.00724,14208290.0
2024-01-18 18:00:00,0.00724,0.00728,0.0071,0.00716,10249365.0
2024-01-18 18:15:00,0.00717,0.00728,0.00716,0.00724,4330110.0
2024-01-18 18:30:00,0.00724,0.00729,0.0072,0.00727,1253066.0
2024-01-18 18:45:00,0.00727,0.00728,0.00724,0.00726,2093215.0
2024-01-18 19:00:00,0.00726,0.00728,0.00724,0.00725,2680531.0
2024-01-18 19:15:00,0.00726,0.00729,0.00724,0.00728,503050.0
2024-01-18 19:30:00,0.00728,0.00728,0.00723,0.00724,383638.0
2024-01-18 19:45:00,0.00724,0.00724,0.00706,0.00713,6499109.0
2024-01-18 20:00:00,0.00714,0.00724,0.00713,0.00724,2770012.0
2024-01-18 20:15:00,0.00723,0.00726,0.00719,0.00719,2632905.0
2024-01-18 20:30:00,0.0072,0.00728,0.00718,0.00726,4244780.0
2024-01-18 20:45:00,0.00726,0.00733,0.00726,0.00727,1954747.0
2024-01-18 21:00:00,0.00727,0.00733,0.00726,0.00729,2881395.0
2024-01-18 21:15:00,0.00729,0.00731,0.00725,0.00731,700538.0
2024-01-18 21:30:00,0.00731,0.00732,0.00729,0.0073,871275.0
2024-01-18 21:45:00,0.00731,0.00733,0.00729,0.0073,1637448.0
2024-01-18 22:00:00,0.00729,0.0073,0.00726,0.00728,1748776.0
2024-01-18 22:15:00,0.00728,0.00729,0.00724,0.00726,2636532.0
2024-01-18 22:30:00,0.00726,0.00729,0.00725,0.00728,1589792.0
2024-01-18 22:45:00,0.00728,0.00735,0.00728,0.00734,1313086.0
2024-01-18 23:00:00,0.00733,0.00733,0.00727,0.00729,929949.0
2024-01-18 23:15:00,0.00729,0.00733,0.00729,0.00731,1364133.0
2024-01-18 23:30:00,0.00731,0.00731,0.00727,0.00728,948752.0
2024-01-18 23:45:00,0.00728,0.0073,0.00726,0.00728,1060741.0
2024-01-19 00:00:00,0.00729,0.00738,0.00728,0.00729,9927791.0
2024-01-19 00:15:00,0.00729,0.0073,0.00718,0.00718,5292522.0
2024-01-19 00:30:00,0.00719,0.00728,0.00719,0.00726,1707255.0
2024-01-19 00:45:00,0.00726,0.00727,0.00724,0.00726,620390.0
2024-01-19 01:00:00,0.00726,0.00726,0.00721,0.00723,1897248.0
2024-01-19 01:15:00,0.00722,0.00723,0.00712,0.00713,4627779.0
2024-01-19 01:30:00,0.00713,0.0072,0.00709,0.00719,3164316.0
2024-01-19 01:45:00,0.00719,0.00726,0.00718,0.00722,2765866.0
2024-01-19 02:00:00,0.00722,0.00724,0.00719,0.00722,2878269.0
2024-01-19 02:15:00,0.00722,0.00722,0.00715,0.00717,1558001.0
2024-01-19 02:30:00,0.00716,0.00717,0.00703,0.00704,4868538.0
2024-01-19 02:45:00,0.00705,0.0071,0.00704,0.00705,2372193.0
2024-01-19 03:00:00,0.00705,0.0071,0.00703,0.00705,3534618.0
2024-01-19 03:15:00,0.00705,0.00707,0.00698,0.007,8133775.0
2024-01-19 03:30:00,0.00701,0.0071,0.00696,0.0071,4234778.0
2024-01-19 03:45:00,0.0071,0.00713,0.00707,0.0071,5284489.0
2024-01-19 04:00:00,0.0071,0.00712,0.00708,0.00711,1403506.0
2024-01-19 04:15:00,0.00711,0.00717,0.0071,0.00715,1941948.0
2024-01-19 04:30:00,0.00715,0.00718,0.00713,0.00714,1926912.0
2024-01-19 04:45:00,0.00715,0.00718,0.00714,0.00717,906973.0
2024-01-19 05:00:00,0.00716,0.00721,0.00713,0.0072,1315068.0
2024-01-19 05:15:00,0.0072,0.00721,0.00717,0.0072,887803.0
2024-01-19 05:30:00,0.00721,0.00722,0.00715,0.00717,2401838.0
2024-01-19 05:45:00,0.00717,0.0072,0.00716,0.0072,414593.0
2024-01-19 06:00:00,0.0072,0.00724,0.0072,0.00722,969094.0
2024-01-19 06:15:00,0.00723,0.00725,0.00721,0.00724,1582009.0
2024-01-19 06:30:00,0.00724,0.00727,0.00721,0.00726,904166.0
2024-01-19 06:45:00,0.00726,0.00728,0.00725,0.00725,510693.0
2024-01-19 07:00:00,0.00726,0.00728,0.00724,0.00725,2352780.0
2024-01-19 07:15:00,0.00725,0.00729,0.00725,0.00727,952737.0
2024-01-19 07:30:00,0.00727,0.00731,0.00727,0.00727,3881005.0
2024-01-19 07:45:00,0.00728,0.00728,0.00727,0.00727,2364251.0
2024-01-19 08:00:00,0.00727,0.00728,0.00721,0.00722,1659843.0
2024-01-19 08:15:00,0.00722,0.00723,0.00719,0.0072,792133.0
2024-01-19 08:30:00,0.0072,0.00723,0.00719,0.00719,1681203.0
2024-01-19 08:45:00,0.0072,0.00725,0.0072,0.00724,707291.0
2024-01-19 09:00:00,0.00724,0.00726,0.00723,0.00726,1626863.0
2024-01-19 09:15:00,0.00726,0.00727,0.0072,0.00721,2457205.0
2024-01-19 09:30:00,0.00721,0.00721,0.00716,0.00717,4680403.0
2024-01-19 09:45:00,0.00717,0.00719,0.00714,0.00715,773669.0
2024-01-19 10:00:00,0.00715,0.00718,0.00712,0.00718,1516468.0
2024-01-19 10:15:00,0.00718,0.00722,0.00718,0.0072,8823662.0
2024-01-19 10:30:00,0.00719,0.0072,0.00717,0.00719,2826567.0
2024-01-19 10:45:00,0.0072,0.00723,0.00718,0.00722,3089035.0
2024-01-19 11:00:00,0.00722,0.00728,0.00719,0.00728,2926798.0
2024-01-19 11:15:00,0.00728,0.0073,0.00728,0.00729,2441370.0
2024-01-19 11:30:00,0.00729,0.00731,0.00727,0.0073,1647951.0
2024-01-19 11:45:00,0.00729,0.0073,0.00727,0.00728,1431612.0
2024-01-19 12:00:00,0.00728,0.00728,0.00722,0.00722,1663570.0
2024-01-19 12:15:00,0.00722,0.00723,0.0072,0.0072,610246.0
2024-01-19 12:30:00,0.0072,0.00722,0.00719,0.00719,3383653.0
2024-01-19 12:45:00,0.00719,0.0072,0.00717,0.00717,7965924.0
2024-01-19 13:00:00,0.00717,0.00718,0.00715,0.00716,1025216.0
2024-01-19 13:15:00,0.00716,0.00718,0.00714,0.00717,887465.0
2024-01-19 13:30:00,0.00717,0.00717,0.00713,0.00713,1924456.0
2024-01-19 13:45:00,0.00713,0.00716,0.00712,0.00716,1861401.0
2024-01-19 14:00:00,0.00715,0.00716,0.0071,0.00711,1582805.0
2024-01-19 14:15:00,0.00712,0.00713,0.00706,0.00706,10009705.0
2024-01-19 14:30:00,0.00707,0.0071,0.00706,0.00708,2043382.0
2024-01-19 14:45:00,0.00708,0.00714,0.00705,0.00712,2750855.0
2024-01-19 15:00:00,0.00713,0.00714,0.00706,0.00709,3461348.0
2024-01-19 15:15:00,0.00708,0.00714,0.00702,0.00703,2930807.0
2024-01-19 15:30:00,0.00704,0.00709,0.00704,0.00705,3236474.0
2024-01-19 15:45:00,0.00705,0.00706,0.00701,0.00703,5667697.0
2024-01-19 16:00:00,0.00703,0.00707,0.00695,0.00699,7537545.0
2024-01-19 16:15:00,0.00699,0.00701,0.00691,0.00696,6935950.0
2024-01-19 16:30:00,0.00696,0.00696,0.00677,0.0068,18442795.0
2024-01-19 16:45:00,0.0068,0.00691,0.0068,0.00683,7646582.0
2024-01-19 17:00:00,0.00683,0.00687,0.00679,0.00687,6295751.0
2024-01-19 17:15:00,0.00687,0.007,0.00686,0.00694,15824704.0
2024-01-19 17:30:00,0.00694,0.00701,0.00691,0.00696,3338655.0
2024-01-19 17:45:00,0.00696,0.00699,0.00693,0.00698,6477615.0
2024-01-19 18:00:00,0.00698,0.007,0.00694,0.00697,3912977.0
2024-01-19 18:15:00,0.00697,0.00703,0.00693,0.00703,3939128.0
2024-01-19 18:30:00,0.00702,0.00705,0.00701,0.00702,2074899.0
2024-01-19 18:45:00,0.00702,0.00744,0.00702,0.00734,94114709.0
2024-01-19 19:00:00,0.00735,0.00742,0.00734,0.00736,13219181.0
2024-01-19 19:15:00,0.00736,0.00748,0.00733,0.00739,25612568.0
2024-01-19 19:30:00,0.00739,0.00739,0.00735,0.00736,4532136.0
2024-01-19 19:45:00,0.00736,0.00738,0.00731,0.00733,5210803.0
2024-01-19 20:00:00,0.00733,0.00736,0.00729,0.00734,8791319.0
2024-01-19 20:15:00,0.00734,0.00734,0.00727,0.00729,5384459.0
2024-01-19 20:30:00,0.00729,0.0073,0.00726,0.00727,2994156.0
2024-01-19 20:45:00,0.00727,0.00728,0.00722,0.00722,1386248.0
2024-01-19 21:00:00,0.00722,0.00724,0.00721,0.00722,1329169.0
2024-01-19 21:15:00,0.00721,0.00722,0.00717,0.00717,3002605.0
2024-01-19 21:30:00,0.00718,0.00728,0.00717,0.00725,9218982.0
2024-01-19 21:45:00,0.00725,0.00729,0.00723,0.00728,776429.0
2024-01-19 22:00:00,0.00726,0.00732,0.00724,0.00729,1138344.0
2024-01-19 22:15:00,0.00729,0.00731,0.00726,0.0073,1604415.0
2024-01-19 22:30:00,0.0073,0.00733,0.00729,0.0073,2046282.0
2024-01-19 22:45:00,0.00729,0.0073,0.00727,0.0073,1666378.0
2024-01-19 23:00:00,0.00729,0.00731,0.00726,0.00731,880005.0
2024-01-19 23:15:00,0.00731,0.00731,0.00725,0.00726,1283370.0
2024-01-19 23:30:00,0.00726,0.00728,0.00725,0.00726,674768.0
2024-01-19 23:45:00,0.00725,0.00727,0.00723,0.00726,1072066.0
2024-01-20 00:00:00,0.00726,0.00726,0.0072,0.0072,2080457.0
2024-01-20 00:15:00,0.0072,0.00728,0.00719,0.00726,6587906.0
2024-01-20 00:30:00,0.00725,0.0073,0.00725,0.00726,919763.0
2024-01-20 00:45:00,0.00727,0.00728,0.00722,0.00724,579311.0
2024-01-20 01:00:00,0.00724,0.00728,0.00721,0.00725,3991082.0
2024-01-20 01:15:00,0.00726,0.00734,0.00726,0.00734,1108406.0
2024-01-20 01:30:00,0.00733,0.00749,0.00732,0.0074,9974926.0
2024-01-20 01:45:00,0.0074,0.0074,0.00736,0.00737,2379928.0
2024-01-20 02:00:00,0.00738,0.00739,0.00727,0.00729,7331142.0
2024-01-20 02:15:00,0.00729,0.0073,0.00728,0.00728,1350442.0
2024-01-20 02:30:00,0.00729,0.00729,0.00726,0.00728,5492938.0
2024-01-20 02:45:00,0.00728,0.00728,0.00725,0.00726,1695584.0
2024-01-20 03:00:00,0.00726,0.00727,0.00723,0.00725,2209695.0
2024-01-20 03:15:00,0.00726,0.00726,0.00722,0.00724,2288368.0
2024-01-20 03:30:00,0.00724,0.00725,0.00722,0.00723,843945.0
2024-01-20 03:45:00,0.00723,0.00725,0.0072,0.00723,3419282.0
2024-01-20 04:00:00,0.00723,0.00725,0.00718,0.00723,7564642.0
2024-01-20 04:15:00,0.00724,0.00727,0.00722,0.00725,4172054.0
2024-01-20 04:30:00,0.00724,0.00727,0.00722,0.00726,4728716.0
2024-01-20 04:45:00,0.00726,0.00729,0.00725,0.00726,1042444.0
2024-01-20 05:00:00,0.00725,0.00726,0.00723,0.00723,2586424.0
2024-01-20 05:15:00,0.00724,0.00725,0.00721,0.00723,5120903.0
2024-01-20 05:30:00,0.00723,0.00724,0.00718,0.00718,1855298.0
2024-01-20 05:45:00,0.00718,0.00721,0.00718,0.00718,2959559.0
2024-01-20 06:00:00,0.00718,0.0072,0.00717,0.00718,1341468.0
2024-01-20 06:15:00,0.00718,0.00721,0.00718,0.00718,2789046.0
2024-01-20 06:30:00,0.00718,0.00718,0.00715,0.00718,3324729.0
2024-01-20 06:45:00,0.00718,0.00722,0.00718,0.00721,1926512.0
2024-01-20 07:00:00,0.00721,0.00723,0.00721,0.00722,2443562.0
2024-01-20 07:15:00,0.00722,0.00722,0.00719,0.00721,2441119.0
2024-01-20 07:30:00,0.00721,0.00721,0.00717,0.00719,1240331.0
2024-01-20 07:45:00,0.00718,0.00718,0.00714,0.00716,1762199.0
2024-01-20 08:00:00,0.00716,0.0073,0.00716,0.00728,16319502.0
2024-01-20 08:15:00,0.00728,0.00736,0.00728,0.00732,13785795.0
2024-01-20 08:30:00,0.00731,0.00731,0.00725,0.00728,4859769.0
2024-01-20 08:45:00,0.00727,0.0073,0.00727,0.00727,2027858.0
2024-01-20 09:00:00,0.00728,0.0073,0.00717,0.00719,10850772.0
2024-01-20 09:15:00,0.00719,0.0072,0.00716,0.00719,10024421.0
2024-01-20 09:30:00,0.0072,0.00738,0.00719,0.00732,38623826.0
2024-01-20 09:45:00,0.00732,0.00732,0.00723,0.00728,6869606.0
2024-01-20 10:00:00,0.00727,0.00749,0.00727,0.0074,31862914.0
2024-01-20 10:15:00,0.0074,0.00743,0.00737,0.00739,3997450.0
2024-01-20 10:30:00,0.00739,0.00747,0.00739,0.00744,3344092.0
2024-01-20 10:45:00,0.00744,0.0075,0.00743,0.00747,10367854.0
2024-01-20 11:00:00,0.00747,0.00749,0.00739,0.00742,9185093.0
2024-01-20 11:15:00,0.00742,0.00743,0.00739,0.00741,698008.0
2024-01-20 11:30:00,0.00742,0.00743,0.00739,0.00739,1676772.0
2024-01-20 11:45:00,0.00739,0.00745,0.00739,0.00745,1735596.0
2024-01-20 12:00:00,0.00745,0.00751,0.00742,0.00748,2724073.0
2024-01-20 12:15:00,0.00749,0.00758,0.00749,0.00757,8691168.0
2024-01-20 12:30:00,0.00757,0.0076,0.00747,0.00749,10834077.0
2024-01-20 12:45:00,0.00749,0.00757,0.00749,0.00751,3168966.0
2024-01-20 13:00:00,0.00751,0.00759,0.00748,0.00757,6389321.0
2024-01-20 13:15:00,0.00757,0.0077,0.00757,0.00765,9529922.0
2024-01-20 13:30:00,0.00765,0.00768,0.00756,0.00758,7680238.0
2024-01-20 13:45:00,0.00757,0.0076,0.00756,0.0076,3229252.0
2024-01-20 14:00:00,0.00759,0.00761,0.00751,0.00752,3303394.0
2024-01-20 14:15:00,0.00753,0.00754,0.00747,0.00751,7329026.0
2024-01-20 14:30:00,0.00751,0.00756,0.00749,0.00751,3309758.0
2024-01-20 14:45:00,0.00751,0.00757,0.00751,0.00755,1862908.0
2024-01-20 15:00:00,0.00755,0.00756,0.0075,0.00753,4449185.0
2024-01-20 15:15:00,0.00752,0.00764,0.00751,0.00758,5417284.0
2024-01-20 15:30:00,0.00759,0.0076,0.00755,0.00758,4093555.0
2024-01-20 15:45:00,0.00758,0.00758,0.00751,0.00753,5853480.0
2024-01-20 16:00:00,0.00751,0.00754,0.0075,0.00752,1499104.0
2024-01-20 16:15:00,0.00752,0.00756,0.00752,0.00755,2444355.0
2024-01-20 16:30:00,0.00755,0.00759,0.0075,0.0075,5263030.0
2024-01-20 16:45:00,0.0075,0.00755,0.00748,0.00749,1906624.0
2024-01-20 17:00:00,0.00749,0.00752,0.00747,0.00749,1916216.0
2024-01-20 17:15:00,0.00749,0.00752,0.00748,0.0075,1400710.0
2024-01-20 17:30:00,0.0075,0.0075,0.00743,0.00744,5064201.0
2024-01-20 17:45:00,0.00744,0.0075,0.00744,0.00748,1400671.0
2024-01-20 18:00:00,0.00748,0.00748,0.00724,0.0073,20982523.0
2024-01-20 18:15:00,0.00729,0.00731,0.00727,0.0073,6225080.0
2024-01-20 18:30:00,0.0073,0.00733,0.00728,0.00728,5042413.0
2024-01-20 18:45:00,0.00729,0.0073,0.00726,0.00728,4196874.0
2024-01-20 19:00:00,0.00728,0.00731,0.00728,0.00729,1605726.0
2024-01-20 19:15:00,0.00729,0.00732,0.00727,0.00728,1938918.0
2024-01-20 19:30:00,0.00729,0.0073,0.00727,0.00727,1861224.0
2024-01-20 19:45:00,0.00728,0.00731,0.00728,0.00729,827003.0
2024-01-20 20:00:00,0.00729,0.00731,0.00727,0.00729,2176602.0
2024-01-20 20:15:00,0.00729,0.00733,0.00729,0.00733,2614462.0
2024-01-20 20:30:00,0.00732,0.00734,0.00731,0.00732,1970652.0
2024-01-20 20:45:00,0.00733,0.00733,0.00729,0.0073,2630373.0
2024-01-20 21:00:00,0.0073,0.00736,0.0073,0.00736,1520199.0
2024-01-20 21:15:00,0.00736,0.00736,0.00732,0.00732,1420677.0
2024-01-20 21:30:00,0.00733,0.00737,0.00733,0.00733,1746520.0
2024-01-20 21:45:00,0.00733,0.00735,0.00731,0.00732,738612.0
2024-01-20 22:00:00,0.00731,0.00735,0.00731,0.00735,971168.0
2024-01-20 22:15:00,0.00735,0.00736,0.00734,0.00735,1196036.0
2024-01-20 22:30:00,0.00735,0.00736,0.00733,0.00734,369214.0
2024-01-20 22:45:00,0.00734,0.00736,0.00733,0.00735,1298999.0
2024-01-20 23:00:00,0.00735,0.00735,0.00732,0.00732,1461967.0
2024-01-20 23:15:00,0.00733,0.00735,0.00732,0.00732,2197098.0
2024-01-20 23:30:00,0.00732,0.00733,0.0073,0.00732,563858.0
2024-01-20 23:45:00,0.00732,0.00733,0.00729,0.00733,2241419.0
2024-01-21 00:00:00,0.00733,0.00733,0.0073,0.00732,2293524.0
2024-01-21 00:15:00,0.00732,0.00733,0.00728,0.00732,1273051.0
2024-01-21 00:30:00,0.00731,0.00731,0.00727,0.00727,2664597.0
2024-01-21 00:45:00,0.00728,0.00731,0.00724,0.00725,3678910.0
2024-01-21 01:00:00,0.00725,0.0073,0.00725,0.00729,740637.0
2024-01-21 01:15:00,0.00729,0.00731,0.00728,0.00729,2762391.0
2024-01-21 01:30:00,0.0073,0.00734,0.00727,0.0073,3162743.0
2024-01-21 01:45:00,0.00731,0.00731,0.00728,0.00729,2751640.0
2024-01-21 02:00:00,0.0073,0.00733,0.00729,0.00729,1587884.0
2024-01-21 02:15:00,0.00729,0.00734,0.00729,0.00733,1066076.0
2024-01-21 02:30:00,0.00733,0.00733,0.00731,0.00733,1117256.0
2024-01-21 02:45:00,0.00734,0.00736,0.00732,0.00736,1074964.0
2024-01-21 03:00:00,0.00736,0.00739,0.00736,0.00737,2755868.0
2024-01-21 03:15:00,0.00737,0.0074,0.00737,0.00739,1284310.0
2024-01-21 03:30:00,0.00739,0.00739,0.00735,0.00736,1524074.0
2024-01-21 03:45:00,0.00736,0.00738,0.00735,0.00736,1744040.0
2024-01-21 04:00:00,0.00736,0.00736,0.00733,0.00734,380310.0
2024-01-21 04:15:00,0.00734,0.00735,0.00734,0.00735,560578.0
2024-01-21 04:30:00,0.00734,0.00736,0.00733,0.00735,586390.0
2024-01-21 04:45:00,0.00734,0.00737,0.00734,0.00736,1428760.0
2024-01-21 05:00:00,0.00736,0.00738,0.00735,0.00735,1638222.0
2024-01-21 05:15:00,0.00734,0.00738,0.00733,0.00737,1323189.0
2024-01-21 05:30:00,0.00737,0.00738,0.00735,0.00735,1438708.0
2024-01-21 05:45:00,0.00735,0.00735,0.00733,0.00734,1642423.0
2024-01-21 06:00:00,0.00734,0.00737,0.00734,0.00736,2089436.0
2024-01-21 06:15:00,0.00736,0.00736,0.0073,0.00735,3138267.0
2024-01-21 06:30:00,0.00734,0.00735,0.00732,0.00734,1507084.0
2024-01-21 06:45:00,0.00734,0.00735,0.00732,0.00733,1673368.0
2024-01-21 07:00:00,0.00733,0.00735,0.00732,0.00733,598423.0
2024-01-21 07:15:00,0.00732,0.00737,0.00732,0.00736,2970379.0
2024-01-21 07:30:00,0.00736,0.00737,0.00735,0.00737,1061668.0
2024-01-21 07:45:00,0.00737,0.00737,0.00735,0.00736,1461920.0
2024-01-21 08:00:00,0.00736,0.00737,0.00733,0.00737,1777396.0
2024-01-21 08:15:00,0.00737,0.00739,0.00737,0.00738,1145691.0
2024-01-21 08:30:00,0.00737,0.00737,0.00734,0.00734,2059680.0
2024-01-21 08:45:00,0.00734,0.00735,0.00732,0.00733,1103621.0
2024-01-21 09:00:00,0.00733,0.00738,0.00733,0.00738,1476545.0
2024-01-21 09:15:00,0.00737,0.00739,0.00735,0.00736,2718813.0
2024-01-21 09:30:00,0.00735,0.00738,0.00735,0.00737,592030.0
2024-01-21 09:45:00,0.00737,0.00737,0.00735,0.00736,2134890.0
2024-01-21 10:00:00,0.00737,0.00738,0.00736,0.00737,1091181.0
2024-01-21 10:15:00,0.00738,0.00745,0.00738,0.00745,2065168.0
2024-01-21 10:30:00,0.00744,0.00744,0.00739,0.0074,3076553.0
2024-01-21 10:45:00,0.00741,0.00743,0.00741,0.00742,1711200.0
2024-01-21 11:00:00,0.00742,0.00744,0.00738,0.00743,5771595.0
2024-01-21 11:15:00,0.00743,0.00743,0.00741,0.00741,920250.0
2024-01-21 11:30:00,0.0074,0.00741,0.00739,0.0074,557040.0
2024-01-21 11:45:00,0.0074,0.0074,0.00738,0.00739,1029623.0
2024-01-21 12:00:00,0.00739,0.00743,0.00739,0.00741,2321960.0
2024-01-21 12:15:00,0.00741,0.00741,0.00738,0.00738,1638645.0
2024-01-21 12:30:00,0.00739,0.00743,0.00738,0.00743,1126583.0
2024-01-21 12:45:00,0.00743,0.00744,0.00741,0.00744,2171120.0
2024-01-21 13:00:00,0.00744,0.00746,0.00743,0.00745,1644499.0
2024-01-21 13:15:00,0.00745,0.00745,0.00742,0.00743,560446.0
2024-01-21 13:30:00,0.00743,0.00745,0.00742,0.00742,1931769.0
2024-01-21 13:45:00,0.00743,0.00744,0.00742,0.00744,1713325.0
2024-01-21 14:00:00,0.00744,0.00747,0.00742,0.00747,4572173.0
2024-01-21 14:15:00,0.00747,0.00748,0.00744,0.00747,12683137.0
2024-01-21 14:30:00,0.00747,0.00747,0.00746,0.00746,769289.0
2024-01-21 14:45:00,0.00747,0.0075,0.00747,0.00748,2137238.0
2024-01-21 15:00:00,0.00747,0.0075,0.00747,0.00749,636437.0
2024-01-21 15:15:00,0.00749,0.00752,0.00746,0.00751,7384759.0
2024-01-21 15:30:00,0.00751,0.00753,0.00746,0.0075,4634979.0
2024-01-21 15:45:00,0.00749,0.00755,0.00749,0.00751,1477365.0
2024-01-21 16:00:00,0.00751,0.00756,0.00751,0.00755,1812228.0
2024-01-21 16:15:00,0.00755,0.00756,0.00746,0.00747,5548603.0
2024-01-21 16:30:00,0.00747,0.00751,0.00744,0.00748,4194773.0
2024-01-21 16:45:00,0.00748,0.00749,0.00744,0.00744,1655180.0
2024-01-21 17:00:00,0.00745,0.00748,0.00745,0.00745,1382234.0
2024-01-21 17:15:00,0.00745,0.00746,0.00744,0.00745,2045729.0
2024-01-21 17:30:00,0.00745,0.00745,0.00742,0.00745,6232784.0
2024-01-21 17:45:00,0.00746,0.00749,0.00746,0.00747,770303.0
2024-01-21 18:00:00,0.00747,0.00749,0.00746,0.00748,1198123.0
2024-01-21 18:15:00,0.00747,0.00749,0.00746,0.00746,1228636.0
2024-01-21 18:30:00,0.00747,0.00748,0.00745,0.00745,1479565.0
2024-01-21 18:45:00,0.00745,0.00745,0.00742,0.00745,1627805.0
2024-01-21 19:00:00,0.00744,0.00745,0.00743,0.00743,337631.0
2024-01-21 19:15:00,0.00744,0.00747,0.00744,0.00747,328710.0
2024-01-21 19:30:00,0.00748,0.00751,0.00747,0.00749,1091738.0
2024-01-21 19:45:00,0.00749,0.00749,0.00745,0.00747,541321.0
2024-01-21 20:00:00,0.00747,0.00747,0.00745,0.00746,847285.0
2024-01-21 20:15:00,0.00746,0.00746,0.00742,0.00742,498236.0
2024-01-21 20:30:00,0.00742,0.00745,0.00742,0.00744,1570551.0
2024-01-21 20:45:00,0.00745,0.00746,0.00737,0.00739,6424330.0
2024-01-21 21:00:00,0.00739,0.00741,0.00737,0.00738,4646872.0
2024-01-21 21:15:00,0.00739,0.00741,0.00738,0.0074,638819.0
2024-01-21 21:30:00,0.00738,0.00738,0.00736,0.00737,741239.0
2024-01-21 21:45:00,0.00737,0.00742,0.00736,0.00742,935954.0
2024-01-21 22:00:00,0.00742,0.00742,0.00738,0.00739,1248128.0
2024-01-21 22:15:00,0.00739,0.00739,0.00736,0.00737,1774731.0
2024-01-21 22:30:00,0.00737,0.0074,0.00737,0.00739,1511646.0
2024-01-21 22:45:00,0.00738,0.00738,0.00733,0.00735,2852227.0
2024-01-21 23:00:00,0.00735,0.00737,0.00732,0.00734,1530156.0
2024-01-21 23:15:00,0.00735,0.00737,0.00733,0.00735,1689503.0
2024-01-21 23:30:00,0.00735,0.00737,0.00734,0.00735,842099.0
2024-01-21 23:45:00,0.00735,0.00737,0.00731,0.00733,1482213.0
2024-01-22 00:00:00,0.00733,0.0074,0.00732,0.0074,3374417.0
2024-01-22 00:15:00,0.0074,0.00741,0.00731,0.00734,4273001.0
2024-01-22 00:30:00,0.00735,0.00737,0.00731,0.00736,3131225.0
2024-01-22 00:45:00,0.00736,0.0074,0.00733,0.00736,1303488.0
2024-01-22 01:00:00,0.00736,0.00738,0.00727,0.00732,2677077.0
2024-01-22 01:15:00,0.00731,0.00733,0.00722,0.00726,6957214.0
2024-01-22 01:30:00,0.00725,0.0073,0.00723,0.00729,3292835.0
2024-01-22 01:45:00,0.00729,0.00732,0.00723,0.00725,3913905.0
2024-01-22 02:00:00,0.00724,0.00728,0.00723,0.00723,2594854.0
2024-01-22 02:15:00,0.00723,0.00728,0.00721,0.00723,3217824.0
2024-01-22 02:30:00,0.00723,0.00724,0.00717,0.0072,3099345.0
2024-01-22 02:45:00,0.0072,0.00729,0.00715,0.00729,35959640.0
2024-01-22 03:00:00,0.0073,0.00741,0.00729,0.00732,9208399.0
2024-01-22 03:15:00,0.00733,0.00735,0.00728,0.00732,4543777.0
2024-01-22 03:30:00,0.00731,0.00732,0.00726,0.0073,2184591.0
2024-01-22 03:45:00,0.00731,0.00733,0.00729,0.00729,1634926.0
2024-01-22 04:00:00,0.0073,0.00734,0.00727,0.0073,2925884.0
2024-01-22 04:15:00,0.00729,0.00732,0.00729,0.00731,2012286.0
2024-01-22 04:30:00,0.00731,0.00735,0.0073,0.00734,3588383.0
2024-01-22 04:45:00,0.00734,0.00734,0.00729,0.00729,2734670.0
2024-01-22 05:00:00,0.00729,0.00735,0.00724,0.00733,3577359.0
2024-01-22 05:15:00,0.00734,0.00739,0.00734,0.00736,5179779.0
2024-01-22 05:30:00,0.00735,0.00737,0.00735,0.00736,545152.0
2024-01-22 05:45:00,0.00737,0.00738,0.00736,0.00738,1349824.0
2024-01-22 06:00:00,0.00737,0.00738,0.00732,0.00734,1813007.0
2024-01-22 06:15:00,0.00734,0.00749,0.00732,0.00746,27905703.0
2024-01-22 06:30:00,0.00745,0.0076,0.00743,0.00756,18435959.0
2024-01-22 06:45:00,0.00756,0.00758,0.00746,0.00755,11220905.0
2024-01-22 07:00:00,0.00754,0.00762,0.00749,0.00755,20726254.0
2024-01-22 07:15:00,0.00755,0.00764,0.00753,0.00757,20918594.0
2024-01-22 07:30:00,0.00757,0.00773,0.00753,0.0077,31125856.0
2024-01-22 07:45:00,0.0077,0.00782,0.0076,0.00768,33951780.0
2024-01-22 08:00:00,0.00768,0.00785,0.00763,0.00774,31802810.0
2024-01-22 08:15:00,0.00774,0.00776,0.00765,0.00771,22331835.0
2024-01-22 08:30:00,0.00772,0.00773,0.00754,0.00757,19192084.0
2024-01-22 08:45:00,0.00757,0.00766,0.00754,0.00762,19040989.0
2024-01-22 09:00:00,0.00762,0.00768,0.00759,0.00762,9759456.0
2024-01-22 09:15:00,0.00762,0.008,0.00761,0.008,72775068.0
2024-01-22 09:30:00,0.00799,0.00856,0.00797,0.00834,237316471.0
2024-01-22 09:45:00,0.00833,0.00834,0.00788,0.00805,115066460.0
2024-01-22 10:00:00,0.00805,0.00813,0.00769,0.00778,137906522.0
2024-01-22 10:15:00,0.00777,0.00787,0.0077,0.00777,42602708.0
2024-01-22 10:30:00,0.00777,0.00795,0.00777,0.00784,35736858.0
2024-01-22 10:45:00,0.00784,0.00789,0.00773,0.00781,27371645.0
2024-01-22 11:00:00,0.00781,0.00781,0.00762,0.00772,37149709.0
2024-01-22 11:15:00,0.00771,0.00774,0.00765,0.00771,15469743.0
2024-01-22 11:30:00,0.00772,0.00773,0.00765,0.00768,12464424.0
2024-01-22 11:45:00,0.00768,0.00776,0.00766,0.00773,18590181.0
2024-01-22 12:00:00,0.00774,0.00795,0.00768,0.00784,57784953.0
2024-01-22 12:15:00,0.00785,0.00797,0.00782,0.00784,36645401.0
2024-01-22 12:30:00,0.00784,0.008,0.00776,0.00797,62692881.0
2024-01-22 12:45:00,0.00796,0.00801,0.00783,0.00788,38764647.0
2024-01-22 13:00:00,0.00788,0.00796,0.00781,0.00794,20011751.0
2024-01-22 13:15:00,0.00794,0.00812,0.00791,0.0081,59598931.0
2024-01-22 13:30:00,0.00811,0.00815,0.00794,0.00797,27671883.0
2024-01-22 13:45:00,0.00797,0.00809,0.00796,0.00803,27476856.0
2024-01-22 14:00:00,0.00803,0.00803,0.00781,0.00784,35863843.0
2024-01-22 14:15:00,0.00784,0.008,0.00783,0.00792,26631501.0
2024-01-22 14:30:00,0.00792,0.00816,0.00791,0.00804,33956023.0
2024-01-22 14:45:00,0.00805,0.00807,0.00785,0.00793,45031927.0
2024-01-22 15:00:00,0.00793,0.00795,0.00771,0.00778,33120503.0
2024-01-22 15:15:00,0.00779,0.00783,0.00762,0.00769,33306783.0
2024-01-22 15:30:00,0.00769,0.0078,0.00767,0.00777,15220751.0
2024-01-22 15:45:00,0.00777,0.00784,0.00767,0.00781,19870530.0
2024-01-22 16:00:00,0.00781,0.00787,0.00771,0.00776,16288741.0
2024-01-22 16:15:00,0.00776,0.00795,0.00775,0.00788,21345562.0
2024-01-22 16:30:00,0.00788,0.00794,0.00783,0.00793,19116755.0
2024-01-22 16:45:00,0.00793,0.00808,0.00791,0.00801,46231458.0
2024-01-22 17:00:00,0.008,0.00801,0.00789,0.00791,13988669.0
2024-01-22 17:15:00,0.00791,0.00797,0.00784,0.00786,9190586.0
2024-01-22 17:30:00,0.00786,0.00799,0.00781,0.00797,9867097.0
2024-01-22 17:45:00,0.00797,0.00807,0.00794,0.00799,28567395.0
2024-01-22 18:00:00,0.00799,0.00799,0.0079,0.00793,7083114.0
2024-01-22 18:15:00,0.00794,0.00796,0.00784,0.00791,20349365.0
2024-01-22 18:30:00,0.00792,0.00797,0.00782,0.00784,7997644.0
2024-01-22 18:45:00,0.00785,0.00789,0.00776,0.00785,15555118.0
2024-01-22 19:00:00,0.00786,0.00794,0.00781,0.00783,19818847.0
2024-01-22 19:15:00,0.00782,0.00789,0.00775,0.00781,31811040.0
2024-01-22 19:30:00,0.00781,0.00787,0.00768,0.00775,18107881.0
2024-01-22 19:45:00,0.00774,0.00786,0.00771,0.00784,18291582.0
2024-01-22 20:00:00,0.00783,0.0079,0.00782,0.00784,6956836.0
2024-01-22 20:15:00,0.00784,0.00795,0.00783,0.00792,8053643.0
2024-01-22 20:30:00,0.00792,0.00794,0.00786,0.00789,7713118.0
2024-01-22 20:45:00,0.00788,0.00792,0.00783,0.00785,6299009.0
2024-01-22 21:00:00,0.00786,0.0079,0.00782,0.00789,6015156.0
2024-01-22 21:15:00,0.00789,0.00794,0.00789,0.00792,3920981.0
2024-01-22 21:30:00,0.00792,0.00793,0.00781,0.00783,5098490.0
2024-01-22 21:45:00,0.00783,0.00788,0.00772,0.00776,9824129.0
2024-01-22 22:00:00,0.00776,0.00779,0.0077,0.00772,8303137.0
2024-01-22 22:15:00,0.00772,0.00773,0.00756,0.00759,15141648.0
2024-01-22 22:30:00,0.00759,0.00763,0.00752,0.00754,11036661.0
2024-01-22 22:45:00,0.00754,0.00764,0.00747,0.00757,12805048.0
2024-01-22 23:00:00,0.00757,0.00763,0.00753,0.00754,5990936.0
2024-01-22 23:15:00,0.00754,0.00756,0.00751,0.00753,3657301.0
2024-01-22 23:30:00,0.00753,0.00756,0.0074,0.00744,11408748.0
2024-01-22 23:45:00,0.00744,0.00746,0.00735,0.00741,9481753.0
2024-01-23 00:00:00,0.0074,0.00746,0.00735,0.00738,6365190.0
2024-01-23 00:15:00,0.00738,0.00744,0.0073,0.00731,7526967.0
2024-01-23 00:30:00,0.00732,0.00736,0.00717,0.00723,16307740.0
2024-01-23 00:45:00,0.00723,0.00734,0.00719,0.0073,21674034.0
2024-01-23 01:00:00,0.00731,0.00738,0.0073,0.00735,1837580.0
2024-01-23 01:15:00,0.00736,0.00738,0.00727,0.0073,2521154.0
2024-01-23 01:30:00,0.0073,0.0073,0.00718,0.00719,7501319.0
2024-01-23 01:45:00,0.00719,0.00731,0.00715,0.00728,17048314.0
2024-01-23 02:00:00,0.00728,0.00733,0.00723,0.00728,4183736.0
2024-01-23 02:15:00,0.00728,0.0073,0.00724,0.0073,3882661.0
2024-01-23 02:30:00,0.00729,0.00731,0.00726,0.00731,3547939.0
2024-01-23 02:45:00,0.00731,0.00744,0.00731,0.00741,7493066.0
2024-01-23 03:00:00,0.00742,0.00749,0.00738,0.00739,11282931.0
2024-01-23 03:15:00,0.0074,0.00741,0.00732,0.00733,3792749.0
2024-01-23 03:30:00,0.00733,0.00746,0.00732,0.00741,8095661.0
2024-01-23 03:45:00,0.00741,0.00742,0.00736,0.00739,4236718.0
2024-01-23 04:00:00,0.00739,0.00753,0.00739,0.00749,12009032.0
2024-01-23 04:15:00,0.00749,0.00753,0.00747,0.00748,4858209.0
2024-01-23 04:30:00,0.00748,0.00749,0.00744,0.00745,3174446.0
2024-01-23 04:45:00,0.00746,0.00746,0.00732,0.00735,13754231.0
2024-01-23 05:00:00,0.00736,0.00738,0.00734,0.00736,9428472.0
2024-01-23 05:15:00,0.00736,0.00737,0.00733,0.00734,3029971.0
2024-01-23 05:30:00,0.00735,0.00736,0.00725,0.0073,11944482.0
2024-01-23 05:45:00,0.0073,0.0073,0.00725,0.00727,4342870.0
2024-01-23 06:00:00,0.00727,0.0073,0.00724,0.00724,3262674.0
2024-01-23 06:15:00,0.00724,0.00725,0.00721,0.00724,2519043.0
2024-01-23 06:30:00,0.00724,0.00725,0.0072,0.00722,2142933.0
2024-01-23 06:45:00,0.00722,0.00724,0.0072,0.00723,1808256.0
2024-01-23 07:00:00,0.00723,0.00725,0.00718,0.0072,9759617.0
2024-01-23 07:15:00,0.0072,0.00721,0.00712,0.00714,8151596.0
2024-01-23 07:30:00,0.00714,0.00718,0.00707,0.00711,6193008.0
2024-01-23 07:45:00,0.00711,0.00711,0.00703,0.00707,6505305.0
2024-01-23 08:00:00,0.00707,0.00709,0.00694,0.00697,10597842.0
2024-01-23 08:15:00,0.00697,0.00701,0.00692,0.00697,10575057.0
2024-01-23 08:30:00,0.00698,0.00701,0.00692,0.00699,8981292.0
2024-01-23 08:45:00,0.007,0.00705,0.00692,0.00703,11412239.0
2024-01-23 09:00:00,0.00702,0.00707,0.00694,0.00695,11147187.0
2024-01-23 09:15:00,0.00696,0.00702,0.00677,0.00677,13347181.0
2024-01-23 09:30:00,0.00678,0.00701,0.00678,0.00699,18449903.0
2024-01-23 09:45:00,0.00701,0.00713,0.00696,0.00698,11922227.0
2024-01-23 10:00:00,0.00699,0.00707,0.00699,0.00707,4482875.0
2024-01-23 10:15:00,0.00707,0.00712,0.00704,0.00709,4155910.0
2024-01-23 10:30:00,0.00709,0.0071,0.00702,0.00706,6562372.0
2024-01-23 10:45:00,0.00706,0.0071,0.00701,0.00702,4217997.0
2024-01-23 11:00:00,0.00701,0.00711,0.00699,0.00706,8407291.0
2024-01-23 11:15:00,0.00705,0.00706,0.00699,0.007,5962691.0
2024-01-23 11:30:00,0.00701,0.00705,0.00696,0.007,6027393.0
2024-01-23 11:45:00,0.00699,0.00707,0.00699,0.00703,6471043.0
2024-01-23 12:00:00,0.00702,0.00706,0.00699,0.00701,7003511.0
2024-01-23 12:15:00,0.007,0.00703,0.00696,0.00702,3072451.0
2024-01-23 12:30:00,0.00702,0.00703,0.00697,0.007,5451427.0
2024-01-23 12:45:00,0.00699,0.00701,0.00696,0.00698,4253174.0
2024-01-23 13:00:00,0.00699,0.00699,0.00691,0.00692,6287744.0
2024-01-23 13:15:00,0.00692,0.00693,0.0069,0.00691,1831500.0
2024-01-23 13:30:00,0.00691,0.00698,0.00691,0.00696,2376242.0
2024-01-23 13:45:00,0.00696,0.00696,0.00686,0.00688,5192988.0
2024-01-23 14:00:00,0.00687,0.00689,0.00681,0.00688,6869481.0
2024-01-23 14:15:00,0.00687,0.00701,0.00687,0.00697,12079915.0
2024-01-23 14:30:00,0.00697,0.00705,0.00695,0.00704,4665209.0
2024-01-23 14:45:00,0.00704,0.00708,0.00701,0.00707,4878796.0
2024-01-23 15:00:00,0.00706,0.00716,0.00706,0.00714,4649746.0
2024-01-23 15:15:00,0.00714,0.00717,0.00709,0.00715,5605527.0
2024-01-23 15:30:00,0.00715,0.00719,0.0071,0.00715,5722402.0
2024-01-23 15:45:00,0.00715,0.00715,0.00708,0.00711,4465487.0
2024-01-23 16:00:00,0.00711,0.00713,0.00708,0.00712,2337423.0
2024-01-23 16:15:00,0.00713,0.0072,0.00712,0.00717,4149721.0
2024-01-23 16:30:00,0.00715,0.00721,0.00715,0.00721,3865950.0
2024-01-23 16:45:00,0.0072,0.00724,0.00718,0.00719,3917788.0
2024-01-23 17:00:00,0.00719,0.00723,0.00717,0.00722,5314271.0
2024-01-23 17:15:00,0.00722,0.00724,0.00719,0.00723,3308997.0
2024-01-23 17:30:00,0.00722,0.00726,0.0072,0.00721,2243554.0
2024-01-23 17:45:00,0.00722,0.00724,0.00717,0.00723,1714728.0
2024-01-23 18:00:00,0.00723,0.00729,0.00723,0.00725,5212192.0
2024-01-23 18:15:00,0.00726,0.00728,0.00723,0.00726,1403516.0
2024-01-23 18:30:00,0.00725,0.00728,0.00724,0.00727,2714431.0
2024-01-23 18:45:00,0.00726,0.00728,0.00721,0.00723,3360218.0
2024-01-23 19:00:00,0.00724,0.00729,0.00723,0.00727,2498012.0
2024-01-23 19:15:00,0.00727,0.00731,0.00725,0.00728,3815207.0
2024-01-23 19:30:00,0.00727,0.00727,0.00719,0.00723,3482469.0
2024-01-23 19:45:00,0.00724,0.00726,0.0072,0.00721,696814.0
2024-01-23 20:00:00,0.00721,0.00726,0.0072,0.00724,1637727.0
2024-01-23 20:15:00,0.00724,0.00725,0.00723,0.00724,659835.0
2024-01-23 20:30:00,0.00724,0.00727,0.00723,0.00725,777183.0
2024-01-23 20:45:00,0.00726,0.00727,0.00722,0.00725,1057524.0
2024-01-23 21:00:00,0.00725,0.00729,0.00725,0.00727,1138516.0
2024-01-23 21:15:00,0.00727,0.00728,0.00722,0.00725,2049219.0
2024-01-23 21:30:00,0.00726,0.0073,0.00725,0.00729,1499690.0
2024-01-23 21:45:00,0.00728,0.00729,0.00723,0.00727,1397726.0
2024-01-23 22:00:00,0.00727,0.00732,0.00726,0.0073,909901.0
2024-01-23 22:15:00,0.00729,0.00733,0.00728,0.00733,842451.0
2024-01-23 22:30:00,0.00732,0.00737,0.00732,0.00736,1955113.0
2024-01-23 22:45:00,0.00736,0.00737,0.00733,0.00735,1358548.0
2024-01-23 23:00:00,0.00735,0.00739,0.00734,0.00737,1648890.0
2024-01-23 23:15:00,0.00737,0.00738,0.00734,0.00738,515383.0
2024-01-23 23:30:00,0.00738,0.00738,0.00734,0.00734,758807.0
2024-01-23 23:45:00,0.00734,0.00738,0.00733,0.00737,1945152.0
2024-01-24 00:00:00,0.00737,0.00749,0.00737,0.00747,9490716.0
2024-01-24 00:15:00,0.00747,0.00747,0.0074,0.00741,4001103.0
2024-01-24 00:30:00,0.00741,0.00743,0.0074,0.00743,1174967.0
2024-01-24 00:45:00,0.00744,0.0075,0.00743,0.00746,2209707.0
2024-01-24 01:00:00,0.00747,0.00747,0.00739,0.00741,1640975.0
2024-01-24 01:15:00,0.00741,0.00742,0.00738,0.0074,1432187.0
2024-01-24 01:30:00,0.0074,0.00743,0.00736,0.00742,1073677.0
2024-01-24 01:45:00,0.00743,0.00747,0.0074,0.00746,1927580.0
2024-01-24 02:00:00,0.00745,0.00747,0.00743,0.00743,1967525.0
2024-01-24 02:15:00,0.00743,0.00748,0.00743,0.00746,2039482.0
2024-01-24 02:30:00,0.00746,0.00752,0.00744,0.00745,4658511.0
2024-01-24 02:45:00,0.00744,0.00745,0.00741,0.00745,1620179.0
2024-01-24 03:00:00,0.00745,0.00752,0.00745,0.00748,4980115.0
2024-01-24 03:15:00,0.00747,0.00749,0.00743,0.00744,1676515.0
2024-01-24 03:30:00,0.00744,0.00745,0.0074,0.00744,2545642.0
2024-01-24 03:45:00,0.00744,0.0075,0.00743,0.0075,3052420.0
2024-01-24 04:00:00,0.0075,0.00753,0.00746,0.00746,2014591.0
2024-01-24 04:15:00,0.00746,0.00747,0.00743,0.00746,2237160.0
2024-01-24 04:30:00,0.00746,0.00747,0.00741,0.00741,454355.0
2024-01-24 04:45:00,0.00741,0.00743,0.0074,0.00743,2617666.0
2024-01-24 05:00:00,0.00743,0.00768,0.00743,0.00767,25751667.0
2024-01-24 05:15:00,0.00767,0.00781,0.00765,0.0077,23585942.0
2024-01-24 05:30:00,0.0077,0.00779,0.00768,0.00771,11860572.0
2024-01-24 05:45:00,0.00771,0.00774,0.0076,0.00762,6630478.0
2024-01-24 06:00:00,0.00762,0.00769,0.00761,0.00767,4848537.0
2024-01-24 06:15:00,0.00769,0.00788,0.00768,0.00785,16832191.0
2024-01-24 06:30:00,0.00785,0.00792,0.00779,0.00784,21673047.0
2024-01-24 06:45:00,0.00785,0.00786,0.00772,0.00774,27395811.0
2024-01-24 07:00:00,0.00774,0.00786,0.00772,0.00786,17324808.0
2024-01-24 07:15:00,0.00786,0.00788,0.00778,0.00783,9270314.0
2024-01-24 07:30:00,0.00783,0.00784,0.00775,0.00778,6086251.0
2024-01-24 07:45:00,0.00778,0.0078,0.00777,0.00778,2952066.0
2024-01-24 08:00:00,0.00778,0.00786,0.00778,0.00784,4158416.0
2024-01-24 08:15:00,0.00783,0.00805,0.00779,0.00793,55292861.0
2024-01-24 08:30:00,0.00793,0.00804,0.0079,0.00791,38331314.0
2024-01-24 08:45:00,0.00791,0.00791,0.00778,0.00781,21531254.0
2024-01-24 09:00:00,0.00781,0.00784,0.00776,0.00777,5900484.0
2024-01-24 09:15:00,0.00777,0.00778,0.00773,0.00775,12383289.0
2024-01-24 09:30:00,0.00775,0.00783,0.00775,0.00782,3602198.0
2024-01-24 09:45:00,0.00782,0.00784,0.00779,0.00781,4133120.0
2024-01-24 10:00:00,0.00782,0.00827,0.00782,0.008,160715294.0
2024-01-24 10:15:00,0.008,0.008,0.00788,0.00796,24043464.0
2024-01-24 10:30:00,0.00796,0.008,0.00786,0.00791,19994248.0
2024-01-24 10:45:00,0.00791,0.008,0.00789,0.00798,23791424.0
2024-01-24 11:00:00,0.00797,0.00797,0.00782,0.00783,11946152.0
2024-01-24 11:15:00,0.00783,0.00784,0.00776,0.00779,8552620.0
2024-01-24 11:30:00,0.00779,0.00782,0.00776,0.0078,6169298.0
2024-01-24 11:45:00,0.0078,0.00784,0.00779,0.00782,3455250.0
2024-01-24 12:00:00,0.00782,0.00789,0.00781,0.00785,9632101.0
2024-01-24 12:15:00,0.00785,0.008,0.00783,0.00796,17796570.0
2024-01-24 12:30:00,0.00796,0.00796,0.00786,0.00793,4034979.0
2024-01-24 12:45:00,0.00793,0.00794,0.00781,0.00786,7072295.0
2024-01-24 13:00:00,0.00785,0.00792,0.00778,0.00779,7351774.0
2024-01-24 13:15:00,0.00779,0.0078,0.00774,0.00778,3758286.0
2024-01-24 13:30:00,0.00778,0.00779,0.00769,0.00769,8199894.0
2024-01-24 13:45:00,0.00769,0.00774,0.00764,0.00773,6104384.0
2024-01-24 14:00:00,0.00773,0.00774,0.00758,0.00761,31139976.0
2024-01-24 14:15:00,0.00761,0.00766,0.00759,0.00764,9218873.0
2024-01-24 14:30:00,0.00763,0.0077,0.00758,0.00759,13104019.0
2024-01-24 14:45:00,0.00759,0.00759,0.0075,0.00754,11875450.0
2024-01-24 15:00:00,0.00754,0.0076,0.00753,0.00758,5246195.0
2024-01-24 15:15:00,0.00758,0.00758,0.00747,0.00755,9960974.0
2024-01-24 15:30:00,0.00755,0.00755,0.00749,0.00751,3515918.0
2024-01-24 15:45:00,0.00752,0.00752,0.00747,0.0075,1404904.0
2024-01-24 16:00:00,0.0075,0.00751,0.00746,0.00749,3235596.0
2024-01-24 16:15:00,0.00749,0.00753,0.00747,0.0075,2779110.0
2024-01-24 16:30:00,0.0075,0.00755,0.00744,0.00746,5904394.0
2024-01-24 16:45:00,0.00747,0.00754,0.00747,0.00753,4825932.0
2024-01-24 17:00:00,0.00753,0.00754,0.00749,0.0075,2264870.0
2024-01-24 17:15:00,0.0075,0.00758,0.0075,0.00755,8711517.0
2024-01-24 17:30:00,0.00755,0.00757,0.00752,0.00753,2688448.0
2024-01-24 17:45:00,0.00753,0.00753,0.00749,0.00752,1590267.0
2024-01-24 18:00:00,0.00752,0.00753,0.00748,0.00748,1700293.0
2024-01-24 18:15:00,0.00748,0.0075,0.00737,0.00743,35352531.0
2024-01-24 18:30:00,0.00742,0.00744,0.00736,0.0074,3967876.0
2024-01-24 18:45:00,0.00739,0.00742,0.00737,0.00741,2310696.0
2024-01-24 19:00:00,0.00741,0.00744,0.0074,0.0074,2969341.0
2024-01-24 19:15:00,0.00741,0.00742,0.00738,0.0074,2475576.0
2024-01-24 19:30:00,0.00741,0.00743,0.00739,0.0074,1499190.0
2024-01-24 19:45:00,0.0074,0.00743,0.00738,0.00741,2163612.0
2024-01-24 20:00:00,0.00741,0.00748,0.00741,0.00743,9172030.0
2024-01-24 20:15:00,0.00743,0.00743,0.0074,0.0074,1747509.0
2024-01-24 20:30:00,0.0074,0.0074,0.00733,0.00735,5734405.0
2024-01-24 20:45:00,0.00735,0.00736,0.00733,0.00734,1948166.0
2024-01-24 21:00:00,0.00734,0.00736,0.00731,0.00735,3031666.0
2024-01-24 21:15:00,0.00736,0.00742,0.00736,0.00741,1248744.0
2024-01-24 21:30:00,0.0074,0.00741,0.00737,0.00739,1836671.0
2024-01-24 21:45:00,0.00739,0.0074,0.00736,0.00739,966134.0
2024-01-24 22:00:00,0.00739,0.00743,0.00739,0.00742,1130928.0
2024-01-24 22:15:00,0.00741,0.00743,0.00741,0.00743,1474073.0
2024-01-24 22:30:00,0.00742,0.00744,0.00738,0.00739,6508973.0
2024-01-24 22:45:00,0.00739,0.00741,0.00738,0.00741,709088.0
2024-01-24 23:00:00,0.0074,0.00747,0.0074,0.00745,2539925.0
2024-01-24 23:15:00,0.00745,0.00748,0.00743,0.00744,2822685.0
2024-01-24 23:30:00,0.00744,0.00749,0.00743,0.00746,7620795.0
2024-01-24 23:45:00,0.00746,0.00748,0.00742,0.00745,4106239.0
2024-01-25 00:00:00,0.00745,0.00747,0.00741,0.00746,5802477.0
2024-01-25 00:15:00,0.00746,0.00749,0.00746,0.00749,3949684.0
2024-01-25 00:30:00,0.00749,0.00752,0.00748,0.00751,4667765.0
2024-01-25 00:45:00,0.00751,0.00753,0.00747,0.00752,5686720.0
2024-01-25 01:00:00,0.00752,0.00754,0.0075,0.00753,1201020.0
2024-01-25 01:15:00,0.00753,0.00761,0.00753,0.00755,6507953.0
2024-01-25 01:30:00,0.00754,0.00757,0.0075,0.00755,4036936.0
2024-01-25 01:45:00,0.00754,0.00754,0.00747,0.00749,3074285.0
2024-01-25 02:00:00,0.00749,0.00754,0.00748,0.0075,3453246.0
2024-01-25 02:15:00,0.00751,0.00753,0.00747,0.00749,2832117.0
2024-01-25 02:30:00,0.00749,0.00749,0.00743,0.00746,3308299.0
2024-01-25 02:45:00,0.00746,0.00746,0.00739,0.0074,4175823.0
2024-01-25 03:00:00,0.0074,0.00746,0.0074,0.00745,2628050.0
2024-01-25 03:15:00,0.00745,0.00749,0.00745,0.00747,1760253.0
2024-01-25 03:30:00,0.00747,0.0075,0.00747,0.00747,1019636.0
2024-01-25 03:45:00,0.00747,0.00748,0.00745,0.00747,1779307.0
2024-01-25 04:00:00,0.00747,0.00754,0.00747,0.00753,2802080.0
2024-01-25 04:15:00,0.00753,0.00755,0.00751,0.00752,2316672.0
2024-01-25 04:30:00,0.00752,0.00752,0.00748,0.0075,2448182.0
2024-01-25 04:45:00,0.0075,0.00754,0.00748,0.0075,2511062.0
2024-01-25 05:00:00,0.0075,0.0075,0.00745,0.00745,1782674.0
2024-01-25 05:15:00,0.00746,0.00747,0.0074,0.00743,916770.0
2024-01-25 05:30:00,0.00743,0.00746,0.00741,0.00741,4827811.0
2024-01-25 05:45:00,0.00741,0.00744,0.00741,0.00741,1067057.0
2024-01-25 06:00:00,0.00741,0.00744,0.0074,0.00741,3861353.0
2024-01-25 06:15:00,0.00741,0.00741,0.00735,0.00737,1905796.0
2024-01-25 06:30:00,0.00736,0.0074,0.00733,0.00739,3515727.0
2024-01-25 06:45:00,0.0074,0.00747,0.0074,0.00746,2420233.0
2024-01-25 07:00:00,0.00746,0.00747,0.00742,0.00744,2572398.0
2024-01-25 07:15:00,0.00743,0.00744,0.00742,0.00742,1060933.0
2024-01-25 07:30:00,0.00742,0.00743,0.00738,0.00738,1425094.0
2024-01-25 07:45:00,0.00739,0.0074,0.00737,0.00739,707677.0
2024-01-25 08:00:00,0.0074,0.00742,0.00739,0.00741,2533381.0
2024-01-25 08:15:00,0.00741,0.00742,0.00738,0.00738,2321850.0
2024-01-25 08:30:00,0.00739,0.0074,0.00737,0.00737,458392.0
2024-01-25 08:45:00,0.00738,0.00739,0.00735,0.00739,4775956.0
2024-01-25 09:00:00,0.00739,0.00748,0.00739,0.00746,3361681.0
2024-01-25 09:15:00,0.00746,0.00746,0.0074,0.00743,2753333.0
2024-01-25 09:30:00,0.00742,0.00745,0.00741,0.00742,2190771.0
2024-01-25 09:45:00,0.00742,0.00742,0.00734,0.00735,4168431.0
2024-01-25 10:00:00,0.00735,0.00737,0.00727,0.00731,12206727.0
2024-01-25 10:15:00,0.00731,0.00732,0.00729,0.00731,3714297.0
2024-01-25 10:30:00,0.00731,0.00735,0.00731,0.00735,2563455.0
2024-01-25 10:45:00,0.00736,0.00736,0.00734,0.00734,879276.0
2024-01-25 11:00:00,0.00734,0.00735,0.0073,0.00735,1984247.0
2024-01-25 11:15:00,0.00734,0.00735,0.00731,0.00732,1151033.0
2024-01-25 11:30:00,0.00733,0.00735,0.00732,0.00732,1204075.0
2024-01-25 11:45:00,0.00732,0.00732,0.00728,0.00729,863359.0
2024-01-25 12:00:00,0.00729,0.00732,0.00725,0.00728,2097120.0
2024-01-25 12:15:00,0.00728,0.00728,0.00723,0.00724,1670155.0
2024-01-25 12:30:00,0.00724,0.00728,0.00721,0.00724,4404333.0
2024-01-25 12:45:00,0.00724,0.00728,0.00718,0.00728,5835870.0
2024-01-25 13:00:00,0.00727,0.00736,0.00726,0.00736,4402399.0
2024-01-25 13:15:00,0.00736,0.00739,0.00733,0.00735,2670973.0
2024-01-25 13:30:00,0.00735,0.00741,0.00733,0.00735,3141955.0
2024-01-25 13:45:00,0.00735,0.00738,0.00732,0.00735,1697672.0
2024-01-25 14:00:00,0.00736,0.00739,0.00733,0.00734,1763718.0
2024-01-25 14:15:00,0.00735,0.00738,0.00733,0.00733,2105108.0
2024-01-25 14:30:00,0.00732,0.00737,0.00731,0.00732,3199835.0
2024-01-25 14:45:00,0.00732,0.00739,0.00731,0.00738,1940441.0
2024-01-25 15:00:00,0.00738,0.00741,0.00734,0.00735,1481108.0
2024-01-25 15:15:00,0.00736,0.00736,0.00731,0.00733,1225663.0
2024-01-25 15:30:00,0.00733,0.00736,0.00731,0.00732,1623333.0
2024-01-25 15:45:00,0.00732,0.00734,0.0073,0.00733,2040234.0
2024-01-25 16:00:00,0.00732,0.00734,0.00728,0.00732,2128534.0
2024-01-25 16:15:00,0.00732,0.00735,0.00731,0.00733,1230996.0
2024-01-25 16:30:00,0.00734,0.00735,0.00732,0.00733,767128.0
2024-01-25 16:45:00,0.00732,0.00732,0.00728,0.00729,664466.0
2024-01-25 17:00:00,0.00729,0.0073,0.0072,0.00723,16577133.0
2024-01-25 17:15:00,0.00723,0.00736,0.00722,0.00735,2342502.0
2024-01-25 17:30:00,0.00734,0.00736,0.00734,0.00736,1589202.0
2024-01-25 17:45:00,0.00736,0.00739,0.00736,0.00737,1902091.0
2024-01-25 18:00:00,0.00737,0.0074,0.00737,0.0074,842518.0
2024-01-25 18:15:00,0.0074,0.00742,0.00739,0.00739,2692311.0
2024-01-25 18:30:00,0.0074,0.00741,0.00736,0.00737,2491571.0
2024-01-25 18:45:00,0.00736,0.00739,0.00735,0.00737,742909.0
2024-01-25 19:00:00,0.00737,0.00738,0.00735,0.00738,768234.0
2024-01-25 19:15:00,0.00738,0.0074,0.00738,0.00739,770499.0
2024-01-25 19:30:00,0.00739,0.00744,0.00738,0.00741,1103745.0
2024-01-25 19:45:00,0.00741,0.00743,0.00739,0.00743,741747.0
2024-01-25 20:00:00,0.00743,0.00744,0.0074,0.00742,808914.0
2024-01-25 20:15:00,0.00742,0.00742,0.0074,0.00742,687702.0
2024-01-25 20:30:00,0.00741,0.00743,0.00738,0.00738,3520997.0
2024-01-25 20:45:00,0.00738,0.00742,0.00737,0.0074,2738880.0
2024-01-25 21:00:00,0.00741,0.00744,0.00741,0.00741,893970.0
2024-01-25 21:15:00,0.0074,0.00742,0.00737,0.00742,941815.0
2024-01-25 21:30:00,0.00741,0.00742,0.00738,0.00739,1132197.0
2024-01-25 21:45:00,0.00739,0.00741,0.00738,0.0074,196995.0
2024-01-25 22:00:00,0.0074,0.00741,0.00738,0.0074,358262.0
2024-01-25 22:15:00,0.0074,0.0074,0.00739,0.00739,89408.0
2024-01-25 22:30:00,0.00739,0.00742,0.00739,0.00741,959063.0
2024-01-25 22:45:00,0.00741,0.00743,0.00741,0.00743,260164.0
2024-01-25 23:00:00,0.00744,0.00745,0.00741,0.00745,1033864.0
2024-01-25 23:15:00,0.00745,0.00745,0.00743,0.00743,539614.0
2024-01-25 23:30:00,0.00743,0.00745,0.00743,0.00745,515157.0
2024-01-25 23:45:00,0.00745,0.00746,0.00744,0.00746,2169165.0
2024-01-26 00:00:00,0.00746,0.00746,0.0074,0.00741,3711597.0
2024-01-26 00:15:00,0.00741,0.00741,0.00738,0.0074,1282423.0
2024-01-26 00:30:00,0.0074,0.00746,0.0074,0.00745,669736.0
2024-01-26 00:45:00,0.00745,0.00748,0.00744,0.00744,974420.0
2024-01-26 01:00:00,0.00744,0.00744,0.00741,0.00743,1522997.0
2024-01-26 01:15:00,0.00743,0.00746,0.00742,0.00746,434695.0
2024-01-26 01:30:00,0.00746,0.00751,0.00746,0.00749,1225822.0
2024-01-26 01:45:00,0.00749,0.00752,0.00749,0.00751,1461441.0
2024-01-26 02:00:00,0.00751,0.00758,0.00751,0.00757,2210891.0
2024-01-26 02:15:00,0.00757,0.0076,0.00755,0.00756,3672386.0
2024-01-26 02:30:00,0.00756,0.00758,0.00755,0.00756,540192.0
2024-01-26 02:45:00,0.00755,0.00757,0.00754,0.00757,350256.0
2024-01-26 03:00:00,0.00757,0.00758,0.00755,0.00756,1054593.0
2024-01-26 03:15:00,0.00756,0.00757,0.00754,0.00756,705414.0
2024-01-26 03:30:00,0.00756,0.00758,0.00756,0.00758,1575368.0
2024-01-26 03:45:00,0.0076,0.00761,0.00757,0.00757,896162.0
2024-01-26 04:00:00,0.00758,0.00763,0.00758,0.00762,3660242.0
2024-01-26 04:15:00,0.00762,0.00762,0.0076,0.0076,316313.0
2024-01-26 04:30:00,0.00761,0.00764,0.0076,0.00763,2334880.0
2024-01-26 04:45:00,0.00763,0.00765,0.00761,0.00764,3368304.0
2024-01-26 05:00:00,0.00764,0.00765,0.0076,0.00762,5808899.0
2024-01-26 05:15:00,0.00762,0.00763,0.00759,0.00761,1716458.0
2024-01-26 05:30:00,0.00762,0.00763,0.0076,0.0076,1651759.0
2024-01-26 05:45:00,0.0076,0.00761,0.00759,0.0076,974081.0
2024-01-26 06:00:00,0.0076,0.00762,0.00759,0.0076,1153471.0
2024-01-26 06:15:00,0.00761,0.00761,0.0076,0.0076,254349.0
2024-01-26 06:30:00,0.00761,0.00761,0.00755,0.00757,5088157.0
2024-01-26 06:45:00,0.00757,0.00757,0.00751,0.00753,2742745.0
2024-01-26 07:00:00,0.00753,0.00755,0.00752,0.00754,394067.0
2024-01-26 07:15:00,0.00754,0.00755,0.0075,0.00751,1455000.0
2024-01-26 07:30:00,0.00751,0.00753,0.00749,0.00752,1104796.0
2024-01-26 07:45:00,0.00751,0.00753,0.00749,0.0075,803984.0
2024-01-26 08:00:00,0.0075,0.00752,0.00748,0.00751,5570135.0
2024-01-26 08:15:00,0.0075,0.00754,0.0075,0.0075,3069332.0
2024-01-26 08:30:00,0.00751,0.00752,0.00751,0.00752,1106833.0
2024-01-26 08:45:00,0.00752,0.00755,0.00751,0.00755,1061193.0
2024-01-26 09:00:00,0.00754,0.00755,0.00753,0.00755,1065900.0
2024-01-26 09:15:00,0.00756,0.00756,0.00754,0.00754,1346969.0
2024-01-26 09:30:00,0.00755,0.00756,0.00752,0.00755,3605650.0
2024-01-26 09:45:00,0.00756,0.00757,0.00751,0.00751,3648834.0
2024-01-26 10:00:00,0.0075,0.00751,0.00749,0.0075,1697600.0
2024-01-26 10:15:00,0.00749,0.00754,0.00749,0.00754,1702284.0
2024-01-26 10:30:00,0.00754,0.00759,0.00752,0.00758,1113128.0
2024-01-26 10:45:00,0.00758,0.0076,0.00756,0.0076,1016185.0
2024-01-26 11:00:00,0.0076,0.00764,0.0076,0.00764,1591981.0
2024-01-26 11:15:00,0.00764,0.00768,0.00763,0.00768,2412971.0
2024-01-26 11:30:00,0.00768,0.00771,0.00766,0.00771,2835104.0
2024-01-26 11:45:00,0.0077,0.0077,0.00767,0.00767,1236351.0
2024-01-26 12:00:00,0.00768,0.00769,0.00762,0.00765,6617093.0
2024-01-26 12:15:00,0.00765,0.00767,0.00764,0.00767,1811537.0
2024-01-26 12:30:00,0.00766,0.00766,0.00762,0.00762,2068542.0
2024-01-26 12:45:00,0.00763,0.00763,0.00759,0.00761,2960833.0
2024-01-26 13:00:00,0.00761,0.00764,0.0076,0.00762,1181883.0
2024-01-26 13:15:00,0.00763,0.00763,0.00759,0.0076,1780134.0
2024-01-26 13:30:00,0.0076,0.0076,0.00757,0.00759,707858.0
2024-01-26 13:45:00,0.00758,0.00758,0.00753,0.00756,2567216.0
2024-01-26 14:00:00,0.00757,0.00763,0.00757,0.00763,2320620.0
2024-01-26 14:15:00,0.00762,0.00766,0.00761,0.00763,2994902.0
2024-01-26 14:30:00,0.00763,0.00765,0.00763,0.00765,788236.0
2024-01-26 14:45:00,0.00765,0.00766,0.00764,0.00766,1461409.0
2024-01-26 15:00:00,0.00766,0.00767,0.00764,0.00764,644860.0
2024-01-26 15:15:00,0.00764,0.00765,0.00763,0.00764,786908.0
2024-01-26 15:30:00,0.00763,0.00763,0.00761,0.00763,3009196.0
2024-01-26 15:45:00,0.00763,0.00765,0.00763,0.00765,1788956.0
2024-01-26 16:00:00,0.00765,0.00767,0.00764,0.00766,571280.0
2024-01-26 16:15:00,0.00766,0.00767,0.00764,0.00766,1014819.0
2024-01-26 16:30:00,0.00766,0.00766,0.00764,0.00765,1534763.0
2024-01-26 16:45:00,0.00764,0.00767,0.00763,0.00765,6183883.0
2024-01-26 17:00:00,0.00765,0.00765,0.00762,0.00762,4244815.0
2024-01-26 17:15:00,0.00762,0.00762,0.00758,0.00758,3272307.0
2024-01-26 17:30:00,0.00759,0.00761,0.00758,0.00759,2170853.0
2024-01-26 17:45:00,0.00759,0.0076,0.00758,0.00759,580697.0
2024-01-26 18:00:00,0.0076,0.00763,0.00759,0.00762,2628329.0
2024-01-26 18:15:00,0.00761,0.00762,0.00759,0.00762,998608.0
2024-01-26 18:30:00,0.00762,0.00764,0.00761,0.00761,3638533.0
2024-01-26 18:45:00,0.00761,0.00763,0.0076,0.00761,1730184.0
2024-01-26 19:00:00,0.0076,0.00761,0.00757,0.00759,2064592.0
2024-01-26 19:15:00,0.00758,0.0076,0.00758,0.0076,717316.0
2024-01-26 19:30:00,0.00759,0.00759,0.00758,0.00758,971341.0
2024-01-26 19:45:00,0.00757,0.00758,0.00757,0.00758,695108.0
2024-01-26 20:00:00,0.00758,0.00763,0.00757,0.00763,1068375.0
2024-01-26 20:15:00,0.00762,0.00762,0.00757,0.00759,779779.0
2024-01-26 20:30:00,0.00758,0.00758,0.00755,0.00757,867689.0
2024-01-26 20:45:00,0.00757,0.00758,0.00755,0.00758,1365362.0
2024-01-26 21:00:00,0.00757,0.00758,0.00754,0.00756,912912.0
2024-01-26 21:15:00,0.00757,0.00759,0.00756,0.00758,1402163.0
2024-01-26 21:30:00,0.00758,0.00759,0.00757,0.00759,1223386.0
2024-01-26 21:45:00,0.00759,0.00761,0.00759,0.00759,1050873.0
2024-01-26 22:00:00,0.0076,0.00761,0.00757,0.00758,1851026.0
2024-01-26 22:15:00,0.00759,0.00762,0.00758,0.00762,798731.0
2024-01-26 22:30:00,0.00762,0.00763,0.00762,0.00763,1148036.0
2024-01-26 22:45:00,0.00763,0.00766,0.00763,0.00765,1133624.0
2024-01-26 23:00:00,0.00765,0.00767,0.00764,0.00765,1378097.0
2024-01-26 23:15:00,0.00765,0.00765,0.00761,0.00762,868524.0
2024-01-26 23:30:00,0.00763,0.00763,0.00761,0.00761,151271.0
2024-01-26 23:45:00,0.00761,0.00762,0.0076,0.0076,2354733.0
2024-01-27 00:00:00,0.0076,0.00762,0.00758,0.00762,3968171.0
2024-01-27 00:15:00,0.00761,0.00761,0.00759,0.00759,1471750.0
2024-01-27 00:30:00,0.00759,0.0076,0.00758,0.00758,806577.0
2024-01-27 00:45:00,0.00758,0.00761,0.00756,0.00761,1798555.0
2024-01-27 01:00:00,0.00762,0.00763,0.0076,0.00761,1061693.0
2024-01-27 01:15:00,0.0076,0.00764,0.0076,0.00762,1722151.0
2024-01-27 01:30:00,0.00762,0.00762,0.0076,0.0076,1078852.0
2024-01-27 01:45:00,0.00759,0.0076,0.00756,0.00757,2588242.0
2024-01-27 02:00:00,0.00758,0.00759,0.00756,0.00758,1044826.0
2024-01-27 02:15:00,0.00759,0.00759,0.00758,0.00759,622689.0
2024-01-27 02:30:00,0.00759,0.00759,0.00757,0.00759,1300965.0
2024-01-27 02:45:00,0.00759,0.0076,0.00759,0.00759,421819.0
2024-01-27 03:00:00,0.0076,0.0076,0.00758,0.00758,425764.0
2024-01-27 03:15:00,0.00758,0.0076,0.00758,0.00758,1736638.0
2024-01-27 03:30:00,0.00759,0.0076,0.00758,0.00759,378792.0
2024-01-27 03:45:00,0.0076,0.00761,0.00758,0.00759,3262537.0
2024-01-27 04:00:00,0.00759,0.00761,0.00759,0.0076,261126.0
2024-01-27 04:15:00,0.0076,0.00762,0.00759,0.00762,1414356.0
2024-01-27 04:30:00,0.00761,0.00761,0.00757,0.00758,2354248.0
2024-01-27 04:45:00,0.00758,0.00759,0.00757,0.00758,499380.0
2024-01-27 05:00:00,0.00758,0.00759,0.00757,0.00759,3242041.0
2024-01-27 05:15:00,0.00758,0.00759,0.00758,0.00759,736280.0
2024-01-27 05:30:00,0.00759,0.00759,0.00755,0.00756,1785189.0
2024-01-27 05:45:00,0.00756,0.00756,0.0075,0.00754,4368036.0
2024-01-27 06:00:00,0.00754,0.00755,0.00752,0.00755,1292387.0
2024-01-27 06:15:00,0.00755,0.00761,0.00755,0.00759,1861477.0
2024-01-27 06:30:00,0.00759,0.00759,0.00754,0.00754,3341882.0
2024-01-27 06:45:00,0.00755,0.00756,0.00753,0.00755,1909373.0
2024-01-27 07:00:00,0.00755,0.00757,0.00753,0.00756,1178697.0
2024-01-27 07:15:00,0.00756,0.00756,0.00749,0.0075,2627243.0
2024-01-27 07:30:00,0.00749,0.00751,0.00748,0.0075,3682670.0
2024-01-27 07:45:00,0.0075,0.00751,0.0075,0.00751,1196421.0
2024-01-27 08:00:00,0.00752,0.00753,0.00749,0.00752,2158556.0
2024-01-27 08:15:00,0.00751,0.00753,0.00748,0.00752,1985707.0
2024-01-27 08:30:00,0.00752,0.00752,0.00749,0.0075,1117185.0
2024-01-27 08:45:00,0.00751,0.00753,0.00749,0.00749,1378828.0
2024-01-27 09:00:00,0.00749,0.00752,0.00749,0.00752,491284.0
2024-01-27 09:15:00,0.00753,0.00756,0.00753,0.00754,1118163.0
2024-01-27 09:30:00,0.00754,0.00755,0.00753,0.00754,515390.0
2024-01-27 09:45:00,0.00754,0.00758,0.00754,0.00756,1379650.0
2024-01-27 10:00:00,0.00757,0.00758,0.00755,0.00758,966740.0
2024-01-27 10:15:00,0.00758,0.00759,0.00757,0.00757,744159.0
2024-01-27 10:30:00,0.00758,0.00758,0.00757,0.00758,642091.0
2024-01-27 10:45:00,0.00758,0.00759,0.00756,0.00756,586171.0
2024-01-27 11:00:00,0.00756,0.00758,0.00755,0.00758,409782.0
2024-01-27 11:15:00,0.00758,0.00765,0.00758,0.00763,2656991.0
2024-01-27 11:30:00,0.00763,0.00763,0.00761,0.00761,1035279.0
2024-01-27 11:45:00,0.00761,0.00765,0.00761,0.00765,671116.0
2024-01-27 12:00:00,0.00764,0.00771,0.00764,0.00769,2728688.0
2024-01-27 12:15:00,0.00768,0.00769,0.00767,0.00769,1150200.0
2024-01-27 12:30:00,0.00769,0.00775,0.00766,0.00775,7835202.0
2024-01-27 12:45:00,0.00774,0.0078,0.00772,0.00777,8451417.0
2024-01-27 13:00:00,0.00776,0.00778,0.00773,0.00777,2305102.0
2024-01-27 13:15:00,0.00777,0.00779,0.00774,0.00774,1251932.0
2024-01-27 13:30:00,0.00775,0.00777,0.00775,0.00776,1900155.0
2024-01-27 13:45:00,0.00777,0.00782,0.00775,0.0078,4568496.0
2024-01-27 14:00:00,0.0078,0.00781,0.00776,0.00776,1850368.0
2024-01-27 14:15:00,0.00776,0.00777,0.00775,0.00777,1129172.0
2024-01-27 14:30:00,0.00777,0.00778,0.00777,0.00778,780714.0
2024-01-27 14:45:00,0.00778,0.00779,0.00777,0.00778,397037.0
2024-01-27 15:00:00,0.00779,0.0078,0.00778,0.0078,230748.0
2024-01-27 15:15:00,0.00779,0.00786,0.00778,0.00785,2664688.0
2024-01-27 15:30:00,0.00786,0.00786,0.00781,0.00781,1750843.0
2024-01-27 15:45:00,0.00781,0.00781,0.00778,0.0078,367477.0
2024-01-27 16:00:00,0.00779,0.00781,0.00779,0.00779,1581547.0
2024-01-27 16:15:00,0.0078,0.0078,0.00778,0.0078,1328954.0
2024-01-27 16:30:00,0.00779,0.00781,0.00778,0.00778,881371.0
2024-01-27 16:45:00,0.00778,0.00779,0.00775,0.00776,1636999.0
2024-01-27 17:00:00,0.00776,0.00777,0.00774,0.00777,1562732.0
2024-01-27 17:15:00,0.00776,0.00777,0.00775,0.00777,1255419.0
2024-01-27 17:30:00,0.00777,0.00785,0.00777,0.00782,2644392.0
2024-01-27 17:45:00,0.00783,0.00784,0.00781,0.00781,1867161.0
2024-01-27 18:00:00,0.00782,0.00788,0.00781,0.00785,2610920.0
2024-01-27 18:15:00,0.00785,0.00787,0.00784,0.00787,1457837.0
2024-01-27 18:30:00,0.00787,0.00789,0.00786,0.00786,1984057.0
2024-01-27 18:45:00,0.00785,0.00785,0.00782,0.00783,789518.0
2024-01-27 19:00:00,0.00783,0.00785,0.00783,0.00783,915180.0
2024-01-27 19:15:00,0.00783,0.00783,0.0078,0.00781,2116790.0
2024-01-27 19:30:00,0.00781,0.00783,0.00778,0.00782,1773467.0
2024-01-27 19:45:00,0.00782,0.00783,0.00781,0.00783,624664.0
2024-01-27 20:00:00,0.00782,0.00783,0.00781,0.00782,298230.0
2024-01-27 20:15:00,0.00781,0.00782,0.0078,0.0078,2167789.0
2024-01-27 20:30:00,0.0078,0.00782,0.00778,0.00781,1407403.0
2024-01-27 20:45:00,0.00781,0.00781,0.00777,0.0078,2661650.0
2024-01-27 21:00:00,0.0078,0.00781,0.0078,0.00781,948850.0
2024-01-27 21:15:00,0.0078,0.00782,0.0078,0.00781,496139.0
2024-01-27 21:30:00,0.00781,0.00782,0.00779,0.00779,426319.0
2024-01-27 21:45:00,0.00779,0.00779,0.00778,0.00779,404016.0
2024-01-27 22:00:00,0.00779,0.00779,0.00776,0.00777,2654957.0
2024-01-27 22:15:00,0.00776,0.00779,0.00776,0.00779,852715.0
2024-01-27 22:30:00,0.00778,0.0078,0.00777,0.00778,2772489.0
2024-01-27 22:45:00,0.00778,0.00778,0.00774,0.00775,713413.0
2024-01-27 23:00:00,0.00775,0.00777,0.00773,0.00776,1784646.0
2024-01-27 23:15:00,0.00776,0.00777,0.00775,0.00776,568695.0
2024-01-27 23:30:00,0.00776,0.00776,0.00773,0.00775,553932.0
2024-01-27 23:45:00,0.00775,0.00776,0.00774,0.00776,449621.0
2024-01-28 00:00:00,0.00775,0.00778,0.00775,0.00778,1040778.0
2024-01-28 00:15:00,0.00778,0.00779,0.00775,0.00776,2231032.0
2024-01-28 00:30:00,0.00776,0.00777,0.00775,0.00776,478745.0
2024-01-28 00:45:00,0.00776,0.00778,0.00775,0.00778,439811.0
2024-01-28 01:00:00,0.00778,0.00781,0.00778,0.00781,598936.0
2024-01-28 01:15:00,0.00782,0.00785,0.00782,0.00785,981149.0
2024-01-28 01:30:00,0.00785,0.00786,0.0078,0.00781,1539191.0
2024-01-28 01:45:00,0.00781,0.00782,0.00779,0.00781,962729.0
2024-01-28 02:00:00,0.0078,0.00782,0.0078,0.0078,145271.0
2024-01-28 02:15:00,0.0078,0.0078,0.00778,0.00779,865851.0
2024-01-28 02:30:00,0.00779,0.0078,0.00777,0.00778,589330.0
2024-01-28 02:45:00,0.00777,0.00778,0.00777,0.00777,555641.0
2024-01-28 03:00:00,0.00777,0.00778,0.00776,0.00778,350888.0
2024-01-28 03:15:00,0.00779,0.00781,0.00779,0.00781,249832.0
2024-01-28 03:30:00,0.0078,0.0078,0.00778,0.00779,663363.0
2024-01-28 03:45:00,0.00779,0.00781,0.00778,0.00781,760083.0
2024-01-28 04:00:00,0.00781,0.00781,0.00777,0.00778,520671.0
2024-01-28 04:15:00,0.00778,0.00778,0.00776,0.00776,859237.0
2024-01-28 04:30:00,0.00776,0.0078,0.00775,0.0078,461646.0
2024-01-28 04:45:00,0.0078,0.00781,0.00779,0.0078,374236.0
2024-01-28 05:00:00,0.00781,0.00782,0.0078,0.00782,479078.0
2024-01-28 05:15:00,0.00782,0.00783,0.00781,0.00782,308811.0
2024-01-28 05:30:00,0.00781,0.00781,0.00775,0.00777,510745.0
2024-01-28 05:45:00,0.00776,0.00778,0.00774,0.00777,4049630.0
2024-01-28 06:00:00,0.00776,0.00778,0.00773,0.00775,1177975.0
2024-01-28 06:15:00,0.00774,0.00775,0.00773,0.00773,473683.0
2024-01-28 06:30:00,0.00773,0.00774,0.0077,0.00771,1148880.0
2024-01-28 06:45:00,0.00771,0.00772,0.00768,0.00771,1469507.0
2024-01-28 07:00:00,0.00771,0.00773,0.00769,0.00773,608200.0
2024-01-28 07:15:00,0.00772,0.00773,0.00772,0.00772,442903.0
2024-01-28 07:30:00,0.00772,0.00772,0.00768,0.00768,849539.0
2024-01-28 07:45:00,0.00768,0.00768,0.00763,0.00765,2726091.0
2024-01-28 08:00:00,0.00765,0.00766,0.00761,0.00765,2871422.0
2024-01-28 08:15:00,0.00766,0.00769,0.00766,0.00768,773310.0
2024-01-28 08:30:00,0.00767,0.00771,0.00767,0.00771,1525351.0
2024-01-28 08:45:00,0.0077,0.00771,0.00767,0.00767,951662.0
2024-01-28 09:00:00,0.00767,0.00768,0.00765,0.00766,1128855.0
2024-01-28 09:15:00,0.00765,0.00766,0.00764,0.00766,1168530.0
2024-01-28 09:30:00,0.00766,0.00769,0.00765,0.00768,2192212.0
2024-01-28 09:45:00,0.00768,0.00768,0.00766,0.00767,768585.0
2024-01-28 10:00:00,0.00767,0.00768,0.00765,0.00766,2221304.0
2024-01-28 10:15:00,0.00766,0.00768,0.00765,0.00766,855629.0
2024-01-28 10:30:00,0.00767,0.0077,0.00766,0.00769,1310254.0
2024-01-28 10:45:00,0.00769,0.00769,0.00765,0.00765,1395886.0
2024-01-28 11:00:00,0.00765,0.00766,0.00763,0.00764,992259.0
2024-01-28 11:15:00,0.00764,0.00765,0.00762,0.00765,2069319.0
2024-01-28 11:30:00,0.00765,0.00765,0.00759,0.00762,1843749.0
2024-01-28 11:45:00,0.00762,0.00763,0.00761,0.00762,730632.0
2024-01-28 12:00:00,0.00763,0.00763,0.00759,0.00762,712343.0
2024-01-28 12:15:00,0.00762,0.00762,0.00755,0.0076,2872571.0
2024-01-28 12:30:00,0.00761,0.00762,0.00759,0.00759,710202.0
2024-01-28 12:45:00,0.00759,0.00763,0.00756,0.00761,1619089.0
2024-01-28 13:00:00,0.00762,0.00763,0.0076,0.00761,681535.0
2024-01-28 13:15:00,0.0076,0.00762,0.00758,0.00761,646318.0
2024-01-28 13:30:00,0.00761,0.00762,0.00759,0.00762,434244.0
2024-01-28 13:45:00,0.00762,0.00762,0.00761,0.00762,848737.0
2024-01-28 14:00:00,0.00761,0.00762,0.0076,0.00761,567139.0
2024-01-28 14:15:00,0.00761,0.00765,0.00761,0.00763,2007121.0
2024-01-28 14:30:00,0.00763,0.00764,0.00761,0.00761,673633.0
2024-01-28 14:45:00,0.00762,0.00762,0.00757,0.00759,1641109.0
2024-01-28 15:00:00,0.00759,0.00763,0.00759,0.00762,941995.0
2024-01-28 15:15:00,0.00763,0.00767,0.00763,0.00766,1176020.0
2024-01-28 15:30:00,0.00766,0.00766,0.00762,0.00762,863656.0
2024-01-28 15:45:00,0.00762,0.00766,0.00761,0.00765,1604103.0
2024-01-28 16:00:00,0.00766,0.00767,0.00765,0.00766,1068701.0
2024-01-28 16:15:00,0.00766,0.00766,0.00763,0.00763,802156.0
2024-01-28 16:30:00,0.00764,0.00764,0.00761,0.00762,808920.0
2024-01-28 16:45:00,0.00762,0.00764,0.00762,0.00764,675103.0
2024-01-28 17:00:00,0.00763,0.00763,0.0076,0.0076,1147681.0
2024-01-28 17:15:00,0.0076,0.00762,0.00759,0.0076,1274489.0
2024-01-28 17:30:00,0.0076,0.00761,0.00759,0.00761,1778735.0
2024-01-28 17:45:00,0.00761,0.00762,0.00759,0.00761,1005157.0
2024-01-28 18:00:00,0.0076,0.00761,0.0076,0.00761,223039.0
2024-01-28 18:15:00,0.0076,0.0076,0.00752,0.00755,5906538.0
2024-01-28 18:30:00,0.00755,0.00759,0.00755,0.00759,493540.0
2024-01-28 18:45:00,0.0076,0.0076,0.00755,0.00755,558756.0
2024-01-28 19:00:00,0.00755,0.00758,0.00754,0.00758,1192994.0
2024-01-28 19:15:00,0.00758,0.00759,0.00757,0.00758,1224774.0
2024-01-28 19:30:00,0.00758,0.00759,0.00748,0.0075,3776338.0
2024-01-28 19:45:00,0.00751,0.00754,0.00751,0.00752,912318.0
2024-01-28 20:00:00,0.00753,0.00755,0.00749,0.00749,1215481.0
2024-01-28 20:15:00,0.00749,0.00754,0.00747,0.00754,2531273.0
2024-01-28 20:30:00,0.00754,0.00759,0.00754,0.00757,939054.0
2024-01-28 20:45:00,0.00757,0.00763,0.00757,0.00758,11025057.0
2024-01-28 21:00:00,0.00758,0.00758,0.00754,0.00754,2881426.0
2024-01-28 21:15:00,0.00755,0.00755,0.00753,0.00754,1314712.0
2024-01-28 21:30:00,0.00754,0.00754,0.0075,0.00752,2678610.0
2024-01-28 21:45:00,0.00752,0.00755,0.00752,0.00754,793400.0
2024-01-28 22:00:00,0.00755,0.00755,0.00753,0.00753,2017359.0
2024-01-28 22:15:00,0.00753,0.00754,0.00752,0.00752,408281.0
2024-01-28 22:30:00,0.00753,0.00753,0.00744,0.00746,3132322.0
2024-01-28 22:45:00,0.00747,0.00747,0.00743,0.00747,4588103.0
2024-01-28 23:00:00,0.00746,0.00748,0.00744,0.00744,613121.0
2024-01-28 23:15:00,0.00744,0.0075,0.00744,0.0075,3486727.0
2024-01-28 23:30:00,0.0075,0.00753,0.00748,0.00752,597048.0
2024-01-28 23:45:00,0.00751,0.00752,0.0075,0.00751,542633.0
2024-01-29 00:00:00,0.00752,0.00752,0.00746,0.00748,2211082.0
2024-01-29 00:15:00,0.00747,0.00751,0.00747,0.00751,1172195.0
2024-01-29 00:30:00,0.00751,0.00755,0.00751,0.00754,1359507.0
2024-01-29 00:45:00,0.00753,0.00753,0.00749,0.0075,2210263.0
2024-01-29 01:00:00,0.0075,0.00756,0.0075,0.00755,873611.0
2024-01-29 01:15:00,0.00755,0.00759,0.00753,0.00759,1025809.0
2024-01-29 01:30:00,0.00758,0.00761,0.00757,0.0076,1554026.0
2024-01-29 01:45:00,0.00759,0.00759,0.00755,0.00756,781286.0
2024-01-29 02:00:00,0.00756,0.00759,0.00755,0.00759,1729760.0
2024-01-29 02:15:00,0.0076,0.00762,0.00759,0.00761,339298.0
2024-01-29 02:30:00,0.00761,0.00763,0.0076,0.00761,661803.0
2024-01-29 02:45:00,0.0076,0.00763,0.00759,0.00761,768935.0
2024-01-29 03:00:00,0.00761,0.00762,0.00761,0.00762,120293.0
2024-01-29 03:15:00,0.00762,0.00764,0.00762,0.00764,326572.0
2024-01-29 03:30:00,0.00764,0.00765,0.00763,0.00764,446963.0
2024-01-29 03:45:00,0.00764,0.00764,0.00761,0.00762,773887.0
2024-01-29 04:00:00,0.00762,0.00763,0.00761,0.00762,253347.0
2024-01-29 04:15:00,0.00763,0.00764,0.00762,0.00762,395178.0
2024-01-29 04:30:00,0.00763,0.00765,0.00763,0.00764,302430.0
2024-01-29 04:45:00,0.00763,0.00765,0.00763,0.00764,217658.0
2024-01-29 05:00:00,0.00765,0.00768,0.00765,0.00768,2029209.0
2024-01-29 05:15:00,0.00768,0.0077,0.00763,0.00765,8736733.0
2024-01-29 05:30:00,0.00766,0.00767,0.00765,0.00766,1140485.0
2024-01-29 05:45:00,0.00766,0.00767,0.00763,0.00765,568828.0
2024-01-29 06:00:00,0.00765,0.00767,0.00764,0.00765,418218.0
2024-01-29 06:15:00,0.00765,0.00767,0.00764,0.00765,915348.0
2024-01-29 06:30:00,0.00764,0.00764,0.00761,0.00761,819971.0
2024-01-29 06:45:00,0.00761,0.00761,0.0076,0.00761,287840.0
2024-01-29 07:00:00,0.00761,0.00763,0.00761,0.00763,875387.0
2024-01-29 07:15:00,0.00764,0.00765,0.00761,0.00762,1152614.0
2024-01-29 07:30:00,0.00761,0.00761,0.00757,0.00757,1782754.0
2024-01-29 07:45:00,0.00757,0.00757,0.00756,0.00757,905331.0
2024-01-29 08:00:00,0.00758,0.00763,0.00758,0.0076,7371670.0
2024-01-29 08:15:00,0.0076,0.0076,0.00755,0.00756,2289162.0
2024-01-29 08:30:00,0.00757,0.00769,0.00756,0.00767,16632902.0
2024-01-29 08:45:00,0.00767,0.00768,0.00766,0.00766,2575767.0
2024-01-29 09:00:00,0.00766,0.00766,0.0076,0.00762,1890268.0
2024-01-29 09:15:00,0.00762,0.00766,0.00761,0.00764,1935908.0
2024-01-29 09:30:00,0.00764,0.00769,0.00764,0.00768,2068645.0
2024-01-29 09:45:00,0.00768,0.00768,0.00765,0.00766,895285.0
2024-01-29 10:00:00,0.00767,0.00767,0.00765,0.00765,266012.0
2024-01-29 10:15:00,0.00765,0.00765,0.00763,0.00765,382276.0
2024-01-29 10:30:00,0.00765,0.00768,0.00764,0.00768,1358427.0
2024-01-29 10:45:00,0.00767,0.00768,0.00766,0.00766,283341.0
2024-01-29 11:00:00,0.00766,0.00767,0.00764,0.00766,380876.0
2024-01-29 11:15:00,0.00766,0.00767,0.00764,0.00766,616339.0
2024-01-29 11:30:00,0.00767,0.00768,0.00765,0.00765,1195102.0
2024-01-29 11:45:00,0.00766,0.00766,0.00762,0.00765,1478001.0
2024-01-29 12:00:00,0.00765,0.00768,0.00765,0.00767,346069.0
2024-01-29 12:15:00,0.00767,0.00768,0.00765,0.00766,1161472.0
2024-01-29 12:30:00,0.00766,0.00766,0.0076,0.00761,730846.0
2024-01-29 12:45:00,0.00761,0.00765,0.00761,0.00764,2373533.0
2024-01-29 13:00:00,0.00764,0.00764,0.00761,0.00763,3598012.0
2024-01-29 13:15:00,0.00763,0.00764,0.00758,0.00758,1565762.0
2024-01-29 13:30:00,0.00759,0.00762,0.00756,0.00761,1362709.0
2024-01-29 13:45:00,0.00761,0.00761,0.00755,0.00757,2062568.0
2024-01-29 14:00:00,0.00757,0.00762,0.00757,0.0076,1103869.0
2024-01-29 14:15:00,0.00761,0.00763,0.00756,0.00756,2546563.0
2024-01-29 14:30:00,0.00756,0.00757,0.00753,0.00757,2914007.0
2024-01-29 14:45:00,0.00757,0.00759,0.00752,0.00756,1951591.0
2024-01-29 15:00:00,0.00756,0.0076,0.00754,0.0076,697331.0
2024-01-29 15:15:00,0.0076,0.00763,0.0076,0.00762,536203.0
2024-01-29 15:30:00,0.00762,0.00762,0.0076,0.0076,615423.0
2024-01-29 15:45:00,0.00761,0.00767,0.00761,0.00767,1640004.0
2024-01-29 16:00:00,0.00768,0.00768,0.00764,0.00765,2126863.0
2024-01-29 16:15:00,0.00765,0.0077,0.00765,0.00767,2797574.0
2024-01-29 16:30:00,0.00768,0.00773,0.00766,0.00772,2584696.0
2024-01-29 16:45:00,0.00772,0.00774,0.0077,0.00774,1795804.0
2024-01-29 17:00:00,0.00774,0.00776,0.00772,0.00772,1033054.0
2024-01-29 17:15:00,0.00773,0.00776,0.00772,0.00776,1252433.0
2024-01-29 17:30:00,0.00776,0.00778,0.00774,0.00774,1123978.0
2024-01-29 17:45:00,0.00774,0.00774,0.0077,0.00772,1758342.0
2024-01-29 18:00:00,0.00773,0.00777,0.00772,0.00775,998622.0
2024-01-29 18:15:00,0.00775,0.00776,0.00773,0.00775,912353.0
2024-01-29 18:30:00,0.00774,0.00774,0.00772,0.00772,1075329.0
2024-01-29 18:45:00,0.00772,0.00774,0.00771,0.00774,310270.0
2024-01-29 19:00:00,0.00775,0.00777,0.00775,0.00777,1346686.0
2024-01-29 19:15:00,0.00777,0.00778,0.00774,0.00774,441201.0
2024-01-29 19:30:00,0.00775,0.00775,0.00773,0.00774,863639.0
2024-01-29 19:45:00,0.00775,0.00775,0.00773,0.00773,741480.0
2024-01-29 20:00:00,0.00774,0.00776,0.00773,0.00775,362282.0
2024-01-29 20:15:00,0.00775,0.00775,0.00772,0.00773,292207.0
2024-01-29 20:30:00,0.00774,0.00777,0.00773,0.00777,796344.0
2024-01-29 20:45:00,0.00776,0.00778,0.00776,0.00776,688508.0
2024-01-29 21:00:00,0.00776,0.00777,0.00775,0.00777,694460.0
2024-01-29 21:15:00,0.00777,0.00777,0.00775,0.00776,389844.0
2024-01-29 21:30:00,0.00776,0.00776,0.00774,0.00774,811791.0
2024-01-29 21:45:00,0.00774,0.00775,0.00772,0.00773,634823.0
2024-01-29 22:00:00,0.00774,0.00775,0.00774,0.00775,294466.0
2024-01-29 22:15:00,0.00775,0.00776,0.00774,0.00776,188525.0
2024-01-29 22:30:00,0.00776,0.00777,0.00775,0.00776,612768.0
2024-01-29 22:45:00,0.00776,0.00776,0.00773,0.00776,840552.0
2024-01-29 23:00:00,0.00775,0.00776,0.00773,0.00773,554336.0
2024-01-29 23:15:00,0.00774,0.00775,0.00774,0.00774,699454.0
2024-01-29 23:30:00,0.00774,0.00776,0.00773,0.00776,1023120.0
2024-01-29 23:45:00,0.00775,0.00776,0.00773,0.00774,213262.0
2024-01-30 00:00:00,0.00774,0.00776,0.00771,0.00772,1430434.0
2024-01-30 00:15:00,0.00773,0.00775,0.00773,0.00773,340882.0
2024-01-30 00:30:00,0.00774,0.00774,0.00769,0.00769,935130.0
2024-01-30 00:45:00,0.0077,0.00771,0.00768,0.0077,598899.0
2024-01-30 01:00:00,0.00771,0.00773,0.00771,0.00773,367341.0
2024-01-30 01:15:00,0.00773,0.00777,0.00772,0.00777,943150.0
2024-01-30 01:30:00,0.00776,0.00783,0.00776,0.00782,3613812.0
2024-01-30 01:45:00,0.00782,0.00782,0.00775,0.00777,818482.0
2024-01-30 02:00:00,0.00776,0.00783,0.00776,0.00781,2058001.0
2024-01-30 02:15:00,0.00781,0.00783,0.00779,0.00782,869749.0
2024-01-30 02:30:00,0.00782,0.00786,0.00781,0.00785,2253570.0
2024-01-30 02:45:00,0.00785,0.00786,0.00776,0.00778,3139762.0
2024-01-30 03:00:00,0.00778,0.00779,0.00774,0.00775,1788419.0
2024-01-30 03:15:00,0.00776,0.00777,0.00773,0.00773,1356887.0
2024-01-30 03:30:00,0.00774,0.00776,0.00772,0.00775,984437.0
2024-01-30 03:45:00,0.00775,0.00777,0.00774,0.00775,1338657.0
2024-01-30 04:00:00,0.00776,0.00779,0.00776,0.00777,1050779.0
2024-01-30 04:15:00,0.00775,0.00775,0.00771,0.00772,3236084.0
2024-01-30 04:30:00,0.00772,0.00772,0.00769,0.0077,1037625.0
2024-01-30 04:45:00,0.0077,0.00774,0.0077,0.00774,821483.0
2024-01-30 05:00:00,0.00774,0.00776,0.00773,0.00776,598408.0
2024-01-30 05:15:00,0.00775,0.00775,0.00772,0.00772,620737.0
2024-01-30 05:30:00,0.00771,0.00776,0.0077,0.00775,637392.0
2024-01-30 05:45:00,0.00775,0.00776,0.00774,0.00776,527243.0
2024-01-30 06:00:00,0.00775,0.00776,0.00772,0.00772,451032.0
2024-01-30 06:15:00,0.00773,0.00774,0.0077,0.00771,955676.0
2024-01-30 06:30:00,0.00771,0.00771,0.00767,0.00769,1649169.0
2024-01-30 06:45:00,0.00769,0.00773,0.00768,0.00772,778972.0
2024-01-30 07:00:00,0.00772,0.00774,0.00771,0.00773,992914.0
2024-01-30 07:15:00,0.00773,0.00775,0.00772,0.00774,648071.0
2024-01-30 07:30:00,0.00774,0.00774,0.00772,0.00772,371157.0
2024-01-30 07:45:00,0.00772,0.00772,0.00771,0.00772,291217.0
2024-01-30 08:00:00,0.00772,0.00774,0.00769,0.00774,1824302.0
2024-01-30 08:15:00,0.00774,0.00776,0.00774,0.00776,6276269.0
2024-01-30 08:30:00,0.00776,0.00777,0.00775,0.00777,3381599.0
2024-01-30 08:45:00,0.00777,0.00778,0.00774,0.00775,986674.0
2024-01-30 09:00:00,0.00776,0.0078,0.00775,0.0078,1036549.0
2024-01-30 09:15:00,0.0078,0.00781,0.00779,0.00779,420443.0
2024-01-30 09:30:00,0.00779,0.00779,0.00775,0.00776,1325107.0
2024-01-30 09:45:00,0.00777,0.00777,0.00774,0.00774,4116255.0
2024-01-30 10:00:00,0.00774,0.00776,0.00773,0.00776,214577.0
2024-01-30 10:15:00,0.00777,0.00779,0.00777,0.00778,485602.0
2024-01-30 10:30:00,0.00779,0.00782,0.00779,0.00781,871332.0
2024-01-30 10:45:00,0.00781,0.00784,0.00781,0.00783,534983.0
2024-01-30 11:00:00,0.00783,0.00788,0.00781,0.00782,2784339.0
2024-01-30 11:15:00,0.00782,0.00784,0.0078,0.00784,739420.0
2024-01-30 11:30:00,0.00785,0.00787,0.00785,0.00785,2780522.0
2024-01-30 11:45:00,0.00786,0.00786,0.00783,0.00784,585710.0
2024-01-30 12:00:00,0.00784,0.00787,0.00783,0.00786,1071200.0
2024-01-30 12:15:00,0.00785,0.00785,0.00776,0.00776,4945104.0
2024-01-30 12:30:00,0.00776,0.00781,0.00772,0.00778,3966451.0
2024-01-30 12:45:00,0.00778,0.00778,0.00773,0.00777,2416564.0
2024-01-30 13:00:00,0.00777,0.0078,0.00769,0.00769,5437158.0
2024-01-30 13:15:00,0.00769,0.00772,0.00767,0.00769,1478638.0
2024-01-30 13:30:00,0.00769,0.00773,0.00769,0.00772,1780209.0
2024-01-30 13:45:00,0.00772,0.00772,0.00768,0.00772,1227993.0
2024-01-30 14:00:00,0.00771,0.00771,0.00766,0.00769,912952.0
2024-01-30 14:15:00,0.00769,0.00775,0.00769,0.00773,642815.0
2024-01-30 14:30:00,0.00773,0.00775,0.00771,0.00771,466566.0
2024-01-30 14:45:00,0.00771,0.00774,0.0077,0.00774,1607878.0
2024-01-30 15:00:00,0.00775,0.00776,0.00771,0.00773,1995857.0
2024-01-30 15:15:00,0.00773,0.00777,0.00773,0.00776,630858.0
2024-01-30 15:30:00,0.00776,0.00778,0.00775,0.00776,1093086.0
2024-01-30 15:45:00,0.00777,0.00779,0.00774,0.00777,1720273.0
2024-01-30 16:00:00,0.00776,0.0078,0.00776,0.00779,1241368.0
2024-01-30 16:15:00,0.00779,0.00779,0.00775,0.00778,955590.0
2024-01-30 16:30:00,0.00779,0.00781,0.00778,0.0078,522156.0
2024-01-30 16:45:00,0.0078,0.00781,0.00779,0.00781,622388.0
2024-01-30 17:00:00,0.0078,0.00781,0.00779,0.0078,1250189.0
2024-01-30 17:15:00,0.0078,0.0078,0.00776,0.00779,1604590.0
2024-01-30 17:30:00,0.00779,0.0078,0.00778,0.0078,1051805.0
2024-01-30 17:45:00,0.00779,0.0078,0.00778,0.0078,871893.0
2024-01-30 18:00:00,0.00779,0.0078,0.00778,0.00778,366846.0
2024-01-30 18:15:00,0.00778,0.00779,0.00774,0.00775,707042.0
2024-01-30 18:30:00,0.00776,0.00778,0.00776,0.00776,365937.0
2024-01-30 18:45:00,0.00777,0.00777,0.00775,0.00775,1035101.0
2024-01-30 19:00:00,0.00775,0.00777,0.00775,0.00776,1723819.0
2024-01-30 19:15:00,0.00776,0.00776,0.00774,0.00774,620527.0
2024-01-30 19:30:00,0.00775,0.00776,0.00774,0.00774,1798309.0
2024-01-30 19:45:00,0.00775,0.00777,0.00773,0.00777,2188622.0
2024-01-30 20:00:00,0.00777,0.00778,0.00775,0.00775,384728.0
2024-01-30 20:15:00,0.00776,0.00777,0.00775,0.00777,835569.0
2024-01-30 20:30:00,0.00778,0.00779,0.00776,0.00779,945130.0
2024-01-30 20:45:00,0.00779,0.0078,0.00777,0.00777,2329928.0
2024-01-30 21:00:00,0.00777,0.00778,0.00775,0.00777,827828.0
2024-01-30 21:15:00,0.00776,0.00778,0.00775,0.00778,657665.0
2024-01-30 21:30:00,0.00777,0.00779,0.00777,0.00778,458637.0
2024-01-30 21:45:00,0.00777,0.00779,0.00775,0.00776,1976203.0
2024-01-30 22:00:00,0.00777,0.00777,0.00774,0.00774,473717.0
2024-01-30 22:15:00,0.00775,0.00776,0.00773,0.00773,209502.0
2024-01-30 22:30:00,0.00773,0.00774,0.00769,0.0077,4260952.0
2024-01-30 22:45:00,0.00771,0.00771,0.00766,0.00767,1147530.0
2024-01-30 23:00:00,0.00768,0.00771,0.00768,0.0077,726747.0
2024-01-30 23:15:00,0.0077,0.00771,0.00762,0.00763,3434968.0
2024-01-30 23:30:00,0.00763,0.00767,0.0076,0.00763,2612727.0
2024-01-30 23:45:00,0.00763,0.00767,0.00761,0.00767,1043808.0
2024-01-31 00:00:00,0.00768,0.00769,0.00761,0.00761,973317.0
2024-01-31 00:15:00,0.00761,0.00761,0.00748,0.00758,18307138.0
2024-01-31 00:30:00,0.00758,0.0076,0.00756,0.00759,2129115.0
2024-01-31 00:45:00,0.0076,0.00764,0.00759,0.00764,2817207.0
2024-01-31 01:00:00,0.00763,0.00772,0.00762,0.00766,5885162.0
2024-01-31 01:15:00,0.00766,0.00767,0.0076,0.0076,1789256.0
2024-01-31 01:30:00,0.0076,0.00764,0.00759,0.00763,1004778.0
2024-01-31 01:45:00,0.00762,0.00762,0.00757,0.00761,1326347.0
2024-01-31 02:00:00,0.00761,0.00764,0.00761,0.00762,743737.0
2024-01-31 02:15:00,0.00761,0.00763,0.00754,0.00762,4123826.0
2024-01-31 02:30:00,0.00763,0.00766,0.00761,0.00761,1942218.0
2024-01-31 02:45:00,0.00761,0.00764,0.0076,0.00764,436401.0
2024-01-31 03:00:00,0.00765,0.00767,0.00763,0.00765,739795.0
2024-01-31 03:15:00,0.00765,0.00766,0.00764,0.00764,571990.0
2024-01-31 03:30:00,0.00764,0.00766,0.00762,0.00766,858450.0
2024-01-31 03:45:00,0.00766,0.00767,0.00764,0.00765,1008058.0
2024-01-31 04:00:00,0.00765,0.00767,0.00764,0.00764,1860732.0
2024-01-31 04:15:00,0.00764,0.00765,0.00764,0.00764,290075.0
2024-01-31 04:30:00,0.00764,0.00764,0.0076,0.00761,3150831.0
2024-01-31 04:45:00,0.00761,0.00765,0.00761,0.00764,485960.0
2024-01-31 05:00:00,0.00764,0.00766,0.00764,0.00766,1785708.0
2024-01-31 05:15:00,0.00765,0.00765,0.00759,0.0076,728857.0
2024-01-31 05:30:00,0.0076,0.00766,0.0076,0.00766,2410412.0
2024-01-31 05:45:00,0.00766,0.00768,0.00765,0.00767,494188.0
2024-01-31 06:00:00,0.00766,0.00767,0.00765,0.00765,586710.0
2024-01-31 06:15:00,0.00765,0.00767,0.00765,0.00765,253630.0
2024-01-31 06:30:00,0.00766,0.00767,0.00764,0.00764,745741.0
2024-01-31 06:45:00,0.00764,0.00767,0.00764,0.00766,460373.0
2024-01-31 07:00:00,0.00766,0.00769,0.00765,0.00768,791428.0
2024-01-31 07:15:00,0.00768,0.00773,0.00768,0.00772,1451730.0
2024-01-31 07:30:00,0.00772,0.00773,0.0077,0.0077,894654.0
2024-01-31 07:45:00,0.0077,0.00774,0.0077,0.00772,1524279.0
2024-01-31 08:00:00,0.00772,0.00773,0.00766,0.00767,4195206.0
2024-01-31 08:15:00,0.00767,0.00771,0.00765,0.00769,2201579.0
2024-01-31 08:30:00,0.0077,0.00774,0.0077,0.0077,1794363.0
2024-01-31 08:45:00,0.0077,0.00772,0.0077,0.0077,902045.0
2024-01-31 09:00:00,0.0077,0.00772,0.00759,0.00761,8505434.0
2024-01-31 09:15:00,0.00761,0.00764,0.00755,0.00756,4689528.0
2024-01-31 09:30:00,0.00757,0.00759,0.00755,0.00758,2495259.0
2024-01-31 09:45:00,0.00758,0.00761,0.00751,0.00752,3551109.0
2024-01-31 10:00:00,0.00752,0.00756,0.00751,0.00756,4097075.0
2024-01-31 10:15:00,0.00756,0.00758,0.00755,0.00756,899741.0
2024-01-31 10:30:00,0.00757,0.00759,0.0075,0.0075,1467659.0
2024-01-31 10:45:00,0.0075,0.00751,0.00747,0.00747,2182858.0
2024-01-31 11:00:00,0.00747,0.00753,0.00746,0.00752,2528036.0
2024-01-31 11:15:00,0.00752,0.00753,0.00751,0.00751,475407.0
2024-01-31 11:30:00,0.00751,0.00753,0.00747,0.00751,6687688.0
2024-01-31 11:45:00,0.00751,0.00754,0.00749,0.00752,3353998.0
2024-01-31 12:00:00,0.00752,0.00752,0.00749,0.0075,1210738.0
2024-01-31 12:15:00,0.00749,0.00754,0.00748,0.00754,1323845.0
2024-01-31 12:30:00,0.00753,0.00753,0.00751,0.00752,633965.0
2024-01-31 12:45:00,0.00752,0.00752,0.00749,0.0075,365150.0
2024-01-31 13:00:00,0.0075,0.00751,0.00748,0.00749,646987.0
2024-01-31 13:15:00,0.00749,0.00752,0.00749,0.0075,605443.0
2024-01-31 13:30:00,0.0075,0.00755,0.0075,0.00752,1493041.0
2024-01-31 13:45:00,0.00751,0.00753,0.00749,0.00751,1674921.0
2024-01-31 14:00:00,0.00751,0.00752,0.00741,0.00743,4408311.0
2024-01-31 14:15:00,0.00744,0.00745,0.00741,0.00744,2278349.0
2024-01-31 14:30:00,0.00744,0.00751,0.00744,0.00748,1052144.0
2024-01-31 14:45:00,0.00748,0.00748,0.00744,0.00745,951554.0
2024-01-31 15:00:00,0.00744,0.00747,0.00743,0.00744,1450163.0
2024-01-31 15:15:00,0.00743,0.00743,0.00733,0.00743,8518472.0
2024-01-31 15:30:00,0.00744,0.00754,0.00744,0.00754,3996899.0
2024-01-31 15:45:00,0.00753,0.00755,0.00748,0.00751,3564251.0
2024-01-31 16:00:00,0.00751,0.00754,0.00749,0.00751,1384772.0
2024-01-31 16:15:00,0.00752,0.00752,0.00749,0.00752,545241.0
2024-01-31 16:30:00,0.00751,0.00752,0.00748,0.0075,637688.0
2024-01-31 16:45:00,0.0075,0.00754,0.0075,0.00752,1031022.0
2024-01-31 17:00:00,0.00753,0.00754,0.0075,0.0075,1228024.0
2024-01-31 17:15:00,0.00749,0.00754,0.00749,0.00753,2357266.0
2024-01-31 17:30:00,0.00753,0.00755,0.00752,0.00754,471549.0
2024-01-31 17:45:00,0.00754,0.00755,0.00753,0.00755,1455575.0
2024-01-31 18:00:00,0.00755,0.00755,0.00752,0.00752,714861.0
2024-01-31 18:15:00,0.00752,0.00755,0.00752,0.00754,591417.0
2024-01-31 18:30:00,0.00754,0.00754,0.00751,0.00752,1192555.0
2024-01-31 18:45:00,0.00752,0.00753,0.00751,0.00752,183432.0
2024-01-31 19:00:00,0.00752,0.00756,0.00751,0.00755,621957.0
2024-01-31 19:15:00,0.00755,0.00755,0.00748,0.00749,1271026.0
2024-01-31 19:30:00,0.0075,0.00757,0.00748,0.00756,2256003.0
2024-01-31 19:45:00,0.00757,0.00757,0.00752,0.00753,788734.0
2024-01-31 20:00:00,0.00753,0.00753,0.00743,0.00748,2250138.0
2024-01-31 20:15:00,0.00749,0.00753,0.00749,0.00751,1081915.0
2024-01-31 20:30:00,0.00751,0.00751,0.00746,0.00748,1583301.0
2024-01-31 20:45:00,0.00747,0.00749,0.00743,0.00743,1013288.0
2024-01-31 21:00:00,0.00743,0.00745,0.00742,0.00744,338159.0
2024-01-31 21:15:00,0.00744,0.00747,0.00732,0.00733,3086821.0
2024-01-31 21:30:00,0.00734,0.00741,0.00734,0.00741,1202247.0
2024-01-31 21:45:00,0.00741,0.00742,0.00735,0.00742,1277855.0
2024-01-31 22:00:00,0.00741,0.00741,0.00734,0.00737,1675112.0
2024-01-31 22:15:00,0.00736,0.00739,0.00735,0.00739,1237043.0
2024-01-31 22:30:00,0.00739,0.00742,0.00739,0.00741,656070.0
2024-01-31 22:45:00,0.00741,0.00745,0.0074,0.00743,959849.0
2024-01-31 23:00:00,0.00743,0.00744,0.00742,0.00743,409876.0
2024-01-31 23:15:00,0.00742,0.00745,0.00741,0.00743,866724.0
2024-01-31 23:30:00,0.00743,0.00744,0.0074,0.0074,361846.0
2024-01-31 23:45:00,0.00741,0.00742,0.00739,0.0074,601901.0
2024-02-01 00:00:00,0.00742,0.00744,0.00741,0.00744,1073580.0
2024-02-01 00:15:00,0.00744,0.00749,0.00744,0.00748,1321632.0
2024-02-01 00:30:00,0.00747,0.00747,0.00741,0.00742,439829.0
2024-02-01 00:45:00,0.00743,0.00745,0.00742,0.00744,491992.0
2024-02-01 01:00:00,0.00743,0.00743,0.00737,0.00738,1749396.0
2024-02-01 01:15:00,0.00737,0.00738,0.00726,0.00733,4994760.0
2024-02-01 01:30:00,0.00734,0.00735,0.00729,0.00734,1551965.0
2024-02-01 01:45:00,0.00734,0.00735,0.00723,0.00725,4744778.0
2024-02-01 02:00:00,0.00725,0.00736,0.00725,0.00736,6567834.0
2024-02-01 02:15:00,0.00735,0.00737,0.00733,0.00734,904447.0
2024-02-01 02:30:00,0.00733,0.00738,0.00731,0.00737,1958689.0
2024-02-01 02:45:00,0.00737,0.00738,0.00736,0.00738,456317.0
2024-02-01 03:00:00,0.00738,0.00742,0.00736,0.00741,866800.0
2024-02-01 03:15:00,0.00741,0.00741,0.00739,0.00739,345274.0
2024-02-01 03:30:00,0.00739,0.0074,0.00733,0.00738,6881160.0
2024-02-01 03:45:00,0.00738,0.00739,0.00735,0.00735,1249299.0
2024-02-01 04:00:00,0.00734,0.00738,0.00734,0.00737,703948.0
2024-02-01 04:15:00,0.00738,0.0074,0.00737,0.00738,764742.0
2024-02-01 04:30:00,0.00737,0.0074,0.00733,0.00739,1511152.0
2024-02-01 04:45:00,0.00739,0.00741,0.00737,0.00738,832908.0
2024-02-01 05:00:00,0.00738,0.0074,0.00738,0.0074,522857.0
2024-02-01 05:15:00,0.0074,0.00741,0.00734,0.00734,1968637.0
2024-02-01 05:30:00,0.00734,0.00736,0.00732,0.00736,1344267.0
2024-02-01 05:45:00,0.00735,0.00738,0.00735,0.00737,113110.0
2024-02-01 06:00:00,0.00737,0.00739,0.00737,0.00737,266732.0
2024-02-01 06:15:00,0.00737,0.00737,0.00732,0.00733,446617.0
2024-02-01 06:30:00,0.00733,0.00738,0.00733,0.00738,465788.0
2024-02-01 06:45:00,0.00737,0.00737,0.00736,0.00737,490034.0
2024-02-01 07:00:00,0.00736,0.00737,0.00734,0.00736,322412.0
2024-02-01 07:15:00,0.00737,0.00739,0.00737,0.00739,443899.0
2024-02-01 07:30:00,0.00738,0.0074,0.00737,0.00738,474882.0
2024-02-01 07:45:00,0.00739,0.00741,0.00736,0.00736,668725.0
2024-02-01 08:00:00,0.00736,0.00738,0.00735,0.00736,414242.0
2024-02-01 08:15:00,0.00735,0.00737,0.00735,0.00737,628631.0
2024-02-01 08:30:00,0.00737,0.00741,0.00736,0.00741,621804.0
2024-02-01 08:45:00,0.00741,0.00741,0.00739,0.0074,206047.0
2024-02-01 09:00:00,0.00741,0.00741,0.00737,0.00737,1065877.0
2024-02-01 09:15:00,0.00738,0.00742,0.00738,0.00742,723340.0
2024-02-01 09:30:00,0.00741,0.00741,0.00738,0.00738,405905.0
2024-02-01 09:45:00,0.00737,0.0074,0.00737,0.0074,828394.0
2024-02-01 10:00:00,0.00739,0.0074,0.00737,0.0074,181421.0
2024-02-01 10:15:00,0.00741,0.00743,0.00741,0.00741,641163.0
2024-02-01 10:30:00,0.00742,0.00743,0.00739,0.00739,1255716.0
2024-02-01 10:45:00,0.00739,0.0074,0.00734,0.00736,1682900.0
2024-02-01 11:00:00,0.00735,0.00738,0.00734,0.00738,2146873.0
2024-02-01 11:15:00,0.00737,0.00737,0.00735,0.00736,1876870.0
2024-02-01 11:30:00,0.00736,0.00738,0.00735,0.00737,630204.0
2024-02-01 11:45:00,0.00738,0.00738,0.00734,0.00734,605783.0
2024-02-01 12:00:00,0.00735,0.00738,0.00732,0.00738,3778749.0
2024-02-01 12:15:00,0.00738,0.00738,0.00736,0.00737,272879.0
2024-02-01 12:30:00,0.00737,0.00737,0.00734,0.00735,547416.0
2024-02-01 12:45:00,0.00735,0.00736,0.00734,0.00735,494078.0
2024-02-01 13:00:00,0.00736,0.00736,0.00731,0.00733,1702279.0
2024-02-01 13:15:00,0.00732,0.00737,0.00732,0.00737,458179.0
2024-02-01 13:30:00,0.00737,0.00739,0.00735,0.00736,457013.0
2024-02-01 13:45:00,0.00736,0.00737,0.00735,0.00737,461888.0
2024-02-01 14:00:00,0.00736,0.00737,0.00735,0.00735,2035295.0
2024-02-01 14:15:00,0.00736,0.00739,0.00736,0.00739,413608.0
2024-02-01 14:30:00,0.00738,0.00742,0.00738,0.00742,621283.0
2024-02-01 14:45:00,0.00741,0.00741,0.00738,0.0074,254782.0
2024-02-01 15:00:00,0.00739,0.00744,0.00739,0.00744,600860.0
2024-02-01 15:15:00,0.00743,0.00745,0.00742,0.00744,579418.0
2024-02-01 15:30:00,0.00744,0.00745,0.00741,0.00742,836744.0
2024-02-01 15:45:00,0.00742,0.00743,0.0074,0.0074,1217312.0
2024-02-01 16:00:00,0.0074,0.0074,0.00738,0.00739,843230.0
2024-02-01 16:15:00,0.0074,0.0074,0.00736,0.00736,1113642.0
2024-02-01 16:30:00,0.00736,0.00738,0.00733,0.00738,2751732.0
2024-02-01 16:45:00,0.00737,0.00739,0.00737,0.00739,1316041.0
2024-02-01 17:00:00,0.00738,0.00741,0.00738,0.00739,349153.0
2024-02-01 17:15:00,0.0074,0.00743,0.00739,0.00743,823004.0
2024-02-01 17:30:00,0.00743,0.00744,0.0074,0.0074,537669.0
2024-02-01 17:45:00,0.0074,0.00742,0.00739,0.00741,461056.0
2024-02-01 18:00:00,0.00741,0.00741,0.00737,0.0074,2155719.0
2024-02-01 18:15:00,0.00739,0.00741,0.00738,0.00738,498389.0
2024-02-01 18:30:00,0.00738,0.00739,0.00735,0.00737,975611.0
2024-02-01 18:45:00,0.00737,0.00737,0.00735,0.00737,321513.0
2024-02-01 19:00:00,0.00737,0.00739,0.00737,0.00738,186289.0
2024-02-01 19:15:00,0.00737,0.00738,0.00736,0.00738,1626229.0
2024-02-01 19:30:00,0.00738,0.0074,0.00737,0.0074,432016.0
2024-02-01 19:45:00,0.00741,0.00743,0.0074,0.0074,316517.0
2024-02-01 20:00:00,0.00741,0.00741,0.00739,0.0074,420432.0
2024-02-01 20:15:00,0.00741,0.00742,0.00741,0.00742,549514.0
2024-02-01 20:30:00,0.00742,0.00744,0.00742,0.00744,737380.0
2024-02-01 20:45:00,0.00743,0.00743,0.00741,0.00742,1010630.0
2024-02-01 21:00:00,0.00742,0.00745,0.00741,0.00745,758568.0
2024-02-01 21:15:00,0.00745,0.00746,0.00744,0.00744,97443.0
2024-02-01 21:30:00,0.00745,0.00745,0.00743,0.00744,347631.0
2024-02-01 21:45:00,0.00744,0.00745,0.00744,0.00745,102985.0
2024-02-01 22:00:00,0.00745,0.00745,0.00743,0.00744,415124.0
2024-02-01 22:15:00,0.00744,0.00744,0.00744,0.00744,6163.0
2024-02-01 22:30:00,0.00743,0.00743,0.00742,0.00742,126787.0
2024-02-01 22:45:00,0.00743,0.00743,0.00742,0.00742,103430.0
2024-02-01 23:00:00,0.00743,0.00744,0.00741,0.00742,366330.0
2024-02-01 23:15:00,0.00742,0.00743,0.0074,0.00742,581340.0
2024-02-01 23:30:00,0.00743,0.00744,0.00742,0.00744,173139.0
2024-02-01 23:45:00,0.00743,0.00745,0.00743,0.00745,1109171.0
2024-02-02 00:00:00,0.00744,0.00744,0.00739,0.00743,3587127.0
2024-02-02 00:15:00,0.00743,0.00747,0.00742,0.00746,704353.0
2024-02-02 00:30:00,0.00746,0.00749,0.00745,0.00748,1497289.0
2024-02-02 00:45:00,0.00748,0.00748,0.00746,0.00746,369796.0
2024-02-02 01:00:00,0.00746,0.00748,0.00746,0.00748,134832.0
2024-02-02 01:15:00,0.00748,0.00749,0.00746,0.00747,869490.0
2024-02-02 01:30:00,0.00747,0.00748,0.00746,0.00747,538255.0
2024-02-02 01:45:00,0.00747,0.00747,0.00746,0.00746,112256.0
2024-02-02 02:00:00,0.00747,0.00747,0.00745,0.00746,1677011.0
2024-02-02 02:15:00,0.00746,0.00747,0.00743,0.00743,505730.0
2024-02-02 02:30:00,0.00743,0.00749,0.00743,0.00749,1106180.0
2024-02-02 02:45:00,0.00749,0.00749,0.00746,0.00748,1220691.0
2024-02-02 03:00:00,0.00748,0.00748,0.00746,0.00748,202784.0
2024-02-02 03:15:00,0.00747,0.00747,0.00746,0.00747,57487.0
2024-02-02 03:30:00,0.00747,0.00747,0.00747,0.00747,271458.0
2024-02-02 03:45:00,0.00747,0.00747,0.00746,0.00746,835366.0
2024-02-02 04:00:00,0.00746,0.00746,0.00744,0.00745,3225895.0
2024-02-02 04:15:00,0.00745,0.00747,0.00743,0.00746,3395129.0
2024-02-02 04:30:00,0.00745,0.00745,0.00743,0.00743,428303.0
2024-02-02 04:45:00,0.00742,0.00743,0.0074,0.00741,492225.0
2024-02-02 05:00:00,0.00741,0.00741,0.00739,0.00739,725584.0
2024-02-02 05:15:00,0.00739,0.00742,0.00739,0.00742,1147223.0
2024-02-02 05:30:00,0.00741,0.00742,0.00741,0.00741,257747.0
2024-02-02 05:45:00,0.00742,0.00744,0.00742,0.00743,501174.0
2024-02-02 06:00:00,0.00743,0.00744,0.00743,0.00744,223566.0
2024-02-02 06:15:00,0.00743,0.00745,0.00742,0.00745,583902.0
2024-02-02 06:30:00,0.00745,0.00746,0.00745,0.00746,758103.0
2024-02-02 06:45:00,0.00747,0.00748,0.00746,0.00747,329839.0
2024-02-02 07:00:00,0.00747,0.00749,0.00747,0.00748,307223.0
2024-02-02 07:15:00,0.00748,0.00748,0.00747,0.00747,535985.0
2024-02-02 07:30:00,0.00748,0.00751,0.00748,0.00751,698594.0
2024-02-02 07:45:00,0.00751,0.00752,0.0075,0.00752,602400.0
2024-02-02 08:00:00,0.00751,0.00751,0.00747,0.00747,508508.0
2024-02-02 08:15:00,0.00746,0.00748,0.00745,0.00746,1403939.0
2024-02-02 08:30:00,0.00746,0.00746,0.00743,0.00744,3137588.0
2024-02-02 08:45:00,0.00743,0.00743,0.00741,0.00742,1054576.0
2024-02-02 09:00:00,0.00742,0.00742,0.00735,0.00735,3639566.0
2024-02-02 09:15:00,0.00736,0.0074,0.00735,0.0074,1026746.0
2024-02-02 09:30:00,0.00739,0.00739,0.00738,0.00739,767965.0
2024-02-02 09:45:00,0.0074,0.0074,0.00739,0.00739,183550.0
2024-02-02 10:00:00,0.00739,0.00739,0.00737,0.00737,309550.0
2024-02-02 10:15:00,0.00738,0.0074,0.00738,0.0074,438817.0
2024-02-02 10:30:00,0.0074,0.00743,0.0074,0.00743,434741.0
2024-02-02 10:45:00,0.00742,0.00746,0.00742,0.00746,675430.0
2024-02-02 11:00:00,0.00745,0.00745,0.00743,0.00743,2762268.0
2024-02-02 11:15:00,0.00743,0.00744,0.00743,0.00744,90013.0
2024-02-02 11:30:00,0.00744,0.00744,0.00743,0.00744,175662.0
2024-02-02 11:45:00,0.00743,0.00743,0.00742,0.00742,131542.0
2024-02-02 12:00:00,0.00742,0.00743,0.0074,0.00743,1046280.0
2024-02-02 12:15:00,0.00743,0.00743,0.00742,0.00742,109438.0
2024-02-02 12:30:00,0.00742,0.00742,0.0074,0.0074,628966.0
2024-02-02 12:45:00,0.0074,0.0074,0.00738,0.00739,398156.0
2024-02-02 13:00:00,0.00739,0.00741,0.00737,0.00739,695762.0
2024-02-02 13:15:00,0.00738,0.0074,0.00737,0.00739,204345.0
2024-02-02 13:30:00,0.00738,0.00738,0.00732,0.00733,1764694.0
2024-02-02 13:45:00,0.00733,0.00734,0.0073,0.00733,1315661.0
2024-02-02 14:00:00,0.00732,0.00736,0.00732,0.00736,432950.0
2024-02-02 14:15:00,0.00735,0.00736,0.00735,0.00736,665735.0
2024-02-02 14:30:00,0.00736,0.00738,0.00736,0.00737,862687.0
2024-02-02 14:45:00,0.00737,0.00739,0.00735,0.00736,460370.0
2024-02-02 15:00:00,0.00736,0.00739,0.00736,0.00739,608798.0
2024-02-02 15:15:00,0.00739,0.00741,0.00738,0.00739,697970.0
2024-02-02 15:30:00,0.00741,0.00744,0.00739,0.00744,1339300.0
2024-02-02 15:45:00,0.00744,0.00744,0.00741,0.00743,911273.0
2024-02-02 16:00:00,0.00744,0.00745,0.00741,0.00741,1207490.0
2024-02-02 16:15:00,0.00741,0.00741,0.00739,0.00741,429731.0
2024-02-02 16:30:00,0.00741,0.00741,0.00739,0.0074,173972.0
2024-02-02 16:45:00,0.0074,0.00743,0.00738,0.00742,1105993.0
2024-02-02 17:00:00,0.00742,0.00743,0.00741,0.00743,536861.0
2024-02-02 17:15:00,0.00742,0.00743,0.00741,0.00741,447234.0
2024-02-02 17:30:00,0.00741,0.00742,0.00737,0.00738,339252.0
2024-02-02 17:45:00,0.00738,0.00739,0.00737,0.00737,437734.0
2024-02-02 18:00:00,0.00737,0.00738,0.00736,0.00737,388092.0
2024-02-02 18:15:00,0.00736,0.00738,0.00736,0.00737,358185.0
2024-02-02 18:30:00,0.00737,0.00738,0.00735,0.00737,673146.0
2024-02-02 18:45:00,0.00736,0.00737,0.00735,0.00737,528476.0
2024-02-02 19:00:00,0.00737,0.00738,0.00736,0.00737,416918.0
2024-02-02 19:15:00,0.00737,0.00737,0.00735,0.00735,745639.0
2024-02-02 19:30:00,0.00735,0.00736,0.00734,0.00736,144409.0
2024-02-02 19:45:00,0.00736,0.00738,0.00736,0.00738,72663.0
2024-02-02 20:00:00,0.00738,0.00738,0.00736,0.00736,327890.0
2024-02-02 20:15:00,0.00736,0.00738,0.00736,0.00738,268873.0
2024-02-02 20:30:00,0.00738,0.0074,0.00737,0.00738,995596.0
2024-02-02 20:45:00,0.00738,0.00739,0.00733,0.00736,1885153.0
2024-02-02 21:00:00,0.00737,0.00739,0.00737,0.00739,743269.0
2024-02-02 21:15:00,0.0074,0.00741,0.00739,0.00741,200750.0
2024-02-02 21:30:00,0.00741,0.00741,0.00738,0.00738,70660.0
2024-02-02 21:45:00,0.00739,0.00741,0.00739,0.0074,250846.0
2024-02-02 22:00:00,0.0074,0.00743,0.0074,0.00742,314947.0
2024-02-02 22:15:00,0.00741,0.00743,0.00741,0.00742,382603.0
2024-02-02 22:30:00,0.00743,0.00743,0.00741,0.00742,412002.0
2024-02-02 22:45:00,0.00743,0.00743,0.00741,0.00743,61997.0
2024-02-02 23:00:00,0.00743,0.00744,0.00743,0.00743,212990.0
2024-02-02 23:15:00,0.00743,0.00743,0.00742,0.00742,132064.0
2024-02-02 23:30:00,0.00741,0.00742,0.00741,0.00742,89581.0
2024-02-02 23:45:00,0.00742,0.00743,0.00741,0.00742,27023.0
2024-02-03 00:00:00,0.00743,0.00744,0.00743,0.00743,465738.0
2024-02-03 00:15:00,0.00744,0.00746,0.00744,0.00746,240866.0
2024-02-03 00:30:00,0.00746,0.00747,0.00745,0.00745,196645.0
2024-02-03 00:45:00,0.00744,0.00744,0.00742,0.00742,358280.0
2024-02-03 01:00:00,0.00743,0.00744,0.00741,0.00743,2953129.0
2024-02-03 01:15:00,0.00743,0.00746,0.00742,0.00745,563170.0
2024-02-03 01:30:00,0.00745,0.00745,0.00742,0.00745,383494.0
2024-02-03 01:45:00,0.00744,0.00745,0.00742,0.00744,301237.0
2024-02-03 02:00:00,0.00744,0.00745,0.00743,0.00743,313459.0
2024-02-03 02:15:00,0.00742,0.00745,0.00742,0.00744,507549.0
2024-02-03 02:30:00,0.00743,0.00745,0.00743,0.00744,474888.0
2024-02-03 02:45:00,0.00743,0.00744,0.0074,0.00741,1764158.0
2024-02-03 03:00:00,0.00741,0.00742,0.0074,0.00741,141144.0
2024-02-03 03:15:00,0.00741,0.00741,0.00739,0.00739,166122.0
2024-02-03 03:30:00,0.00739,0.0074,0.00739,0.0074,129113.0
2024-02-03 03:45:00,0.00739,0.0074,0.00737,0.00738,779543.0
2024-02-03 04:00:00,0.00738,0.0074,0.00737,0.00739,319295.0
2024-02-03 04:15:00,0.0074,0.0074,0.0074,0.0074,240141.0
2024-02-03 04:30:00,0.00739,0.00742,0.00739,0.00742,386909.0
2024-02-03 04:45:00,0.00741,0.00741,0.00739,0.00741,58306.0
2024-02-03 05:00:00,0.00741,0.00741,0.00738,0.00739,315432.0
2024-02-03 05:15:00,0.0074,0.00742,0.00739,0.00741,1358753.0
2024-02-03 05:30:00,0.00741,0.00742,0.00741,0.00741,706564.0
2024-02-03 05:45:00,0.00741,0.00742,0.00741,0.00741,70832.0
2024-02-03 06:00:00,0.00741,0.00743,0.0074,0.0074,267470.0
2024-02-03 06:15:00,0.0074,0.0074,0.00737,0.00737,3564778.0
2024-02-03 06:30:00,0.00737,0.00737,0.00735,0.00736,546742.0
2024-02-03 06:45:00,0.00736,0.00737,0.00736,0.00737,860932.0
2024-02-03 07:00:00,0.00736,0.00737,0.00733,0.00734,1120315.0
2024-02-03 07:15:00,0.00734,0.00736,0.00734,0.00735,257460.0
2024-02-03 07:30:00,0.00734,0.00736,0.00734,0.00736,258226.0
2024-02-03 07:45:00,0.00735,0.00735,0.00731,0.00733,1690038.0
2024-02-03 08:00:00,0.00733,0.00736,0.00733,0.00734,1874667.0
2024-02-03 08:15:00,0.00735,0.00735,0.00734,0.00734,556620.0
2024-02-03 08:30:00,0.00735,0.00736,0.00734,0.00735,371703.0
2024-02-03 08:45:00,0.00735,0.00735,0.00733,0.00733,85105.0
2024-02-03 09:00:00,0.00733,0.00735,0.00732,0.00734,908345.0
2024-02-03 09:15:00,0.00735,0.00736,0.00734,0.00736,125334.0
2024-02-03 09:30:00,0.00736,0.00738,0.00736,0.00737,454217.0
2024-02-03 09:45:00,0.00738,0.00738,0.00736,0.00736,688194.0
2024-02-03 10:00:00,0.00737,0.00737,0.00736,0.00736,87823.0
2024-02-03 10:15:00,0.00737,0.00738,0.00735,0.00736,1947931.0
2024-02-03 10:30:00,0.00736,0.00736,0.00735,0.00735,359366.0
2024-02-03 10:45:00,0.00736,0.00737,0.00736,0.00736,592111.0
2024-02-03 11:00:00,0.00735,0.00736,0.00734,0.00734,139330.0
2024-02-03 11:15:00,0.00734,0.00734,0.00732,0.00734,1549765.0
2024-02-03 11:30:00,0.00734,0.00734,0.00733,0.00734,120604.0
2024-02-03 11:45:00,0.00734,0.00735,0.00733,0.00734,125159.0
2024-02-03 12:00:00,0.00735,0.00737,0.00735,0.00737,302643.0
2024-02-03 12:15:00,0.00737,0.00738,0.00737,0.00738,568930.0
2024-02-03 12:30:00,0.00737,0.00738,0.00736,0.00738,86856.0
2024-02-03 12:45:00,0.00737,0.00738,0.00735,0.00735,687003.0
2024-02-03 13:00:00,0.00736,0.00736,0.00734,0.00736,551689.0
2024-02-03 13:15:00,0.00736,0.00736,0.00736,0.00736,5166.0
2024-02-03 13:30:00,0.00736,0.00737,0.00735,0.00735,237210.0
2024-02-03 13:45:00,0.00736,0.00737,0.00736,0.00737,50905.0
2024-02-03 14:00:00,0.00737,0.00737,0.00732,0.00734,431097.0
2024-02-03 14:15:00,0.00734,0.00736,0.00733,0.00736,644908.0
2024-02-03 14:30:00,0.00736,0.00736,0.00733,0.00733,999463.0
2024-02-03 14:45:00,0.00734,0.00734,0.00733,0.00734,349955.0
2024-02-03 15:00:00,0.00733,0.00733,0.0073,0.00733,2110668.0
2024-02-03 15:15:00,0.00732,0.00735,0.00731,0.00735,3379335.0
2024-02-03 15:30:00,0.00735,0.00737,0.00734,0.00737,626333.0
2024-02-03 15:45:00,0.00737,0.00737,0.00734,0.00735,563745.0
2024-02-03 16:00:00,0.00735,0.00736,0.00735,0.00736,425003.0
2024-02-03 16:15:00,0.00737,0.00738,0.00737,0.00737,232145.0
2024-02-03 16:30:00,0.00737,0.00738,0.00736,0.00737,152344.0
2024-02-03 16:45:00,0.00736,0.00737,0.00735,0.00736,473782.0
2024-02-03 17:00:00,0.00736,0.00737,0.00736,0.00737,118704.0
2024-02-03 17:15:00,0.00737,0.00739,0.00736,0.00738,798963.0
2024-02-03 17:30:00,0.00738,0.00738,0.00737,0.00738,183129.0
2024-02-03 17:45:00,0.00739,0.00741,0.00739,0.0074,559213.0
2024-02-03 18:00:00,0.0074,0.00741,0.00739,0.0074,176025.0
2024-02-03 18:15:00,0.00738,0.00739,0.00738,0.00738,23055.0
2024-02-03 18:30:00,0.00738,0.00738,0.00735,0.00735,66794.0
2024-02-03 18:45:00,0.00736,0.00737,0.00735,0.00735,529241.0
2024-02-03 19:00:00,0.00735,0.00736,0.00735,0.00736,285031.0
2024-02-03 19:15:00,0.00736,0.00737,0.00735,0.00735,1151488.0
2024-02-03 19:30:00,0.00736,0.00736,0.00736,0.00736,10333.0
2024-02-03 19:45:00,0.00736,0.00737,0.00735,0.00737,180323.0
2024-02-03 20:00:00,0.00736,0.00738,0.00736,0.00736,901986.0
2024-02-03 20:15:00,0.00737,0.00737,0.00735,0.00736,578949.0
2024-02-03 20:30:00,0.00737,0.00737,0.00736,0.00736,44746.0
2024-02-03 20:45:00,0.00736,0.00737,0.00735,0.00736,567943.0
2024-02-03 21:00:00,0.00736,0.00738,0.00736,0.00736,913145.0
2024-02-03 21:15:00,0.00737,0.00738,0.00734,0.00735,144236.0
2024-02-03 21:30:00,0.00735,0.00736,0.00734,0.00736,42156.0
2024-02-03 21:45:00,0.00735,0.00735,0.00733,0.00735,153633.0
2024-02-03 22:00:00,0.00735,0.00736,0.00735,0.00735,61002.0
2024-02-03 22:15:00,0.00735,0.00736,0.00734,0.00735,72590.0
2024-02-03 22:30:00,0.00735,0.00735,0.00733,0.00734,255239.0
2024-02-03 22:45:00,0.00734,0.00735,0.00733,0.00734,109875.0
2024-02-03 23:00:00,0.00734,0.00736,0.00734,0.00735,601390.0
2024-02-03 23:15:00,0.00735,0.00735,0.00733,0.00733,267713.0
2024-02-03 23:30:00,0.00733,0.00733,0.00732,0.00732,33142.0
2024-02-03 23:45:00,0.00732,0.00733,0.00731,0.00733,499573.0
2024-02-04 00:00:00,0.00732,0.00732,0.00728,0.00729,2557801.0
2024-02-04 00:15:00,0.0073,0.0073,0.00727,0.00728,1343560.0
2024-02-04 00:30:00,0.00729,0.00729,0.00724,0.00726,3145658.0
2024-02-04 00:45:00,0.00726,0.00727,0.00724,0.00727,1190851.0
2024-02-04 01:00:00,0.00727,0.00727,0.00723,0.00726,303636.0
2024-02-04 01:15:00,0.00726,0.00729,0.00725,0.00729,1509039.0
2024-02-04 01:30:00,0.00728,0.00731,0.00727,0.00729,916976.0
2024-02-04 01:45:00,0.00728,0.00729,0.00728,0.00729,113187.0
2024-02-04 02:00:00,0.00729,0.0073,0.00728,0.00729,107620.0
2024-02-04 02:15:00,0.00729,0.0073,0.00729,0.0073,148390.0
2024-02-04 02:30:00,0.0073,0.00731,0.00728,0.00729,769242.0
2024-02-04 02:45:00,0.0073,0.0073,0.00727,0.00728,54771.0
2024-02-04 03:00:00,0.00728,0.00729,0.00728,0.00729,128689.0
2024-02-04 03:15:00,0.00729,0.0073,0.00728,0.00728,626348.0
2024-02-04 03:30:00,0.00728,0.0073,0.00727,0.00728,95716.0
2024-02-04 03:45:00,0.00729,0.00729,0.00728,0.00728,351015.0
2024-02-04 04:00:00,0.00728,0.00729,0.00726,0.00728,563164.0
2024-02-04 04:15:00,0.00728,0.00728,0.00726,0.00726,332658.0
2024-02-04 04:30:00,0.00726,0.0073,0.00726,0.0073,672297.0
2024-02-04 04:45:00,0.00729,0.00729,0.00727,0.00727,626898.0
2024-02-04 05:00:00,0.00727,0.0073,0.00726,0.0073,632220.0
2024-02-04 05:15:00,0.00729,0.00729,0.00728,0.00728,751459.0
2024-02-04 05:30:00,0.00728,0.00728,0.00726,0.00727,646682.0
2024-02-04 05:45:00,0.00727,0.00727,0.00726,0.00726,254167.0
2024-02-04 06:00:00,0.00726,0.00728,0.00725,0.00726,877968.0
2024-02-04 06:15:00,0.00726,0.00726,0.00722,0.00722,3426088.0
2024-02-04 06:30:00,0.00722,0.00725,0.00722,0.00723,736085.0
2024-02-04 06:45:00,0.00723,0.00723,0.00721,0.00722,961941.0
2024-02-04 07:00:00,0.00722,0.00725,0.00722,0.00723,1563353.0
2024-02-04 07:15:00,0.00723,0.00723,0.0072,0.00723,4200719.0
2024-02-04 07:30:00,0.00722,0.00723,0.00719,0.00721,965649.0
2024-02-04 07:45:00,0.00722,0.00724,0.00722,0.00723,1085900.0
2024-02-04 08:00:00,0.00723,0.00725,0.00723,0.00724,171080.0
2024-02-04 08:15:00,0.00725,0.00727,0.00725,0.00726,770857.0
2024-02-04 08:30:00,0.00726,0.00726,0.00725,0.00725,86410.0
2024-02-04 08:45:00,0.00724,0.00725,0.00721,0.00722,462480.0
2024-02-04 09:00:00,0.00722,0.00722,0.0072,0.00721,495800.0
2024-02-04 09:15:00,0.00721,0.00726,0.00721,0.00725,554251.0
2024-02-04 09:30:00,0.00725,0.00726,0.00725,0.00726,349383.0
2024-02-04 09:45:00,0.00726,0.00727,0.00725,0.00727,150030.0
2024-02-04 10:00:00,0.00726,0.00727,0.00726,0.00727,217538.0
2024-02-04 10:15:00,0.00728,0.00728,0.00726,0.00726,103915.0
2024-02-04 10:30:00,0.00726,0.00727,0.00726,0.00727,23610.0
2024-02-04 10:45:00,0.00728,0.00729,0.00726,0.00728,912637.0
2024-02-04 11:00:00,0.00727,0.00728,0.00727,0.00728,477652.0
2024-02-04 11:15:00,0.00728,0.00728,0.00728,0.00728,853866.0
2024-02-04 11:30:00,0.00728,0.00731,0.00728,0.00731,558419.0
2024-02-04 11:45:00,0.0073,0.0073,0.00729,0.00729,460828.0
2024-02-04 12:00:00,0.0073,0.00731,0.0073,0.00731,267019.0
2024-02-04 12:15:00,0.0073,0.00733,0.0073,0.00732,253157.0
2024-02-04 12:30:00,0.00731,0.00733,0.0073,0.00732,3163696.0
2024-02-04 12:45:00,0.00732,0.00733,0.0073,0.00731,1294115.0
2024-02-04 13:00:00,0.00731,0.00731,0.0073,0.00731,454490.0
2024-02-04 13:15:00,0.00731,0.00732,0.0073,0.0073,1150500.0
2024-02-04 13:30:00,0.00731,0.00731,0.0073,0.0073,171545.0
2024-02-04 13:45:00,0.0073,0.00731,0.0073,0.00731,59427.0
2024-02-04 14:00:00,0.0073,0.00732,0.0073,0.00732,828640.0
2024-02-04 14:15:00,0.00732,0.00733,0.00732,0.00733,51941.0
2024-02-04 14:30:00,0.00733,0.00734,0.00731,0.00732,375801.0
2024-02-04 14:45:00,0.00732,0.00733,0.0073,0.0073,713776.0
2024-02-04 15:00:00,0.0073,0.00732,0.0073,0.00732,598462.0
2024-02-04 15:15:00,0.00733,0.00733,0.00731,0.00731,503590.0
2024-02-04 15:30:00,0.00731,0.00731,0.0073,0.00731,478933.0
2024-02-04 15:45:00,0.0073,0.00731,0.00729,0.00731,491132.0
2024-02-04 16:00:00,0.00731,0.00731,0.00729,0.00729,320382.0
2024-02-04 16:15:00,0.0073,0.00731,0.00728,0.0073,861717.0
2024-02-04 16:30:00,0.00729,0.0073,0.00727,0.00727,4109632.0
2024-02-04 16:45:00,0.00727,0.00729,0.00727,0.00728,549177.0
2024-02-04 17:00:00,0.00729,0.00729,0.00727,0.00728,424269.0
2024-02-04 17:15:00,0.00728,0.00728,0.00726,0.00727,721746.0
2024-02-04 17:30:00,0.00727,0.00728,0.00725,0.00728,525666.0
2024-02-04 17:45:00,0.00727,0.00727,0.00726,0.00727,1200741.0
2024-02-04 18:00:00,0.00727,0.00728,0.00726,0.00728,707123.0
2024-02-04 18:15:00,0.00727,0.00727,0.00722,0.00723,989819.0
2024-02-04 18:30:00,0.00724,0.00724,0.00724,0.00724,652419.0
2024-02-04 18:45:00,0.00723,0.00724,0.00722,0.00723,1119235.0
2024-02-04 19:00:00,0.00722,0.00734,0.00716,0.00724,28363211.0
2024-02-04 19:15:00,0.00724,0.00735,0.00724,0.00729,9792095.0
2024-02-04 19:30:00,0.00729,0.00731,0.00728,0.00729,3273666.0
2024-02-04 19:45:00,0.00729,0.0073,0.00727,0.00729,231872.0
2024-02-04 20:00:00,0.00728,0.0073,0.00728,0.00729,567512.0
2024-02-04 20:15:00,0.00728,0.00729,0.00728,0.00729,696324.0
2024-02-04 20:30:00,0.0073,0.00731,0.00728,0.0073,842058.0
2024-02-04 20:45:00,0.0073,0.00734,0.00729,0.00733,1437939.0
2024-02-04 21:00:00,0.00732,0.00733,0.00731,0.00732,318280.0
2024-02-04 21:15:00,0.00731,0.00743,0.0073,0.0074,5366253.0
2024-02-04 21:30:00,0.0074,0.00741,0.00737,0.0074,1932566.0
2024-02-04 21:45:00,0.0074,0.0074,0.00738,0.00738,1096451.0
2024-02-04 22:00:00,0.00739,0.0074,0.00738,0.0074,1451711.0
2024-02-04 22:15:00,0.0074,0.00741,0.00736,0.00737,680014.0
2024-02-04 22:30:00,0.00737,0.00738,0.0073,0.00733,1863181.0
2024-02-04 22:45:00,0.00733,0.00735,0.00732,0.00733,372598.0
2024-02-04 23:00:00,0.00733,0.00735,0.00733,0.00734,350540.0
2024-02-04 23:15:00,0.00733,0.00734,0.0073,0.00732,561124.0
2024-02-04 23:30:00,0.00732,0.00733,0.00731,0.00731,287568.0
2024-02-04 23:45:00,0.00731,0.00734,0.00731,0.00733,750607.0
2024-02-05 00:00:00,0.00732,0.00736,0.00732,0.00735,1691916.0
2024-02-05 00:15:00,0.00735,0.00737,0.0073,0.00737,1772406.0
2024-02-05 00:30:00,0.00736,0.00736,0.00732,0.00733,2302686.0
2024-02-05 00:45:00,0.00733,0.00733,0.0073,0.00731,863055.0
2024-02-05 01:00:00,0.0073,0.00732,0.00724,0.00726,5124155.0
2024-02-05 01:15:00,0.00726,0.00732,0.00726,0.00731,2511411.0
2024-02-05 01:30:00,0.00731,0.00734,0.0073,0.00734,1538325.0
2024-02-05 01:45:00,0.00735,0.00735,0.00732,0.00735,569925.0
2024-02-05 02:00:00,0.00734,0.00735,0.00733,0.00734,811858.0
2024-02-05 02:15:00,0.00734,0.00734,0.0073,0.0073,702138.0
2024-02-05 02:30:00,0.0073,0.00731,0.00728,0.00729,442277.0
2024-02-05 02:45:00,0.0073,0.00732,0.00729,0.00729,464460.0
2024-02-05 03:00:00,0.0073,0.00731,0.0073,0.00731,159528.0
2024-02-05 03:15:00,0.00732,0.00734,0.00732,0.00733,586169.0
2024-02-05 03:30:00,0.00733,0.00733,0.00732,0.00733,918083.0
2024-02-05 03:45:00,0.00733,0.00735,0.00733,0.00735,210551.0
2024-02-05 04:00:00,0.00735,0.00736,0.00733,0.00735,311627.0
2024-02-05 04:15:00,0.00735,0.00737,0.00735,0.00735,922040.0
2024-02-05 04:30:00,0.00735,0.00735,0.00733,0.00733,333372.0
2024-02-05 04:45:00,0.00733,0.00736,0.00733,0.00735,210312.0
2024-02-05 05:00:00,0.00735,0.00739,0.00733,0.00738,3595142.0
2024-02-05 05:15:00,0.00737,0.00739,0.00736,0.00736,844359.0
2024-02-05 05:30:00,0.00737,0.00739,0.00737,0.00737,1772429.0
2024-02-05 05:45:00,0.00738,0.0074,0.00737,0.00739,1444378.0
2024-02-05 06:00:00,0.00738,0.0074,0.00737,0.00738,373466.0
2024-02-05 06:15:00,0.00739,0.00739,0.00736,0.00738,470134.0
2024-02-05 06:30:00,0.00739,0.0074,0.00739,0.00739,116415.0
2024-02-05 06:45:00,0.00739,0.00741,0.00739,0.00741,439356.0
2024-02-05 07:00:00,0.00741,0.00741,0.00739,0.0074,238563.0
2024-02-05 07:15:00,0.0074,0.0074,0.00736,0.00739,3595106.0
2024-02-05 07:30:00,0.00739,0.0074,0.00738,0.00739,1005555.0
2024-02-05 07:45:00,0.00739,0.00739,0.00738,0.00738,98773.0
2024-02-05 08:00:00,0.00739,0.0074,0.00738,0.00738,514813.0
2024-02-05 08:15:00,0.00738,0.00738,0.00736,0.00738,604455.0
2024-02-05 08:30:00,0.00737,0.00737,0.00735,0.00735,629600.0
2024-02-05 08:45:00,0.00736,0.00736,0.00736,0.00736,99272.0
2024-02-05 09:00:00,0.00736,0.00736,0.00733,0.00734,450544.0
2024-02-05 09:15:00,0.00734,0.00735,0.00733,0.00733,388615.0
2024-02-05 09:30:00,0.00733,0.00734,0.00732,0.00733,821041.0
2024-02-05 09:45:00,0.00733,0.00736,0.00732,0.00734,260789.0
2024-02-05 10:00:00,0.00734,0.00737,0.00733,0.00737,1942862.0
2024-02-05 10:15:00,0.00737,0.00738,0.00736,0.00737,189508.0
2024-02-05 10:30:00,0.00736,0.00739,0.00736,0.00737,951882.0
2024-02-05 10:45:00,0.00738,0.00738,0.00737,0.00737,373249.0
2024-02-05 11:00:00,0.00738,0.00739,0.00737,0.00737,376942.0
2024-02-05 11:15:00,0.00738,0.0074,0.00737,0.00739,552351.0
2024-02-05 11:30:00,0.00739,0.0074,0.00738,0.00738,116838.0
2024-02-05 11:45:00,0.00738,0.00739,0.00737,0.00739,618959.0
2024-02-05 12:00:00,0.0074,0.00741,0.00739,0.00741,959398.0
2024-02-05 12:15:00,0.00741,0.00741,0.00739,0.00739,597408.0
2024-02-05 12:30:00,0.0074,0.00742,0.0074,0.00742,1056718.0
2024-02-05 12:45:00,0.00742,0.00743,0.00739,0.00739,1381656.0
2024-02-05 13:00:00,0.00739,0.00741,0.00738,0.0074,2748015.0
2024-02-05 13:15:00,0.0074,0.00742,0.0074,0.0074,416855.0
2024-02-05 13:30:00,0.00741,0.00742,0.0074,0.00741,3849747.0
2024-02-05 13:45:00,0.00741,0.00742,0.0074,0.00741,967906.0
2024-02-05 14:00:00,0.00742,0.00744,0.00742,0.00742,1200675.0
2024-02-05 14:15:00,0.00743,0.00745,0.00741,0.00743,668594.0
2024-02-05 14:30:00,0.00743,0.00744,0.00741,0.00742,1508331.0
2024-02-05 14:45:00,0.00742,0.00743,0.00741,0.00742,667964.0
2024-02-05 15:00:00,0.00742,0.00743,0.00737,0.00741,1400439.0
2024-02-05 15:15:00,0.0074,0.0074,0.00735,0.00738,576763.0
2024-02-05 15:30:00,0.00738,0.0074,0.00735,0.00737,908502.0
2024-02-05 15:45:00,0.00736,0.00738,0.00734,0.00735,905689.0
2024-02-05 16:00:00,0.00735,0.00738,0.00734,0.00738,830375.0
2024-02-05 16:15:00,0.00738,0.00739,0.00733,0.00735,1138531.0
2024-02-05 16:30:00,0.00734,0.00739,0.00734,0.00738,383293.0
2024-02-05 16:45:00,0.00737,0.0074,0.00737,0.00739,418128.0
2024-02-05 17:00:00,0.00739,0.00739,0.00737,0.00738,1082665.0
2024-02-05 17:15:00,0.00738,0.00738,0.00735,0.00737,449349.0
2024-02-05 17:30:00,0.00737,0.00746,0.00736,0.00744,3917132.0
2024-02-05 17:45:00,0.00743,0.00745,0.0074,0.0074,2641344.0
2024-02-05 18:00:00,0.0074,0.00743,0.00738,0.00738,648921.0
2024-02-05 18:15:00,0.00739,0.00741,0.00737,0.0074,2092897.0
2024-02-05 18:30:00,0.00739,0.0074,0.00738,0.00738,530330.0
2024-02-05 18:45:00,0.00739,0.00742,0.00738,0.00741,413083.0
2024-02-05 19:00:00,0.00741,0.00743,0.00741,0.00742,191282.0
2024-02-05 19:15:00,0.00743,0.00745,0.00743,0.00743,242897.0
2024-02-05 19:30:00,0.00743,0.00744,0.0074,0.00741,358598.0
2024-02-05 19:45:00,0.00741,0.00744,0.00741,0.00742,2059431.0
2024-02-05 20:00:00,0.00742,0.00743,0.00739,0.0074,617431.0
2024-02-05 20:15:00,0.0074,0.00742,0.00736,0.0074,1363299.0
2024-02-05 20:30:00,0.0074,0.00743,0.00739,0.00742,2112769.0
2024-02-05 20:45:00,0.00742,0.00742,0.0074,0.00741,1499617.0
2024-02-05 21:00:00,0.00741,0.00742,0.0074,0.00742,740059.0
2024-02-05 21:15:00,0.00742,0.00742,0.00738,0.00742,476575.0
2024-02-05 21:30:00,0.00742,0.00744,0.0074,0.00743,461790.0
2024-02-05 21:45:00,0.00742,0.00742,0.0074,0.00741,185820.0
2024-02-05 22:00:00,0.0074,0.00743,0.0074,0.00743,533466.0
2024-02-05 22:15:00,0.00742,0.00742,0.00738,0.00738,171566.0
2024-02-05 22:30:00,0.00738,0.00739,0.00734,0.00737,1079557.0
2024-02-05 22:45:00,0.00738,0.0074,0.00738,0.00739,106709.0
2024-02-05 23:00:00,0.00739,0.00739,0.00737,0.00738,119860.0
2024-02-05 23:15:00,0.00738,0.0074,0.00738,0.0074,36162.0
2024-02-05 23:30:00,0.0074,0.0074,0.00739,0.0074,139764.0
2024-02-05 23:45:00,0.0074,0.00741,0.0074,0.0074,381014.0
2024-02-06 00:00:00,0.00741,0.00741,0.00738,0.00739,208000.0
2024-02-06 00:15:00,0.00738,0.00738,0.00734,0.00736,728677.0
2024-02-06 00:30:00,0.00735,0.00737,0.00735,0.00737,401304.0
2024-02-06 00:45:00,0.00737,0.00738,0.00736,0.00738,205189.0
2024-02-06 01:00:00,0.00737,0.00738,0.00735,0.00736,461951.0
2024-02-06 01:15:00,0.00736,0.00741,0.00735,0.0074,365154.0
2024-02-06 01:30:00,0.00739,0.0074,0.00738,0.00739,331078.0
2024-02-06 01:45:00,0.00739,0.0074,0.00738,0.00738,62838.0
2024-02-06 02:00:00,0.00738,0.00741,0.00736,0.00741,520229.0
2024-02-06 02:15:00,0.0074,0.00741,0.0074,0.00741,252141.0
2024-02-06 02:30:00,0.00742,0.00743,0.00742,0.00743,263337.0
2024-02-06 02:45:00,0.00744,0.00745,0.00743,0.00744,185831.0
2024-02-06 03:00:00,0.00745,0.00745,0.00745,0.00745,47823.0
2024-02-06 03:15:00,0.00745,0.00745,0.00744,0.00744,398849.0
2024-02-06 03:30:00,0.00743,0.00743,0.00741,0.00742,251237.0
2024-02-06 03:45:00,0.00741,0.00742,0.00741,0.00742,191388.0
2024-02-06 04:00:00,0.00743,0.00744,0.00742,0.00742,41284.0
2024-02-06 04:15:00,0.00743,0.00744,0.00741,0.00743,409884.0
2024-02-06 04:30:00,0.00743,0.00747,0.00743,0.00746,437929.0
2024-02-06 04:45:00,0.00745,0.00745,0.00743,0.00745,278410.0
2024-02-06 05:00:00,0.00745,0.00746,0.00743,0.00744,322466.0
2024-02-06 05:15:00,0.00744,0.00747,0.00744,0.00746,1541026.0
2024-02-06 05:30:00,0.00746,0.00749,0.00744,0.00744,2239156.0
2024-02-06 05:45:00,0.00743,0.00746,0.00743,0.00744,309006.0
2024-02-06 06:00:00,0.00744,0.00745,0.00743,0.00745,397638.0
2024-02-06 06:15:00,0.00744,0.00745,0.00743,0.00744,643291.0
2024-02-06 06:30:00,0.00744,0.00746,0.00744,0.00745,254876.0
2024-02-06 06:45:00,0.00746,0.00747,0.00744,0.00745,311312.0
2024-02-06 07:00:00,0.00744,0.00744,0.00738,0.0074,12000696.0
2024-02-06 07:15:00,0.0074,0.0074,0.00738,0.0074,528244.0
2024-02-06 07:30:00,0.0074,0.0074,0.00739,0.0074,1116323.0
2024-02-06 07:45:00,0.0074,0.00742,0.00739,0.00741,1290349.0
2024-02-06 08:00:00,0.00741,0.00741,0.00739,0.0074,931605.0
2024-02-06 08:15:00,0.0074,0.00742,0.00739,0.0074,440932.0
2024-02-06 08:30:00,0.0074,0.0074,0.00739,0.0074,623399.0
2024-02-06 08:45:00,0.0074,0.00743,0.0074,0.00743,1002900.0
2024-02-06 09:00:00,0.00743,0.00743,0.00739,0.00742,426348.0
2024-02-06 09:15:00,0.00742,0.00742,0.00739,0.00741,314350.0
2024-02-06 09:30:00,0.00741,0.00741,0.00739,0.00739,618747.0
2024-02-06 09:45:00,0.0074,0.00741,0.00739,0.00739,110974.0
2024-02-06 10:00:00,0.0074,0.0074,0.00737,0.00738,116127.0
2024-02-06 10:15:00,0.00738,0.00738,0.00736,0.00738,778174.0
2024-02-06 10:30:00,0.00738,0.0074,0.00734,0.00735,1828017.0
2024-02-06 10:45:00,0.00735,0.0074,0.00732,0.0074,2442505.0
2024-02-06 11:00:00,0.00739,0.00741,0.00737,0.00737,987039.0
2024-02-06 11:15:00,0.00737,0.00739,0.00736,0.00738,552650.0
2024-02-06 11:30:00,0.00738,0.00738,0.00736,0.00736,561813.0
2024-02-06 11:45:00,0.00736,0.00738,0.00735,0.00736,212258.0
2024-02-06 12:00:00,0.00736,0.00739,0.00735,0.00738,453270.0
2024-02-06 12:15:00,0.00738,0.00738,0.00735,0.00737,516550.0
2024-02-06 12:30:00,0.00738,0.0074,0.00738,0.00739,760701.0
2024-02-06 12:45:00,0.00738,0.00738,0.00734,0.00738,1260776.0
2024-02-06 13:00:00,0.00738,0.00739,0.00736,0.00736,539214.0
2024-02-06 13:15:00,0.00737,0.00742,0.00737,0.0074,4852519.0
2024-02-06 13:30:00,0.0074,0.00741,0.00739,0.0074,341569.0
2024-02-06 13:45:00,0.0074,0.0074,0.00738,0.00739,585228.0
2024-02-06 14:00:00,0.0074,0.0074,0.00737,0.00737,396328.0
2024-02-06 14:15:00,0.00737,0.00737,0.00735,0.00735,471014.0
2024-02-06 14:30:00,0.00736,0.00739,0.00736,0.00738,756501.0
2024-02-06 14:45:00,0.00738,0.00739,0.00736,0.00736,208230.0
2024-02-06 15:00:00,0.00736,0.00737,0.00735,0.00735,416057.0
2024-02-06 15:15:00,0.00736,0.00738,0.00736,0.00738,168034.0
2024-02-06 15:30:00,0.00738,0.00738,0.00736,0.00737,141532.0
2024-02-06 15:45:00,0.00738,0.00739,0.00737,0.00738,755834.0
2024-02-06 16:00:00,0.00738,0.00739,0.00737,0.00738,1350829.0
2024-02-06 16:15:00,0.00738,0.00741,0.00738,0.0074,1551990.0
2024-02-06 16:30:00,0.0074,0.00741,0.00739,0.00739,1502179.0
2024-02-06 16:45:00,0.00739,0.00739,0.00736,0.00737,741590.0
2024-02-06 17:00:00,0.00737,0.00739,0.00736,0.00739,889002.0
2024-02-06 17:15:00,0.00739,0.0074,0.00738,0.00739,391808.0
2024-02-06 17:30:00,0.00738,0.00739,0.00737,0.00739,359142.0
2024-02-06 17:45:00,0.00738,0.00739,0.00738,0.00739,543039.0
2024-02-06 18:00:00,0.00738,0.0074,0.00738,0.00739,644373.0
2024-02-06 18:15:00,0.00738,0.00739,0.00736,0.00737,338488.0
2024-02-06 18:30:00,0.00738,0.0074,0.00737,0.0074,225599.0
2024-02-06 18:45:00,0.0074,0.00741,0.00739,0.00741,208908.0
2024-02-06 19:00:00,0.00741,0.00743,0.00741,0.00743,1887734.0
2024-02-06 19:15:00,0.00743,0.00746,0.00743,0.00746,1197688.0
2024-02-06 19:30:00,0.00746,0.00746,0.00743,0.00743,473990.0
2024-02-06 19:45:00,0.00744,0.00744,0.00741,0.00743,448914.0
2024-02-06 20:00:00,0.00743,0.00744,0.00742,0.00742,646479.0
2024-02-06 20:15:00,0.00743,0.00743,0.00741,0.00741,515454.0
2024-02-06 20:30:00,0.00742,0.00742,0.0074,0.0074,146756.0
2024-02-06 20:45:00,0.0074,0.00741,0.0074,0.0074,88278.0
2024-02-06 21:00:00,0.00741,0.00741,0.00739,0.00741,727669.0
2024-02-06 21:15:00,0.00741,0.00741,0.00739,0.0074,440483.0
2024-02-06 21:30:00,0.0074,0.0074,0.00739,0.0074,60547.0
2024-02-06 21:45:00,0.0074,0.0074,0.00738,0.00739,205723.0
2024-02-06 22:00:00,0.00739,0.00739,0.00738,0.00739,133079.0
2024-02-06 22:15:00,0.00739,0.00739,0.00739,0.00739,48036.0
2024-02-06 22:30:00,0.0074,0.00741,0.00739,0.00739,194476.0
2024-02-06 22:45:00,0.00739,0.0074,0.00739,0.0074,169160.0
2024-02-06 23:00:00,0.0074,0.0074,0.00738,0.00739,823853.0
2024-02-06 23:15:00,0.0074,0.0074,0.00738,0.00738,137888.0
2024-02-06 23:30:00,0.00738,0.00739,0.00737,0.00738,188686.0
2024-02-06 23:45:00,0.00738,0.00739,0.00737,0.00739,43477.0
2024-02-07 00:00:00,0.00739,0.00741,0.00739,0.0074,460691.0
2024-02-07 00:15:00,0.0074,0.00743,0.0074,0.00743,778493.0
2024-02-07 00:30:00,0.00743,0.00743,0.00741,0.00741,386323.0
2024-02-07 00:45:00,0.00741,0.00742,0.00741,0.00742,62352.0
2024-02-07 01:00:00,0.00742,0.00743,0.00741,0.00743,272316.0
2024-02-07 01:15:00,0.00743,0.00745,0.00742,0.00744,796940.0
2024-02-07 01:30:00,0.00744,0.00758,0.00744,0.00756,11582061.0
2024-02-07 01:45:00,0.00756,0.00762,0.00748,0.00757,27296511.0
2024-02-07 02:00:00,0.00757,0.00774,0.00756,0.00771,27433598.0
2024-02-07 02:15:00,0.00771,0.00772,0.00764,0.0077,4039612.0
2024-02-07 02:30:00,0.0077,0.0077,0.0076,0.00761,9638668.0
2024-02-07 02:45:00,0.0076,0.00766,0.00758,0.00763,6531702.0
2024-02-07 03:00:00,0.00762,0.00762,0.00759,0.0076,2540401.0
2024-02-07 03:15:00,0.0076,0.00771,0.00759,0.00769,7261888.0
2024-02-07 03:30:00,0.00769,0.00769,0.0076,0.0076,6681080.0
2024-02-07 03:45:00,0.0076,0.00761,0.00757,0.00758,3471759.0
2024-02-07 04:00:00,0.00758,0.00764,0.00757,0.00764,1755561.0
2024-02-07 04:15:00,0.00764,0.00768,0.00763,0.00764,3318258.0
2024-02-07 04:30:00,0.00764,0.00774,0.00764,0.00769,12384752.0
2024-02-07 04:45:00,0.0077,0.00774,0.00767,0.00769,6636879.0
2024-02-07 05:00:00,0.00769,0.00775,0.00765,0.00775,7854158.0
2024-02-07 05:15:00,0.00774,0.00778,0.0077,0.00773,8142273.0
2024-02-07 05:30:00,0.00772,0.00779,0.00772,0.00775,3526207.0
2024-02-07 05:45:00,0.00775,0.00778,0.00772,0.00776,4868423.0
2024-02-07 06:00:00,0.00776,0.00782,0.00773,0.00776,5059502.0
2024-02-07 06:15:00,0.00776,0.00783,0.00776,0.00779,5045249.0
2024-02-07 06:30:00,0.00779,0.00789,0.00779,0.00785,13714888.0
2024-02-07 06:45:00,0.00786,0.0079,0.00783,0.00788,11393992.0
2024-02-07 07:00:00,0.00788,0.00793,0.00786,0.00786,20533417.0
2024-02-07 07:15:00,0.00785,0.00786,0.0078,0.00781,6265702.0
2024-02-07 07:30:00,0.00782,0.00801,0.00782,0.00798,23795471.0
2024-02-07 07:45:00,0.00799,0.0081,0.00787,0.00797,31865446.0
2024-02-07 08:00:00,0.00797,0.00798,0.00789,0.00793,14356023.0
2024-02-07 08:15:00,0.00793,0.00796,0.00787,0.00788,6899354.0
2024-02-07 08:30:00,0.00789,0.00793,0.00783,0.00784,11028736.0
2024-02-07 08:45:00,0.00784,0.00785,0.00774,0.0078,22581346.0
2024-02-07 09:00:00,0.0078,0.00782,0.00774,0.00775,10130589.0
2024-02-07 09:15:00,0.00775,0.00783,0.00774,0.00782,4948034.0
2024-02-07 09:30:00,0.00781,0.00781,0.00776,0.00778,3952660.0
2024-02-07 09:45:00,0.00778,0.0078,0.00775,0.00779,1687315.0
2024-02-07 10:00:00,0.00778,0.00779,0.00775,0.00777,3145466.0
2024-02-07 10:15:00,0.00777,0.00777,0.0077,0.00773,6150042.0
2024-02-07 10:30:00,0.00773,0.00779,0.00773,0.00778,3015417.0
2024-02-07 10:45:00,0.00778,0.00781,0.00775,0.00775,6828514.0
2024-02-07 11:00:00,0.00775,0.00776,0.00771,0.00773,3589168.0
2024-02-07 11:15:00,0.00772,0.00776,0.00772,0.00774,4759966.0
2024-02-07 11:30:00,0.00775,0.00781,0.00773,0.00779,5063707.0
2024-02-07 11:45:00,0.00779,0.00785,0.00778,0.00782,4037657.0
2024-02-07 12:00:00,0.00782,0.00788,0.00781,0.00787,4195159.0
2024-02-07 12:15:00,0.00788,0.00793,0.00786,0.00786,4319617.0
2024-02-07 12:30:00,0.00786,0.00789,0.00784,0.00785,1506318.0
2024-02-07 12:45:00,0.00785,0.00787,0.00782,0.00784,2654258.0
2024-02-07 13:00:00,0.00784,0.00789,0.00782,0.00787,2491551.0
2024-02-07 13:15:00,0.00787,0.00803,0.00786,0.008,20634641.0
2024-02-07 13:30:00,0.008,0.00842,0.00796,0.00829,203222408.0
2024-02-07 13:45:00,0.00829,0.00837,0.00814,0.00836,58640182.0
2024-02-07 14:00:00,0.00837,0.0084,0.0082,0.00824,49327620.0
2024-02-07 14:15:00,0.00825,0.00827,0.00792,0.00796,59553816.0
2024-02-07 14:30:00,0.00795,0.00806,0.00792,0.00798,39311233.0
2024-02-07 14:45:00,0.00798,0.00802,0.00788,0.0079,17945606.0
2024-02-07 15:00:00,0.0079,0.00794,0.00785,0.0079,10006672.0
2024-02-07 15:15:00,0.00791,0.00796,0.00785,0.00787,28060738.0
2024-02-07 15:30:00,0.00787,0.00793,0.00787,0.00791,11435918.0
2024-02-07 15:45:00,0.00792,0.008,0.00791,0.00797,10926621.0
2024-02-07 16:00:00,0.00798,0.00807,0.00796,0.008,12014713.0
2024-02-07 16:15:00,0.008,0.008,0.00791,0.00796,10937048.0
2024-02-07 16:30:00,0.00796,0.00802,0.00795,0.00802,12459793.0
2024-02-07 16:45:00,0.00802,0.00804,0.00797,0.00797,5584211.0
2024-02-07 17:00:00,0.00797,0.00802,0.00797,0.008,3081867.0
2024-02-07 17:15:00,0.008,0.00805,0.00795,0.00804,10097070.0
2024-02-07 17:30:00,0.00804,0.00806,0.008,0.00802,3191334.0
2024-02-07 17:45:00,0.00803,0.00807,0.00801,0.00801,4165205.0
2024-02-07 18:00:00,0.00801,0.00805,0.008,0.00803,1668700.0
2024-02-07 18:15:00,0.00802,0.00803,0.00797,0.00803,13057783.0
2024-02-07 18:30:00,0.00803,0.00808,0.008,0.00802,6124301.0
2024-02-07 18:45:00,0.00801,0.00803,0.008,0.00803,3100822.0
2024-02-07 19:00:00,0.00803,0.00807,0.00802,0.00806,1009324.0
2024-02-07 19:15:00,0.00807,0.00816,0.00804,0.0081,12879917.0
2024-02-07 19:30:00,0.0081,0.00813,0.00806,0.0081,8634373.0
2024-02-07 19:45:00,0.0081,0.00811,0.00804,0.00807,5626056.0
2024-02-07 20:00:00,0.00808,0.00813,0.00808,0.00809,2920375.0
2024-02-07 20:15:00,0.0081,0.00821,0.00808,0.00821,7784112.0
2024-02-07 20:30:00,0.0082,0.00828,0.00818,0.00822,16070720.0
2024-02-07 20:45:00,0.00821,0.00821,0.0081,0.00816,8384943.0
2024-02-07 21:00:00,0.00816,0.00825,0.00815,0.00817,24153509.0
2024-02-07 21:15:00,0.00817,0.0082,0.00815,0.00816,4799167.0
2024-02-07 21:30:00,0.00817,0.00818,0.00813,0.00815,2873349.0
2024-02-07 21:45:00,0.00815,0.0082,0.00811,0.00818,8183815.0
2024-02-07 22:00:00,0.00819,0.00826,0.00816,0.00818,7421099.0
2024-02-07 22:15:00,0.00818,0.00818,0.00815,0.00818,1707084.0
2024-02-07 22:30:00,0.00817,0.00819,0.0081,0.00811,3211711.0
2024-02-07 22:45:00,0.0081,0.00815,0.00807,0.00813,15253724.0
2024-02-07 23:00:00,0.00813,0.00815,0.00808,0.00809,8167514.0
2024-02-07 23:15:00,0.0081,0.00812,0.00809,0.0081,1385663.0
2024-02-07 23:30:00,0.0081,0.0081,0.00806,0.00806,1475303.0
2024-02-07 23:45:00,0.00806,0.00808,0.00806,0.00807,1243229.0
2024-02-08 00:00:00,0.00807,0.00808,0.00801,0.00801,5565870.0
2024-02-08 00:15:00,0.00802,0.00816,0.00802,0.00811,16909791.0
2024-02-08 00:30:00,0.0081,0.00817,0.00809,0.00815,3572965.0
2024-02-08 00:45:00,0.00815,0.00815,0.00805,0.00806,12726657.0
2024-02-08 01:00:00,0.00806,0.00806,0.00802,0.00803,3619821.0
2024-02-08 01:15:00,0.00803,0.00804,0.008,0.00803,3906833.0
2024-02-08 01:30:00,0.00803,0.00803,0.008,0.00801,687604.0
2024-02-08 01:45:00,0.00801,0.00803,0.00799,0.00799,6051985.0
2024-02-08 02:00:00,0.008,0.00804,0.00798,0.00803,5678549.0
2024-02-08 02:15:00,0.00803,0.00804,0.00801,0.00803,2159872.0
2024-02-08 02:30:00,0.00804,0.00807,0.00803,0.00805,1713119.0
2024-02-08 02:45:00,0.00805,0.00808,0.00805,0.00806,983449.0
2024-02-08 03:00:00,0.00807,0.00809,0.00806,0.00809,1258937.0
2024-02-08 03:15:00,0.00809,0.0081,0.00807,0.0081,5143542.0
2024-02-08 03:30:00,0.00809,0.00812,0.00808,0.00811,2513389.0
2024-02-08 03:45:00,0.00811,0.00814,0.00811,0.00811,1626779.0
2024-02-08 04:00:00,0.00811,0.00813,0.00809,0.00811,2430560.0
2024-02-08 04:15:00,0.00811,0.00816,0.0081,0.00816,2323177.0
2024-02-08 04:30:00,0.00816,0.00819,0.00811,0.00813,3621358.0
2024-02-08 04:45:00,0.00813,0.00813,0.00807,0.00809,2963740.0
2024-02-08 05:00:00,0.0081,0.00813,0.00808,0.00813,2135711.0
2024-02-08 05:15:00,0.00813,0.00814,0.00811,0.00812,1103155.0
2024-02-08 05:30:00,0.00812,0.00813,0.00809,0.00809,1258853.0
2024-02-08 05:45:00,0.00808,0.00809,0.00806,0.00808,1444403.0
2024-02-08 06:00:00,0.00808,0.00808,0.00805,0.00806,3180664.0
2024-02-08 06:15:00,0.00807,0.00808,0.00803,0.00804,907153.0
2024-02-08 06:30:00,0.00804,0.00808,0.00803,0.00806,3937858.0
2024-02-08 06:45:00,0.00806,0.00806,0.00803,0.00805,1129953.0
2024-02-08 07:00:00,0.00804,0.00807,0.00803,0.00804,3506578.0
2024-02-08 07:15:00,0.00804,0.00807,0.00803,0.00803,1552727.0
2024-02-08 07:30:00,0.00804,0.00806,0.00804,0.00806,529528.0
2024-02-08 07:45:00,0.00806,0.00806,0.00805,0.00805,992019.0
2024-02-08 08:00:00,0.00805,0.00808,0.00803,0.00806,1533660.0
2024-02-08 08:15:00,0.00806,0.00806,0.00804,0.00804,839832.0
2024-02-08 08:30:00,0.00804,0.00806,0.00803,0.00804,2362126.0
2024-02-08 08:45:00,0.00804,0.00806,0.00803,0.00805,1263449.0
2024-02-08 09:00:00,0.00805,0.00805,0.00802,0.00803,1322651.0
2024-02-08 09:15:00,0.00803,0.00804,0.00802,0.00803,981326.0
2024-02-08 09:30:00,0.00803,0.00805,0.00803,0.00804,531557.0
2024-02-08 09:45:00,0.00804,0.00805,0.00804,0.00804,347683.0
2024-02-08 10:00:00,0.00805,0.00805,0.00802,0.00803,998986.0
2024-02-08 10:15:00,0.00802,0.00811,0.008,0.00807,8359170.0
2024-02-08 10:30:00,0.00808,0.00813,0.00805,0.00811,11030174.0
2024-02-08 10:45:00,0.00811,0.00889,0.00809,0.0088,178128010.0
2024-02-08 11:00:00,0.00881,0.00907,0.00863,0.00876,268785028.0
2024-02-08 11:15:00,0.00876,0.00876,0.00854,0.00854,97242450.0
2024-02-08 11:30:00,0.00853,0.00856,0.0084,0.0085,53803067.0
2024-02-08 11:45:00,0.00849,0.00874,0.00847,0.00872,42774208.0
2024-02-08 12:00:00,0.00872,0.00874,0.00843,0.00845,30481241.0
2024-02-08 12:15:00,0.00844,0.00851,0.00828,0.00829,31400380.0
2024-02-08 12:30:00,0.0083,0.00837,0.00827,0.00837,17419409.0
2024-02-08 12:45:00,0.00836,0.00836,0.00824,0.00827,10834372.0
2024-02-08 13:00:00,0.00827,0.00831,0.00823,0.00827,24002076.0
2024-02-08 13:15:00,0.00827,0.00834,0.00826,0.00831,6899844.0
2024-02-08 13:30:00,0.00831,0.00831,0.00823,0.00826,4537373.0
2024-02-08 13:45:00,0.00825,0.00828,0.00816,0.00822,21978938.0
2024-02-08 14:00:00,0.00821,0.00824,0.00812,0.00821,23392428.0
2024-02-08 14:15:00,0.0082,0.00825,0.00818,0.00823,6242961.0
2024-02-08 14:30:00,0.00823,0.00823,0.00817,0.00818,4907608.0
2024-02-08 14:45:00,0.00817,0.00823,0.00815,0.00822,5001377.0
2024-02-08 15:00:00,0.00821,0.00822,0.00817,0.00819,5069008.0
2024-02-08 15:15:00,0.0082,0.00828,0.00819,0.00825,3790445.0
2024-02-08 15:30:00,0.00825,0.00826,0.00817,0.0082,6206994.0
2024-02-08 15:45:00,0.0082,0.00822,0.00815,0.00821,4147286.0
2024-02-08 16:00:00,0.00821,0.00821,0.00814,0.00817,5598227.0
2024-02-08 16:15:00,0.00816,0.00818,0.00813,0.00815,3427455.0
2024-02-08 16:30:00,0.00814,0.00816,0.0081,0.00813,6461964.0
2024-02-08 16:45:00,0.00812,0.00815,0.00801,0.00811,18468648.0
2024-02-08 17:00:00,0.0081,0.00812,0.00808,0.00809,3917585.0
2024-02-08 17:15:00,0.00809,0.0081,0.00806,0.00808,2968700.0
2024-02-08 17:30:00,0.00809,0.00812,0.00809,0.00809,2146505.0
2024-02-08 17:45:00,0.0081,0.00811,0.00807,0.00807,2386202.0
2024-02-08 18:00:00,0.00808,0.0081,0.00806,0.00806,2836528.0
2024-02-08 18:15:00,0.00806,0.00808,0.00803,0.00808,2496553.0
2024-02-08 18:30:00,0.00808,0.00811,0.00806,0.00808,2282180.0
2024-02-08 18:45:00,0.00809,0.00811,0.00808,0.0081,1940438.0
2024-02-08 19:00:00,0.0081,0.00812,0.00809,0.0081,2176078.0
2024-02-08 19:15:00,0.00811,0.00816,0.00811,0.00814,4994711.0
2024-02-08 19:30:00,0.00815,0.00817,0.00813,0.00814,2681745.0
2024-02-08 19:45:00,0.00814,0.00815,0.0081,0.0081,2267744.0
2024-02-08 20:00:00,0.00811,0.00815,0.00811,0.00814,2862611.0
2024-02-08 20:15:00,0.00814,0.00816,0.00814,0.00815,2048860.0
2024-02-08 20:30:00,0.00816,0.0082,0.00816,0.00818,2331460.0
2024-02-08 20:45:00,0.00817,0.00819,0.00814,0.00816,1115381.0
2024-02-08 21:00:00,0.00815,0.00816,0.00811,0.00812,2755798.0
2024-02-08 21:15:00,0.00813,0.00818,0.00813,0.00816,4594803.0
2024-02-08 21:30:00,0.00816,0.00817,0.00814,0.00814,934982.0
2024-02-08 21:45:00,0.00814,0.00817,0.00814,0.00815,2077636.0
2024-02-08 22:00:00,0.00816,0.00817,0.00812,0.00812,1968781.0
2024-02-08 22:15:00,0.00813,0.00815,0.00813,0.00814,1121365.0
2024-02-08 22:30:00,0.00814,0.00816,0.00812,0.00812,1583926.0
2024-02-08 22:45:00,0.00813,0.00814,0.00812,0.00814,516508.0
2024-02-08 23:00:00,0.00814,0.0082,0.00814,0.00817,6866868.0
2024-02-08 23:15:00,0.00817,0.0082,0.00816,0.0082,850889.0
2024-02-08 23:30:00,0.0082,0.00825,0.00819,0.00824,4384769.0
2024-02-08 23:45:00,0.00823,0.00824,0.0082,0.00823,3495068.0
2024-02-09 00:00:00,0.00822,0.00825,0.0082,0.00825,2201434.0
2024-02-09 00:15:00,0.00826,0.00832,0.00826,0.00829,4595546.0
2024-02-09 00:30:00,0.0083,0.0083,0.00823,0.00824,4794090.0
2024-02-09 00:45:00,0.00825,0.00825,0.00821,0.00822,2618891.0
2024-02-09 01:00:00,0.00821,0.00824,0.00821,0.00822,1599582.0
2024-02-09 01:15:00,0.00823,0.00824,0.00821,0.00823,1649599.0
2024-02-09 01:30:00,0.00823,0.00828,0.00822,0.00826,2065682.0
2024-02-09 01:45:00,0.00824,0.00832,0.00824,0.00831,5684230.0
2024-02-09 02:00:00,0.00832,0.00834,0.00824,0.00826,6733538.0
2024-02-09 02:15:00,0.00826,0.00833,0.00826,0.0083,3072269.0
2024-02-09 02:30:00,0.0083,0.00833,0.00828,0.00831,4021021.0
2024-02-09 02:45:00,0.00831,0.00835,0.00831,0.00835,3317796.0
2024-02-09 03:00:00,0.00834,0.00834,0.00828,0.00833,6040612.0
2024-02-09 03:15:00,0.00832,0.00834,0.0083,0.00834,1542469.0
2024-02-09 03:30:00,0.00835,0.00838,0.00831,0.00833,6075206.0
2024-02-09 03:45:00,0.00833,0.00835,0.00831,0.00832,3143780.0
2024-02-09 04:00:00,0.00832,0.00838,0.00832,0.00835,9042651.0
2024-02-09 04:15:00,0.00834,0.00837,0.00829,0.00829,5772747.0
2024-02-09 04:30:00,0.00829,0.0083,0.00823,0.00824,3056442.0
2024-02-09 04:45:00,0.00823,0.00827,0.00822,0.00827,2341582.0
2024-02-09 05:00:00,0.00827,0.00827,0.00825,0.00827,1179283.0
2024-02-09 05:15:00,0.00826,0.00827,0.00823,0.00824,1008516.0
2024-02-09 05:30:00,0.00824,0.0083,0.00824,0.00829,2260871.0
2024-02-09 05:45:00,0.0083,0.0083,0.00825,0.00827,2223168.0
2024-02-09 06:00:00,0.00826,0.00826,0.00824,0.00825,3412990.0
2024-02-09 06:15:00,0.00824,0.00827,0.00824,0.00825,3289438.0
2024-02-09 06:30:00,0.00824,0.00825,0.00823,0.00824,1121344.0
2024-02-09 06:45:00,0.00824,0.00825,0.0082,0.00821,2329143.0
2024-02-09 07:00:00,0.00821,0.00825,0.00821,0.00823,1299185.0
2024-02-09 07:15:00,0.00824,0.00827,0.00824,0.00825,2356427.0
2024-02-09 07:30:00,0.00825,0.00825,0.0082,0.00823,1879758.0
2024-02-09 07:45:00,0.00823,0.00823,0.0082,0.00823,1293472.0
2024-02-09 08:00:00,0.00823,0.00828,0.00822,0.00826,4616596.0
2024-02-09 08:15:00,0.00827,0.00829,0.00825,0.00827,6997004.0
2024-02-09 08:30:00,0.00826,0.00826,0.00822,0.00825,2862929.0
2024-02-09 08:45:00,0.00823,0.00823,0.00819,0.00822,3956542.0
2024-02-09 09:00:00,0.00822,0.00825,0.00821,0.00822,5884253.0
2024-02-09 09:15:00,0.00821,0.00823,0.00817,0.00823,3507044.0
2024-02-09 09:30:00,0.00823,0.00824,0.00819,0.00819,4747242.0
2024-02-09 09:45:00,0.00819,0.00822,0.00818,0.00822,2028658.0
2024-02-09 10:00:00,0.00822,0.00823,0.00821,0.00823,2098172.0
2024-02-09 10:15:00,0.00822,0.00822,0.00818,0.00818,2064464.0
2024-02-09 10:30:00,0.00819,0.00823,0.00818,0.00818,4288391.0
2024-02-09 10:45:00,0.00819,0.0082,0.00816,0.00818,4777776.0
2024-02-09 11:00:00,0.00818,0.00821,0.00814,0.00819,8239738.0
2024-02-09 11:15:00,0.00819,0.00819,0.00814,0.00816,2845262.0
2024-02-09 11:30:00,0.00816,0.00819,0.00816,0.00817,2791147.0
2024-02-09 11:45:00,0.00817,0.00821,0.00816,0.00821,2534265.0
2024-02-09 12:00:00,0.0082,0.00823,0.00819,0.00821,3858992.0
2024-02-09 12:15:00,0.00821,0.00823,0.0082,0.00822,1440274.0
2024-02-09 12:30:00,0.00823,0.00824,0.00822,0.00823,1743321.0
2024-02-09 12:45:00,0.00824,0.00824,0.0082,0.00822,2579525.0
2024-02-09 13:00:00,0.00822,0.00822,0.00818,0.00819,2262259.0
2024-02-09 13:15:00,0.00819,0.0082,0.00816,0.00817,2089895.0
2024-02-09 13:30:00,0.00817,0.0082,0.00816,0.0082,4027295.0
2024-02-09 13:45:00,0.00819,0.0082,0.00817,0.00818,1043394.0
2024-02-09 14:00:00,0.00818,0.00819,0.00817,0.00819,481512.0
2024-02-09 14:15:00,0.00819,0.00819,0.00803,0.0081,13462969.0
2024-02-09 14:30:00,0.0081,0.00814,0.0081,0.00813,3064861.0
2024-02-09 14:45:00,0.00813,0.00815,0.00809,0.00813,3409711.0
2024-02-09 15:00:00,0.00813,0.00814,0.0081,0.00812,1887273.0
2024-02-09 15:15:00,0.00812,0.00814,0.0081,0.00814,1998191.0
2024-02-09 15:30:00,0.00814,0.00815,0.00813,0.00815,820890.0
2024-02-09 15:45:00,0.00815,0.00816,0.00812,0.00813,1191615.0
2024-02-09 16:00:00,0.00813,0.00814,0.00812,0.00812,1901126.0
2024-02-09 16:15:00,0.00812,0.00814,0.00812,0.00813,1255003.0
2024-02-09 16:30:00,0.00813,0.00818,0.00813,0.00818,1742783.0
2024-02-09 16:45:00,0.00818,0.00818,0.00814,0.00816,1358451.0
2024-02-09 17:00:00,0.00816,0.00817,0.00816,0.00817,501316.0
2024-02-09 17:15:00,0.00816,0.00816,0.00814,0.00814,1116088.0
2024-02-09 17:30:00,0.00814,0.00815,0.00812,0.00813,1232709.0
2024-02-09 17:45:00,0.00813,0.00815,0.00812,0.00814,781007.0
2024-02-09 18:00:00,0.00814,0.00816,0.00814,0.00814,922925.0
2024-02-09 18:15:00,0.00814,0.00819,0.00814,0.00816,2440738.0
2024-02-09 18:30:00,0.00816,0.00816,0.00814,0.00814,2227417.0
2024-02-09 18:45:00,0.00813,0.00816,0.00812,0.00814,1083356.0
2024-02-09 19:00:00,0.00814,0.00814,0.00812,0.00812,1687140.0
2024-02-09 19:15:00,0.00813,0.00813,0.0081,0.00812,636252.0
2024-02-09 19:30:00,0.00812,0.00813,0.00811,0.00812,145794.0
2024-02-09 19:45:00,0.00812,0.00814,0.00811,0.00814,955812.0
2024-02-09 20:00:00,0.00814,0.00816,0.00814,0.00815,872739.0
2024-02-09 20:15:00,0.00815,0.00816,0.00814,0.00815,210498.0
2024-02-09 20:30:00,0.00815,0.00816,0.00814,0.00816,1314896.0
2024-02-09 20:45:00,0.00815,0.00816,0.00815,0.00816,1492597.0
2024-02-09 21:00:00,0.00815,0.00818,0.00815,0.00816,939983.0
2024-02-09 21:15:00,0.00816,0.00817,0.00815,0.00815,755658.0
2024-02-09 21:30:00,0.00815,0.00818,0.00814,0.00816,1022029.0
2024-02-09 21:45:00,0.00817,0.0082,0.00817,0.0082,835536.0
2024-02-09 22:00:00,0.0082,0.00822,0.00819,0.00821,1540499.0
2024-02-09 22:15:00,0.00821,0.00821,0.00819,0.0082,901121.0
2024-02-09 22:30:00,0.00821,0.00828,0.0082,0.0082,6782836.0
2024-02-09 22:45:00,0.00821,0.00825,0.0082,0.00823,2142776.0
2024-02-09 23:00:00,0.00823,0.00826,0.00823,0.00825,1293751.0
2024-02-09 23:15:00,0.00825,0.00826,0.00821,0.00821,232365.0
2024-02-09 23:30:00,0.00821,0.00825,0.00821,0.00825,1881940.0
2024-02-09 23:45:00,0.00824,0.00826,0.00823,0.00824,1010732.0
2024-02-10 00:00:00,0.00824,0.0083,0.00824,0.00827,1971487.0
2024-02-10 00:15:00,0.00827,0.00827,0.00824,0.00825,1378085.0
2024-02-10 00:30:00,0.00826,0.00827,0.00822,0.00824,1184534.0
2024-02-10 00:45:00,0.00824,0.00828,0.00824,0.00824,2293396.0
2024-02-10 01:00:00,0.00824,0.00824,0.00821,0.00822,727660.0
2024-02-10 01:15:00,0.00823,0.00825,0.00822,0.00823,296776.0
2024-02-10 01:30:00,0.00823,0.00824,0.00821,0.00822,1516016.0
2024-02-10 01:45:00,0.00822,0.00827,0.00822,0.00827,1350780.0
2024-02-10 02:00:00,0.00826,0.00828,0.00825,0.00825,442375.0
2024-02-10 02:15:00,0.00825,0.00829,0.00823,0.00826,4625398.0
2024-02-10 02:30:00,0.00826,0.00826,0.00823,0.00824,2138757.0
2024-02-10 02:45:00,0.00824,0.00825,0.00824,0.00824,179144.0
2024-02-10 03:00:00,0.00824,0.00828,0.00822,0.00826,1021926.0
2024-02-10 03:15:00,0.00826,0.00827,0.00825,0.00826,523562.0
2024-02-10 03:30:00,0.00825,0.00826,0.00824,0.00826,341319.0
2024-02-10 03:45:00,0.00826,0.00826,0.00824,0.00824,308593.0
2024-02-10 04:00:00,0.00825,0.00827,0.00825,0.00825,647060.0
2024-02-10 04:15:00,0.00825,0.00826,0.00822,0.00823,823097.0
2024-02-10 04:30:00,0.00822,0.00825,0.00822,0.00824,2011386.0
2024-02-10 04:45:00,0.00824,0.00825,0.00823,0.00823,290247.0
2024-02-10 05:00:00,0.00822,0.00822,0.00819,0.0082,1403737.0
2024-02-10 05:15:00,0.0082,0.00821,0.00818,0.00819,1991697.0
2024-02-10 05:30:00,0.00819,0.0082,0.00819,0.0082,1352802.0
2024-02-10 05:45:00,0.0082,0.00823,0.0082,0.00821,780237.0
2024-02-10 06:00:00,0.0082,0.0082,0.00818,0.00819,738807.0
2024-02-10 06:15:00,0.00819,0.0082,0.00818,0.00819,326087.0
2024-02-10 06:30:00,0.0082,0.00821,0.00818,0.00819,1176557.0
2024-02-10 06:45:00,0.00818,0.00818,0.00816,0.00818,627509.0
2024-02-10 07:00:00,0.00818,0.00818,0.00812,0.00813,7617705.0
2024-02-10 07:15:00,0.00814,0.00815,0.00813,0.00813,353334.0
2024-02-10 07:30:00,0.00814,0.00816,0.00813,0.00816,2035709.0
2024-02-10 07:45:00,0.00816,0.00816,0.00812,0.00812,1129501.0
2024-02-10 08:00:00,0.00813,0.00815,0.00812,0.00815,331503.0
2024-02-10 08:15:00,0.00814,0.00814,0.00812,0.00812,3063759.0
2024-02-10 08:30:00,0.00813,0.00814,0.00811,0.00812,714154.0
2024-02-10 08:45:00,0.00811,0.00811,0.00804,0.00804,5441559.0
2024-02-10 09:00:00,0.00805,0.00811,0.00805,0.00811,4865859.0
2024-02-10 09:15:00,0.00811,0.00812,0.0081,0.00812,1639854.0
2024-02-10 09:30:00,0.00811,0.00812,0.00809,0.00809,2016143.0
2024-02-10 09:45:00,0.00809,0.00809,0.00804,0.00804,1996687.0
2024-02-10 10:00:00,0.00804,0.00805,0.00802,0.00804,1655929.0
2024-02-10 10:15:00,0.00804,0.00809,0.00802,0.00808,4236806.0
2024-02-10 10:30:00,0.00808,0.00809,0.00804,0.00804,844062.0
2024-02-10 10:45:00,0.00804,0.00804,0.00786,0.00794,18486302.0
2024-02-10 11:00:00,0.00794,0.00797,0.00793,0.00796,2529554.0
2024-02-10 11:15:00,0.00795,0.00799,0.00792,0.00796,9853734.0
2024-02-10 11:30:00,0.00796,0.00798,0.00795,0.00796,2720248.0
2024-02-10 11:45:00,0.00796,0.00798,0.00796,0.00797,1875780.0
2024-02-10 12:00:00,0.00798,0.00798,0.00795,0.00798,1528628.0
2024-02-10 12:15:00,0.00798,0.00798,0.00796,0.00796,1114743.0
2024-02-10 12:30:00,0.00796,0.00797,0.00794,0.00796,1057874.0
2024-02-10 12:45:00,0.00797,0.00798,0.00795,0.00798,336173.0
2024-02-10 13:00:00,0.00798,0.008,0.00797,0.008,1314502.0
2024-02-10 13:15:00,0.008,0.00801,0.00799,0.008,2429326.0
2024-02-10 13:30:00,0.00799,0.00801,0.00798,0.00801,657082.0
2024-02-10 13:45:00,0.00801,0.00801,0.008,0.00801,843727.0
2024-02-10 14:00:00,0.008,0.00804,0.008,0.00803,518804.0
2024-02-10 14:15:00,0.00803,0.00803,0.00801,0.00801,259653.0
2024-02-10 14:30:00,0.008,0.00801,0.008,0.008,484580.0
2024-02-10 14:45:00,0.00801,0.00804,0.00801,0.00803,911780.0
2024-02-10 15:00:00,0.00804,0.00805,0.00804,0.00804,1807937.0
2024-02-10 15:15:00,0.00805,0.00805,0.00804,0.00804,1142764.0
2024-02-10 15:30:00,0.00805,0.00806,0.00803,0.00805,506773.0
2024-02-10 15:45:00,0.00805,0.00805,0.00804,0.00804,232910.0
2024-02-10 16:00:00,0.00803,0.00804,0.00802,0.00802,341131.0
2024-02-10 16:15:00,0.00802,0.00805,0.00802,0.00804,511467.0
2024-02-10 16:30:00,0.00804,0.00806,0.00804,0.00806,377330.0
2024-02-10 16:45:00,0.00806,0.00806,0.00805,0.00805,845687.0
2024-02-10 17:00:00,0.00806,0.00809,0.00804,0.00807,8987579.0
2024-02-10 17:15:00,0.00807,0.00809,0.00807,0.00809,2565366.0
2024-02-10 17:30:00,0.00809,0.00812,0.00809,0.00809,1565118.0
2024-02-10 17:45:00,0.0081,0.0081,0.00808,0.00809,439293.0
2024-02-10 18:00:00,0.00808,0.0081,0.00808,0.0081,187844.0
2024-02-10 18:15:00,0.0081,0.00811,0.0081,0.00811,1286682.0
2024-02-10 18:30:00,0.00811,0.00812,0.00808,0.00809,1356171.0
2024-02-10 18:45:00,0.00809,0.00809,0.00806,0.00809,798182.0
2024-02-10 19:00:00,0.00809,0.0081,0.00808,0.00809,2180875.0
2024-02-10 19:15:00,0.00809,0.0081,0.00808,0.0081,2131357.0
2024-02-10 19:30:00,0.00811,0.00813,0.0081,0.00812,2172449.0
2024-02-10 19:45:00,0.00812,0.00813,0.0081,0.00812,1547468.0
2024-02-10 20:00:00,0.00812,0.00813,0.00811,0.00812,229401.0
2024-02-10 20:15:00,0.00812,0.00812,0.00811,0.00812,84863.0
2024-02-10 20:30:00,0.00811,0.00813,0.00811,0.00813,1009132.0
2024-02-10 20:45:00,0.00813,0.00816,0.00812,0.00812,3932912.0
2024-02-10 21:00:00,0.00813,0.00815,0.00812,0.00812,1301084.0
2024-02-10 21:15:00,0.00813,0.00814,0.00812,0.00814,1101870.0
2024-02-10 21:30:00,0.00814,0.00814,0.00811,0.00813,415059.0
2024-02-10 21:45:00,0.00814,0.00814,0.00811,0.00812,469673.0
2024-02-10 22:00:00,0.00812,0.00812,0.00809,0.0081,1343372.0
2024-02-10 22:15:00,0.00811,0.00811,0.00807,0.00809,1385463.0
2024-02-10 22:30:00,0.0081,0.00811,0.00808,0.00808,499287.0
2024-02-10 22:45:00,0.00809,0.0081,0.00807,0.0081,625742.0
2024-02-10 23:00:00,0.0081,0.00812,0.00808,0.00808,849093.0
2024-02-10 23:15:00,0.00808,0.00809,0.00807,0.00807,994401.0
2024-02-10 23:30:00,0.00808,0.00808,0.00806,0.00807,264759.0
2024-02-10 23:45:00,0.00808,0.00809,0.00807,0.00808,442147.0
2024-02-11 00:00:00,0.00808,0.00809,0.00806,0.00808,946040.0
2024-02-11 00:15:00,0.00807,0.00808,0.00806,0.00808,552953.0
2024-02-11 00:30:00,0.00808,0.0081,0.00807,0.0081,538515.0
2024-02-11 00:45:00,0.0081,0.0081,0.00809,0.0081,756963.0
2024-02-11 01:00:00,0.0081,0.00829,0.0081,0.00822,15672973.0
2024-02-11 01:15:00,0.00823,0.00825,0.00817,0.0082,5904809.0
2024-02-11 01:30:00,0.00819,0.0082,0.00815,0.00816,2437785.0
2024-02-11 01:45:00,0.00817,0.00819,0.00816,0.00818,1112525.0
2024-02-11 02:00:00,0.00818,0.00818,0.00816,0.00816,469929.0
2024-02-11 02:15:00,0.00815,0.00815,0.00813,0.00814,1315454.0
2024-02-11 02:30:00,0.00814,0.00815,0.00812,0.00814,1120456.0
2024-02-11 02:45:00,0.00814,0.00814,0.0081,0.00811,2752351.0
2024-02-11 03:00:00,0.00811,0.00813,0.0081,0.00813,1728262.0
2024-02-11 03:15:00,0.00812,0.00814,0.00812,0.00814,849677.0
2024-02-11 03:30:00,0.00814,0.00817,0.00814,0.00816,1100685.0
2024-02-11 03:45:00,0.00816,0.00817,0.00816,0.00817,649851.0
2024-02-11 04:00:00,0.00817,0.00817,0.00814,0.00815,1868314.0
2024-02-11 04:15:00,0.00816,0.00817,0.00815,0.00815,222472.0
2024-02-11 04:30:00,0.00815,0.00817,0.00814,0.00816,704580.0
2024-02-11 04:45:00,0.00816,0.00816,0.00814,0.00814,255158.0
2024-02-11 05:00:00,0.00814,0.00815,0.00812,0.00814,1894524.0
2024-02-11 05:15:00,0.00815,0.00815,0.00814,0.00815,349630.0
2024-02-11 05:30:00,0.00814,0.00814,0.00813,0.00813,408528.0
2024-02-11 05:45:00,0.00813,0.00815,0.00812,0.00815,990231.0
2024-02-11 06:00:00,0.00815,0.00819,0.00815,0.00818,2556219.0
2024-02-11 06:15:00,0.00818,0.00818,0.00815,0.00816,415556.0
2024-02-11 06:30:00,0.00816,0.00818,0.00814,0.00818,909644.0
2024-02-11 06:45:00,0.00817,0.00817,0.00814,0.00815,424487.0
2024-02-11 07:00:00,0.00815,0.00816,0.00814,0.00816,481522.0
2024-02-11 07:15:00,0.00816,0.00823,0.00816,0.00821,3328642.0
2024-02-11 07:30:00,0.00822,0.00825,0.00819,0.0082,1917604.0
2024-02-11 07:45:00,0.0082,0.00823,0.00819,0.0082,1380049.0
2024-02-11 08:00:00,0.0082,0.00829,0.00819,0.00824,11196920.0
2024-02-11 08:15:00,0.00824,0.00827,0.00823,0.00823,912921.0
2024-02-11 08:30:00,0.00823,0.00826,0.00822,0.00825,2853805.0
2024-02-11 08:45:00,0.00824,0.00827,0.00823,0.00825,2134324.0
2024-02-11 09:00:00,0.00824,0.00825,0.00823,0.00823,1468979.0
2024-02-11 09:15:00,0.00823,0.00823,0.00821,0.00821,478215.0
2024-02-11 09:30:00,0.00822,0.00824,0.0082,0.0082,1578533.0
2024-02-11 09:45:00,0.00821,0.00866,0.00819,0.00854,66599577.0
2024-02-11 10:00:00,0.00854,0.00855,0.00842,0.00844,14749757.0
2024-02-11 10:15:00,0.00843,0.0085,0.0084,0.0085,4775817.0
2024-02-11 10:30:00,0.0085,0.00855,0.00839,0.00839,12588773.0
2024-02-11 10:45:00,0.00839,0.00839,0.00832,0.00836,7069058.0
2024-02-11 11:00:00,0.00836,0.00845,0.00835,0.00845,2797754.0
2024-02-11 11:15:00,0.00845,0.00845,0.00841,0.00843,2610412.0
2024-02-11 11:30:00,0.00842,0.00851,0.00839,0.00848,3736772.0
2024-02-11 11:45:00,0.00849,0.00855,0.00833,0.00836,27273261.0
2024-02-11 12:00:00,0.00836,0.00837,0.00833,0.00837,7694059.0
2024-02-11 12:15:00,0.00836,0.00842,0.00835,0.00841,1794543.0
2024-02-11 12:30:00,0.0084,0.00844,0.00838,0.00843,9064892.0
2024-02-11 12:45:00,0.00843,0.00853,0.0084,0.0084,14554293.0
2024-02-11 13:00:00,0.0084,0.00844,0.00839,0.00841,3012689.0
2024-02-11 13:15:00,0.00841,0.00841,0.00836,0.00841,3686415.0
2024-02-11 13:30:00,0.0084,0.00842,0.0084,0.0084,1924804.0
2024-02-11 13:45:00,0.00839,0.00839,0.00835,0.00835,2068214.0
2024-02-11 14:00:00,0.00836,0.00839,0.00832,0.00835,4282713.0
2024-02-11 14:15:00,0.00837,0.0084,0.00836,0.00839,2948061.0
2024-02-11 14:30:00,0.0084,0.00846,0.0084,0.00843,3946827.0
2024-02-11 14:45:00,0.00843,0.00846,0.00841,0.00842,5502194.0
2024-02-11 15:00:00,0.00842,0.00842,0.00834,0.00835,4131150.0
2024-02-11 15:15:00,0.00835,0.00838,0.00835,0.00835,1861203.0
2024-02-11 15:30:00,0.00836,0.00837,0.00833,0.00833,1644189.0
2024-02-11 15:45:00,0.00834,0.00836,0.0083,0.00833,2538809.0
2024-02-11 16:00:00,0.00834,0.00835,0.0083,0.0083,2817685.0
2024-02-11 16:15:00,0.0083,0.00837,0.00827,0.00834,3411824.0
2024-02-11 16:30:00,0.00834,0.00842,0.00832,0.0084,3759106.0
2024-02-11 16:45:00,0.0084,0.00846,0.00838,0.00839,3944980.0
2024-02-11 17:00:00,0.00839,0.00844,0.00838,0.0084,1308150.0
2024-02-11 17:15:00,0.00841,0.00844,0.00841,0.00843,1171069.0
2024-02-11 17:30:00,0.00843,0.00846,0.0084,0.00841,907539.0
2024-02-11 17:45:00,0.00842,0.00842,0.00837,0.00838,2684848.0
2024-02-11 18:00:00,0.00837,0.00839,0.00834,0.00835,1026536.0
2024-02-11 18:15:00,0.00835,0.00836,0.00834,0.00834,486365.0
2024-02-11 18:30:00,0.00835,0.00835,0.00829,0.00833,1581486.0
2024-02-11 18:45:00,0.00833,0.00837,0.00832,0.00835,802534.0
2024-02-11 19:00:00,0.00834,0.00835,0.00826,0.00828,6511807.0
2024-02-11 19:15:00,0.00829,0.00831,0.00828,0.0083,687619.0
2024-02-11 19:30:00,0.0083,0.00831,0.00828,0.00829,1258807.0
2024-02-11 19:45:00,0.0083,0.0083,0.00828,0.0083,291953.0
2024-02-11 20:00:00,0.0083,0.00832,0.0083,0.0083,300101.0
2024-02-11 20:15:00,0.0083,0.00832,0.00828,0.00831,1032865.0
2024-02-11 20:30:00,0.00831,0.00832,0.00827,0.00828,1054676.0
2024-02-11 20:45:00,0.00827,0.00829,0.00818,0.00821,7641568.0
2024-02-11 21:00:00,0.00822,0.00824,0.00821,0.00824,1551762.0
2024-02-11 21:15:00,0.00824,0.00825,0.00821,0.00823,1398474.0
2024-02-11 21:30:00,0.00823,0.00825,0.00822,0.00824,870092.0
2024-02-11 21:45:00,0.00824,0.00826,0.00824,0.00826,223876.0
2024-02-11 22:00:00,0.00826,0.00826,0.0082,0.00822,2286332.0
2024-02-11 22:15:00,0.00822,0.00828,0.0082,0.00826,6459222.0
2024-02-11 22:30:00,0.00826,0.00829,0.00826,0.00828,430746.0
2024-02-11 22:45:00,0.00828,0.00828,0.00823,0.00825,1034378.0
2024-02-11 23:00:00,0.00824,0.00825,0.00821,0.00821,689024.0
2024-02-11 23:15:00,0.00822,0.00825,0.00821,0.00824,1772270.0
2024-02-11 23:30:00,0.00824,0.00824,0.00819,0.0082,636046.0
2024-02-11 23:45:00,0.0082,0.00822,0.0082,0.00821,446111.0
2024-02-12 00:00:00,0.00823,0.00823,0.00819,0.00822,921260.0
2024-02-12 00:15:00,0.00823,0.00827,0.00823,0.00827,1227124.0
2024-02-12 00:30:00,0.00826,0.00829,0.00825,0.00829,1557454.0
2024-02-12 00:45:00,0.00829,0.0083,0.00826,0.0083,2282681.0
2024-02-12 01:00:00,0.0083,0.00838,0.00827,0.00829,13436789.0
2024-02-12 01:15:00,0.00828,0.0083,0.00826,0.00829,9003448.0
2024-02-12 01:30:00,0.00829,0.00829,0.00824,0.00826,1610188.0
2024-02-12 01:45:00,0.00826,0.00827,0.00825,0.00827,467164.0
2024-02-12 02:00:00,0.00827,0.00827,0.00824,0.00824,1361764.0
2024-02-12 02:15:00,0.00824,0.00824,0.00819,0.0082,1281220.0
2024-02-12 02:30:00,0.00819,0.00821,0.00812,0.00816,6735252.0
2024-02-12 02:45:00,0.00816,0.00817,0.00812,0.00816,3299117.0
2024-02-12 03:00:00,0.00816,0.00817,0.00814,0.00816,2234291.0
2024-02-12 03:15:00,0.00816,0.00819,0.00815,0.00819,1084307.0
2024-02-12 03:30:00,0.0082,0.00821,0.00818,0.0082,1062246.0
2024-02-12 03:45:00,0.00819,0.0082,0.00816,0.00817,857988.0
2024-02-12 04:00:00,0.00818,0.00818,0.00817,0.00817,822924.0
2024-02-12 04:15:00,0.00817,0.00819,0.00815,0.00817,951962.0
2024-02-12 04:30:00,0.00817,0.00817,0.00813,0.00815,1788468.0
2024-02-12 04:45:00,0.00815,0.00815,0.00813,0.00813,497810.0
2024-02-12 05:00:00,0.00814,0.00816,0.00814,0.00816,579219.0
2024-02-12 05:15:00,0.00816,0.00816,0.00815,0.00815,703625.0
2024-02-12 05:30:00,0.00815,0.00816,0.00814,0.00814,357616.0
2024-02-12 05:45:00,0.00815,0.00816,0.00814,0.00815,193372.0
2024-02-12 06:00:00,0.00815,0.00816,0.00813,0.00815,471764.0
2024-02-12 06:15:00,0.00815,0.00817,0.00814,0.00815,552103.0
2024-02-12 06:30:00,0.00815,0.00816,0.00812,0.00813,590591.0
2024-02-12 06:45:00,0.00812,0.00813,0.00804,0.00811,8587285.0
2024-02-12 07:00:00,0.00811,0.00816,0.0081,0.00816,1405940.0
2024-02-12 07:15:00,0.00817,0.00821,0.00817,0.00819,1821080.0
2024-02-12 07:30:00,0.00819,0.00819,0.00817,0.00818,559812.0
2024-02-12 07:45:00,0.00819,0.0082,0.00818,0.0082,381266.0
2024-02-12 08:00:00,0.0082,0.00822,0.00818,0.0082,1089770.0
2024-02-12 08:15:00,0.00821,0.00822,0.0082,0.00822,409104.0
2024-02-12 08:30:00,0.00821,0.00822,0.0082,0.00821,1078125.0
2024-02-12 08:45:00,0.00821,0.00822,0.0082,0.00822,641250.0
2024-02-12 09:00:00,0.00822,0.00822,0.0082,0.00822,1093347.0
2024-02-12 09:15:00,0.00822,0.00822,0.00821,0.00821,287658.0
2024-02-12 09:30:00,0.00821,0.00822,0.00817,0.00817,2445276.0
2024-02-12 09:45:00,0.00818,0.00818,0.00812,0.00816,1080159.0
2024-02-12 10:00:00,0.00817,0.0082,0.00816,0.0082,704017.0
2024-02-12 10:15:00,0.0082,0.00821,0.00817,0.0082,659978.0
2024-02-12 10:30:00,0.0082,0.0082,0.00818,0.00818,374509.0
2024-02-12 10:45:00,0.00819,0.0082,0.00814,0.00816,772956.0
2024-02-12 11:00:00,0.00815,0.00826,0.00812,0.00812,11717013.0
2024-02-12 11:15:00,0.00812,0.00813,0.0081,0.0081,2460066.0
2024-02-12 11:30:00,0.0081,0.00813,0.00808,0.00812,904300.0
2024-02-12 11:45:00,0.00813,0.00814,0.00812,0.00814,678390.0
2024-02-12 12:00:00,0.00814,0.00816,0.00814,0.00816,629805.0
2024-02-12 12:15:00,0.00815,0.00816,0.00813,0.00816,658266.0
2024-02-12 12:30:00,0.00815,0.00817,0.00814,0.00815,381125.0
2024-02-12 12:45:00,0.00815,0.00819,0.00812,0.00818,1601164.0
2024-02-12 13:00:00,0.00818,0.00818,0.00816,0.00817,1062618.0
2024-02-12 13:15:00,0.00817,0.00818,0.00816,0.00818,1555510.0
2024-02-12 13:30:00,0.00817,0.00819,0.00816,0.00819,543541.0
2024-02-12 13:45:00,0.00819,0.00827,0.00818,0.00826,4476561.0
2024-02-12 14:00:00,0.00827,0.00829,0.0082,0.00822,5895233.0
2024-02-12 14:15:00,0.00823,0.00823,0.00818,0.00821,923812.0
2024-02-12 14:30:00,0.0082,0.0083,0.00819,0.00824,10783535.0
2024-02-12 14:45:00,0.00824,0.00825,0.00822,0.00825,2097808.0
2024-02-12 15:00:00,0.00825,0.00827,0.0082,0.00823,5403430.0
2024-02-12 15:15:00,0.00822,0.00828,0.00821,0.00827,3482453.0
2024-02-12 15:30:00,0.00827,0.0083,0.00826,0.00828,1163759.0
2024-02-12 15:45:00,0.00829,0.00832,0.00827,0.00829,2707199.0
2024-02-12 16:00:00,0.00829,0.00831,0.00825,0.00831,1225595.0
2024-02-12 16:15:00,0.00831,0.00834,0.0083,0.00833,2682242.0
2024-02-12 16:30:00,0.00834,0.00837,0.00834,0.00835,2195031.0
2024-02-12 16:45:00,0.00834,0.00835,0.00832,0.00834,1364688.0
2024-02-12 17:00:00,0.00834,0.00839,0.00834,0.00837,4987355.0
2024-02-12 17:15:00,0.00838,0.0084,0.00835,0.0084,837729.0
2024-02-12 17:30:00,0.0084,0.00843,0.00838,0.00841,7639547.0
2024-02-12 17:45:00,0.0084,0.00847,0.0084,0.00844,2726354.0
2024-02-12 18:00:00,0.00844,0.00846,0.00843,0.00845,2374391.0
2024-02-12 18:15:00,0.00846,0.00853,0.00846,0.00853,4125418.0
2024-02-12 18:30:00,0.00852,0.00852,0.00844,0.00849,3449278.0
2024-02-12 18:45:00,0.00848,0.00849,0.00845,0.00845,2452176.0
2024-02-12 19:00:00,0.00846,0.00847,0.00845,0.00845,1030207.0
2024-02-12 19:15:00,0.00846,0.00848,0.00843,0.00846,4784715.0
2024-02-12 19:30:00,0.00846,0.00846,0.00842,0.00843,1531589.0
2024-02-12 19:45:00,0.00843,0.00843,0.00839,0.0084,2095336.0
2024-02-12 20:00:00,0.00841,0.00845,0.00841,0.00845,1847476.0
2024-02-12 20:15:00,0.00845,0.00847,0.00843,0.00843,1371680.0
2024-02-12 20:30:00,0.00844,0.00845,0.00841,0.00842,1007974.0
2024-02-12 20:45:00,0.00842,0.00848,0.00842,0.00843,3300014.0
2024-02-12 21:00:00,0.00843,0.00845,0.00842,0.00845,311962.0
2024-02-12 21:15:00,0.00845,0.00846,0.00844,0.00845,431206.0
2024-02-12 21:30:00,0.00845,0.00849,0.00845,0.00848,1829337.0
2024-02-12 21:45:00,0.00847,0.00847,0.00843,0.00844,693942.0
2024-02-12 22:00:00,0.00844,0.00845,0.00843,0.00844,430921.0
2024-02-12 22:15:00,0.00844,0.00848,0.00844,0.00848,571519.0
2024-02-12 22:30:00,0.00847,0.00851,0.00845,0.0085,2041084.0
2024-02-12 22:45:00,0.00851,0.00852,0.0085,0.00852,601672.0
2024-02-12 23:00:00,0.00852,0.00852,0.00849,0.00849,1927111.0
2024-02-12 23:15:00,0.00848,0.00848,0.00834,0.00839,41151718.0
2024-02-12 23:30:00,0.00839,0.00842,0.00831,0.00838,41623237.0
2024-02-12 23:45:00,0.00838,0.0084,0.00838,0.00839,1639716.0
2024-02-13 00:00:00,0.00839,0.00842,0.00833,0.00837,9700740.0
2024-02-13 00:15:00,0.00837,0.00838,0.00836,0.00838,1706124.0
2024-02-13 00:30:00,0.00837,0.00837,0.00835,0.00837,1980431.0
2024-02-13 00:45:00,0.00837,0.00838,0.00836,0.00836,3341240.0
2024-02-13 01:00:00,0.00836,0.00836,0.00833,0.00833,3016788.0
2024-02-13 01:15:00,0.00834,0.00834,0.00829,0.00833,4220084.0
2024-02-13 01:30:00,0.00834,0.00836,0.00832,0.00833,2784804.0
2024-02-13 01:45:00,0.00833,0.00833,0.0082,0.00828,10343684.0
2024-02-13 02:00:00,0.00828,0.00829,0.00824,0.00824,2743229.0
2024-02-13 02:15:00,0.00825,0.00829,0.0082,0.00828,5153181.0
2024-02-13 02:30:00,0.00828,0.00832,0.00824,0.00824,10798214.0
2024-02-13 02:45:00,0.00825,0.00825,0.00823,0.00823,458154.0
2024-02-13 03:00:00,0.00823,0.00825,0.00822,0.00822,325727.0
2024-02-13 03:15:00,0.00822,0.00824,0.00821,0.00823,709216.0
2024-02-13 03:30:00,0.00822,0.00822,0.00816,0.00819,1971431.0
2024-02-13 03:45:00,0.00819,0.00819,0.0081,0.00814,3135843.0
2024-02-13 04:00:00,0.00814,0.00818,0.00814,0.00817,2225326.0
2024-02-13 04:15:00,0.00817,0.00817,0.00814,0.00817,1887780.0
2024-02-13 04:30:00,0.00817,0.0082,0.00816,0.00819,1011141.0
2024-02-13 04:45:00,0.00819,0.0082,0.00818,0.00818,366670.0
2024-02-13 05:00:00,0.00818,0.0082,0.00817,0.00818,1103946.0
2024-02-13 05:15:00,0.00818,0.0082,0.00817,0.00819,796597.0
2024-02-13 05:30:00,0.00819,0.00821,0.00819,0.0082,1029844.0
2024-02-13 05:45:00,0.0082,0.00822,0.00819,0.00821,1035779.0
2024-02-13 06:00:00,0.00821,0.00821,0.00819,0.0082,501696.0
2024-02-13 06:15:00,0.0082,0.00821,0.00818,0.00819,1192757.0
2024-02-13 06:30:00,0.00819,0.00819,0.00818,0.00819,391466.0
2024-02-13 06:45:00,0.00819,0.00819,0.00817,0.00819,665656.0
2024-02-13 07:00:00,0.00818,0.00821,0.00818,0.0082,431736.0
2024-02-13 07:15:00,0.0082,0.00821,0.0082,0.0082,322806.0
2024-02-13 07:30:00,0.00821,0.00821,0.00817,0.00819,1917404.0
2024-02-13 07:45:00,0.00819,0.00821,0.00819,0.00821,657308.0
2024-02-13 08:00:00,0.00821,0.00824,0.00819,0.00824,1072652.0
2024-02-13 08:15:00,0.00823,0.00825,0.00823,0.00823,1400643.0
2024-02-13 08:30:00,0.00824,0.00825,0.00823,0.00824,1988472.0
2024-02-13 08:45:00,0.00824,0.00824,0.00821,0.00822,941630.0
2024-02-13 09:00:00,0.00822,0.00824,0.00822,0.00823,983636.0
2024-02-13 09:15:00,0.00823,0.00827,0.00823,0.00826,1296114.0
2024-02-13 09:30:00,0.00826,0.00827,0.00823,0.00825,3742179.0
2024-02-13 09:45:00,0.00825,0.00828,0.00824,0.00828,2813643.0
2024-02-13 10:00:00,0.00828,0.00828,0.00826,0.00828,1736431.0
2024-02-13 10:15:00,0.00827,0.00827,0.00825,0.00827,1166838.0
2024-02-13 10:30:00,0.00827,0.00828,0.00822,0.00822,3843561.0
2024-02-13 10:45:00,0.00823,0.00824,0.00818,0.00819,5260987.0
2024-02-13 11:00:00,0.00819,0.00821,0.00817,0.00817,3626682.0
2024-02-13 11:15:00,0.00818,0.00821,0.00817,0.00819,1704420.0
2024-02-13 11:30:00,0.00819,0.00821,0.00819,0.0082,321265.0
2024-02-13 11:45:00,0.0082,0.0082,0.00817,0.00818,4660830.0
2024-02-13 12:00:00,0.00818,0.00821,0.00814,0.0082,5575933.0
2024-02-13 12:15:00,0.00819,0.00824,0.00816,0.0082,9183373.0
2024-02-13 12:30:00,0.00819,0.0082,0.00817,0.00818,1384043.0
2024-02-13 12:45:00,0.00818,0.00818,0.00815,0.00816,2043401.0
2024-02-13 13:00:00,0.00816,0.00816,0.00813,0.00815,4080187.0
2024-02-13 13:15:00,0.00815,0.00816,0.0081,0.0081,2953202.0
2024-02-13 13:30:00,0.0081,0.0081,0.00791,0.00806,15426520.0
2024-02-13 13:45:00,0.00806,0.00812,0.00806,0.0081,3605980.0
2024-02-13 14:00:00,0.0081,0.00813,0.00802,0.00804,4815590.0
2024-02-13 14:15:00,0.00805,0.00813,0.00797,0.00807,8509269.0
2024-02-13 14:30:00,0.00807,0.00814,0.00804,0.00811,3860231.0
2024-02-13 14:45:00,0.00811,0.00812,0.00807,0.00808,1978219.0
2024-02-13 15:00:00,0.00808,0.00812,0.00805,0.0081,5879260.0
2024-02-13 15:15:00,0.0081,0.00813,0.00809,0.00813,2031701.0
2024-02-13 15:30:00,0.00812,0.00815,0.00811,0.00814,1243647.0
2024-02-13 15:45:00,0.00813,0.00815,0.00809,0.00811,4745189.0
2024-02-13 16:00:00,0.0081,0.00813,0.0081,0.00811,2231316.0
2024-02-13 16:15:00,0.00811,0.00813,0.0081,0.00811,1277573.0
2024-02-13 16:30:00,0.00812,0.00812,0.00804,0.00806,14477860.0
2024-02-13 16:45:00,0.00807,0.00807,0.00803,0.00803,2282151.0
2024-02-13 17:00:00,0.00802,0.00807,0.00802,0.00806,2207879.0
2024-02-13 17:15:00,0.00806,0.0081,0.00806,0.0081,1621050.0
2024-02-13 17:30:00,0.0081,0.0081,0.0081,0.0081,490274.0
2024-02-13 17:45:00,0.0081,0.00811,0.00809,0.00811,958864.0
2024-02-13 18:00:00,0.00811,0.00813,0.00809,0.0081,1400417.0
2024-02-13 18:15:00,0.00811,0.00812,0.0081,0.00811,743999.0
2024-02-13 18:30:00,0.00812,0.00812,0.0081,0.00811,171955.0
2024-02-13 18:45:00,0.00812,0.00812,0.0081,0.00811,282598.0
2024-02-13 19:00:00,0.00812,0.00812,0.00809,0.0081,430275.0
2024-02-13 19:15:00,0.0081,0.00813,0.00809,0.00813,563691.0
2024-02-13 19:30:00,0.00812,0.00815,0.00812,0.00814,3073327.0
2024-02-13 19:45:00,0.00814,0.00815,0.00812,0.00813,1181985.0
2024-02-13 20:00:00,0.00813,0.00814,0.00813,0.00814,507221.0
2024-02-13 20:15:00,0.00814,0.00816,0.00813,0.00814,865592.0
2024-02-13 20:30:00,0.00814,0.00816,0.00813,0.00816,266235.0
2024-02-13 20:45:00,0.00816,0.00817,0.00814,0.00814,867532.0
2024-02-13 21:00:00,0.00815,0.00817,0.00813,0.00816,1280840.0
2024-02-13 21:15:00,0.00816,0.00817,0.00815,0.00817,1013427.0
2024-02-13 21:30:00,0.00817,0.00818,0.00815,0.00817,4278337.0
2024-02-13 21:45:00,0.00818,0.00818,0.00815,0.00816,411398.0
2024-02-13 22:00:00,0.00816,0.00818,0.00814,0.00814,987424.0
2024-02-13 22:15:00,0.00813,0.00813,0.0081,0.00812,2704949.0
2024-02-13 22:30:00,0.00812,0.00817,0.00812,0.00817,1806128.0
2024-02-13 22:45:00,0.00817,0.00818,0.00816,0.00818,522484.0
2024-02-13 23:00:00,0.00817,0.00819,0.00817,0.00819,2607188.0
2024-02-13 23:15:00,0.00819,0.00821,0.00818,0.0082,1489866.0
2024-02-13 23:30:00,0.00819,0.00821,0.00819,0.00821,747565.0
2024-02-13 23:45:00,0.0082,0.00822,0.00819,0.00819,1981113.0
2024-02-14 00:00:00,0.00819,0.00819,0.00814,0.00816,1907052.0
2024-02-14 00:15:00,0.00815,0.00815,0.00813,0.00814,1325011.0
2024-02-14 00:30:00,0.00815,0.00815,0.00811,0.00812,1557729.0
2024-02-14 00:45:00,0.00812,0.00815,0.00812,0.00814,1926105.0
2024-02-14 01:00:00,0.00814,0.00814,0.00811,0.00814,2823387.0
2024-02-14 01:15:00,0.00814,0.00815,0.00812,0.00814,2054217.0
2024-02-14 01:30:00,0.00815,0.00816,0.00811,0.00812,1534609.0
2024-02-14 01:45:00,0.00811,0.00814,0.0081,0.00814,1814820.0
2024-02-14 02:00:00,0.00813,0.00816,0.00813,0.00814,1130075.0
2024-02-14 02:15:00,0.00815,0.00816,0.00814,0.00815,538346.0
2024-02-14 02:30:00,0.00815,0.00817,0.00815,0.00817,348443.0
2024-02-14 02:45:00,0.00817,0.00824,0.00817,0.00822,12614631.0
2024-02-14 03:00:00,0.00822,0.00825,0.0082,0.00823,2637425.0
2024-02-14 03:15:00,0.00824,0.00829,0.00823,0.00824,7331629.0
2024-02-14 03:30:00,0.00824,0.00828,0.00822,0.00822,6087698.0
2024-02-14 03:45:00,0.00823,0.00825,0.00823,0.00824,2516671.0
2024-02-14 04:00:00,0.00824,0.00825,0.00823,0.00825,636265.0
2024-02-14 04:15:00,0.00825,0.00826,0.00821,0.00821,3286829.0
2024-02-14 04:30:00,0.00822,0.00824,0.00821,0.00824,2605921.0
2024-02-14 04:45:00,0.00823,0.00825,0.00823,0.00824,481092.0
2024-02-14 05:00:00,0.00824,0.00826,0.00823,0.00825,1657253.0
2024-02-14 05:15:00,0.00826,0.00828,0.00826,0.00827,1560446.0
2024-02-14 05:30:00,0.00827,0.00828,0.00826,0.00828,761218.0
2024-02-14 05:45:00,0.00828,0.0083,0.00828,0.0083,1428366.0
2024-02-14 06:00:00,0.0083,0.0083,0.00828,0.00829,413729.0
2024-02-14 06:15:00,0.0083,0.00831,0.00829,0.00829,1339920.0
2024-02-14 06:30:00,0.00829,0.0083,0.00827,0.00827,3654004.0
2024-02-14 06:45:00,0.00827,0.0083,0.00827,0.0083,1028389.0
2024-02-14 07:00:00,0.0083,0.00832,0.00828,0.00829,1958248.0
2024-02-14 07:15:00,0.00829,0.0083,0.00828,0.0083,1087398.0
2024-02-14 07:30:00,0.0083,0.00831,0.00829,0.00829,944726.0
2024-02-14 07:45:00,0.00829,0.0083,0.00829,0.0083,311170.0
2024-02-14 08:00:00,0.0083,0.0083,0.00828,0.00828,1601233.0
2024-02-14 08:15:00,0.00828,0.00829,0.00826,0.00827,3081575.0
2024-02-14 08:30:00,0.00827,0.00828,0.00825,0.00826,1415119.0
2024-02-14 08:45:00,0.00826,0.00831,0.00825,0.0083,4122761.0
2024-02-14 09:00:00,0.00831,0.00836,0.0083,0.00834,4084600.0
2024-02-14 09:15:00,0.00833,0.00837,0.00832,0.00836,1387589.0
2024-02-14 09:30:00,0.00836,0.00857,0.00835,0.00851,29073700.0
2024-02-14 09:45:00,0.0085,0.0085,0.00843,0.00844,3951515.0
2024-02-14 10:00:00,0.00844,0.00845,0.00842,0.00844,2182030.0
2024-02-14 10:15:00,0.00844,0.00849,0.00841,0.00848,6528888.0
2024-02-14 10:30:00,0.00848,0.00852,0.00847,0.00848,4307413.0
2024-02-14 10:45:00,0.00847,0.00855,0.00846,0.00853,9150037.0
2024-02-14 11:00:00,0.00853,0.00854,0.00848,0.00849,3523922.0
2024-02-14 11:15:00,0.00849,0.00857,0.00849,0.00856,9168197.0
2024-02-14 11:30:00,0.00856,0.00858,0.00853,0.00858,7429547.0
2024-02-14 11:45:00,0.00857,0.0086,0.00853,0.00856,5351721.0
2024-02-14 12:00:00,0.00856,0.00858,0.00852,0.00853,3754177.0
2024-02-14 12:15:00,0.00854,0.00854,0.0085,0.00851,3698782.0
2024-02-14 12:30:00,0.00851,0.00853,0.00851,0.00852,1981109.0
2024-02-14 12:45:00,0.00852,0.00852,0.00848,0.0085,5097734.0
2024-02-14 13:00:00,0.0085,0.00853,0.00848,0.00853,1834363.0
2024-02-14 13:15:00,0.00853,0.0086,0.00852,0.00856,5839412.0
2024-02-14 13:30:00,0.00855,0.00862,0.00855,0.00858,5799334.0
2024-02-14 13:45:00,0.00858,0.00871,0.00858,0.00868,22027580.0
2024-02-14 14:00:00,0.00867,0.00867,0.00853,0.00861,27571032.0
2024-02-14 14:15:00,0.0086,0.0086,0.00854,0.00856,7138927.0
2024-02-14 14:30:00,0.00856,0.00858,0.00852,0.00852,4664430.0
2024-02-14 14:45:00,0.00852,0.00854,0.0085,0.00852,4962927.0
2024-02-14 15:00:00,0.00852,0.00852,0.00844,0.00846,7394051.0
2024-02-14 15:15:00,0.00846,0.00853,0.00842,0.00852,5925829.0
2024-02-14 15:30:00,0.00852,0.00853,0.00851,0.00851,2317597.0
2024-02-14 15:45:00,0.00851,0.00852,0.0085,0.00852,2761126.0
2024-02-14 16:00:00,0.00851,0.00852,0.00846,0.00846,3346266.0
2024-02-14 16:15:00,0.00847,0.0085,0.00844,0.00847,3863066.0
2024-02-14 16:30:00,0.00848,0.00851,0.00843,0.0085,8788169.0
2024-02-14 16:45:00,0.00849,0.00861,0.00846,0.0086,15351789.0
2024-02-14 17:00:00,0.0086,0.00861,0.00856,0.00857,4041113.0
2024-02-14 17:15:00,0.00857,0.00858,0.00855,0.00856,1282286.0
2024-02-14 17:30:00,0.00857,0.00857,0.00851,0.00853,2035877.0
2024-02-14 17:45:00,0.00853,0.00858,0.00851,0.00858,2359217.0
2024-02-14 18:00:00,0.00858,0.00858,0.00854,0.00856,3031457.0
2024-02-14 18:15:00,0.00855,0.00855,0.00851,0.00855,2779493.0
2024-02-14 18:30:00,0.00855,0.00859,0.00855,0.00859,1844359.0
2024-02-14 18:45:00,0.00858,0.00861,0.00858,0.00859,1782632.0
2024-02-14 19:00:00,0.00859,0.0086,0.00858,0.00859,884676.0
2024-02-14 19:15:00,0.00859,0.0086,0.00856,0.0086,1626903.0
2024-02-14 19:30:00,0.0086,0.00861,0.00859,0.00861,983834.0
2024-02-14 19:45:00,0.00861,0.00862,0.00859,0.00859,1138011.0
2024-02-14 20:00:00,0.0086,0.00861,0.00848,0.00854,8441563.0
2024-02-14 20:15:00,0.00855,0.00856,0.00855,0.00856,741171.0
2024-02-14 20:30:00,0.00856,0.00856,0.00855,0.00855,551726.0
2024-02-14 20:45:00,0.00856,0.00859,0.00853,0.00856,14321707.0
2024-02-14 21:00:00,0.00856,0.00861,0.00855,0.00861,8124438.0
2024-02-14 21:15:00,0.00861,0.00861,0.00855,0.00855,6476072.0
2024-02-14 21:30:00,0.00856,0.00858,0.00856,0.00856,1475690.0
2024-02-14 21:45:00,0.00857,0.00858,0.00856,0.00857,807148.0
2024-02-14 22:00:00,0.00857,0.00857,0.00855,0.00856,1403306.0
2024-02-14 22:15:00,0.00856,0.00857,0.00855,0.00856,1317557.0
2024-02-14 22:30:00,0.00857,0.00858,0.00855,0.00857,1069538.0
2024-02-14 22:45:00,0.00857,0.00858,0.00857,0.00858,1381635.0
2024-02-14 23:00:00,0.00857,0.00857,0.00855,0.00856,2131848.0
2024-02-14 23:15:00,0.00857,0.00857,0.00855,0.00857,690517.0
2024-02-14 23:30:00,0.00857,0.00858,0.00856,0.00856,996703.0
2024-02-14 23:45:00,0.00857,0.00858,0.00856,0.00858,1278198.0
2024-02-15 00:00:00,0.00858,0.00858,0.00857,0.00858,676099.0
2024-02-15 00:15:00,0.00858,0.00863,0.00858,0.00862,5293753.0
2024-02-15 00:30:00,0.00862,0.00863,0.00861,0.00863,1218462.0
2024-02-15 00:45:00,0.00863,0.00864,0.00857,0.00861,8378424.0
2024-02-15 01:00:00,0.00861,0.00861,0.00857,0.00859,3824582.0
2024-02-15 01:15:00,0.00859,0.0086,0.00854,0.00855,3413068.0
2024-02-15 01:30:00,0.00856,0.00862,0.00849,0.00857,13144244.0
2024-02-15 01:45:00,0.00858,0.0086,0.00853,0.00859,6355669.0
2024-02-15 02:00:00,0.00859,0.00861,0.00858,0.00861,657049.0
2024-02-15 02:15:00,0.0086,0.00862,0.00859,0.00861,1509788.0
2024-02-15 02:30:00,0.0086,0.00862,0.00859,0.0086,972377.0
2024-02-15 02:45:00,0.00859,0.00869,0.00859,0.00866,10274871.0
2024-02-15 03:00:00,0.00867,0.0087,0.00866,0.00867,4760782.0
2024-02-15 03:15:00,0.00867,0.00868,0.00865,0.00867,1812255.0
2024-02-15 03:30:00,0.00867,0.00869,0.00867,0.00869,2124427.0
2024-02-15 03:45:00,0.00869,0.00873,0.00867,0.00871,3545251.0
2024-02-15 04:00:00,0.00872,0.00874,0.0087,0.00871,2997956.0
2024-02-15 04:15:00,0.00871,0.00873,0.0087,0.00873,850457.0
2024-02-15 04:30:00,0.00872,0.00874,0.00871,0.00873,1003923.0
2024-02-15 04:45:00,0.00873,0.00873,0.00869,0.00871,4021143.0
2024-02-15 05:00:00,0.00871,0.00871,0.0086,0.00866,9051327.0
2024-02-15 05:15:00,0.00865,0.00865,0.0086,0.00861,3883118.0
2024-02-15 05:30:00,0.00861,0.00862,0.00853,0.00854,10152034.0
2024-02-15 05:45:00,0.00854,0.00855,0.00846,0.00851,9442689.0
2024-02-15 06:00:00,0.00852,0.00853,0.00849,0.00852,2062795.0
2024-02-15 06:15:00,0.00852,0.00853,0.00848,0.00849,3042551.0
2024-02-15 06:30:00,0.00849,0.00853,0.00845,0.00853,3756127.0
2024-02-15 06:45:00,0.00852,0.00856,0.00852,0.00855,3512307.0
2024-02-15 07:00:00,0.00855,0.00857,0.00854,0.00857,1858012.0
2024-02-15 07:15:00,0.00857,0.00858,0.00855,0.00856,2094367.0
2024-02-15 07:30:00,0.00856,0.00856,0.00849,0.00851,3367600.0
2024-02-15 07:45:00,0.00852,0.00854,0.00852,0.00853,3089946.0
2024-02-15 08:00:00,0.00854,0.00855,0.0085,0.00851,2564999.0
2024-02-15 08:15:00,0.00852,0.00855,0.00852,0.00855,3541290.0
2024-02-15 08:30:00,0.00855,0.00855,0.00851,0.00851,1116299.0
2024-02-15 08:45:00,0.00852,0.00853,0.0085,0.00852,709078.0
2024-02-15 09:00:00,0.00852,0.00854,0.00851,0.00854,720956.0
2024-02-15 09:15:00,0.00854,0.00857,0.00854,0.00857,2609059.0
2024-02-15 09:30:00,0.00857,0.00857,0.00856,0.00856,433132.0
2024-02-15 09:45:00,0.00856,0.00857,0.00856,0.00857,1898016.0
2024-02-15 10:00:00,0.00857,0.00858,0.00856,0.00858,1211411.0
2024-02-15 10:15:00,0.00859,0.0086,0.00858,0.00859,1325736.0
2024-02-15 10:30:00,0.00859,0.0086,0.00858,0.00858,1364288.0
2024-02-15 10:45:00,0.00858,0.00859,0.00857,0.00858,1149566.0
2024-02-15 11:00:00,0.00858,0.00862,0.00858,0.0086,2595726.0
2024-02-15 11:15:00,0.0086,0.00861,0.0086,0.0086,879826.0
2024-02-15 11:30:00,0.0086,0.00861,0.00854,0.00856,7287672.0
2024-02-15 11:45:00,0.00856,0.00857,0.00855,0.00856,2877211.0
2024-02-15 12:00:00,0.00857,0.00861,0.00857,0.00858,3280769.0
2024-02-15 12:15:00,0.00858,0.0086,0.00855,0.0086,4396364.0
2024-02-15 12:30:00,0.00861,0.00862,0.00859,0.0086,3699458.0
2024-02-15 12:45:00,0.0086,0.00862,0.00859,0.0086,1125993.0
2024-02-15 13:00:00,0.0086,0.00861,0.00858,0.00861,1322069.0
2024-02-15 13:15:00,0.00861,0.00861,0.00857,0.00858,1920242.0
2024-02-15 13:30:00,0.00858,0.00859,0.00853,0.00858,2974863.0
2024-02-15 13:45:00,0.00859,0.00863,0.00859,0.00862,3327175.0
2024-02-15 14:00:00,0.00862,0.00862,0.00858,0.00861,1851698.0
2024-02-15 14:15:00,0.00862,0.0087,0.00862,0.0087,4598830.0
2024-02-15 14:30:00,0.00871,0.00874,0.0087,0.00871,4864243.0
2024-02-15 14:45:00,0.00872,0.00897,0.00871,0.0089,45658227.0
2024-02-15 15:00:00,0.00889,0.00891,0.00881,0.00881,8736931.0
2024-02-15 15:15:00,0.00881,0.00888,0.0088,0.00885,10198320.0
2024-02-15 15:30:00,0.00884,0.00885,0.0087,0.00884,21093555.0
2024-02-15 15:45:00,0.00884,0.00884,0.00874,0.00877,7563286.0
2024-02-15 16:00:00,0.00878,0.0088,0.00866,0.00867,9110991.0
2024-02-15 16:15:00,0.00867,0.00873,0.00866,0.00873,3958382.0
2024-02-15 16:30:00,0.00873,0.00875,0.00871,0.00874,2436667.0
2024-02-15 16:45:00,0.00874,0.00876,0.00873,0.00873,3111618.0
2024-02-15 17:00:00,0.00873,0.00874,0.00868,0.00871,2019166.0
2024-02-15 17:15:00,0.00871,0.00874,0.00869,0.00873,1597814.0
2024-02-15 17:30:00,0.00873,0.00876,0.00872,0.00873,1462403.0
2024-02-15 17:45:00,0.00873,0.00905,0.00873,0.00896,64022259.0
2024-02-15 18:00:00,0.00897,0.00913,0.00888,0.00892,32828814.0
2024-02-15 18:15:00,0.00893,0.00894,0.00877,0.00883,15814340.0
2024-02-15 18:30:00,0.00883,0.00886,0.0088,0.0088,5994122.0
2024-02-15 18:45:00,0.00881,0.00884,0.0088,0.00881,5543664.0
2024-02-15 19:00:00,0.00881,0.00883,0.00878,0.0088,3641077.0
2024-02-15 19:15:00,0.0088,0.0088,0.00875,0.00879,6628082.0
2024-02-15 19:30:00,0.00879,0.00881,0.00876,0.00881,3299296.0
2024-02-15 19:45:00,0.00881,0.00883,0.00881,0.00883,956399.0
2024-02-15 20:00:00,0.00883,0.00883,0.00879,0.00879,1495669.0
2024-02-15 20:15:00,0.00878,0.00878,0.00873,0.00875,4468133.0
2024-02-15 20:30:00,0.00874,0.00878,0.00874,0.00876,1231333.0
2024-02-15 20:45:00,0.00875,0.00875,0.0087,0.00871,1910377.0
2024-02-15 21:00:00,0.00871,0.00878,0.00867,0.00876,2392982.0
2024-02-15 21:15:00,0.00874,0.00875,0.00872,0.00872,687130.0
2024-02-15 21:30:00,0.00872,0.00875,0.00868,0.00871,2245993.0
2024-02-15 21:45:00,0.00871,0.00872,0.00862,0.00864,7823391.0
2024-02-15 22:00:00,0.00865,0.00869,0.00863,0.00867,4374144.0
2024-02-15 22:15:00,0.00867,0.00872,0.00867,0.00872,2458263.0
2024-02-15 22:30:00,0.00872,0.00875,0.00869,0.00869,3016008.0
2024-02-15 22:45:00,0.00869,0.00869,0.00866,0.00869,907661.0
2024-02-15 23:00:00,0.0087,0.00873,0.00869,0.00873,996020.0
2024-02-15 23:15:00,0.00873,0.00874,0.00872,0.00873,529031.0
2024-02-15 23:30:00,0.00873,0.00874,0.00872,0.00874,465423.0
2024-02-15 23:45:00,0.00875,0.00877,0.00874,0.00877,2368000.0
2024-02-16 00:00:00,0.00877,0.00882,0.00876,0.0088,4982169.0
2024-02-16 00:15:00,0.00879,0.00879,0.00871,0.00872,2743829.0
2024-02-16 00:30:00,0.00872,0.00872,0.0087,0.00872,688712.0
2024-02-16 00:45:00,0.00873,0.00876,0.00872,0.00876,1311829.0
2024-02-16 01:00:00,0.00876,0.00879,0.00876,0.00879,355552.0
2024-02-16 01:15:00,0.00879,0.00882,0.00877,0.00881,937180.0
2024-02-16 01:30:00,0.00881,0.00882,0.00877,0.0088,1638184.0
2024-02-16 01:45:00,0.00881,0.00882,0.00879,0.00881,668405.0
2024-02-16 02:00:00,0.0088,0.00883,0.00878,0.00883,1534201.0
2024-02-16 02:15:00,0.00883,0.00885,0.00881,0.00882,851707.0
2024-02-16 02:30:00,0.00881,0.00888,0.0088,0.00886,3218539.0
2024-02-16 02:45:00,0.00886,0.00888,0.00883,0.00883,7461069.0
2024-02-16 03:00:00,0.00884,0.00884,0.00881,0.00883,1355908.0
2024-02-16 03:15:00,0.00882,0.00882,0.00879,0.00879,1946392.0
2024-02-16 03:30:00,0.00879,0.00881,0.00879,0.00881,1528525.0
2024-02-16 03:45:00,0.00881,0.00886,0.00881,0.00884,3035754.0
2024-02-16 04:00:00,0.00884,0.00888,0.00884,0.00884,1152395.0
2024-02-16 04:15:00,0.00885,0.00886,0.00884,0.00885,431629.0
2024-02-16 04:30:00,0.00884,0.00884,0.00879,0.00882,2893706.0
2024-02-16 04:45:00,0.00882,0.00885,0.00882,0.00883,608027.0
2024-02-16 05:00:00,0.00884,0.00886,0.00884,0.00886,698353.0
2024-02-16 05:15:00,0.00885,0.00886,0.00883,0.00886,790510.0
2024-02-16 05:30:00,0.00886,0.00888,0.00884,0.00887,409204.0
2024-02-16 05:45:00,0.00887,0.00887,0.00884,0.00886,2552642.0
2024-02-16 06:00:00,0.00886,0.00886,0.00884,0.00885,790390.0
2024-02-16 06:15:00,0.00885,0.00888,0.00883,0.00887,2971949.0
2024-02-16 06:30:00,0.00887,0.00887,0.00883,0.00884,1225187.0
2024-02-16 06:45:00,0.00883,0.00883,0.00875,0.00877,3234776.0
2024-02-16 07:00:00,0.00877,0.0088,0.00869,0.00876,7181703.0
2024-02-16 07:15:00,0.00877,0.0088,0.00876,0.0088,4826721.0
2024-02-16 07:30:00,0.00879,0.00879,0.00875,0.00879,1701116.0
2024-02-16 07:45:00,0.00878,0.00881,0.00876,0.00876,2224409.0
2024-02-16 08:00:00,0.00876,0.00885,0.00876,0.00884,1412129.0
2024-02-16 08:15:00,0.00885,0.0089,0.00882,0.00889,2912545.0
2024-02-16 08:30:00,0.00889,0.00896,0.00888,0.0089,3867523.0
2024-02-16 08:45:00,0.00891,0.00893,0.00886,0.00887,2238790.0
2024-02-16 09:00:00,0.00888,0.00889,0.00875,0.00881,6565983.0
2024-02-16 09:15:00,0.0088,0.00884,0.00878,0.00884,3091475.0
2024-02-16 09:30:00,0.00884,0.00888,0.00884,0.00884,1679531.0
2024-02-16 09:45:00,0.00885,0.00885,0.00879,0.0088,1699057.0
2024-02-16 10:00:00,0.0088,0.0088,0.00873,0.00873,5007744.0
2024-02-16 10:15:00,0.00874,0.00886,0.00873,0.00884,7049735.0
2024-02-16 10:30:00,0.00884,0.00894,0.00883,0.00888,16620123.0
2024-02-16 10:45:00,0.00888,0.00889,0.00884,0.00886,5880996.0
2024-02-16 11:00:00,0.00887,0.00896,0.00886,0.00895,4827487.0
2024-02-16 11:15:00,0.00894,0.00894,0.00889,0.0089,2583435.0
2024-02-16 11:30:00,0.0089,0.00894,0.0089,0.00893,679210.0
2024-02-16 11:45:00,0.00894,0.00895,0.0089,0.00892,562982.0
2024-02-16 12:00:00,0.00892,0.00892,0.00888,0.0089,1342789.0
2024-02-16 12:15:00,0.0089,0.00891,0.0089,0.00891,339931.0
2024-02-16 12:30:00,0.00891,0.00894,0.00891,0.00893,671148.0
2024-02-16 12:45:00,0.00893,0.00894,0.00891,0.00891,1218922.0
2024-02-16 13:00:00,0.00892,0.00893,0.00889,0.0089,2206421.0
2024-02-16 13:15:00,0.0089,0.00892,0.00887,0.00888,1215788.0
2024-02-16 13:30:00,0.00887,0.00887,0.00881,0.00883,4536392.0
2024-02-16 13:45:00,0.00883,0.00883,0.0088,0.00881,1228939.0
2024-02-16 14:00:00,0.00883,0.00883,0.00874,0.00876,3864434.0
2024-02-16 14:15:00,0.00875,0.00876,0.00869,0.0087,6019825.0
2024-02-16 14:30:00,0.0087,0.00872,0.00866,0.00871,5477401.0
2024-02-16 14:45:00,0.00871,0.00871,0.0084,0.00859,23721195.0
2024-02-16 15:00:00,0.00859,0.00859,0.00844,0.00849,18093090.0
2024-02-16 15:15:00,0.0085,0.00858,0.0085,0.00855,4242036.0
2024-02-16 15:30:00,0.00856,0.00857,0.00852,0.00857,1061456.0
2024-02-16 15:45:00,0.00857,0.0086,0.00854,0.0086,1988025.0
2024-02-16 16:00:00,0.0086,0.00868,0.00859,0.00868,4186693.0
2024-02-16 16:15:00,0.00868,0.0087,0.00864,0.00866,2022759.0
2024-02-16 16:30:00,0.00866,0.00866,0.00858,0.0086,4213928.0
2024-02-16 16:45:00,0.00859,0.00859,0.00852,0.00855,7664281.0
2024-02-16 17:00:00,0.00855,0.00856,0.0085,0.00851,2774814.0
2024-02-16 17:15:00,0.00852,0.00855,0.00849,0.00851,1045654.0
2024-02-16 17:30:00,0.00851,0.00852,0.00848,0.00849,2117019.0
2024-02-16 17:45:00,0.0085,0.00852,0.0085,0.00851,474168.0
2024-02-16 18:00:00,0.00852,0.00853,0.00847,0.00849,3653854.0
2024-02-16 18:15:00,0.00849,0.00853,0.00848,0.00853,1101601.0
2024-02-16 18:30:00,0.00853,0.00855,0.00852,0.00855,1230421.0
2024-02-16 18:45:00,0.00855,0.00858,0.00855,0.00858,1530929.0
2024-02-16 19:00:00,0.00858,0.0086,0.00857,0.0086,2526599.0
2024-02-16 19:15:00,0.0086,0.00862,0.0086,0.00861,1690826.0
2024-02-16 19:30:00,0.0086,0.00861,0.00858,0.00861,1721873.0
2024-02-16 19:45:00,0.00861,0.00862,0.00856,0.00859,2566587.0
2024-02-16 20:00:00,0.00858,0.00861,0.00856,0.00861,1736875.0
2024-02-16 20:15:00,0.00861,0.00864,0.00859,0.00862,2880334.0
2024-02-16 20:30:00,0.00862,0.00864,0.00861,0.00863,552770.0
2024-02-16 20:45:00,0.00863,0.00864,0.00862,0.00863,622388.0
2024-02-16 21:00:00,0.00864,0.00864,0.0086,0.00862,1937210.0
2024-02-16 21:15:00,0.00862,0.00867,0.00862,0.00867,2353487.0
2024-02-16 21:30:00,0.00867,0.00869,0.00866,0.00869,1143282.0
2024-02-16 21:45:00,0.00869,0.00871,0.00869,0.0087,884037.0
2024-02-16 22:00:00,0.00871,0.00871,0.00869,0.00869,825752.0
2024-02-16 22:15:00,0.00869,0.00869,0.00867,0.00868,1040854.0
2024-02-16 22:30:00,0.00868,0.0087,0.00868,0.00868,717792.0
2024-02-16 22:45:00,0.00867,0.00872,0.00867,0.00872,503541.0
2024-02-16 23:00:00,0.00872,0.00873,0.0087,0.00872,834697.0
2024-02-16 23:15:00,0.00872,0.00874,0.00871,0.00873,810193.0
2024-02-16 23:30:00,0.00873,0.00879,0.00873,0.00879,1287688.0
2024-02-16 23:45:00,0.00879,0.0088,0.00876,0.00877,684153.0
2024-02-17 00:00:00,0.00877,0.00878,0.00874,0.00875,1173470.0
2024-02-17 00:15:00,0.00874,0.00876,0.00874,0.00875,1005940.0
2024-02-17 00:30:00,0.00875,0.00875,0.00872,0.00874,1558271.0
2024-02-17 00:45:00,0.00873,0.00875,0.00872,0.00873,531879.0
2024-02-17 01:00:00,0.00872,0.00873,0.0087,0.00872,2498893.0
2024-02-17 01:15:00,0.00871,0.00873,0.0087,0.0087,2139441.0
2024-02-17 01:30:00,0.00869,0.0087,0.00867,0.00869,2212929.0
2024-02-17 01:45:00,0.00869,0.00869,0.00865,0.00868,1874765.0
2024-02-17 02:00:00,0.00869,0.0087,0.00868,0.0087,676732.0
2024-02-17 02:15:00,0.00871,0.00872,0.00869,0.0087,1047037.0
2024-02-17 02:30:00,0.0087,0.0087,0.00866,0.0087,1792250.0
2024-02-17 02:45:00,0.0087,0.00872,0.00869,0.00871,355795.0
2024-02-17 03:00:00,0.00871,0.00876,0.0087,0.00876,1313971.0
2024-02-17 03:15:00,0.00876,0.00876,0.00872,0.00872,956070.0
2024-02-17 03:30:00,0.00873,0.00874,0.00872,0.00872,568667.0
2024-02-17 03:45:00,0.00872,0.00875,0.00872,0.00874,168817.0
2024-02-17 04:00:00,0.00874,0.00874,0.00872,0.00873,181962.0
2024-02-17 04:15:00,0.00873,0.00875,0.00873,0.00874,284650.0
2024-02-17 04:30:00,0.00874,0.00875,0.00873,0.00874,263737.0
2024-02-17 04:45:00,0.00875,0.00878,0.00875,0.00876,1105204.0
2024-02-17 05:00:00,0.00877,0.00884,0.00877,0.0088,4951666.0
2024-02-17 05:15:00,0.0088,0.00882,0.0087,0.00872,9252135.0
2024-02-17 05:30:00,0.00872,0.00875,0.00871,0.00873,2450899.0
2024-02-17 05:45:00,0.00873,0.00873,0.0087,0.00871,1694987.0
2024-02-17 06:00:00,0.00872,0.00872,0.00869,0.0087,1746546.0
2024-02-17 06:15:00,0.00871,0.00871,0.00868,0.00869,734723.0
2024-02-17 06:30:00,0.00869,0.0087,0.00867,0.00867,389706.0
2024-02-17 06:45:00,0.00868,0.00869,0.00867,0.00867,656156.0
2024-02-17 07:00:00,0.00868,0.0087,0.00867,0.00869,397947.0
2024-02-17 07:15:00,0.00869,0.00871,0.00869,0.0087,629153.0
2024-02-17 07:30:00,0.00871,0.00872,0.0087,0.00871,380782.0
2024-02-17 07:45:00,0.00871,0.00873,0.00871,0.00873,297295.0
2024-02-17 08:00:00,0.00873,0.00873,0.00868,0.00868,1584427.0
2024-02-17 08:15:00,0.00868,0.00869,0.00863,0.00863,3323616.0
2024-02-17 08:30:00,0.00863,0.00864,0.00859,0.0086,2719370.0
2024-02-17 08:45:00,0.0086,0.00861,0.00858,0.0086,830973.0
2024-02-17 09:00:00,0.00861,0.00862,0.00856,0.00859,1806222.0
2024-02-17 09:15:00,0.00859,0.00861,0.00854,0.00857,1525647.0
2024-02-17 09:30:00,0.00857,0.00859,0.00857,0.00858,1776181.0
2024-02-17 09:45:00,0.00857,0.00857,0.00855,0.00855,1391394.0
2024-02-17 10:00:00,0.00855,0.00857,0.00852,0.00856,1681521.0
2024-02-17 10:15:00,0.00855,0.00856,0.00853,0.00855,1149194.0
2024-02-17 10:30:00,0.00854,0.00859,0.00854,0.00857,3648083.0
2024-02-17 10:45:00,0.00857,0.0086,0.00856,0.00859,1147636.0
2024-02-17 11:00:00,0.0086,0.00862,0.00859,0.0086,595354.0
2024-02-17 11:15:00,0.00861,0.00861,0.00861,0.00861,279673.0
2024-02-17 11:30:00,0.00861,0.00865,0.00861,0.00864,1472134.0
2024-02-17 11:45:00,0.00864,0.00865,0.00863,0.00865,112563.0
2024-02-17 12:00:00,0.00865,0.00865,0.00863,0.00863,1040142.0
2024-02-17 12:15:00,0.00863,0.00865,0.00862,0.00863,1867697.0
2024-02-17 12:30:00,0.00863,0.00863,0.00858,0.0086,2272735.0
2024-02-17 12:45:00,0.0086,0.00863,0.0086,0.00863,465383.0
2024-02-17 13:00:00,0.00864,0.00866,0.00862,0.00862,1275305.0
2024-02-17 13:15:00,0.00862,0.00863,0.00853,0.00853,6032448.0
2024-02-17 13:30:00,0.00854,0.00857,0.0085,0.00857,6658724.0
2024-02-17 13:45:00,0.00856,0.00857,0.00853,0.00854,1263325.0
2024-02-17 14:00:00,0.00854,0.00856,0.00852,0.00852,1051710.0
2024-02-17 14:15:00,0.00852,0.00855,0.0085,0.00851,2943705.0
2024-02-17 14:30:00,0.00851,0.00852,0.00824,0.0084,28232189.0
2024-02-17 14:45:00,0.00839,0.0084,0.00833,0.00839,2885223.0
2024-02-17 15:00:00,0.00839,0.00862,0.00835,0.00856,21177943.0
2024-02-17 15:15:00,0.00856,0.0086,0.0085,0.0086,6058739.0
2024-02-17 15:30:00,0.00859,0.00861,0.00856,0.00857,2103290.0
2024-02-17 15:45:00,0.00857,0.00858,0.00854,0.00856,789958.0
2024-02-17 16:00:00,0.00858,0.00861,0.00854,0.0086,2362925.0
2024-02-17 16:15:00,0.0086,0.0086,0.00857,0.00859,1514220.0
2024-02-17 16:30:00,0.00859,0.00862,0.00853,0.00862,6225429.0
2024-02-17 16:45:00,0.00861,0.00875,0.0086,0.00863,22759761.0
2024-02-17 17:00:00,0.00862,0.00872,0.0086,0.00865,17872946.0
2024-02-17 17:15:00,0.00866,0.00868,0.00866,0.00868,1773520.0
2024-02-17 17:30:00,0.00867,0.00869,0.00866,0.00868,922263.0
2024-02-17 17:45:00,0.00868,0.00872,0.00867,0.0087,1907909.0
2024-02-17 18:00:00,0.00869,0.00869,0.00866,0.00866,1229373.0
2024-02-17 18:15:00,0.00867,0.00868,0.00866,0.00867,694193.0
2024-02-17 18:30:00,0.00867,0.00867,0.00864,0.00866,1835663.0
2024-02-17 18:45:00,0.00866,0.00867,0.00864,0.00865,1074764.0
2024-02-17 19:00:00,0.00864,0.00866,0.00863,0.00866,976371.0
2024-02-17 19:15:00,0.00867,0.00868,0.00866,0.00868,1601707.0
2024-02-17 19:30:00,0.00867,0.00867,0.00863,0.00865,1365687.0
2024-02-17 19:45:00,0.00864,0.00864,0.00863,0.00864,620690.0
2024-02-17 20:00:00,0.00865,0.00867,0.00864,0.00865,1646489.0
2024-02-17 20:15:00,0.00865,0.00867,0.00865,0.00867,432447.0
2024-02-17 20:30:00,0.00867,0.00873,0.00866,0.00872,3342057.0
2024-02-17 20:45:00,0.00871,0.00871,0.00848,0.00857,21589270.0
2024-02-17 21:00:00,0.00856,0.00857,0.00853,0.00856,2361447.0
2024-02-17 21:15:00,0.00857,0.00858,0.00856,0.00857,2437054.0
2024-02-17 21:30:00,0.00858,0.00859,0.00856,0.00856,1121565.0
2024-02-17 21:45:00,0.00857,0.00857,0.00854,0.00856,1109209.0
2024-02-17 22:00:00,0.00857,0.0086,0.00856,0.00859,1361428.0
2024-02-17 22:15:00,0.00859,0.00862,0.00859,0.00862,2124744.0
2024-02-17 22:30:00,0.00861,0.00864,0.00861,0.00863,904539.0
2024-02-17 22:45:00,0.00863,0.00867,0.00863,0.00865,1465577.0
2024-02-17 23:00:00,0.00866,0.00869,0.00863,0.00868,1629329.0
2024-02-17 23:15:00,0.00867,0.00872,0.00867,0.0087,2340476.0
2024-02-17 23:30:00,0.0087,0.00872,0.00868,0.00872,1611379.0
2024-02-17 23:45:00,0.00873,0.00881,0.00873,0.00877,5691732.0
2024-02-18 00:00:00,0.00878,0.00879,0.00872,0.00872,4949402.0
2024-02-18 00:15:00,0.00872,0.00873,0.00868,0.00868,2891068.0
2024-02-18 00:30:00,0.00868,0.00868,0.00862,0.00865,4163848.0
2024-02-18 00:45:00,0.00865,0.00866,0.00864,0.00866,585787.0
2024-02-18 01:00:00,0.00866,0.00874,0.00866,0.00874,2558614.0
2024-02-18 01:15:00,0.00874,0.00876,0.00872,0.00876,1697267.0
2024-02-18 01:30:00,0.00876,0.00877,0.00869,0.00869,1373911.0
2024-02-18 01:45:00,0.00869,0.00872,0.00868,0.00872,1507547.0
2024-02-18 02:00:00,0.00872,0.00876,0.00869,0.00873,2886096.0
2024-02-18 02:15:00,0.00874,0.00879,0.00874,0.00875,3079225.0
2024-02-18 02:30:00,0.00875,0.00876,0.00872,0.00876,1101795.0
2024-02-18 02:45:00,0.00876,0.00876,0.00869,0.00872,2049465.0
2024-02-18 03:00:00,0.00872,0.00874,0.00871,0.00872,2647735.0
2024-02-18 03:15:00,0.00872,0.00872,0.00867,0.0087,2975036.0
2024-02-18 03:30:00,0.0087,0.00877,0.0087,0.00877,2500150.0
2024-02-18 03:45:00,0.00876,0.00882,0.00876,0.0088,2233217.0
2024-02-18 04:00:00,0.0088,0.00886,0.00879,0.00886,5126582.0
2024-02-18 04:15:00,0.00885,0.00888,0.00882,0.00888,2873797.0
2024-02-18 04:30:00,0.00888,0.00891,0.00884,0.00889,6356007.0
2024-02-18 04:45:00,0.00889,0.00895,0.00888,0.00893,4558046.0
2024-02-18 05:00:00,0.00892,0.00892,0.00888,0.00891,1752061.0
2024-02-18 05:15:00,0.00891,0.00891,0.00885,0.00886,4246742.0
2024-02-18 05:30:00,0.00886,0.00891,0.00885,0.00889,2930838.0
2024-02-18 05:45:00,0.00889,0.00889,0.00882,0.00887,4121401.0
2024-02-18 06:00:00,0.00888,0.00895,0.00888,0.0089,3228153.0
2024-02-18 06:15:00,0.00889,0.00892,0.00885,0.0089,3774378.0
2024-02-18 06:30:00,0.00889,0.00898,0.00882,0.00882,15044681.0
2024-02-18 06:45:00,0.00883,0.00896,0.00881,0.00889,19650248.0
2024-02-18 07:00:00,0.00888,0.00889,0.0088,0.00883,7982444.0
2024-02-18 07:15:00,0.00883,0.00889,0.00882,0.00887,4268350.0
2024-02-18 07:30:00,0.00886,0.00888,0.00885,0.00886,1797923.0
2024-02-18 07:45:00,0.00886,0.00886,0.00881,0.00883,1719701.0
2024-02-18 08:00:00,0.00882,0.00883,0.00878,0.00878,1599535.0
2024-02-18 08:15:00,0.00879,0.00882,0.00876,0.00877,10057265.0
2024-02-18 08:30:00,0.00878,0.00879,0.00876,0.00878,1668866.0
2024-02-18 08:45:00,0.00878,0.0088,0.00877,0.00879,1998653.0
2024-02-18 09:00:00,0.00879,0.00882,0.00879,0.0088,905929.0
2024-02-18 09:15:00,0.0088,0.00882,0.00878,0.0088,1151551.0
2024-02-18 09:30:00,0.0088,0.0088,0.00877,0.0088,1282176.0
2024-02-18 09:45:00,0.00881,0.00883,0.00876,0.00883,7044172.0
2024-02-18 10:00:00,0.00883,0.00886,0.00881,0.00883,7704321.0
2024-02-18 10:15:00,0.00883,0.00884,0.0088,0.0088,1175451.0
2024-02-18 10:30:00,0.0088,0.00881,0.00878,0.0088,414111.0
2024-02-18 10:45:00,0.0088,0.00882,0.00879,0.00881,1166513.0
2024-02-18 11:00:00,0.00881,0.00889,0.0088,0.00885,4662022.0
2024-02-18 11:15:00,0.00886,0.00899,0.00884,0.00894,26414613.0
2024-02-18 11:30:00,0.00894,0.00894,0.0089,0.0089,6019177.0
2024-02-18 11:45:00,0.00891,0.00894,0.0089,0.00892,4013287.0
2024-02-18 12:00:00,0.00892,0.00899,0.00891,0.00895,10492787.0
2024-02-18 12:15:00,0.00895,0.00897,0.00891,0.00894,5440349.0
2024-02-18 12:30:00,0.00894,0.00907,0.0089,0.00902,11711998.0
2024-02-18 12:45:00,0.00902,0.00904,0.00895,0.00897,14275588.0
2024-02-18 13:00:00,0.00897,0.00909,0.00896,0.009,11854368.0
2024-02-18 13:15:00,0.009,0.009,0.00893,0.00898,8367883.0
2024-02-18 13:30:00,0.00898,0.00898,0.00893,0.00895,4906103.0
2024-02-18 13:45:00,0.00895,0.00897,0.00891,0.00893,5580651.0
2024-02-18 14:00:00,0.00892,0.00897,0.00891,0.00893,4060271.0
2024-02-18 14:15:00,0.00894,0.00896,0.00891,0.00891,792659.0
2024-02-18 14:30:00,0.00891,0.00896,0.0089,0.00894,2602903.0
2024-02-18 14:45:00,0.00895,0.009,0.00893,0.00897,3096053.0
2024-02-18 15:00:00,0.00897,0.00903,0.00896,0.00899,1788349.0
2024-02-18 15:15:00,0.009,0.00903,0.00897,0.00899,2606200.0
2024-02-18 15:30:00,0.00898,0.00903,0.00898,0.00902,1680700.0
2024-02-18 15:45:00,0.00903,0.00908,0.00901,0.00906,4232373.0
2024-02-18 16:00:00,0.00905,0.00906,0.00901,0.00903,3745934.0
2024-02-18 16:15:00,0.00903,0.00903,0.00897,0.00902,4726510.0
2024-02-18 16:30:00,0.00901,0.00915,0.00901,0.00902,24231021.0
2024-02-18 16:45:00,0.00902,0.00913,0.009,0.00907,10628592.0
2024-02-18 17:00:00,0.00907,0.0091,0.00905,0.00905,2419693.0
2024-02-18 17:15:00,0.00906,0.00907,0.00904,0.00906,640713.0
2024-02-18 17:30:00,0.00905,0.00905,0.00901,0.00901,1548536.0
2024-02-18 17:45:00,0.00901,0.00902,0.00898,0.00901,964530.0
2024-02-18 18:00:00,0.009,0.00902,0.00899,0.00901,747165.0
2024-02-18 18:15:00,0.00901,0.00902,0.00899,0.009,1132326.0
2024-02-18 18:30:00,0.009,0.00903,0.00894,0.00898,3225881.0
2024-02-18 18:45:00,0.00898,0.00902,0.00898,0.00902,751010.0
2024-02-18 19:00:00,0.00902,0.00902,0.009,0.009,1004283.0
2024-02-18 19:15:00,0.009,0.00902,0.00896,0.00902,1598890.0
2024-02-18 19:30:00,0.00902,0.00903,0.009,0.009,544560.0
2024-02-18 19:45:00,0.009,0.00902,0.00898,0.00899,343081.0
2024-02-18 20:00:00,0.00898,0.00901,0.00895,0.00896,1482340.0
2024-02-18 20:15:00,0.00897,0.00897,0.00892,0.00894,2733826.0
2024-02-18 20:30:00,0.00894,0.00897,0.00893,0.00897,1428300.0
2024-02-18 20:45:00,0.00897,0.00899,0.00897,0.00899,335081.0
2024-02-18 21:00:00,0.00899,0.00902,0.00898,0.00899,1787355.0
2024-02-18 21:15:00,0.00899,0.00899,0.00894,0.00898,1212013.0
2024-02-18 21:30:00,0.00899,0.00901,0.00896,0.009,2155630.0
2024-02-18 21:45:00,0.009,0.00901,0.00897,0.00901,1234105.0
2024-02-18 22:00:00,0.009,0.00902,0.00897,0.00901,3004656.0
2024-02-18 22:15:00,0.00901,0.00903,0.009,0.009,1532785.0
2024-02-18 22:30:00,0.00901,0.00904,0.00901,0.00901,988857.0
2024-02-18 22:45:00,0.00901,0.00905,0.009,0.00905,1163623.0
2024-02-18 23:00:00,0.00905,0.00905,0.00902,0.00903,1184400.0
2024-02-18 23:15:00,0.00902,0.00903,0.00898,0.00899,1921285.0
2024-02-18 23:30:00,0.009,0.009,0.00896,0.00898,3433824.0
2024-02-18 23:45:00,0.00897,0.00898,0.00895,0.00897,1258198.0
2024-02-19 00:00:00,0.00898,0.00905,0.00898,0.00903,1540863.0
2024-02-19 00:15:00,0.00904,0.00905,0.00899,0.00904,2864233.0
2024-02-19 00:30:00,0.00904,0.00905,0.009,0.00902,5500845.0
2024-02-19 00:45:00,0.00902,0.00903,0.009,0.00903,1754203.0
2024-02-19 01:00:00,0.00903,0.00903,0.00898,0.00899,1220577.0
2024-02-19 01:15:00,0.009,0.009,0.0089,0.00893,8074194.0
2024-02-19 01:30:00,0.00894,0.00898,0.00892,0.00896,2334301.0
2024-02-19 01:45:00,0.00896,0.00897,0.00895,0.00897,1432236.0
2024-02-19 02:00:00,0.00896,0.009,0.00895,0.009,1559292.0
2024-02-19 02:15:00,0.009,0.00901,0.00899,0.00901,718696.0
2024-02-19 02:30:00,0.00902,0.0091,0.00902,0.00909,4018575.0
2024-02-19 02:45:00,0.00908,0.00909,0.009,0.00903,6882210.0
2024-02-19 03:00:00,0.00903,0.00911,0.00901,0.00907,7004653.0
2024-02-19 03:15:00,0.00906,0.00907,0.00904,0.00904,1605761.0
2024-02-19 03:30:00,0.00904,0.00904,0.00901,0.00901,836778.0
2024-02-19 03:45:00,0.00901,0.00904,0.00901,0.00904,1396457.0
2024-02-19 04:00:00,0.00904,0.00909,0.00904,0.00908,4501216.0
2024-02-19 04:15:00,0.00908,0.00928,0.00907,0.00927,13257002.0
2024-02-19 04:30:00,0.00927,0.0095,0.00924,0.00938,89506333.0
2024-02-19 04:45:00,0.00939,0.0096,0.00938,0.00959,26190033.0
2024-02-19 05:00:00,0.00959,0.0107,0.00953,0.00966,203874187.0
2024-02-19 05:15:00,0.00966,0.0097,0.00894,0.00925,118697267.0
2024-02-19 05:30:00,0.00925,0.00925,0.00915,0.00921,17501426.0
2024-02-19 05:45:00,0.00921,0.00927,0.00916,0.0092,15099367.0
2024-02-19 06:00:00,0.0092,0.00947,0.00919,0.00936,26176108.0
2024-02-19 06:15:00,0.00936,0.0094,0.00924,0.00934,15200095.0
2024-02-19 06:30:00,0.00935,0.00936,0.00922,0.00923,10318449.0
2024-02-19 06:45:00,0.00923,0.00928,0.00913,0.00923,13940719.0
2024-02-19 07:00:00,0.00922,0.00924,0.00918,0.00923,6449478.0
2024-02-19 07:15:00,0.00923,0.00929,0.00921,0.00923,13335695.0
2024-02-19 07:30:00,0.00923,0.00924,0.00916,0.00919,6309627.0
2024-02-19 07:45:00,0.00919,0.00922,0.00919,0.0092,3066473.0
2024-02-19 08:00:00,0.00921,0.00922,0.00911,0.00918,12331986.0
2024-02-19 08:15:00,0.00918,0.00918,0.00911,0.00913,4999311.0
2024-02-19 08:30:00,0.00913,0.00914,0.00907,0.00909,4565813.0
2024-02-19 08:45:00,0.00909,0.00909,0.009,0.00904,5774222.0
2024-02-19 09:00:00,0.00904,0.00914,0.00904,0.0091,7097411.0
2024-02-19 09:15:00,0.0091,0.00916,0.0091,0.00914,2164531.0
2024-02-19 09:30:00,0.00913,0.00915,0.0091,0.00913,2791549.0
2024-02-19 09:45:00,0.00913,0.00914,0.00908,0.00909,4029515.0
2024-02-19 10:00:00,0.00909,0.00909,0.00904,0.00906,2859967.0
2024-02-19 10:15:00,0.00907,0.00908,0.00885,0.00896,20124330.0
2024-02-19 10:30:00,0.00896,0.00918,0.00893,0.00914,10591114.0
2024-02-19 10:45:00,0.00914,0.00914,0.00909,0.00912,3965303.0
2024-02-19 11:00:00,0.00912,0.00916,0.00912,0.00915,4735298.0
2024-02-19 11:15:00,0.00915,0.0093,0.00913,0.00923,16129001.0
2024-02-19 11:30:00,0.00923,0.00925,0.00917,0.00918,9387493.0
2024-02-19 11:45:00,0.00917,0.00934,0.00916,0.00923,20996231.0
2024-02-19 12:00:00,0.00924,0.00929,0.00919,0.00929,4237513.0
2024-02-19 12:15:00,0.00928,0.0093,0.00923,0.00925,2739572.0
2024-02-19 12:30:00,0.00925,0.00927,0.00921,0.00925,3802818.0
2024-02-19 12:45:00,0.00925,0.00928,0.00919,0.0092,4999723.0
2024-02-19 13:00:00,0.00921,0.00928,0.00914,0.00925,9911644.0
2024-02-19 13:15:00,0.00925,0.00928,0.0092,0.00924,3933986.0
2024-02-19 13:30:00,0.00923,0.00926,0.00917,0.0092,2856293.0
2024-02-19 13:45:00,0.0092,0.00923,0.00916,0.00921,3516360.0
2024-02-19 14:00:00,0.00921,0.00931,0.00916,0.0093,6110506.0
2024-02-19 14:15:00,0.0093,0.00931,0.00923,0.00924,2365650.0
2024-02-19 14:30:00,0.00924,0.00924,0.00917,0.00919,1355422.0
2024-02-19 14:45:00,0.00919,0.00922,0.00916,0.00921,1141360.0
2024-02-19 15:00:00,0.0092,0.00926,0.0092,0.00926,1720875.0
2024-02-19 15:15:00,0.00926,0.00931,0.00926,0.00926,2267640.0
2024-02-19 15:30:00,0.00927,0.00928,0.00922,0.00922,1733385.0
2024-02-19 15:45:00,0.00923,0.00928,0.00921,0.00928,3356921.0
2024-02-19 16:00:00,0.00927,0.00928,0.00923,0.00925,1038984.0
2024-02-19 16:15:00,0.00924,0.00928,0.00924,0.00926,1655416.0
2024-02-19 16:30:00,0.00925,0.00925,0.0092,0.00925,3228663.0
2024-02-19 16:45:00,0.00925,0.0093,0.00912,0.00916,6949856.0
2024-02-19 17:00:00,0.00916,0.0092,0.00906,0.00917,5651008.0
2024-02-19 17:15:00,0.00916,0.00924,0.00916,0.00922,4394286.0
2024-02-19 17:30:00,0.00922,0.00929,0.00921,0.00927,3403321.0
2024-02-19 17:45:00,0.00927,0.0093,0.00922,0.00925,2037808.0
2024-02-19 18:00:00,0.00925,0.0093,0.00924,0.00926,3140620.0
2024-02-19 18:15:00,0.00927,0.00927,0.0092,0.00922,2559540.0
2024-02-19 18:30:00,0.00923,0.00927,0.00921,0.00927,2050857.0
2024-02-19 18:45:00,0.00926,0.00927,0.0092,0.00921,3678975.0
2024-02-19 19:00:00,0.00921,0.00927,0.0092,0.00926,6441621.0
2024-02-19 19:15:00,0.00927,0.00927,0.00923,0.00925,2563117.0
2024-02-19 19:30:00,0.00925,0.00926,0.00924,0.00925,653985.0
2024-02-19 19:45:00,0.00925,0.00933,0.00925,0.00933,3437885.0
2024-02-19 20:00:00,0.00932,0.00935,0.00928,0.00932,8676845.0
2024-02-19 20:15:00,0.00932,0.00937,0.0093,0.00935,5393139.0
2024-02-19 20:30:00,0.00935,0.00951,0.00932,0.00939,8593371.0
2024-02-19 20:45:00,0.00939,0.00939,0.00935,0.00935,2975067.0
2024-02-19 21:00:00,0.00936,0.0094,0.00934,0.00939,1380115.0
2024-02-19 21:15:00,0.00938,0.00942,0.00937,0.00937,9167606.0
2024-02-19 21:30:00,0.00937,0.00941,0.00935,0.00937,3008767.0
2024-02-19 21:45:00,0.00938,0.00943,0.00937,0.00941,1428752.0
2024-02-19 22:00:00,0.00941,0.00948,0.00938,0.00943,3863910.0
2024-02-19 22:15:00,0.00943,0.00944,0.00937,0.0094,4572414.0
2024-02-19 22:30:00,0.0094,0.00943,0.00937,0.00943,2127421.0
2024-02-19 22:45:00,0.00942,0.00949,0.0094,0.00945,2369057.0
2024-02-19 23:00:00,0.00945,0.00946,0.00938,0.00945,5012889.0
2024-02-19 23:15:00,0.00945,0.00945,0.0094,0.00941,1929839.0
2024-02-19 23:30:00,0.00942,0.00943,0.00938,0.00938,1168061.0
2024-02-19 23:45:00,0.00939,0.00942,0.00935,0.00938,5497498.0
2024-02-20 00:00:00,0.00939,0.0094,0.00937,0.00939,1739246.0
2024-02-20 00:15:00,0.0094,0.00941,0.00935,0.00937,6821999.0
2024-02-20 00:30:00,0.00937,0.00938,0.00927,0.0093,6393446.0
2024-02-20 00:45:00,0.0093,0.00936,0.00927,0.00928,2410659.0
2024-02-20 01:00:00,0.00929,0.00938,0.00929,0.00934,4283872.0
2024-02-20 01:15:00,0.00934,0.00935,0.00913,0.00925,18755973.0
2024-02-20 01:30:00,0.00924,0.00928,0.00922,0.00927,5816500.0
2024-02-20 01:45:00,0.00927,0.0093,0.00925,0.00927,3250820.0
2024-02-20 02:00:00,0.00928,0.0094,0.00927,0.00932,8313146.0
2024-02-20 02:15:00,0.00932,0.00936,0.00927,0.00935,4249880.0
2024-02-20 02:30:00,0.00935,0.0094,0.00931,0.00932,3620089.0
2024-02-20 02:45:00,0.00932,0.00934,0.00928,0.00932,2642181.0
2024-02-20 03:00:00,0.00932,0.00935,0.0093,0.00934,1705159.0
2024-02-20 03:15:00,0.00934,0.00941,0.00929,0.00938,3566561.0
2024-02-20 03:30:00,0.00937,0.00937,0.00929,0.0093,3148090.0
2024-02-20 03:45:00,0.00931,0.00932,0.00914,0.00916,16943288.0
2024-02-20 04:00:00,0.00916,0.00923,0.00913,0.00922,9848455.0
2024-02-20 04:15:00,0.00922,0.00922,0.00912,0.00917,3928758.0
2024-02-20 04:30:00,0.00918,0.00925,0.00917,0.00925,2446517.0
2024-02-20 04:45:00,0.00925,0.00928,0.00923,0.00928,2599414.0
2024-02-20 05:00:00,0.00929,0.00929,0.00925,0.00928,2030468.0
2024-02-20 05:15:00,0.00928,0.00936,0.00927,0.00934,5524999.0
2024-02-20 05:30:00,0.00934,0.00934,0.00928,0.00928,2472153.0
2024-02-20 05:45:00,0.00929,0.00931,0.00928,0.00929,1672541.0
2024-02-20 06:00:00,0.00929,0.00931,0.00928,0.0093,841993.0
2024-02-20 06:15:00,0.0093,0.00931,0.00929,0.0093,2175309.0
2024-02-20 06:30:00,0.0093,0.00932,0.00927,0.00929,2986223.0
2024-02-20 06:45:00,0.0093,0.00931,0.00924,0.00927,6649539.0
2024-02-20 07:00:00,0.00927,0.00927,0.00923,0.00924,3704047.0
2024-02-20 07:15:00,0.00924,0.00929,0.00923,0.00929,2539013.0
2024-02-20 07:30:00,0.00929,0.00929,0.00926,0.00927,873759.0
2024-02-20 07:45:00,0.00927,0.0093,0.00924,0.00925,2416984.0
2024-02-20 08:00:00,0.00926,0.00928,0.0092,0.00921,4715430.0
2024-02-20 08:15:00,0.00921,0.00921,0.00915,0.00918,4827740.0
2024-02-20 08:30:00,0.00918,0.00921,0.00917,0.00921,1675760.0
2024-02-20 08:45:00,0.00921,0.00921,0.00918,0.00921,1220717.0
2024-02-20 09:00:00,0.0092,0.00921,0.00913,0.00915,5036242.0
2024-02-20 09:15:00,0.00915,0.00916,0.00908,0.00913,6030138.0
2024-02-20 09:30:00,0.00913,0.00913,0.00904,0.00904,9017034.0
2024-02-20 09:45:00,0.00905,0.0091,0.009,0.00908,5762421.0
2024-02-20 10:00:00,0.00908,0.00914,0.00908,0.00912,1768992.0
2024-02-20 10:15:00,0.00912,0.00912,0.00908,0.00912,1742649.0
2024-02-20 10:30:00,0.00912,0.00913,0.00908,0.0091,2855557.0
2024-02-20 10:45:00,0.00909,0.00912,0.00908,0.00911,1966874.0
2024-02-20 11:00:00,0.00912,0.00917,0.00911,0.00915,3716871.0
2024-02-20 11:15:00,0.00915,0.00918,0.00914,0.00916,1151768.0
2024-02-20 11:30:00,0.00917,0.00926,0.00914,0.00923,5525774.0
2024-02-20 11:45:00,0.00922,0.00922,0.0092,0.00922,1650107.0
2024-02-20 12:00:00,0.00922,0.00923,0.00918,0.00918,2745243.0
2024-02-20 12:15:00,0.00918,0.00919,0.00914,0.00917,3253770.0
2024-02-20 12:30:00,0.00917,0.00917,0.00915,0.00916,3670068.0
2024-02-20 12:45:00,0.00915,0.00915,0.00909,0.0091,9772653.0
2024-02-20 13:00:00,0.0091,0.00914,0.00908,0.00914,6467926.0
2024-02-20 13:15:00,0.00913,0.00914,0.00909,0.0091,1421887.0
2024-02-20 13:30:00,0.0091,0.00916,0.00909,0.00915,4458950.0
2024-02-20 13:45:00,0.00915,0.00917,0.0091,0.00914,2231796.0
2024-02-20 14:00:00,0.00914,0.00915,0.00901,0.00906,7869670.0
2024-02-20 14:15:00,0.00906,0.00908,0.00898,0.00901,7125560.0
2024-02-20 14:30:00,0.00901,0.00903,0.00872,0.00887,23230100.0
2024-02-20 14:45:00,0.00887,0.00889,0.0088,0.00884,8173543.0
2024-02-20 15:00:00,0.00885,0.00886,0.0087,0.00879,17523477.0
2024-02-20 15:15:00,0.0088,0.0088,0.0083,0.00839,32915274.0
2024-02-20 15:30:00,0.00839,0.00859,0.00838,0.00859,27807228.0
2024-02-20 15:45:00,0.00858,0.00858,0.00849,0.00857,7908448.0
2024-02-20 16:00:00,0.00857,0.00859,0.00854,0.00856,6111215.0
2024-02-20 16:15:00,0.00856,0.00857,0.00848,0.00855,4433144.0
2024-02-20 16:30:00,0.00854,0.00857,0.00845,0.00847,7315045.0
2024-02-20 16:45:00,0.00847,0.0085,0.00822,0.00839,9904411.0
2024-02-20 17:00:00,0.00839,0.00844,0.00836,0.00843,4355846.0
2024-02-20 17:15:00,0.00843,0.00846,0.00826,0.00838,18038028.0
2024-02-20 17:30:00,0.00838,0.00843,0.00835,0.00839,11829687.0
2024-02-20 17:45:00,0.00839,0.00844,0.00836,0.00843,1990087.0
2024-02-20 18:00:00,0.00843,0.00844,0.0084,0.00843,3178819.0
2024-02-20 18:15:00,0.00843,0.00848,0.00843,0.00846,4302644.0
2024-02-20 18:30:00,0.00846,0.00851,0.00843,0.00851,4800924.0
2024-02-20 18:45:00,0.0085,0.00851,0.00846,0.00847,2569905.0
2024-02-20 19:00:00,0.00847,0.00847,0.00843,0.00844,2052950.0
2024-02-20 19:15:00,0.00843,0.00846,0.00841,0.00846,2444061.0
2024-02-20 19:30:00,0.00846,0.00855,0.00845,0.00855,4341797.0
2024-02-20 19:45:00,0.00854,0.00861,0.00854,0.00861,3543501.0
2024-02-20 20:00:00,0.0086,0.00864,0.00858,0.00864,3668979.0
2024-02-20 20:15:00,0.00864,0.00864,0.00859,0.0086,3138499.0
2024-02-20 20:30:00,0.00861,0.00864,0.0086,0.00863,2094228.0
2024-02-20 20:45:00,0.00863,0.00863,0.00859,0.00863,1538284.0
2024-02-20 21:00:00,0.00863,0.00863,0.00859,0.0086,1298222.0
2024-02-20 21:15:00,0.00859,0.00865,0.00857,0.00864,1146154.0
2024-02-20 21:30:00,0.00863,0.00865,0.00861,0.00865,1475237.0
2024-02-20 21:45:00,0.00865,0.00866,0.00863,0.00864,1509390.0
2024-02-20 22:00:00,0.00865,0.00869,0.00865,0.00869,2132092.0
2024-02-20 22:15:00,0.00869,0.00869,0.00867,0.00869,912482.0
2024-02-20 22:30:00,0.00869,0.00871,0.00868,0.00871,2084646.0
2024-02-20 22:45:00,0.00871,0.00893,0.00869,0.00888,29882970.0
2024-02-20 23:00:00,0.00887,0.00895,0.00885,0.00894,7836531.0
2024-02-20 23:15:00,0.00894,0.009,0.00893,0.00896,10849002.0
2024-02-20 23:30:00,0.00896,0.00896,0.00891,0.00891,4483010.0
2024-02-20 23:45:00,0.00891,0.00892,0.00887,0.00889,2208005.0
2024-02-21 00:00:00,0.00889,0.00893,0.00888,0.00889,2381383.0
2024-02-21 00:15:00,0.00889,0.00889,0.00884,0.00884,1719465.0
2024-02-21 00:30:00,0.00885,0.00888,0.00882,0.00884,4692796.0
2024-02-21 00:45:00,0.00885,0.00887,0.00883,0.00886,796105.0
2024-02-21 01:00:00,0.00885,0.0089,0.00884,0.00887,2403591.0
2024-02-21 01:15:00,0.00888,0.00888,0.00883,0.00885,971183.0
2024-02-21 01:30:00,0.00885,0.00886,0.00879,0.00879,2128692.0
2024-02-21 01:45:00,0.00879,0.0088,0.00873,0.00875,5984944.0
2024-02-21 02:00:00,0.00876,0.0088,0.00873,0.00873,2997569.0
2024-02-21 02:15:00,0.00874,0.00874,0.00869,0.0087,3637201.0
2024-02-21 02:30:00,0.00869,0.00873,0.00868,0.00871,1856315.0
2024-02-21 02:45:00,0.00872,0.00872,0.00867,0.00868,2523142.0
2024-02-21 03:00:00,0.00868,0.0087,0.00867,0.00868,1540822.0
2024-02-21 03:15:00,0.00869,0.00872,0.00868,0.0087,1560424.0
2024-02-21 03:30:00,0.0087,0.0087,0.00868,0.00868,996003.0
2024-02-21 03:45:00,0.00869,0.00871,0.00869,0.0087,745326.0
2024-02-21 04:00:00,0.0087,0.00873,0.00868,0.00873,2626906.0
2024-02-21 04:15:00,0.00873,0.00873,0.00868,0.00869,715727.0
2024-02-21 04:30:00,0.00867,0.00868,0.00859,0.00865,3926228.0
2024-02-21 04:45:00,0.00866,0.00867,0.00863,0.00865,3833593.0
2024-02-21 05:00:00,0.00865,0.0087,0.00864,0.00869,1406723.0
2024-02-21 05:15:00,0.00869,0.00869,0.00865,0.00866,1232361.0
2024-02-21 05:30:00,0.00865,0.00865,0.00858,0.00859,2765954.0
2024-02-21 05:45:00,0.00859,0.00862,0.00856,0.0086,10458860.0
2024-02-21 06:00:00,0.0086,0.0086,0.00854,0.00859,3624772.0
2024-02-21 06:15:00,0.00859,0.0086,0.00854,0.00856,2206126.0
2024-02-21 06:30:00,0.00856,0.00857,0.00849,0.00852,6515563.0
2024-02-21 06:45:00,0.00853,0.00854,0.00845,0.00849,3282487.0
2024-02-21 07:00:00,0.00848,0.00848,0.00841,0.00845,4445512.0
2024-02-21 07:15:00,0.00845,0.00851,0.00844,0.00851,1805402.0
2024-02-21 07:30:00,0.00851,0.00851,0.00848,0.0085,1113915.0
2024-02-21 07:45:00,0.00849,0.0085,0.00846,0.00849,1916615.0
2024-02-21 08:00:00,0.0085,0.0085,0.00843,0.00843,2368501.0
2024-02-21 08:15:00,0.00844,0.00848,0.00843,0.00848,1289234.0
2024-02-21 08:30:00,0.00849,0.00849,0.00845,0.00847,1069995.0
2024-02-21 08:45:00,0.00847,0.0085,0.00846,0.00849,3460917.0
2024-02-21 09:00:00,0.00849,0.00849,0.00841,0.00843,1746095.0
2024-02-21 09:15:00,0.00843,0.00844,0.00829,0.00831,12231754.0
2024-02-21 09:30:00,0.00832,0.00838,0.0083,0.00833,6488370.0
2024-02-21 09:45:00,0.00834,0.00835,0.00824,0.00828,8440311.0
2024-02-21 10:00:00,0.00828,0.00834,0.00818,0.00823,10248613.0
2024-02-21 10:15:00,0.00824,0.0083,0.00823,0.0083,3751800.0
2024-02-21 10:30:00,0.00829,0.00831,0.00828,0.00831,2471600.0
2024-02-21 10:45:00,0.00831,0.00835,0.00829,0.00834,1453504.0
2024-02-21 11:00:00,0.00834,0.00843,0.00834,0.00841,4642580.0
2024-02-21 11:15:00,0.00841,0.00842,0.00836,0.00837,1662616.0
2024-02-21 11:30:00,0.00837,0.00838,0.00831,0.00835,4939928.0
2024-02-21 11:45:00,0.00834,0.00834,0.00828,0.00831,3339565.0
2024-02-21 12:00:00,0.00832,0.00838,0.00821,0.00837,12400671.0
2024-02-21 12:15:00,0.00838,0.00846,0.00837,0.00843,5095994.0
2024-02-21 12:30:00,0.00843,0.00846,0.00838,0.00846,8199110.0
2024-02-21 12:45:00,0.00845,0.00846,0.00842,0.00846,1919780.0
2024-02-21 13:00:00,0.00845,0.00849,0.00841,0.00846,5406622.0
2024-02-21 13:15:00,0.00846,0.00846,0.00836,0.00837,5682191.0
2024-02-21 13:30:00,0.00837,0.00837,0.00831,0.00834,4014994.0
2024-02-21 13:45:00,0.00833,0.00836,0.00831,0.00834,5607713.0
2024-02-21 14:00:00,0.00835,0.00836,0.0083,0.00831,3371056.0
2024-02-21 14:15:00,0.00831,0.00832,0.00818,0.0082,6099805.0
2024-02-21 14:30:00,0.0082,0.00829,0.00818,0.00828,4401588.0
2024-02-21 14:45:00,0.00828,0.00829,0.00822,0.00823,4631633.0
2024-02-21 15:00:00,0.00822,0.00827,0.00819,0.00825,4107986.0
2024-02-21 15:15:00,0.00825,0.00835,0.00825,0.00833,5190080.0
2024-02-21 15:30:00,0.00832,0.00835,0.00829,0.00829,1912207.0
2024-02-21 15:45:00,0.0083,0.00833,0.00827,0.00832,2655107.0
2024-02-21 16:00:00,0.00832,0.00837,0.00831,0.00836,3786437.0
2024-02-21 16:15:00,0.00836,0.00836,0.00829,0.0083,1125320.0
2024-02-21 16:30:00,0.0083,0.00833,0.00828,0.00833,2884137.0
2024-02-21 16:45:00,0.00833,0.00837,0.00833,0.00836,2056605.0
2024-02-21 17:00:00,0.00836,0.00847,0.00836,0.00845,9080279.0
2024-02-21 17:15:00,0.00845,0.00846,0.00834,0.00835,10352610.0
2024-02-21 17:30:00,0.00836,0.00836,0.00828,0.00828,2312491.0
2024-02-21 17:45:00,0.00829,0.0083,0.00826,0.00827,1972597.0
2024-02-21 18:00:00,0.00827,0.00829,0.00825,0.00829,2114876.0
2024-02-21 18:15:00,0.00829,0.00829,0.00812,0.00816,7482683.0
2024-02-21 18:30:00,0.00816,0.00821,0.00816,0.00821,3163094.0
2024-02-21 18:45:00,0.0082,0.00822,0.00817,0.00822,1630684.0
2024-02-21 19:00:00,0.00821,0.00828,0.00818,0.00825,3225393.0
2024-02-21 19:15:00,0.00825,0.00827,0.00822,0.00824,1942433.0
2024-02-21 19:30:00,0.00822,0.00825,0.00821,0.00824,503317.0
2024-02-21 19:45:00,0.00823,0.00826,0.00822,0.00826,1194579.0
2024-02-21 20:00:00,0.00826,0.00827,0.00822,0.00826,1851319.0
2024-02-21 20:15:00,0.00826,0.00826,0.00823,0.00824,749340.0
2024-02-21 20:30:00,0.00823,0.00826,0.00822,0.00825,572035.0
2024-02-21 20:45:00,0.00824,0.00825,0.00821,0.00823,914258.0
2024-02-21 21:00:00,0.00824,0.00829,0.00823,0.00829,775599.0
2024-02-21 21:15:00,0.00828,0.00834,0.00825,0.00834,2591841.0
2024-02-21 21:30:00,0.00834,0.00839,0.00833,0.00838,1940107.0
2024-02-21 21:45:00,0.00837,0.00842,0.00836,0.00841,2734392.0
2024-02-21 22:00:00,0.0084,0.00842,0.00838,0.00838,1452768.0
2024-02-21 22:15:00,0.00837,0.00843,0.00836,0.00842,853801.0
2024-02-21 22:30:00,0.00841,0.00844,0.00839,0.00844,748691.0
2024-02-21 22:45:00,0.00843,0.0085,0.00843,0.00848,1702420.0
2024-02-21 23:00:00,0.00849,0.00853,0.00848,0.00851,1444328.0
2024-02-21 23:15:00,0.0085,0.00854,0.0085,0.00851,1776485.0
2024-02-21 23:30:00,0.0085,0.00855,0.00849,0.00854,1594224.0
2024-02-21 23:45:00,0.00854,0.0086,0.00853,0.00857,3587917.0
2024-02-22 00:00:00,0.00857,0.00858,0.00852,0.00853,2529200.0
2024-02-22 00:15:00,0.00854,0.00855,0.00851,0.00852,2705625.0
2024-02-22 00:30:00,0.00852,0.00853,0.00848,0.0085,2672573.0
2024-02-22 00:45:00,0.00848,0.00852,0.00847,0.0085,1277718.0
2024-02-22 01:00:00,0.0085,0.00854,0.00846,0.00853,1002906.0
2024-02-22 01:15:00,0.00853,0.00854,0.00849,0.0085,522831.0
2024-02-22 01:30:00,0.00849,0.00849,0.00841,0.00843,2754017.0
2024-02-22 01:45:00,0.00843,0.00843,0.00834,0.00834,1409890.0
2024-02-22 02:00:00,0.00834,0.0084,0.00834,0.00839,1402764.0
2024-02-22 02:15:00,0.0084,0.00843,0.0084,0.00841,286963.0
2024-02-22 02:30:00,0.00841,0.00841,0.00835,0.00838,897974.0
2024-02-22 02:45:00,0.00839,0.0084,0.00836,0.00836,904722.0
2024-02-22 03:00:00,0.00836,0.00841,0.00832,0.00841,4650063.0
2024-02-22 03:15:00,0.00841,0.00843,0.0084,0.00842,487460.0
2024-02-22 03:30:00,0.00842,0.00843,0.00837,0.0084,675412.0
2024-02-22 03:45:00,0.00841,0.00841,0.00839,0.0084,1281416.0
2024-02-22 04:00:00,0.0084,0.00843,0.00839,0.00842,698273.0
2024-02-22 04:15:00,0.00842,0.00843,0.0084,0.00842,733207.0
2024-02-22 04:30:00,0.00842,0.00842,0.00838,0.00839,648194.0
2024-02-22 04:45:00,0.00839,0.00842,0.00837,0.0084,1206641.0
2024-02-22 05:00:00,0.0084,0.00844,0.0084,0.00844,596270.0
2024-02-22 05:15:00,0.00845,0.00854,0.00845,0.00852,2034254.0
2024-02-22 05:30:00,0.00853,0.00855,0.00851,0.00853,1023763.0
2024-02-22 05:45:00,0.00853,0.00855,0.00849,0.00851,1469527.0
2024-02-22 06:00:00,0.00851,0.00856,0.0085,0.00856,881169.0
2024-02-22 06:15:00,0.00856,0.0086,0.00853,0.0086,1474279.0
2024-02-22 06:30:00,0.0086,0.00865,0.00859,0.00863,2639515.0
2024-02-22 06:45:00,0.00863,0.00867,0.00862,0.00866,1143484.0
2024-02-22 07:00:00,0.00865,0.00865,0.00858,0.00862,1623775.0
2024-02-22 07:15:00,0.00862,0.00866,0.0086,0.00865,1883802.0
2024-02-22 07:30:00,0.00865,0.00875,0.00864,0.00872,5703873.0
2024-02-22 07:45:00,0.00872,0.00873,0.00869,0.00871,3688186.0
2024-02-22 08:00:00,0.00871,0.00878,0.00869,0.00876,2486314.0
2024-02-22 08:15:00,0.00875,0.0088,0.00873,0.00876,5522138.0
2024-02-22 08:30:00,0.00875,0.00876,0.00871,0.00874,10025091.0
2024-02-22 08:45:00,0.00873,0.00878,0.00873,0.00876,2145260.0
2024-02-22 09:00:00,0.00877,0.00879,0.00875,0.00875,2919420.0
2024-02-22 09:15:00,0.00875,0.00877,0.00874,0.00875,1577861.0
2024-02-22 09:30:00,0.00876,0.00879,0.00873,0.00879,1695247.0
2024-02-22 09:45:00,0.00879,0.00881,0.00878,0.00879,3034699.0
2024-02-22 10:00:00,0.00879,0.00884,0.00878,0.00882,7845974.0
2024-02-22 10:15:00,0.00883,0.00884,0.00876,0.00878,13476042.0
2024-02-22 10:30:00,0.00878,0.00878,0.00871,0.00873,5747182.0
2024-02-22 10:45:00,0.00874,0.00886,0.00871,0.00882,11783019.0
2024-02-22 11:00:00,0.00882,0.00885,0.00879,0.00882,9242560.0
2024-02-22 11:15:00,0.00882,0.00882,0.00877,0.00882,3622652.0
2024-02-22 11:30:00,0.00882,0.00886,0.00881,0.00884,2562212.0
2024-02-22 11:45:00,0.00884,0.00884,0.00879,0.0088,2648492.0
2024-02-22 12:00:00,0.00881,0.00884,0.0088,0.00883,888125.0
2024-02-22 12:15:00,0.00883,0.00893,0.00882,0.00885,9893105.0
2024-02-22 12:30:00,0.00885,0.00886,0.00877,0.0088,4501629.0
2024-02-22 12:45:00,0.0088,0.00884,0.0088,0.00884,1143611.0
2024-02-22 13:00:00,0.00884,0.00901,0.0088,0.00894,25112104.0
2024-02-22 13:15:00,0.00894,0.00911,0.00881,0.00906,31791697.0
2024-02-22 13:30:00,0.00906,0.00911,0.00894,0.00894,27202466.0
2024-02-22 13:45:00,0.00895,0.00909,0.00892,0.00907,17904039.0
2024-02-22 14:00:00,0.00907,0.00918,0.009,0.00916,24734846.0
2024-02-22 14:15:00,0.00917,0.00923,0.00907,0.00907,28078349.0
2024-02-22 14:30:00,0.00908,0.00914,0.00902,0.00913,10566465.0
2024-02-22 14:45:00,0.00914,0.00919,0.00907,0.0091,8928255.0
2024-02-22 15:00:00,0.0091,0.0092,0.00907,0.00911,22355843.0
2024-02-22 15:15:00,0.00912,0.00916,0.00904,0.00907,12609938.0
2024-02-22 15:30:00,0.00907,0.00921,0.00907,0.00916,15999250.0
2024-02-22 15:45:00,0.00916,0.00916,0.00911,0.00913,5245886.0
2024-02-22 16:00:00,0.00913,0.00917,0.00909,0.00914,6909635.0
2024-02-22 16:15:00,0.00914,0.00915,0.00907,0.00909,3552343.0
2024-02-22 16:30:00,0.00909,0.00924,0.00909,0.00919,11559564.0
2024-02-22 16:45:00,0.00919,0.00919,0.0091,0.00917,4019440.0
2024-02-22 17:00:00,0.00916,0.00926,0.00915,0.00923,5539865.0
2024-02-22 17:15:00,0.00924,0.00925,0.00912,0.00918,9849433.0
2024-02-22 17:30:00,0.00918,0.00919,0.00914,0.00917,3861821.0
2024-02-22 17:45:00,0.00917,0.00918,0.00915,0.00918,2630435.0
2024-02-22 18:00:00,0.00918,0.00918,0.00913,0.00915,1356599.0
2024-02-22 18:15:00,0.00915,0.00915,0.0091,0.00911,3370747.0
2024-02-22 18:30:00,0.00911,0.00912,0.00904,0.00911,14184503.0
2024-02-22 18:45:00,0.00911,0.00913,0.0091,0.00911,1723804.0
2024-02-22 19:00:00,0.00911,0.00911,0.00905,0.00907,1698551.0
2024-02-22 19:15:00,0.00907,0.00909,0.00904,0.00909,2759086.0
2024-02-22 19:30:00,0.00909,0.00909,0.00903,0.00905,4204173.0
2024-02-22 19:45:00,0.00905,0.00913,0.00905,0.00912,4996749.0
2024-02-22 20:00:00,0.00912,0.00912,0.00907,0.0091,2585674.0
2024-02-22 20:15:00,0.00909,0.00913,0.00908,0.00911,2804929.0
2024-02-22 20:30:00,0.00911,0.00913,0.00906,0.00907,8533109.0
2024-02-22 20:45:00,0.00907,0.00908,0.00904,0.00907,1273040.0
2024-02-22 21:00:00,0.00907,0.00908,0.009,0.00903,2612298.0
2024-02-22 21:15:00,0.00903,0.00908,0.009,0.00907,6586276.0
2024-02-22 21:30:00,0.00906,0.00906,0.009,0.00902,2308383.0
2024-02-22 21:45:00,0.00902,0.00902,0.00899,0.00901,2618176.0
2024-02-22 22:00:00,0.00902,0.00905,0.00893,0.00898,3880570.0
2024-02-22 22:15:00,0.00898,0.009,0.00891,0.00891,7178427.0
2024-02-22 22:30:00,0.00891,0.00898,0.0089,0.00898,1695971.0
2024-02-22 22:45:00,0.00897,0.00899,0.00895,0.00896,2601362.0
2024-02-22 23:00:00,0.00897,0.00898,0.00889,0.0089,4245864.0
2024-02-22 23:15:00,0.00891,0.00893,0.00888,0.00891,4326303.0
2024-02-22 23:30:00,0.00892,0.00893,0.00885,0.00886,1864725.0
2024-02-22 23:45:00,0.00887,0.0089,0.00886,0.00889,2596967.0
2024-02-23 00:00:00,0.00888,0.00893,0.00887,0.0089,1875070.0
2024-02-23 00:15:00,0.0089,0.00897,0.00889,0.00897,1154238.0
2024-02-23 00:30:00,0.00897,0.00898,0.00893,0.00896,1796190.0
2024-02-23 00:45:00,0.00897,0.009,0.00896,0.009,911025.0
2024-02-23 01:00:00,0.009,0.00904,0.00899,0.00901,2568639.0
2024-02-23 01:15:00,0.00902,0.00903,0.00895,0.00898,4823769.0
2024-02-23 01:30:00,0.00898,0.009,0.00896,0.00896,1301519.0
2024-02-23 01:45:00,0.00897,0.00899,0.00892,0.00894,8142149.0
2024-02-23 02:00:00,0.00894,0.009,0.00893,0.00899,1375345.0
2024-02-23 02:15:00,0.009,0.00901,0.00893,0.00894,3247874.0
2024-02-23 02:30:00,0.00893,0.00901,0.00893,0.009,1730693.0
2024-02-23 02:45:00,0.009,0.009,0.00885,0.00888,4843052.0
2024-02-23 03:00:00,0.00888,0.00889,0.00878,0.00883,9816055.0
2024-02-23 03:15:00,0.00883,0.00884,0.00876,0.00881,6753948.0
2024-02-23 03:30:00,0.00881,0.00882,0.00876,0.0088,5650411.0
2024-02-23 03:45:00,0.00879,0.00882,0.00866,0.00875,15896098.0
2024-02-23 04:00:00,0.00875,0.00875,0.00865,0.00867,5892672.0
2024-02-23 04:15:00,0.00867,0.00875,0.00863,0.00875,5338647.0
2024-02-23 04:30:00,0.00876,0.00879,0.00876,0.00878,1103862.0
2024-02-23 04:45:00,0.00878,0.0088,0.00873,0.00876,4927291.0
2024-02-23 05:00:00,0.00876,0.00878,0.00873,0.00878,1145150.0
2024-02-23 05:15:00,0.00878,0.00878,0.00875,0.00877,3825464.0
2024-02-23 05:30:00,0.00877,0.0088,0.00875,0.00878,2026329.0
2024-02-23 05:45:00,0.00876,0.0088,0.00875,0.00879,4475007.0
2024-02-23 06:00:00,0.00878,0.00885,0.00877,0.00884,3229431.0
2024-02-23 06:15:00,0.00884,0.00887,0.00882,0.00883,2612638.0
2024-02-23 06:30:00,0.00882,0.00888,0.00881,0.00886,5650527.0
2024-02-23 06:45:00,0.00886,0.00889,0.00884,0.00886,1993372.0
2024-02-23 07:00:00,0.00885,0.0089,0.00882,0.00889,4293303.0
2024-02-23 07:15:00,0.0089,0.00922,0.00889,0.0092,51210339.0
2024-02-23 07:30:00,0.0092,0.00923,0.00913,0.00916,35419747.0
2024-02-23 07:45:00,0.00915,0.00918,0.00908,0.00915,11803679.0
2024-02-23 08:00:00,0.00914,0.00926,0.00914,0.00918,18564784.0
2024-02-23 08:15:00,0.00918,0.0092,0.0091,0.0091,6419080.0
2024-02-23 08:30:00,0.00911,0.00917,0.00901,0.00906,20684511.0
2024-02-23 08:45:00,0.00906,0.0091,0.00897,0.00899,8963691.0
2024-02-23 09:00:00,0.00899,0.00902,0.00896,0.009,4143205.0
2024-02-23 09:15:00,0.009,0.00907,0.00895,0.00898,4308361.0
2024-02-23 09:30:00,0.00898,0.00909,0.00898,0.00907,5251553.0
2024-02-23 09:45:00,0.00907,0.00919,0.00903,0.00917,16016160.0
2024-02-23 10:00:00,0.00917,0.00918,0.00911,0.00913,14866924.0
2024-02-23 10:15:00,0.00913,0.00922,0.00908,0.00921,6304557.0
2024-02-23 10:30:00,0.0092,0.00922,0.00915,0.0092,6460102.0
2024-02-23 10:45:00,0.0092,0.00928,0.00919,0.00925,12201103.0
2024-02-23 11:00:00,0.00924,0.00925,0.0092,0.00921,2908368.0
2024-02-23 11:15:00,0.0092,0.00924,0.00918,0.00921,7385693.0
2024-02-23 11:30:00,0.00921,0.00936,0.0092,0.00932,27158404.0
2024-02-23 11:45:00,0.00933,0.00939,0.00926,0.00937,14687592.0
2024-02-23 12:00:00,0.00938,0.00944,0.0093,0.00933,11884645.0
2024-02-23 12:15:00,0.00933,0.00938,0.00921,0.00922,12205368.0
2024-02-23 12:30:00,0.00922,0.00928,0.00922,0.00927,4244912.0
2024-02-23 12:45:00,0.00928,0.00934,0.00924,0.00925,5978063.0
2024-02-23 13:00:00,0.00924,0.00925,0.00917,0.00921,7309520.0
2024-02-23 13:15:00,0.00921,0.00925,0.00918,0.00923,1985831.0
2024-02-23 13:30:00,0.00924,0.00929,0.00922,0.00924,1477018.0
2024-02-23 13:45:00,0.00925,0.00934,0.00924,0.00933,2073691.0
2024-02-23 14:00:00,0.00934,0.00934,0.00916,0.00918,17505967.0
2024-02-23 14:15:00,0.00918,0.00927,0.00915,0.00922,6346783.0
2024-02-23 14:30:00,0.00922,0.00943,0.00911,0.00937,23731339.0
2024-02-23 14:45:00,0.00937,0.00937,0.0091,0.00919,26260397.0
2024-02-23 15:00:00,0.00918,0.00928,0.00909,0.00914,38645139.0
2024-02-23 15:15:00,0.00913,0.00915,0.00895,0.00899,37787188.0
2024-02-23 15:30:00,0.00898,0.00922,0.00895,0.00909,26377196.0
2024-02-23 15:45:00,0.00909,0.00912,0.009,0.00903,9862799.0
2024-02-23 16:00:00,0.00903,0.00907,0.00889,0.00893,28792474.0
2024-02-23 16:15:00,0.00892,0.00908,0.00889,0.00906,12692888.0
2024-02-23 16:30:00,0.00906,0.00912,0.009,0.00912,7382017.0
2024-02-23 16:45:00,0.00912,0.00921,0.00909,0.00916,16889058.0
2024-02-23 17:00:00,0.00916,0.0092,0.00912,0.00916,2310587.0
2024-02-23 17:15:00,0.00917,0.00921,0.00912,0.00913,3115303.0
2024-02-23 17:30:00,0.00914,0.00918,0.00913,0.00918,2400651.0
2024-02-23 17:45:00,0.00918,0.00918,0.00911,0.00914,891711.0
2024-02-23 18:00:00,0.00914,0.00925,0.00913,0.00923,16503455.0
2024-02-23 18:15:00,0.00924,0.0094,0.0092,0.00929,27443334.0
2024-02-23 18:30:00,0.00929,0.00929,0.00923,0.00925,1746690.0
2024-02-23 18:45:00,0.00925,0.00943,0.00925,0.00936,22495620.0
2024-02-23 19:00:00,0.00937,0.00964,0.00936,0.00961,38303680.0
2024-02-23 19:15:00,0.00962,0.01061,0.00955,0.00989,177604156.0
2024-02-23 19:30:00,0.00989,0.00989,0.00945,0.00957,69599836.0
2024-02-23 19:45:00,0.00956,0.00965,0.00951,0.00961,17147446.0
2024-02-23 20:00:00,0.00961,0.00978,0.00961,0.00974,14540216.0
2024-02-23 20:15:00,0.00975,0.00984,0.00959,0.00968,20356828.0
2024-02-23 20:30:00,0.00967,0.01002,0.00967,0.00996,29674385.0
2024-02-23 20:45:00,0.00996,0.01024,0.00991,0.01015,61361242.0
2024-02-23 21:00:00,0.01015,0.0114,0.00996,0.01042,203955895.0
2024-02-23 21:15:00,0.01043,0.01067,0.01015,0.01017,127690786.0
2024-02-23 21:30:00,0.01017,0.01048,0.01009,0.01018,80903598.0
2024-02-23 21:45:00,0.01018,0.01023,0.00985,0.01012,79698150.0
2024-02-23 22:00:00,0.01011,0.01039,0.01009,0.01029,35505226.0
2024-02-23 22:15:00,0.01029,0.01042,0.01019,0.01027,49787604.0
2024-02-23 22:30:00,0.01027,0.01033,0.00993,0.00997,38777139.0
2024-02-23 22:45:00,0.00997,0.01045,0.00995,0.01019,38693795.0
2024-02-23 23:00:00,0.01019,0.011,0.01012,0.01036,83424794.0
2024-02-23 23:15:00,0.01036,0.0113,0.0103,0.01075,140128361.0
2024-02-23 23:30:00,0.01076,0.01078,0.01035,0.01036,52184758.0
2024-02-23 23:45:00,0.01034,0.01079,0.0102,0.01068,64704101.0
2024-02-24 00:00:00,0.01067,0.01108,0.01033,0.01087,86679474.0
2024-02-24 00:15:00,0.01087,0.01139,0.01055,0.01081,113471588.0
2024-02-24 00:30:00,0.01081,0.01117,0.01056,0.01091,66405113.0
2024-02-24 00:45:00,0.01091,0.011,0.0106,0.0108,47785350.0
2024-02-24 01:00:00,0.01081,0.01105,0.01077,0.01081,43275163.0
2024-02-24 01:15:00,0.0108,0.0109,0.01043,0.01049,33364200.0
2024-02-24 01:30:00,0.01048,0.01059,0.01007,0.01018,46238411.0
2024-02-24 01:45:00,0.01018,0.01023,0.00992,0.00992,32553620.0
2024-02-24 02:00:00,0.00991,0.01004,0.00966,0.0097,36659110.0
2024-02-24 02:15:00,0.0097,0.00978,0.00962,0.00977,26354855.0
2024-02-24 02:30:00,0.00976,0.00985,0.00967,0.00978,21792412.0
2024-02-24 02:45:00,0.00979,0.00991,0.00968,0.00989,17444374.0
2024-02-24 03:00:00,0.0099,0.0099,0.00969,0.00969,12536781.0
2024-02-24 03:15:00,0.00969,0.00972,0.00958,0.00969,14646128.0
2024-02-24 03:30:00,0.00969,0.00986,0.00965,0.00982,11852905.0
2024-02-24 03:45:00,0.00982,0.00989,0.00975,0.00977,17289057.0
2024-02-24 04:00:00,0.00977,0.00985,0.00974,0.0098,5773891.0
2024-02-24 04:15:00,0.0098,0.01003,0.0098,0.01002,12290701.0
2024-02-24 04:30:00,0.01003,0.01008,0.00995,0.00998,10990934.0
2024-02-24 04:45:00,0.00998,0.01018,0.00995,0.01017,12308146.0
2024-02-24 05:00:00,0.01016,0.01017,0.01,0.01005,7927273.0
2024-02-24 05:15:00,0.01005,0.0101,0.00999,0.01003,6341546.0
2024-02-24 05:30:00,0.01003,0.01015,0.01002,0.01011,6467763.0
2024-02-24 05:45:00,0.01011,0.01023,0.0101,0.01017,12431640.0
2024-02-24 06:00:00,0.01018,0.01055,0.01005,0.01047,27051915.0
2024-02-24 06:15:00,0.01046,0.0105,0.01029,0.01043,23736374.0
2024-02-24 06:30:00,0.01042,0.0105,0.01028,0.01037,17699000.0
2024-02-24 06:45:00,0.01037,0.01053,0.01031,0.01038,22777022.0
2024-02-24 07:00:00,0.01037,0.01053,0.01021,0.01035,30613624.0
2024-02-24 07:15:00,0.01034,0.01048,0.01023,0.01038,36120023.0
2024-02-24 07:30:00,0.01038,0.01046,0.01027,0.01031,36415116.0
2024-02-24 07:45:00,0.01031,0.01039,0.01021,0.01032,15346379.0
2024-02-24 08:00:00,0.01032,0.01032,0.01018,0.0102,16250314.0
2024-02-24 08:15:00,0.0102,0.01026,0.01014,0.01015,16071939.0
2024-02-24 08:30:00,0.01015,0.01046,0.01015,0.01034,33383851.0
2024-02-24 08:45:00,0.01033,0.01051,0.01029,0.01049,22265764.0
2024-02-24 09:00:00,0.0105,0.01053,0.01037,0.01041,15023441.0
2024-02-24 09:15:00,0.01042,0.01048,0.01034,0.0104,8141250.0
2024-02-24 09:30:00,0.01041,0.01041,0.01024,0.01036,10161735.0
2024-02-24 09:45:00,0.01036,0.01036,0.01028,0.01028,7026988.0
2024-02-24 10:00:00,0.01028,0.01029,0.01009,0.01011,19189725.0
2024-02-24 10:15:00,0.01011,0.0102,0.01007,0.0102,17728845.0
2024-02-24 10:30:00,0.01021,0.01021,0.01016,0.01019,3363540.0
2024-02-24 10:45:00,0.01019,0.01021,0.01011,0.0102,10079027.0
2024-02-24 11:00:00,0.0102,0.0102,0.01006,0.01008,11061722.0
2024-02-24 11:15:00,0.01008,0.01009,0.00993,0.01007,37936757.0
2024-02-24 11:30:00,0.01008,0.01013,0.01004,0.01012,5656146.0
2024-02-24 11:45:00,0.01011,0.01018,0.01011,0.01016,5618277.0
2024-02-24 12:00:00,0.01016,0.01023,0.0101,0.01023,7654062.0
2024-02-24 12:15:00,0.01023,0.01023,0.01012,0.01012,4448281.0
2024-02-24 12:30:00,0.01013,0.01018,0.00998,0.01004,25568561.0
2024-02-24 12:45:00,0.01004,0.01008,0.00994,0.01,24839955.0
2024-02-24 13:00:00,0.01,0.01009,0.00993,0.01006,11697140.0
2024-02-24 13:15:00,0.01007,0.01008,0.00999,0.01005,11216914.0
2024-02-24 13:30:00,0.01005,0.01005,0.00995,0.01001,4664734.0
2024-02-24 13:45:00,0.01001,0.01002,0.00994,0.00995,2785771.0
2024-02-24 14:00:00,0.00996,0.01001,0.00994,0.00998,4021875.0
2024-02-24 14:15:00,0.00997,0.00998,0.00992,0.00995,7343416.0
2024-02-24 14:30:00,0.00994,0.00996,0.00982,0.00988,12562302.0
2024-02-24 14:45:00,0.00988,0.01003,0.00983,0.00995,27526079.0
2024-02-24 15:00:00,0.00996,0.01,0.00994,0.00997,6716684.0
2024-02-24 15:15:00,0.00996,0.01018,0.00993,0.01013,17494583.0
2024-02-24 15:30:00,0.01014,0.0102,0.01005,0.01013,15307897.0
2024-02-24 15:45:00,0.01012,0.01018,0.01004,0.01011,10337012.0
2024-02-24 16:00:00,0.01011,0.01022,0.0101,0.01014,7596301.0
2024-02-24 16:15:00,0.01014,0.01017,0.01003,0.01005,13126641.0
2024-02-24 16:30:00,0.01006,0.01014,0.01006,0.01013,4354322.0
2024-02-24 16:45:00,0.01014,0.01016,0.01007,0.01012,5131679.0
2024-02-24 17:00:00,0.01012,0.01015,0.01006,0.0101,4967890.0
2024-02-24 17:15:00,0.0101,0.01011,0.01005,0.01007,6570837.0
2024-02-24 17:30:00,0.01008,0.01022,0.01008,0.01014,13545460.0
2024-02-24 17:45:00,0.01015,0.01028,0.01,0.01013,16341011.0
2024-02-24 18:00:00,0.01014,0.01022,0.01014,0.01018,7802788.0
2024-02-24 18:15:00,0.01018,0.01026,0.01016,0.01019,5996625.0
2024-02-24 18:30:00,0.01019,0.01024,0.01014,0.01023,5235655.0
2024-02-24 18:45:00,0.01023,0.01024,0.01009,0.01014,12555362.0
2024-02-24 19:00:00,0.01014,0.01019,0.01014,0.01017,2866043.0
2024-02-24 19:15:00,0.01016,0.01019,0.01015,0.01017,1257408.0
2024-02-24 19:30:00,0.01018,0.0102,0.01016,0.01017,998967.0
2024-02-24 19:45:00,0.01017,0.0103,0.01016,0.01029,11009399.0
2024-02-24 20:00:00,0.01028,0.01028,0.01019,0.0102,3308504.0
2024-02-24 20:15:00,0.0102,0.0103,0.01018,0.01028,3991437.0
2024-02-24 20:30:00,0.01029,0.01031,0.01023,0.01025,3527804.0
2024-02-24 20:45:00,0.01024,0.01024,0.01016,0.01018,4473440.0
2024-02-24 21:00:00,0.01017,0.01018,0.00999,0.01007,11218116.0
2024-02-24 21:15:00,0.01006,0.0101,0.01005,0.01009,2108362.0
2024-02-24 21:30:00,0.01008,0.01009,0.01002,0.01006,3449515.0
2024-02-24 21:45:00,0.01006,0.01013,0.01003,0.01005,6647459.0
2024-02-24 22:00:00,0.01004,0.01008,0.01002,0.01004,2596559.0
2024-02-24 22:15:00,0.01005,0.01005,0.00999,0.01001,3165297.0
2024-02-24 22:30:00,0.01002,0.01003,0.00997,0.00998,1180031.0
2024-02-24 22:45:00,0.00998,0.00999,0.00994,0.00999,1396081.0
2024-02-24 23:00:00,0.00998,0.01002,0.00993,0.00997,2416037.0
2024-02-24 23:15:00,0.00997,0.00999,0.00994,0.00998,2085374.0
2024-02-24 23:30:00,0.00997,0.01,0.00996,0.00999,1606472.0
2024-02-24 23:45:00,0.00999,0.00999,0.00992,0.00994,1096841.0
2024-02-25 00:00:00,0.00994,0.00999,0.00994,0.00998,3225846.0
2024-02-25 00:15:00,0.00998,0.01008,0.00995,0.01,6243039.0
2024-02-25 00:30:00,0.01,0.01003,0.00999,0.01002,1339985.0
2024-02-25 00:45:00,0.01002,0.01008,0.01002,0.01008,3193247.0
2024-02-25 01:00:00,0.01008,0.01013,0.00999,0.01,2524995.0
2024-02-25 01:15:00,0.00999,0.01001,0.00997,0.01001,1863598.0
2024-02-25 01:30:00,0.01001,0.01019,0.00997,0.0101,11274830.0
2024-02-25 01:45:00,0.0101,0.01015,0.01008,0.01015,1634453.0
2024-02-25 02:00:00,0.01014,0.01015,0.01008,0.01011,2289467.0
2024-02-25 02:15:00,0.0101,0.01016,0.01007,0.01014,5514456.0
2024-02-25 02:30:00,0.01015,0.01017,0.01009,0.01017,2402343.0
2024-02-25 02:45:00,0.01017,0.01025,0.01012,0.01017,8001018.0
2024-02-25 03:00:00,0.01017,0.01017,0.01009,0.01017,3332622.0
2024-02-25 03:15:00,0.01016,0.01018,0.01006,0.01015,3658707.0
2024-02-25 03:30:00,0.01016,0.0102,0.01011,0.01011,1984341.0
2024-02-25 03:45:00,0.01011,0.01013,0.01007,0.01007,862776.0
2024-02-25 04:00:00,0.01008,0.01015,0.01005,0.01012,1712472.0
2024-02-25 04:15:00,0.01011,0.01012,0.01007,0.01009,966616.0
2024-02-25 04:30:00,0.0101,0.01013,0.01002,0.01004,2576735.0
2024-02-25 04:45:00,0.01004,0.01013,0.01004,0.01012,1911059.0
2024-02-25 05:00:00,0.01012,0.01019,0.01009,0.01019,1846400.0
2024-02-25 05:15:00,0.01019,0.01019,0.01011,0.01015,2987309.0
2024-02-25 05:30:00,0.01015,0.0103,0.01014,0.01029,4013264.0
2024-02-25 05:45:00,0.01029,0.01034,0.01021,0.01022,5776938.0
2024-02-25 06:00:00,0.01021,0.01024,0.01012,0.01024,6451505.0
2024-02-25 06:15:00,0.01025,0.0105,0.01025,0.01032,12935690.0
2024-02-25 06:30:00,0.01032,0.0104,0.01028,0.0104,7628304.0
2024-02-25 06:45:00,0.01039,0.0104,0.01032,0.01035,5807939.0
2024-02-25 07:00:00,0.01034,0.01035,0.01021,0.01021,6784338.0
2024-02-25 07:15:00,0.0102,0.01023,0.01013,0.01017,7556423.0
2024-02-25 07:30:00,0.01017,0.01018,0.01012,0.01013,2760547.0
2024-02-25 07:45:00,0.01013,0.01013,0.00987,0.00992,45699417.0
2024-02-25 08:00:00,0.00992,0.00996,0.00981,0.00983,17602407.0
2024-02-25 08:15:00,0.00983,0.00993,0.00983,0.0099,6240879.0
2024-02-25 08:30:00,0.0099,0.00996,0.00988,0.00991,10752984.0
2024-02-25 08:45:00,0.00992,0.00993,0.00988,0.00988,2836140.0
2024-02-25 09:00:00,0.00987,0.00987,0.00981,0.00984,4727801.0
2024-02-25 09:15:00,0.00984,0.00984,0.00977,0.00981,4533758.0
2024-02-25 09:30:00,0.00981,0.00987,0.00981,0.00983,3313304.0
2024-02-25 09:45:00,0.00983,0.00987,0.00983,0.00986,1645042.0
2024-02-25 10:00:00,0.00986,0.00988,0.00986,0.00987,1504635.0
2024-02-25 10:15:00,0.00987,0.00989,0.00978,0.00979,4833035.0
2024-02-25 10:30:00,0.00979,0.00981,0.00977,0.0098,2699027.0
2024-02-25 10:45:00,0.0098,0.00983,0.00977,0.00979,3252681.0
2024-02-25 11:00:00,0.00979,0.00982,0.00976,0.0098,5014971.0
2024-02-25 11:15:00,0.0098,0.00986,0.00979,0.00984,3673624.0
2024-02-25 11:30:00,0.00985,0.0099,0.00983,0.00989,3263149.0
2024-02-25 11:45:00,0.00989,0.00993,0.00987,0.00993,1726774.0
2024-02-25 12:00:00,0.00993,0.00993,0.00986,0.00986,2842732.0
2024-02-25 12:15:00,0.00986,0.00991,0.00986,0.00991,1496256.0
2024-02-25 12:30:00,0.0099,0.00991,0.00981,0.00983,10395660.0
2024-02-25 12:45:00,0.00983,0.00992,0.00983,0.00989,3629686.0
2024-02-25 13:00:00,0.00988,0.0099,0.00983,0.00987,2009361.0
2024-02-25 13:15:00,0.00986,0.00986,0.00982,0.00985,5233581.0
2024-02-25 13:30:00,0.00985,0.00987,0.00984,0.00986,1047370.0
2024-02-25 13:45:00,0.00987,0.00988,0.00984,0.00985,1341055.0
2024-02-25 14:00:00,0.00985,0.00995,0.00984,0.00993,3018345.0
2024-02-25 14:15:00,0.00994,0.00996,0.00991,0.00991,2066466.0
2024-02-25 14:30:00,0.00991,0.01,0.00989,0.00996,3823583.0
2024-02-25 14:45:00,0.00996,0.01,0.00994,0.00998,4282711.0
2024-02-25 15:00:00,0.00997,0.00997,0.00992,0.00994,4259557.0
2024-02-25 15:15:00,0.00994,0.00997,0.00994,0.00997,1882262.0
2024-02-25 15:30:00,0.00997,0.00999,0.00992,0.00997,3501854.0
2024-02-25 15:45:00,0.00997,0.00999,0.00992,0.00996,4471359.0
2024-02-25 16:00:00,0.00996,0.01003,0.00995,0.00998,5746341.0
2024-02-25 16:15:00,0.00999,0.01001,0.0099,0.00992,8027946.0
2024-02-25 16:30:00,0.00992,0.00993,0.00986,0.00988,2024733.0
2024-02-25 16:45:00,0.00989,0.00992,0.00985,0.00992,7055200.0
2024-02-25 17:00:00,0.00992,0.01,0.00991,0.00998,4049066.0
2024-02-25 17:15:00,0.00998,0.01001,0.00997,0.00999,1817000.0
2024-02-25 17:30:00,0.00999,0.01002,0.00998,0.01001,1956233.0
2024-02-25 17:45:00,0.01,0.01007,0.01,0.01003,3294653.0
2024-02-25 18:00:00,0.01005,0.01005,0.00997,0.00998,1770439.0
2024-02-25 18:15:00,0.00997,0.00998,0.00995,0.00997,2728259.0
2024-02-25 18:30:00,0.00996,0.01003,0.00996,0.01,5130516.0
2024-02-25 18:45:00,0.01,0.01002,0.00997,0.01,3196149.0
2024-02-25 19:00:00,0.00999,0.01002,0.00998,0.01001,1130033.0
2024-02-25 19:15:00,0.01001,0.01009,0.01,0.01008,2107462.0
2024-02-25 19:30:00,0.01008,0.01008,0.01001,0.01002,1286297.0
2024-02-25 19:45:00,0.01002,0.01004,0.01002,0.01003,404787.0
2024-02-25 20:00:00,0.01002,0.01008,0.01002,0.01007,1734842.0
2024-02-25 20:15:00,0.01007,0.01009,0.01005,0.01006,1010607.0
2024-02-25 20:30:00,0.01006,0.01008,0.01005,0.01007,882114.0
2024-02-25 20:45:00,0.01007,0.01007,0.01001,0.01005,3937159.0
2024-02-25 21:00:00,0.01005,0.01016,0.01003,0.01015,8314255.0
2024-02-25 21:15:00,0.01015,0.01016,0.01008,0.0101,2740540.0
2024-02-25 21:30:00,0.01011,0.01012,0.01006,0.01008,1486308.0
2024-02-25 21:45:00,0.01008,0.01009,0.01007,0.01008,617937.0
2024-02-25 22:00:00,0.01008,0.01008,0.01003,0.01005,1081273.0
2024-02-25 22:15:00,0.01006,0.01007,0.01004,0.01006,2585202.0
2024-02-25 22:30:00,0.01006,0.01006,0.01002,0.01003,1346988.0
2024-02-25 22:45:00,0.01003,0.01004,0.01,0.01003,1235296.0
2024-02-25 23:00:00,0.01003,0.01004,0.01,0.01,2054354.0
2024-02-25 23:15:00,0.01,0.01001,0.00994,0.00994,4396078.0
2024-02-25 23:30:00,0.00995,0.01001,0.00995,0.01001,1313235.0
2024-02-25 23:45:00,0.01001,0.01001,0.01,0.01,532530.0
2024-02-26 00:00:00,0.01001,0.01001,0.00996,0.00996,1590043.0
2024-02-26 00:15:00,0.00996,0.00998,0.00995,0.00998,776275.0
2024-02-26 00:30:00,0.00997,0.01002,0.00997,0.01002,775216.0
2024-02-26 00:45:00,0.01002,0.01003,0.01,0.01002,964600.0
2024-02-26 01:00:00,0.01002,0.01004,0.00998,0.00998,1328629.0
2024-02-26 01:15:00,0.00999,0.01007,0.00999,0.01006,1595334.0
2024-02-26 01:30:00,0.01006,0.01011,0.01004,0.01011,2498138.0
2024-02-26 01:45:00,0.01011,0.01015,0.01005,0.01013,4347281.0
2024-02-26 02:00:00,0.01013,0.01019,0.01009,0.01016,5717616.0
2024-02-26 02:15:00,0.01016,0.01027,0.01014,0.01026,22680838.0
2024-02-26 02:30:00,0.01026,0.01029,0.01014,0.0102,9892675.0
2024-02-26 02:45:00,0.01019,0.01021,0.01007,0.01008,11850571.0
2024-02-26 03:00:00,0.01008,0.01012,0.01005,0.01008,2439558.0
2024-02-26 03:15:00,0.01008,0.01018,0.01008,0.01017,1302179.0
2024-02-26 03:30:00,0.01017,0.01019,0.01014,0.01019,1248867.0
2024-02-26 03:45:00,0.01019,0.01031,0.01018,0.01027,5258320.0
2024-02-26 04:00:00,0.01026,0.01032,0.01025,0.0103,2523071.0
2024-02-26 04:15:00,0.01029,0.01035,0.01026,0.01028,5958247.0
2024-02-26 04:30:00,0.01029,0.01038,0.01029,0.01037,5067462.0
2024-02-26 04:45:00,0.01038,0.01038,0.0103,0.0103,2267921.0
2024-02-26 05:00:00,0.0103,0.01037,0.01029,0.01033,1755851.0
2024-02-26 05:15:00,0.01033,0.01035,0.01032,0.01032,1577371.0
2024-02-26 05:30:00,0.01031,0.01043,0.01031,0.01043,1971157.0
2024-02-26 05:45:00,0.01043,0.01044,0.01032,0.01033,2891324.0
2024-02-26 06:00:00,0.01032,0.01034,0.0103,0.01032,2205902.0
2024-02-26 06:15:00,0.01031,0.01032,0.01024,0.01026,5922791.0
2024-02-26 06:30:00,0.01026,0.01027,0.0102,0.01022,4384196.0
2024-02-26 06:45:00,0.01022,0.01023,0.01016,0.01019,6010415.0
2024-02-26 07:00:00,0.0102,0.0102,0.01016,0.01017,1717806.0
2024-02-26 07:15:00,0.01017,0.0102,0.01015,0.01015,1747349.0
2024-02-26 07:30:00,0.01015,0.01015,0.01009,0.01011,6878046.0
2024-02-26 07:45:00,0.01012,0.01014,0.0101,0.0101,2026912.0
2024-02-26 08:00:00,0.0101,0.01015,0.0101,0.01012,926917.0
2024-02-26 08:15:00,0.01012,0.01014,0.0101,0.01013,1561668.0
2024-02-26 08:30:00,0.01014,0.01016,0.01009,0.01009,967544.0
2024-02-26 08:45:00,0.01009,0.01011,0.01002,0.01005,3923440.0
2024-02-26 09:00:00,0.01005,0.0101,0.01004,0.0101,2243720.0
2024-02-26 09:15:00,0.0101,0.01011,0.00996,0.00999,6990188.0
2024-02-26 09:30:00,0.00999,0.01001,0.00984,0.0099,9788113.0
2024-02-26 09:45:00,0.00991,0.00997,0.00989,0.00991,2652360.0
2024-02-26 10:00:00,0.00992,0.01005,0.00992,0.01005,5529586.0
2024-02-26 10:15:00,0.01004,0.0101,0.01002,0.01008,2980960.0
2024-02-26 10:30:00,0.01007,0.01009,0.01004,0.01009,4131193.0
2024-02-26 10:45:00,0.0101,0.01016,0.01009,0.01011,3828721.0
2024-02-26 11:00:00,0.01011,0.01014,0.01,0.01012,4757565.0
2024-02-26 11:15:00,0.01011,0.01027,0.0101,0.01022,13070640.0
2024-02-26 11:30:00,0.01022,0.01022,0.01014,0.01015,2309714.0
2024-02-26 11:45:00,0.01015,0.01019,0.01011,0.01016,2607800.0
2024-02-26 12:00:00,0.01016,0.0102,0.01014,0.01016,2432056.0
2024-02-26 12:15:00,0.01016,0.01017,0.01008,0.01016,3524510.0
2024-02-26 12:30:00,0.01017,0.01024,0.01017,0.01021,3331396.0
2024-02-26 12:45:00,0.01021,0.01022,0.01019,0.0102,3760910.0
2024-02-26 13:00:00,0.01021,0.01026,0.01019,0.01026,2089255.0
2024-02-26 13:15:00,0.01027,0.01027,0.01017,0.01018,3106723.0
2024-02-26 13:30:00,0.01018,0.01019,0.01011,0.01011,1703099.0
2024-02-26 13:45:00,0.01012,0.01014,0.01008,0.01012,1869807.0
2024-02-26 14:00:00,0.01012,0.01019,0.0101,0.01016,2472812.0
2024-02-26 14:15:00,0.01016,0.01026,0.01016,0.0102,3587529.0
2024-02-26 14:30:00,0.0102,0.01025,0.01019,0.01023,1495601.0
2024-02-26 14:45:00,0.01022,0.01027,0.01021,0.01024,921472.0
2024-02-26 15:00:00,0.01025,0.01029,0.01022,0.01025,2351875.0
2024-02-26 15:15:00,0.01025,0.01028,0.01022,0.01023,3563608.0
2024-02-26 15:30:00,0.01023,0.01025,0.01016,0.01018,5557053.0
2024-02-26 15:45:00,0.01019,0.01027,0.01016,0.01024,2836694.0
2024-02-26 16:00:00,0.01024,0.01026,0.01021,0.01023,2476839.0
2024-02-26 16:15:00,0.01022,0.01022,0.01012,0.0102,12143093.0
2024-02-26 16:30:00,0.01019,0.01069,0.01018,0.01048,72288271.0
2024-02-26 16:45:00,0.01048,0.01067,0.0103,0.01039,51143048.0
2024-02-26 17:00:00,0.0104,0.0106,0.01035,0.0105,12188022.0
2024-02-26 17:15:00,0.01051,0.01053,0.01041,0.01042,6918629.0
2024-02-26 17:30:00,0.01042,0.01074,0.01042,0.01068,18412841.0
2024-02-26 17:45:00,0.01068,0.01073,0.01054,0.01059,19490106.0
2024-02-26 18:00:00,0.01058,0.0107,0.01054,0.01067,6851408.0
2024-02-26 18:15:00,0.01066,0.0107,0.0106,0.01062,2419889.0
2024-02-26 18:30:00,0.01062,0.01073,0.01057,0.01063,8937522.0
2024-02-26 18:45:00,0.01063,0.01071,0.01059,0.0107,6487541.0
2024-02-26 19:00:00,0.01069,0.01095,0.01069,0.01084,33495873.0
2024-02-26 19:15:00,0.01084,0.01087,0.01069,0.01073,10992639.0
2024-02-26 19:30:00,0.01074,0.01077,0.01063,0.01066,6173299.0
2024-02-26 19:45:00,0.01066,0.01066,0.01057,0.0106,7464748.0
2024-02-26 20:00:00,0.01059,0.01071,0.01054,0.01061,10207818.0
2024-02-26 20:15:00,0.01061,0.01061,0.01045,0.01046,16717946.0
2024-02-26 20:30:00,0.01046,0.01051,0.0104,0.01048,7388369.0
2024-02-26 20:45:00,0.01048,0.01051,0.01045,0.01047,4879869.0
2024-02-26 21:00:00,0.01048,0.01051,0.01046,0.01051,844432.0
2024-02-26 21:15:00,0.0105,0.0105,0.01045,0.01045,1906626.0
2024-02-26 21:30:00,0.01045,0.01051,0.01043,0.01049,2436800.0
2024-02-26 21:45:00,0.01049,0.01068,0.01047,0.01061,14535749.0
2024-02-26 22:00:00,0.0106,0.01063,0.01053,0.0106,5457090.0
2024-02-26 22:15:00,0.0106,0.01066,0.01055,0.01066,6179656.0
2024-02-26 22:30:00,0.01065,0.0107,0.01058,0.01062,4383389.0
2024-02-26 22:45:00,0.01062,0.01064,0.01054,0.01058,4078791.0
2024-02-26 23:00:00,0.01058,0.01086,0.01054,0.01072,15347774.0
2024-02-26 23:15:00,0.01073,0.011,0.01065,0.01087,29124761.0
2024-02-26 23:30:00,0.01087,0.01105,0.01086,0.01092,25306102.0
2024-02-26 23:45:00,0.01092,0.01098,0.01088,0.01091,7436882.0
2024-02-27 00:00:00,0.01091,0.01102,0.01091,0.01098,5788702.0
2024-02-27 00:15:00,0.01099,0.01102,0.01079,0.01082,7200252.0
2024-02-27 00:30:00,0.01082,0.0109,0.01077,0.01087,7700673.0
2024-02-27 00:45:00,0.01086,0.01088,0.01077,0.01082,2977983.0
2024-02-27 01:00:00,0.01082,0.01085,0.01071,0.01081,7434378.0
2024-02-27 01:15:00,0.01081,0.01085,0.01077,0.01082,4378341.0
2024-02-27 01:30:00,0.01081,0.01082,0.01079,0.0108,2428965.0
2024-02-27 01:45:00,0.0108,0.01104,0.01073,0.01104,10188510.0
2024-02-27 02:00:00,0.01104,0.0112,0.01088,0.0109,22040621.0
2024-02-27 02:15:00,0.01091,0.01105,0.01091,0.011,3666130.0
2024-02-27 02:30:00,0.011,0.01102,0.0109,0.01095,5931016.0
2024-02-27 02:45:00,0.01094,0.01104,0.0109,0.011,2277129.0
2024-02-27 03:00:00,0.01099,0.011,0.01091,0.01096,2977143.0
2024-02-27 03:15:00,0.01096,0.01101,0.01088,0.0109,5124227.0
2024-02-27 03:30:00,0.0109,0.0109,0.01082,0.01082,4225335.0
2024-02-27 03:45:00,0.01082,0.01082,0.01068,0.01071,5661927.0
2024-02-27 04:00:00,0.01071,0.01082,0.0107,0.01081,1574862.0
2024-02-27 04:15:00,0.0108,0.01081,0.01073,0.01074,4233530.0
2024-02-27 04:30:00,0.01074,0.01074,0.01056,0.01063,14175536.0
2024-02-27 04:45:00,0.01064,0.0107,0.01062,0.01067,3243102.0
2024-02-27 05:00:00,0.01067,0.01071,0.01066,0.01067,1322878.0
2024-02-27 05:15:00,0.01068,0.01069,0.01064,0.01064,3038944.0
2024-02-27 05:30:00,0.01064,0.01067,0.01063,0.01066,591065.0
2024-02-27 05:45:00,0.01066,0.01067,0.01063,0.01065,2259082.0
2024-02-27 06:00:00,0.01065,0.0107,0.01064,0.01068,3030484.0
2024-02-27 06:15:00,0.01067,0.0107,0.01066,0.01068,1833132.0
2024-02-27 06:30:00,0.01068,0.01069,0.01057,0.01061,5591978.0
2024-02-27 06:45:00,0.0106,0.0106,0.01055,0.01057,2526054.0
2024-02-27 07:00:00,0.01058,0.01064,0.01054,0.01063,4861570.0
2024-02-27 07:15:00,0.01064,0.01065,0.0106,0.01062,956350.0
2024-02-27 07:30:00,0.01062,0.01063,0.01054,0.01061,4223616.0
2024-02-27 07:45:00,0.01061,0.01062,0.01055,0.01059,3304436.0
2024-02-27 08:00:00,0.01058,0.01061,0.01058,0.01059,2390099.0
2024-02-27 08:15:00,0.01059,0.01061,0.01057,0.01061,1796621.0
2024-02-27 08:30:00,0.0106,0.0106,0.01047,0.0105,9576785.0
2024-02-27 08:45:00,0.0105,0.01053,0.01048,0.0105,3352356.0
2024-02-27 09:00:00,0.01051,0.01052,0.01048,0.01052,1988494.0
2024-02-27 09:15:00,0.01052,0.01057,0.01052,0.01055,3397030.0
2024-02-27 09:30:00,0.01056,0.01056,0.01049,0.01053,3300421.0
2024-02-27 09:45:00,0.01052,0.01052,0.01049,0.0105,1603133.0
2024-02-27 10:00:00,0.01049,0.01049,0.01035,0.01042,17118186.0
2024-02-27 10:15:00,0.01042,0.01045,0.01037,0.01043,6448798.0
2024-02-27 10:30:00,0.01044,0.01046,0.01041,0.01046,2655359.0
2024-02-27 10:45:00,0.01045,0.01049,0.01045,0.01047,2026999.0
2024-02-27 11:00:00,0.01047,0.01051,0.01024,0.01048,17357949.0
2024-02-27 11:15:00,0.01048,0.01052,0.01023,0.01031,42671748.0
2024-02-27 11:30:00,0.0103,0.01038,0.0103,0.01037,4804702.0
2024-02-27 11:45:00,0.01036,0.01042,0.01034,0.01041,4812684.0
2024-02-27 12:00:00,0.01042,0.01047,0.01029,0.01035,9810704.0
2024-02-27 12:15:00,0.01035,0.01036,0.01029,0.01029,1922977.0
2024-02-27 12:30:00,0.01029,0.01036,0.01027,0.01036,2051410.0
2024-02-27 12:45:00,0.01035,0.01037,0.01027,0.01028,6637443.0
2024-02-27 13:00:00,0.01028,0.01037,0.01027,0.01035,4452941.0
2024-02-27 13:15:00,0.01034,0.01038,0.01021,0.01024,7237459.0
2024-02-27 13:30:00,0.01026,0.0103,0.01024,0.01025,3288777.0
2024-02-27 13:45:00,0.01026,0.01028,0.01025,0.01028,2148310.0
2024-02-27 14:00:00,0.01028,0.01035,0.01026,0.01033,3453069.0
2024-02-27 14:15:00,0.01033,0.01044,0.01032,0.01043,10091927.0
2024-02-27 14:30:00,0.01042,0.01048,0.01036,0.01036,6111195.0
2024-02-27 14:45:00,0.01037,0.01044,0.01033,0.01042,5099102.0
2024-02-27 15:00:00,0.01043,0.01048,0.01039,0.01047,5394519.0
2024-02-27 15:15:00,0.01046,0.01051,0.01045,0.01051,2328144.0
2024-02-27 15:30:00,0.01051,0.01063,0.0105,0.0106,8603232.0
2024-02-27 15:45:00,0.0106,0.01064,0.0105,0.01062,7972493.0
2024-02-27 16:00:00,0.01061,0.01073,0.0105,0.01059,14277337.0
2024-02-27 16:15:00,0.01059,0.0106,0.01051,0.01051,3739639.0
2024-02-27 16:30:00,0.01052,0.01053,0.01042,0.01046,3374966.0
2024-02-27 16:45:00,0.01046,0.01047,0.01039,0.01042,3114206.0
2024-02-27 17:00:00,0.01041,0.01043,0.01037,0.01041,1855482.0
2024-02-27 17:15:00,0.01042,0.01047,0.01041,0.01046,1869433.0
2024-02-27 17:30:00,0.01047,0.01047,0.01041,0.01046,2503771.0
2024-02-27 17:45:00,0.01045,0.01053,0.01043,0.01053,3125304.0
2024-02-27 18:00:00,0.01052,0.01056,0.0105,0.0105,2218477.0
2024-02-27 18:15:00,0.0105,0.01052,0.01046,0.01047,3067686.0
2024-02-27 18:30:00,0.01046,0.01046,0.01042,0.01044,1100464.0
2024-02-27 18:45:00,0.01043,0.01046,0.0104,0.01041,1838809.0
2024-02-27 19:00:00,0.01041,0.01041,0.01038,0.01041,2204037.0
2024-02-27 19:15:00,0.01041,0.01043,0.01038,0.01038,1159453.0
2024-02-27 19:30:00,0.01039,0.0104,0.01027,0.01035,3113494.0
2024-02-27 19:45:00,0.01035,0.01036,0.01033,0.01036,1330254.0
2024-02-27 20:00:00,0.01036,0.01042,0.01036,0.01039,1345390.0
2024-02-27 20:15:00,0.0104,0.0104,0.01033,0.01039,2339389.0
2024-02-27 20:30:00,0.01038,0.01039,0.01032,0.01036,2040212.0
2024-02-27 20:45:00,0.01037,0.0105,0.01037,0.01045,5546640.0
2024-02-27 21:00:00,0.01045,0.01048,0.01039,0.01043,3223982.0
2024-02-27 21:15:00,0.01043,0.01048,0.01043,0.01045,852556.0
2024-02-27 21:30:00,0.01045,0.01045,0.01042,0.01045,1127559.0
2024-02-27 21:45:00,0.01045,0.01047,0.01043,0.01046,947634.0
2024-02-27 22:00:00,0.01046,0.0105,0.01044,0.01049,1473377.0
2024-02-27 22:15:00,0.0105,0.01059,0.0105,0.01054,3396948.0
2024-02-27 22:30:00,0.01053,0.01058,0.01053,0.01054,1390998.0
2024-02-27 22:45:00,0.01055,0.01057,0.01054,0.01055,275879.0
2024-02-27 23:00:00,0.01055,0.01055,0.01048,0.0105,1768780.0
2024-02-27 23:15:00,0.0105,0.0105,0.01047,0.01049,333570.0
2024-02-27 23:30:00,0.01048,0.01048,0.0103,0.01045,8552974.0
2024-02-27 23:45:00,0.01045,0.01046,0.01042,0.01046,1886508.0
2024-02-28 00:00:00,0.01047,0.01048,0.01042,0.01044,3104913.0
2024-02-28 00:15:00,0.01043,0.01049,0.0104,0.01049,2317192.0
2024-02-28 00:30:00,0.0105,0.01061,0.0105,0.0106,3205562.0
2024-02-28 00:45:00,0.0106,0.01063,0.01055,0.01056,2936222.0
2024-02-28 01:00:00,0.01055,0.01062,0.01047,0.01049,4290460.0
2024-02-28 01:15:00,0.01049,0.01053,0.01046,0.01052,1855801.0
2024-02-28 01:30:00,0.01052,0.01062,0.01049,0.01061,3362979.0
2024-02-28 01:45:00,0.0106,0.01065,0.01057,0.01061,3697794.0
2024-02-28 02:00:00,0.01061,0.01075,0.01058,0.01071,6540787.0
2024-02-28 02:15:00,0.0107,0.01083,0.01067,0.0108,15557588.0
2024-02-28 02:30:00,0.0108,0.01087,0.01077,0.01083,13544002.0
2024-02-28 02:45:00,0.01083,0.01086,0.01077,0.0108,4314321.0
2024-02-28 03:00:00,0.0108,0.0108,0.01073,0.01079,6862133.0
2024-02-28 03:15:00,0.01079,0.0108,0.01072,0.01074,4589468.0
2024-02-28 03:30:00,0.01075,0.01076,0.01071,0.01072,2486600.0
2024-02-28 03:45:00,0.01073,0.01075,0.01068,0.01069,2119909.0
2024-02-28 04:00:00,0.01069,0.01081,0.01066,0.01076,5941718.0
2024-02-28 04:15:00,0.01075,0.01076,0.01071,0.01074,1089883.0
2024-02-28 04:30:00,0.01074,0.01076,0.01057,0.01066,7126639.0
2024-02-28 04:45:00,0.01067,0.01072,0.01067,0.01068,2525756.0
2024-02-28 05:00:00,0.01068,0.01075,0.01068,0.01074,1254425.0
2024-02-28 05:15:00,0.01074,0.01076,0.01069,0.01071,4482790.0
2024-02-28 05:30:00,0.0107,0.01072,0.01065,0.01069,3836961.0
2024-02-28 05:45:00,0.01066,0.01066,0.01063,0.01065,689828.0
2024-02-28 06:00:00,0.01065,0.01066,0.01054,0.01055,3670127.0
2024-02-28 06:15:00,0.01055,0.01059,0.01054,0.01058,6259189.0
2024-02-28 06:30:00,0.01057,0.01057,0.01053,0.01054,1899285.0
2024-02-28 06:45:00,0.01054,0.01056,0.01049,0.0105,3888552.0
2024-02-28 07:00:00,0.01051,0.0106,0.01048,0.01059,4595132.0
2024-02-28 07:15:00,0.01059,0.01062,0.01055,0.01057,2748797.0
2024-02-28 07:30:00,0.01057,0.01072,0.01056,0.01065,8751298.0
2024-02-28 07:45:00,0.01065,0.01082,0.01065,0.01073,7816243.0
2024-02-28 08:00:00,0.01073,0.01096,0.01071,0.01078,28324417.0
2024-02-28 08:15:00,0.01078,0.01097,0.01074,0.01091,18815390.0
2024-02-28 08:30:00,0.01091,0.01099,0.01088,0.01096,13208631.0
2024-02-28 08:45:00,0.01096,0.01103,0.01087,0.01093,15835925.0
2024-02-28 09:00:00,0.01092,0.01093,0.01071,0.01073,14211243.0
2024-02-28 09:15:00,0.01073,0.01085,0.01073,0.01074,7291460.0
2024-02-28 09:30:00,0.01074,0.01083,0.01073,0.0108,3423032.0
2024-02-28 09:45:00,0.0108,0.01087,0.01079,0.01082,3255734.0
2024-02-28 10:00:00,0.01082,0.01084,0.01077,0.01081,3195289.0
2024-02-28 10:15:00,0.01081,0.01105,0.01077,0.01102,10909565.0
2024-02-28 10:30:00,0.01101,0.01132,0.011,0.01113,29086241.0
2024-02-28 10:45:00,0.01113,0.01146,0.01113,0.01138,26453685.0
2024-02-28 11:00:00,0.01138,0.01145,0.01113,0.01115,21453677.0
2024-02-28 11:15:00,0.01115,0.01121,0.01112,0.01114,6124185.0
2024-02-28 11:30:00,0.01115,0.0112,0.01101,0.01101,8765657.0
2024-02-28 11:45:00,0.01101,0.01112,0.01058,0.01088,22456118.0
2024-02-28 12:00:00,0.01088,0.01102,0.01086,0.0109,6192258.0
2024-02-28 12:15:00,0.0109,0.01092,0.0108,0.01084,9060203.0
2024-02-28 12:30:00,0.01083,0.01084,0.01075,0.0108,6578523.0
2024-02-28 12:45:00,0.01081,0.01085,0.01077,0.01081,3402632.0
2024-02-28 13:00:00,0.0108,0.01095,0.01077,0.01081,7541447.0
2024-02-28 13:15:00,0.01081,0.01148,0.01077,0.011,52782817.0
2024-02-28 13:30:00,0.01101,0.0111,0.01093,0.01103,25622873.0
2024-02-28 13:45:00,0.01103,0.01109,0.011,0.01105,5814304.0
2024-02-28 14:00:00,0.01105,0.01112,0.01096,0.011,11270228.0
2024-02-28 14:15:00,0.01099,0.01115,0.01083,0.01097,26316659.0
2024-02-28 14:30:00,0.01098,0.01099,0.0109,0.01094,6382402.0
2024-02-28 14:45:00,0.01095,0.01101,0.01091,0.01098,6476787.0
2024-02-28 15:00:00,0.01097,0.01102,0.0109,0.011,7730624.0
2024-02-28 15:15:00,0.011,0.01106,0.01098,0.01103,4615976.0
2024-02-28 15:30:00,0.01103,0.01103,0.01092,0.01095,5745893.0
2024-02-28 15:45:00,0.01094,0.01098,0.01091,0.01095,2258524.0
2024-02-28 16:00:00,0.01094,0.01105,0.01094,0.01103,3229572.0
2024-02-28 16:15:00,0.01103,0.01131,0.01103,0.01109,8128579.0
2024-02-28 16:30:00,0.01109,0.01112,0.01103,0.01112,9831110.0
2024-02-28 16:45:00,0.01113,0.01117,0.01103,0.01105,6425952.0
2024-02-28 17:00:00,0.01104,0.0119,0.01096,0.01151,136646862.0
2024-02-28 17:15:00,0.01151,0.01172,0.01094,0.0111,58699009.0
2024-02-28 17:30:00,0.01111,0.01111,0.00903,0.01043,134196436.0
2024-02-28 17:45:00,0.01044,0.01077,0.01033,0.01066,29963111.0
2024-02-28 18:00:00,0.01066,0.01075,0.01045,0.01067,29182399.0
2024-02-28 18:15:00,0.01067,0.01089,0.01049,0.01084,48549476.0
2024-02-28 18:30:00,0.01084,0.01106,0.01075,0.01104,18368577.0
2024-02-28 18:45:00,0.01105,0.01146,0.01098,0.01113,37095328.0
2024-02-28 19:00:00,0.01114,0.01143,0.01113,0.01118,15791955.0
2024-02-28 19:15:00,0.01118,0.01157,0.01117,0.0113,19465482.0
2024-02-28 19:30:00,0.0113,0.01133,0.01116,0.01123,4387051.0
2024-02-28 19:45:00,0.01124,0.01124,0.01114,0.01114,5811300.0
2024-02-28 20:00:00,0.01114,0.01117,0.01096,0.01098,15707998.0
2024-02-28 20:15:00,0.01099,0.011,0.01075,0.01094,13409699.0
2024-02-28 20:30:00,0.01094,0.01107,0.01093,0.01095,8572843.0
2024-02-28 20:45:00,0.01094,0.01095,0.01078,0.01083,5658834.0
2024-02-28 21:00:00,0.01083,0.01085,0.0107,0.01071,5872060.0
2024-02-28 21:15:00,0.01072,0.01075,0.01067,0.01075,1812951.0
2024-02-28 21:30:00,0.01074,0.0108,0.0107,0.0108,2093212.0
2024-02-28 21:45:00,0.01081,0.01082,0.01073,0.01074,2293056.0
2024-02-28 22:00:00,0.01075,0.01079,0.01074,0.01079,1018247.0
2024-02-28 22:15:00,0.01078,0.01083,0.01078,0.01083,2192770.0
2024-02-28 22:30:00,0.01082,0.01105,0.01079,0.01103,13873494.0
2024-02-28 22:45:00,0.01103,0.01103,0.01079,0.01082,3012150.0
2024-02-28 23:00:00,0.01082,0.01083,0.01075,0.01077,2271327.0
2024-02-28 23:15:00,0.01078,0.01083,0.01077,0.0108,2576223.0
2024-02-28 23:30:00,0.0108,0.01081,0.0107,0.01076,4012746.0
2024-02-28 23:45:00,0.01075,0.01077,0.01072,0.01075,2034718.0
2024-02-29 00:00:00,0.01075,0.01077,0.01061,0.01062,5418390.0
2024-02-29 00:15:00,0.01063,0.01074,0.01061,0.01069,4207279.0
2024-02-29 00:30:00,0.01069,0.01079,0.01063,0.01079,4221935.0
2024-02-29 00:45:00,0.01078,0.01085,0.01075,0.01085,3048459.0
2024-02-29 01:00:00,0.01085,0.01091,0.01083,0.01084,1737059.0
2024-02-29 01:15:00,0.01085,0.01102,0.01085,0.011,3483242.0
2024-02-29 01:30:00,0.01099,0.011,0.01093,0.01093,2293588.0
2024-02-29 01:45:00,0.01093,0.01093,0.01082,0.01086,3082381.0
2024-02-29 02:00:00,0.01087,0.01092,0.01084,0.01088,1981841.0
2024-02-29 02:15:00,0.01088,0.01088,0.0108,0.01086,1475830.0
2024-02-29 02:30:00,0.01087,0.01088,0.01078,0.01081,2845837.0
2024-02-29 02:45:00,0.01081,0.01081,0.01073,0.01076,1281490.0
2024-02-29 03:00:00,0.01076,0.0108,0.01071,0.0108,4739473.0
2024-02-29 03:15:00,0.01081,0.01081,0.01071,0.01071,1992105.0
2024-02-29 03:30:00,0.01071,0.01075,0.01069,0.01074,2515344.0
2024-02-29 03:45:00,0.01074,0.01077,0.01071,0.01077,1328841.0
2024-02-29 04:00:00,0.01078,0.01082,0.01075,0.01082,1169813.0
2024-02-29 04:15:00,0.01081,0.01085,0.01077,0.0108,2367627.0
2024-02-29 04:30:00,0.01079,0.01081,0.01074,0.0108,4192240.0
2024-02-29 04:45:00,0.0108,0.0109,0.01078,0.0109,2493467.0
2024-02-29 05:00:00,0.01089,0.01099,0.01087,0.01098,3552600.0
2024-02-29 05:15:00,0.01097,0.01106,0.01091,0.01099,3934627.0
2024-02-29 05:30:00,0.01098,0.01098,0.01091,0.01095,3534234.0
2024-02-29 05:45:00,0.01094,0.01094,0.01084,0.01086,4930452.0
2024-02-29 06:00:00,0.01086,0.01092,0.01083,0.0109,2556406.0
2024-02-29 06:15:00,0.01091,0.01091,0.01082,0.01082,3215531.0
2024-02-29 06:30:00,0.01082,0.01088,0.0108,0.01083,7113536.0
2024-02-29 06:45:00,0.01084,0.01086,0.01074,0.01077,4944893.0
2024-02-29 07:00:00,0.01077,0.01078,0.01071,0.01076,2525126.0
2024-02-29 07:15:00,0.01075,0.01079,0.01066,0.01072,6455554.0
2024-02-29 07:30:00,0.01071,0.01075,0.01071,0.01075,2080561.0
2024-02-29 07:45:00,0.01075,0.01081,0.01073,0.01079,1490240.0
2024-02-29 08:00:00,0.0108,0.01083,0.01071,0.01072,6793990.0
2024-02-29 08:15:00,0.01072,0.01074,0.01067,0.01071,5452110.0
2024-02-29 08:30:00,0.01071,0.01081,0.01071,0.01078,3806675.0
2024-02-29 08:45:00,0.01078,0.01078,0.01072,0.01076,6748618.0
2024-02-29 09:00:00,0.01076,0.01089,0.01076,0.01082,4537677.0
2024-02-29 09:15:00,0.01082,0.01084,0.01077,0.01079,3271998.0
2024-02-29 09:30:00,0.01079,0.01085,0.01073,0.0108,2934976.0
2024-02-29 09:45:00,0.0108,0.01081,0.01072,0.01073,4696723.0
2024-02-29 10:00:00,0.01073,0.01074,0.01061,0.01061,6531173.0
2024-02-29 10:15:00,0.01061,0.0107,0.01056,0.01067,7241922.0
2024-02-29 10:30:00,0.01066,0.01068,0.01062,0.01062,3304958.0
2024-02-29 10:45:00,0.01063,0.01068,0.01062,0.01066,5270041.0
2024-02-29 11:00:00,0.01066,0.01067,0.01057,0.01067,7438249.0
2024-02-29 11:15:00,0.01066,0.01069,0.01064,0.01065,3430768.0
2024-02-29 11:30:00,0.01064,0.01067,0.0106,0.01062,2578707.0
2024-02-29 11:45:00,0.01063,0.01064,0.01056,0.0106,3822070.0
2024-02-29 12:00:00,0.0106,0.01063,0.01027,0.0104,32383167.0
2024-02-29 12:15:00,0.01039,0.01044,0.01035,0.01036,17959582.0
2024-02-29 12:30:00,0.01037,0.01037,0.01028,0.01033,19223618.0
2024-02-29 12:45:00,0.01032,0.01045,0.01032,0.01045,4094742.0
2024-02-29 13:00:00,0.01045,0.01049,0.01042,0.01048,3643859.0
2024-02-29 13:15:00,0.01048,0.01054,0.01032,0.01039,11271473.0
2024-02-29 13:30:00,0.0104,0.01053,0.0104,0.01048,4992838.0
2024-02-29 13:45:00,0.01048,0.0105,0.01047,0.0105,1889375.0
2024-02-29 14:00:00,0.01049,0.01055,0.01048,0.01054,4239268.0
2024-02-29 14:15:00,0.01054,0.01056,0.01052,0.01056,3664050.0
2024-02-29 14:30:00,0.01056,0.01056,0.01043,0.01044,5883177.0
2024-02-29 14:45:00,0.01043,0.01049,0.0104,0.01046,4572964.0
2024-02-29 15:00:00,0.01046,0.01048,0.01041,0.01047,3441895.0
2024-02-29 15:15:00,0.01047,0.01049,0.01046,0.01048,2965417.0
2024-02-29 15:30:00,0.01048,0.01051,0.01042,0.01051,6467393.0
2024-02-29 15:45:00,0.01051,0.01054,0.01048,0.01052,1738628.0
2024-02-29 16:00:00,0.01052,0.01056,0.01051,0.01052,2657402.0
2024-02-29 16:15:00,0.01052,0.01052,0.01031,0.01037,8015963.0
2024-02-29 16:30:00,0.01037,0.01048,0.01029,0.0104,8741516.0
2024-02-29 16:45:00,0.0104,0.01049,0.01038,0.01047,3082942.0
2024-02-29 17:00:00,0.01046,0.0105,0.01041,0.01044,2589291.0
2024-02-29 17:15:00,0.01044,0.01047,0.01039,0.0104,3126547.0
2024-02-29 17:30:00,0.01041,0.01046,0.01028,0.01034,10976326.0
2024-02-29 17:45:00,0.01034,0.0104,0.01025,0.01034,13252329.0
2024-02-29 18:00:00,0.01034,0.01049,0.01034,0.01048,4749043.0
2024-02-29 18:15:00,0.01049,0.01049,0.01043,0.01044,2890036.0
2024-02-29 18:30:00,0.01044,0.01078,0.01033,0.01039,64773344.0
2024-02-29 18:45:00,0.01039,0.01047,0.01038,0.01042,10183298.0
2024-02-29 19:00:00,0.01042,0.01045,0.01038,0.01043,3233212.0
2024-02-29 19:15:00,0.01043,0.01052,0.01043,0.01051,3452754.0
2024-02-29 19:30:00,0.01051,0.01054,0.0105,0.01053,2110242.0
2024-02-29 19:45:00,0.01054,0.01055,0.01051,0.01052,2956517.0
2024-02-29 20:00:00,0.01053,0.01055,0.01051,0.01053,2179949.0
2024-02-29 20:15:00,0.01053,0.01059,0.01052,0.01057,3030503.0
2024-02-29 20:30:00,0.01058,0.01059,0.01053,0.01053,3559643.0
2024-02-29 20:45:00,0.01054,0.01058,0.01053,0.01054,1808228.0
2024-02-29 21:00:00,0.01054,0.01055,0.01039,0.01045,8712195.0
2024-02-29 21:15:00,0.01045,0.01047,0.01033,0.01033,8179736.0
2024-02-29 21:30:00,0.01033,0.01036,0.01011,0.01026,17076508.0
2024-02-29 21:45:00,0.01026,0.0104,0.01018,0.01033,14001148.0
2024-02-29 22:00:00,0.01033,0.01035,0.01022,0.01023,3474854.0
2024-02-29 22:15:00,0.01024,0.01026,0.01,0.01002,10018083.0
2024-02-29 22:30:00,0.01001,0.01011,0.00982,0.00993,14429117.0
2024-02-29 22:45:00,0.00993,0.01006,0.00993,0.01004,5205575.0
2024-02-29 23:00:00,0.01004,0.01017,0.01004,0.01017,4154313.0
2024-02-29 23:15:00,0.01017,0.01022,0.01017,0.01021,4210806.0
2024-02-29 23:30:00,0.01022,0.01026,0.01019,0.01025,2065379.0
2024-02-29 23:45:00,0.01025,0.01026,0.01021,0.01025,1754613.0
2024-03-01 00:00:00,0.01025,0.01032,0.01025,0.0103,2070947.0
2024-03-01 00:15:00,0.01031,0.01035,0.01029,0.01034,2290572.0
2024-03-01 00:30:00,0.01034,0.01042,0.01033,0.01042,1926016.0
2024-03-01 00:45:00,0.01041,0.01046,0.01039,0.01045,1213495.0
2024-03-01 01:00:00,0.01046,0.01046,0.01038,0.0104,2416715.0
2024-03-01 01:15:00,0.0104,0.01042,0.01038,0.01042,901806.0
2024-03-01 01:30:00,0.01041,0.01042,0.01035,0.01042,1981411.0
2024-03-01 01:45:00,0.01043,0.01044,0.01041,0.01042,1942016.0
2024-03-01 02:00:00,0.01042,0.01043,0.01035,0.01036,1700456.0
2024-03-01 02:15:00,0.01035,0.01038,0.01031,0.01036,3730191.0
2024-03-01 02:30:00,0.01037,0.01041,0.01036,0.0104,1870219.0
2024-03-01 02:45:00,0.01041,0.01042,0.01037,0.01041,2151364.0
2024-03-01 03:00:00,0.01041,0.01045,0.01038,0.01039,1117143.0
2024-03-01 03:15:00,0.01039,0.0104,0.01034,0.01034,751150.0
2024-03-01 03:30:00,0.01035,0.01039,0.01033,0.01039,1579703.0
2024-03-01 03:45:00,0.0104,0.01044,0.0104,0.01042,1492855.0
2024-03-01 04:00:00,0.01041,0.01044,0.0104,0.01043,1653109.0
2024-03-01 04:15:00,0.01044,0.0105,0.01044,0.0105,4701296.0
2024-03-01 04:30:00,0.0105,0.01051,0.01046,0.01048,1576527.0
2024-03-01 04:45:00,0.01047,0.01049,0.01045,0.01046,2103765.0
2024-03-01 05:00:00,0.01047,0.01048,0.01043,0.01047,1721669.0
2024-03-01 05:15:00,0.01046,0.01047,0.01044,0.01044,576375.0
2024-03-01 05:30:00,0.01044,0.01046,0.01042,0.01045,716706.0
2024-03-01 05:45:00,0.01044,0.01045,0.0104,0.01042,1063806.0
2024-03-01 06:00:00,0.01042,0.01044,0.0104,0.01043,1208919.0
2024-03-01 06:15:00,0.01043,0.01043,0.01038,0.01039,1770202.0
2024-03-01 06:30:00,0.01039,0.01043,0.01034,0.01042,5562883.0
2024-03-01 06:45:00,0.01043,0.01046,0.01041,0.01042,2475618.0
2024-03-01 07:00:00,0.01043,0.01046,0.01041,0.01046,573638.0
2024-03-01 07:15:00,0.01045,0.01048,0.01042,0.01044,2763956.0
2024-03-01 07:30:00,0.01043,0.01045,0.01041,0.01042,982071.0
2024-03-01 07:45:00,0.01042,0.01046,0.01041,0.01043,1596586.0
2024-03-01 08:00:00,0.01042,0.01044,0.01039,0.01042,6835974.0
2024-03-01 08:15:00,0.01042,0.01048,0.01042,0.01047,964261.0
2024-03-01 08:30:00,0.01047,0.01052,0.01043,0.0105,1956963.0
2024-03-01 08:45:00,0.0105,0.01052,0.01048,0.0105,1286468.0
2024-03-01 09:00:00,0.0105,0.01054,0.01048,0.01052,1627903.0
2024-03-01 09:15:00,0.01053,0.01056,0.01053,0.01055,554918.0
2024-03-01 09:30:00,0.01055,0.01056,0.01052,0.01054,2732356.0
2024-03-01 09:45:00,0.01053,0.01054,0.0105,0.01053,1426918.0
2024-03-01 10:00:00,0.01052,0.01054,0.01049,0.0105,4913674.0
2024-03-01 10:15:00,0.0105,0.01052,0.01049,0.01052,1690691.0
2024-03-01 10:30:00,0.01052,0.01052,0.01049,0.01051,863143.0
2024-03-01 10:45:00,0.01051,0.01052,0.01048,0.01051,1391454.0
2024-03-01 11:00:00,0.0105,0.01056,0.0105,0.01054,1735759.0
2024-03-01 11:15:00,0.01054,0.01055,0.01048,0.01049,2106310.0
2024-03-01 11:30:00,0.01049,0.01052,0.01044,0.01051,1769749.0
2024-03-01 11:45:00,0.01051,0.01053,0.01048,0.0105,1127789.0
2024-03-01 12:00:00,0.0105,0.01054,0.01048,0.01054,2507378.0
2024-03-01 12:15:00,0.01054,0.01055,0.01051,0.01053,3238235.0
2024-03-01 12:30:00,0.01053,0.01058,0.01053,0.01056,1135759.0
2024-03-01 12:45:00,0.01057,0.01058,0.01053,0.01055,1973118.0
2024-03-01 13:00:00,0.01055,0.01058,0.01054,0.01058,1072744.0
2024-03-01 13:15:00,0.01058,0.01069,0.01057,0.01068,9130364.0
2024-03-01 13:30:00,0.01069,0.01079,0.01061,0.01061,13937869.0
2024-03-01 13:45:00,0.01061,0.01062,0.01054,0.01058,7418745.0
2024-03-01 14:00:00,0.01058,0.01058,0.01052,0.01053,1512289.0
2024-03-01 14:15:00,0.01053,0.01055,0.01049,0.01053,3219636.0
2024-03-01 14:30:00,0.01053,0.01055,0.01033,0.01046,10006267.0
2024-03-01 14:45:00,0.01046,0.01053,0.01043,0.01053,2626606.0
2024-03-01 15:00:00,0.01053,0.01053,0.01046,0.01049,1539329.0
2024-03-01 15:15:00,0.01049,0.01049,0.01042,0.01046,3855891.0
2024-03-01 15:30:00,0.01046,0.01047,0.0104,0.01043,1743938.0
2024-03-01 15:45:00,0.01044,0.01045,0.01037,0.01041,2743035.0
2024-03-01 16:00:00,0.01041,0.01046,0.01041,0.01046,1938372.0
2024-03-01 16:15:00,0.01045,0.01049,0.0104,0.01048,3084958.0
2024-03-01 16:30:00,0.01048,0.0105,0.01043,0.01046,2026638.0
2024-03-01 16:45:00,0.01046,0.0105,0.01034,0.01036,17075867.0
2024-03-01 17:00:00,0.01036,0.01047,0.01035,0.01047,6002219.0
2024-03-01 17:15:00,0.01048,0.01053,0.01046,0.0105,2590405.0
2024-03-01 17:30:00,0.01051,0.01053,0.01049,0.01052,3894064.0
2024-03-01 17:45:00,0.01052,0.01056,0.0105,0.01053,2423574.0
2024-03-01 18:00:00,0.01053,0.01055,0.0105,0.01051,2247413.0
2024-03-01 18:15:00,0.01052,0.01057,0.0105,0.01057,3007218.0
2024-03-01 18:30:00,0.01057,0.0106,0.01056,0.01057,1919843.0
2024-03-01 18:45:00,0.01057,0.01059,0.01056,0.01059,737994.0
2024-03-01 19:00:00,0.01059,0.01061,0.01057,0.0106,1575424.0
2024-03-01 19:15:00,0.01059,0.01065,0.01057,0.01065,3448827.0
2024-03-01 19:30:00,0.01065,0.0107,0.01064,0.01065,3412500.0
2024-03-01 19:45:00,0.01065,0.0107,0.01058,0.01062,16191175.0
2024-03-01 20:00:00,0.01063,0.01065,0.01061,0.01063,903960.0
2024-03-01 20:15:00,0.01063,0.01074,0.0106,0.01067,4746559.0
2024-03-01 20:30:00,0.01067,0.0107,0.01065,0.01066,3299839.0
2024-03-01 20:45:00,0.01067,0.0107,0.01065,0.01069,1647120.0
2024-03-01 21:00:00,0.0107,0.01072,0.01065,0.01069,3606498.0
2024-03-01 21:15:00,0.01069,0.01071,0.01067,0.01069,2560911.0
2024-03-01 21:30:00,0.0107,0.01072,0.01067,0.0107,1524658.0
2024-03-01 21:45:00,0.0107,0.01072,0.01068,0.01072,1176121.0
2024-03-01 22:00:00,0.01071,0.0108,0.01068,0.0107,6080134.0
2024-03-01 22:15:00,0.0107,0.0107,0.01064,0.01065,2440661.0
2024-03-01 22:30:00,0.01066,0.01071,0.01064,0.0107,2286932.0
2024-03-01 22:45:00,0.0107,0.0107,0.0106,0.01065,5334598.0
2024-03-01 23:00:00,0.01065,0.0107,0.01064,0.01069,1231989.0
2024-03-01 23:15:00,0.01069,0.01071,0.01066,0.01071,1416218.0
2024-03-01 23:30:00,0.0107,0.01073,0.01067,0.01067,1814214.0
2024-03-01 23:45:00,0.01068,0.01073,0.01068,0.01072,2345124.0
2024-03-02 00:00:00,0.01072,0.01075,0.01069,0.01075,3196252.0
2024-03-02 00:15:00,0.01075,0.0108,0.01074,0.0108,2378281.0
2024-03-02 00:30:00,0.01079,0.0108,0.01073,0.01074,1331844.0
2024-03-02 00:45:00,0.01074,0.01078,0.01073,0.01076,2973236.0
2024-03-02 01:00:00,0.01075,0.01076,0.01065,0.01066,4400611.0
2024-03-02 01:15:00,0.01065,0.0107,0.01052,0.01061,6054473.0
2024-03-02 01:30:00,0.01061,0.01065,0.01061,0.01065,1660411.0
2024-03-02 01:45:00,0.01065,0.0107,0.01061,0.01065,2044746.0
2024-03-02 02:00:00,0.01064,0.01067,0.01061,0.01062,2382752.0
2024-03-02 02:15:00,0.01063,0.01066,0.01062,0.01064,2697730.0
2024-03-02 02:30:00,0.01064,0.01066,0.01063,0.01065,1093425.0
2024-03-02 02:45:00,0.01065,0.01069,0.01065,0.01068,928171.0
2024-03-02 03:00:00,0.01067,0.01069,0.01064,0.01065,1584521.0
2024-03-02 03:15:00,0.01066,0.01067,0.01064,0.01067,1640956.0
2024-03-02 03:30:00,0.01066,0.01071,0.01066,0.01071,1885674.0
2024-03-02 03:45:00,0.0107,0.01071,0.01067,0.01069,1022740.0
2024-03-02 04:00:00,0.0107,0.01073,0.01069,0.01071,1364946.0
2024-03-02 04:15:00,0.01071,0.01071,0.01069,0.0107,1386180.0
2024-03-02 04:30:00,0.01071,0.01076,0.0107,0.01076,1614076.0
2024-03-02 04:45:00,0.01076,0.0108,0.01075,0.01075,1800423.0
2024-03-02 05:00:00,0.01077,0.01077,0.0107,0.01071,2718022.0
2024-03-02 05:15:00,0.01071,0.01075,0.01062,0.01075,6303479.0
2024-03-02 05:30:00,0.01074,0.01076,0.01071,0.01074,2071010.0
2024-03-02 05:45:00,0.01073,0.01081,0.01072,0.01079,2289974.0
2024-03-02 06:00:00,0.01078,0.01082,0.01075,0.01081,2016446.0
2024-03-02 06:15:00,0.01081,0.01091,0.01081,0.0109,3692944.0
2024-03-02 06:30:00,0.0109,0.01091,0.01083,0.01086,5113929.0
2024-03-02 06:45:00,0.01086,0.01088,0.01084,0.01084,1176260.0
2024-03-02 07:00:00,0.01084,0.01089,0.01082,0.01087,1914556.0
2024-03-02 07:15:00,0.01087,0.01101,0.01083,0.01092,7569528.0
2024-03-02 07:30:00,0.01092,0.01096,0.0109,0.01094,3720669.0
2024-03-02 07:45:00,0.01094,0.01098,0.01087,0.01093,4350733.0
2024-03-02 08:00:00,0.01092,0.01095,0.01087,0.01088,1658490.0
2024-03-02 08:15:00,0.01088,0.01094,0.01069,0.01078,11729586.0
2024-03-02 08:30:00,0.01078,0.01083,0.01076,0.01082,9977162.0
2024-03-02 08:45:00,0.01082,0.01091,0.01076,0.01078,8671121.0
2024-03-02 09:00:00,0.01079,0.01089,0.01079,0.01087,5920266.0
2024-03-02 09:15:00,0.01087,0.01088,0.01074,0.01074,5991859.0
2024-03-02 09:30:00,0.01074,0.01075,0.01066,0.01069,8694280.0
2024-03-02 09:45:00,0.01069,0.0107,0.01065,0.01067,3368047.0
2024-03-02 10:00:00,0.01068,0.01075,0.01068,0.01075,1670954.0
2024-03-02 10:15:00,0.01074,0.01076,0.0107,0.01073,1890123.0
2024-03-02 10:30:00,0.01074,0.01075,0.0107,0.01071,871632.0
2024-03-02 10:45:00,0.0107,0.01071,0.01064,0.01066,3936645.0
2024-03-02 11:00:00,0.01066,0.01072,0.01066,0.01068,2910230.0
2024-03-02 11:15:00,0.01069,0.0107,0.01066,0.01069,927157.0
2024-03-02 11:30:00,0.01068,0.0108,0.01067,0.0108,6238602.0
2024-03-02 11:45:00,0.01079,0.01083,0.01075,0.01081,16633416.0
2024-03-02 12:00:00,0.01082,0.01088,0.01077,0.01084,8699277.0
2024-03-02 12:15:00,0.01084,0.01103,0.01082,0.01101,17116396.0
2024-03-02 12:30:00,0.01102,0.01111,0.01099,0.01107,15380672.0
2024-03-02 12:45:00,0.01106,0.01113,0.01104,0.01113,5728401.0
2024-03-02 13:00:00,0.01112,0.01115,0.01104,0.01114,4531063.0
2024-03-02 13:15:00,0.01115,0.01117,0.01107,0.01109,4125545.0
2024-03-02 13:30:00,0.01108,0.0111,0.01099,0.01109,6938603.0
2024-03-02 13:45:00,0.01109,0.0112,0.01106,0.01106,12283877.0
2024-03-02 14:00:00,0.01107,0.01127,0.01096,0.01118,9933447.0
2024-03-02 14:15:00,0.01118,0.01122,0.01107,0.01114,4557679.0
2024-03-02 14:30:00,0.01114,0.01122,0.01106,0.0111,5780422.0
2024-03-02 14:45:00,0.01112,0.01142,0.01112,0.01128,15888123.0
2024-03-02 15:00:00,0.01129,0.01133,0.01126,0.01133,6270559.0
2024-03-02 15:15:00,0.01133,0.01136,0.01117,0.01123,4131731.0
2024-03-02 15:30:00,0.01123,0.01123,0.01111,0.01114,4983250.0
2024-03-02 15:45:00,0.01114,0.01122,0.011,0.01115,8146954.0
2024-03-02 16:00:00,0.01115,0.01123,0.01113,0.01117,4668951.0
2024-03-02 16:15:00,0.01118,0.01119,0.01112,0.01115,964300.0
2024-03-02 16:30:00,0.01116,0.01117,0.01105,0.01107,4428785.0
2024-03-02 16:45:00,0.01107,0.01114,0.01107,0.01111,3128901.0
2024-03-02 17:00:00,0.01112,0.01121,0.0111,0.01121,1475607.0
2024-03-02 17:15:00,0.01121,0.01128,0.01117,0.0112,4137811.0
2024-03-02 17:30:00,0.01119,0.01121,0.01114,0.01115,1044671.0
2024-03-02 17:45:00,0.01116,0.01128,0.01113,0.01122,6056308.0
2024-03-02 18:00:00,0.01121,0.0113,0.01117,0.01123,2945761.0
2024-03-02 18:15:00,0.01124,0.01131,0.01123,0.0113,734731.0
2024-03-02 18:30:00,0.0113,0.01139,0.01127,0.0113,5989811.0
2024-03-02 18:45:00,0.01131,0.01138,0.01129,0.01137,3848415.0
2024-03-02 19:00:00,0.01137,0.0114,0.01133,0.01139,2969415.0
2024-03-02 19:15:00,0.01138,0.01138,0.01123,0.01123,4818034.0
2024-03-02 19:30:00,0.01124,0.01126,0.0112,0.01123,1173288.0
2024-03-02 19:45:00,0.01123,0.01124,0.0112,0.01123,1969146.0
2024-03-02 20:00:00,0.01124,0.01125,0.01118,0.01119,1442244.0
2024-03-02 20:15:00,0.01118,0.01122,0.01114,0.0112,2997404.0
2024-03-02 20:30:00,0.01121,0.01122,0.01116,0.01116,1787093.0
2024-03-02 20:45:00,0.01117,0.01125,0.01116,0.01124,1981555.0
2024-03-02 21:00:00,0.01124,0.01131,0.01123,0.01129,2385900.0
2024-03-02 21:15:00,0.01129,0.01129,0.01124,0.01124,1615114.0
2024-03-02 21:30:00,0.01123,0.01127,0.0112,0.01126,2605128.0
2024-03-02 21:45:00,0.01127,0.01136,0.01127,0.01133,2147320.0
2024-03-02 22:00:00,0.01132,0.01145,0.0113,0.0114,1883297.0
2024-03-02 22:15:00,0.01141,0.01141,0.01131,0.01134,2907528.0
2024-03-02 22:30:00,0.01134,0.01137,0.01131,0.01132,1449511.0
2024-03-02 22:45:00,0.01132,0.01137,0.01131,0.01133,772091.0
2024-03-02 23:00:00,0.01134,0.0115,0.01134,0.01146,3552377.0
2024-03-02 23:15:00,0.01147,0.0115,0.01143,0.01148,1199110.0
2024-03-02 23:30:00,0.01149,0.01152,0.01145,0.01148,2452103.0
2024-03-02 23:45:00,0.01147,0.01158,0.01146,0.01156,1723572.0
2024-03-03 00:00:00,0.01156,0.0117,0.01151,0.01151,7209377.0
2024-03-03 00:15:00,0.01152,0.01155,0.01139,0.01146,8352634.0
2024-03-03 00:30:00,0.01146,0.01154,0.01133,0.01145,11576367.0
2024-03-03 00:45:00,0.01144,0.01145,0.01137,0.01137,4119650.0
2024-03-03 01:00:00,0.01137,0.01139,0.01133,0.01139,2259567.0
2024-03-03 01:15:00,0.01138,0.01152,0.01137,0.01148,4418395.0
2024-03-03 01:30:00,0.01147,0.01148,0.01138,0.01142,1738043.0
2024-03-03 01:45:00,0.01142,0.01152,0.01139,0.01143,7380990.0
2024-03-03 02:00:00,0.01142,0.01146,0.0114,0.01142,2008751.0
2024-03-03 02:15:00,0.01142,0.01143,0.01138,0.0114,1477857.0
2024-03-03 02:30:00,0.0114,0.01144,0.01135,0.01144,1234604.0
2024-03-03 02:45:00,0.01144,0.01147,0.01142,0.01144,2016935.0
2024-03-03 03:00:00,0.01144,0.01146,0.01143,0.01145,235939.0
2024-03-03 03:15:00,0.01145,0.01147,0.01143,0.01145,283465.0
2024-03-03 03:30:00,0.01145,0.01147,0.01142,0.01143,1062022.0
2024-03-03 03:45:00,0.01143,0.01146,0.0114,0.01146,4643223.0
2024-03-03 04:00:00,0.01145,0.01152,0.01145,0.0115,527170.0
2024-03-03 04:15:00,0.01151,0.01153,0.01149,0.01153,360194.0
2024-03-03 04:30:00,0.01152,0.01152,0.01147,0.01152,1458621.0
2024-03-03 04:45:00,0.01151,0.01155,0.01149,0.01153,1880681.0
2024-03-03 05:00:00,0.01154,0.01156,0.01145,0.01147,1411509.0
2024-03-03 05:15:00,0.01147,0.01147,0.01141,0.01142,2492819.0
2024-03-03 05:30:00,0.01142,0.01144,0.01138,0.01139,2175571.0
2024-03-03 05:45:00,0.01138,0.01139,0.01133,0.01136,1885069.0
2024-03-03 06:00:00,0.01136,0.01137,0.01116,0.01125,4803139.0
2024-03-03 06:15:00,0.01125,0.01134,0.01123,0.01131,1686935.0
2024-03-03 06:30:00,0.01132,0.01132,0.0112,0.01123,1866565.0
2024-03-03 06:45:00,0.01124,0.0113,0.01124,0.01124,975412.0
2024-03-03 07:00:00,0.01125,0.01128,0.01111,0.01118,8351549.0
2024-03-03 07:15:00,0.01117,0.01119,0.01,0.01055,45124625.0
2024-03-03 07:30:00,0.01056,0.01086,0.0105,0.01082,21384645.0
2024-03-03 07:45:00,0.01081,0.0109,0.0108,0.01081,4105730.0
2024-03-03 08:00:00,0.01082,0.01092,0.01067,0.01069,7452562.0
2024-03-03 08:15:00,0.0107,0.01126,0.0107,0.0112,53898422.0
2024-03-03 08:30:00,0.01122,0.01131,0.01101,0.0113,23956502.0
2024-03-03 08:45:00,0.0113,0.01186,0.01109,0.01155,79980801.0
2024-03-03 09:00:00,0.01156,0.01196,0.01145,0.01163,52813229.0
2024-03-03 09:15:00,0.01164,0.0122,0.01163,0.01205,96577488.0
2024-03-03 09:30:00,0.01204,0.0124,0.0119,0.01211,39338393.0
2024-03-03 09:45:00,0.01212,0.01235,0.01183,0.01216,66294565.0
2024-03-03 10:00:00,0.01216,0.01237,0.01185,0.01208,62749559.0
2024-03-03 10:15:00,0.01208,0.0124,0.012,0.01222,19661854.0
2024-03-03 10:30:00,0.01222,0.01238,0.01199,0.01207,20620770.0
2024-03-03 10:45:00,0.01206,0.01216,0.01195,0.01202,13670393.0
2024-03-03 11:00:00,0.01202,0.01236,0.01197,0.0123,11988851.0
2024-03-03 11:15:00,0.01229,0.0125,0.01224,0.01224,21370361.0
2024-03-03 11:30:00,0.01224,0.01245,0.01209,0.01223,24163557.0
2024-03-03 11:45:00,0.01222,0.01229,0.01202,0.01215,13439158.0
2024-03-03 12:00:00,0.01214,0.01224,0.01209,0.01222,7279018.0
2024-03-03 12:15:00,0.01222,0.01228,0.01204,0.01207,9139891.0
2024-03-03 12:30:00,0.01207,0.01217,0.012,0.01212,11839295.0
2024-03-03 12:45:00,0.01209,0.01211,0.01196,0.01196,3261550.0
2024-03-03 13:00:00,0.01197,0.01223,0.01194,0.01213,12919378.0
2024-03-03 13:15:00,0.01213,0.0125,0.01191,0.01244,83227289.0
2024-03-03 13:30:00,0.01244,0.0128,0.01241,0.01257,51188628.0
2024-03-03 13:45:00,0.01257,0.01268,0.01204,0.01239,68127657.0
2024-03-03 14:00:00,0.01239,0.01239,0.0122,0.01221,18306020.0
2024-03-03 14:15:00,0.01221,0.01229,0.01209,0.01218,8659735.0
2024-03-03 14:30:00,0.01219,0.01221,0.01203,0.01204,10255047.0
2024-03-03 14:45:00,0.01203,0.01205,0.01191,0.01196,16594071.0
2024-03-03 15:00:00,0.01197,0.01208,0.01197,0.01205,3848523.0
2024-03-03 15:15:00,0.01205,0.01211,0.01201,0.01204,2490483.0
2024-03-03 15:30:00,0.01204,0.01205,0.01191,0.01198,10047950.0
2024-03-03 15:45:00,0.01198,0.01247,0.01169,0.0124,61462680.0
2024-03-03 16:00:00,0.01242,0.01246,0.0122,0.01228,17358429.0
2024-03-03 16:15:00,0.01228,0.01238,0.01224,0.01233,9549621.0
2024-03-03 16:30:00,0.01232,0.01232,0.01207,0.01214,16908468.0
2024-03-03 16:45:00,0.01215,0.01245,0.01204,0.01228,28389345.0
2024-03-03 17:00:00,0.01229,0.01257,0.01221,0.01253,38447593.0
2024-03-03 17:15:00,0.01252,0.01256,0.01229,0.01248,24456118.0
2024-03-03 17:30:00,0.01249,0.0129,0.01243,0.01272,37448477.0
2024-03-03 17:45:00,0.01274,0.01295,0.01269,0.01284,48174404.0
2024-03-03 18:00:00,0.01285,0.01298,0.01275,0.01286,32109752.0
2024-03-03 18:15:00,0.01286,0.01299,0.01274,0.01295,27938385.0
2024-03-03 18:30:00,0.01296,0.01337,0.0129,0.01331,77901028.0
2024-03-03 18:45:00,0.01332,0.0135,0.01303,0.01326,52120982.0
2024-03-03 19:00:00,0.01326,0.01346,0.0131,0.01328,39278677.0
2024-03-03 19:15:00,0.01327,0.01348,0.01316,0.01341,27636434.0
2024-03-03 19:30:00,0.01341,0.01345,0.01313,0.01327,23082075.0
2024-03-03 19:45:00,0.01326,0.01338,0.01318,0.01335,10718545.0
2024-03-03 20:00:00,0.01336,0.01348,0.0131,0.01315,21322750.0
2024-03-03 20:15:00,0.01315,0.01364,0.01312,0.01353,39370864.0
2024-03-03 20:30:00,0.01353,0.01359,0.01328,0.01336,24628222.0
2024-03-03 20:45:00,0.01335,0.01341,0.01316,0.01319,10259486.0
2024-03-03 21:00:00,0.0132,0.01334,0.01314,0.01318,8262398.0
2024-03-03 21:15:00,0.01319,0.01324,0.01305,0.01315,6510354.0
2024-03-03 21:30:00,0.01315,0.01322,0.01303,0.01307,7600965.0
2024-03-03 21:45:00,0.01307,0.01308,0.0129,0.01297,8924086.0
2024-03-03 22:00:00,0.01298,0.013,0.0129,0.01296,3533850.0
2024-03-03 22:15:00,0.01296,0.013,0.01291,0.01298,4387014.0
2024-03-03 22:30:00,0.01297,0.01319,0.01295,0.01306,7071439.0
2024-03-03 22:45:00,0.01307,0.0132,0.01301,0.01317,7302381.0
2024-03-03 23:00:00,0.01316,0.01316,0.01302,0.01308,5004851.0
2024-03-03 23:15:00,0.01307,0.01317,0.01306,0.01313,3449170.0
2024-03-03 23:30:00,0.01314,0.01346,0.01306,0.01332,12238226.0
2024-03-03 23:45:00,0.01333,0.01343,0.01325,0.01337,6889374.0
2024-03-04 00:00:00,0.01337,0.01346,0.01314,0.01321,10543552.0
2024-03-04 00:15:00,0.01321,0.01355,0.01321,0.01355,7931037.0
2024-03-04 00:30:00,0.01355,0.01369,0.01345,0.01363,17775943.0
2024-03-04 00:45:00,0.01363,0.01364,0.01259,0.01349,37900022.0
2024-03-04 01:00:00,0.0135,0.0135,0.01308,0.01322,11866437.0
2024-03-04 01:15:00,0.01322,0.01354,0.01319,0.01342,14413345.0
2024-03-04 01:30:00,0.01342,0.01342,0.01292,0.01295,29032756.0
2024-03-04 01:45:00,0.01296,0.01303,0.01273,0.01295,30090543.0
2024-03-04 02:00:00,0.01294,0.01294,0.01264,0.01284,31256358.0
2024-03-04 02:15:00,0.01284,0.01288,0.01272,0.01274,7048365.0
2024-03-04 02:30:00,0.01273,0.01288,0.01272,0.01277,8308128.0
2024-03-04 02:45:00,0.01277,0.01283,0.01272,0.01282,5713550.0
2024-03-04 03:00:00,0.01283,0.01285,0.01261,0.01266,8643011.0
2024-03-04 03:15:00,0.01265,0.01273,0.01263,0.01272,3521996.0
2024-03-04 03:30:00,0.01272,0.01275,0.01261,0.01265,2837502.0
2024-03-04 03:45:00,0.01264,0.0127,0.01261,0.01266,3056759.0
2024-03-04 04:00:00,0.01265,0.01266,0.01251,0.01256,6985614.0
2024-03-04 04:15:00,0.01256,0.01263,0.01252,0.01262,3019332.0
2024-03-04 04:30:00,0.01262,0.01272,0.01256,0.01268,5178600.0
2024-03-04 04:45:00,0.01269,0.01274,0.01264,0.01271,6643059.0
2024-03-04 05:00:00,0.0127,0.01275,0.01265,0.01266,5442803.0
2024-03-04 05:15:00,0.01267,0.01268,0.01255,0.01263,9261207.0
2024-03-04 05:30:00,0.01263,0.01282,0.01263,0.01277,6179533.0
2024-03-04 05:45:00,0.01277,0.01284,0.01272,0.01275,4529281.0
2024-03-04 06:00:00,0.01275,0.0128,0.01267,0.01277,7379459.0
2024-03-04 06:15:00,0.01277,0.01319,0.01273,0.01284,33901096.0
2024-03-04 06:30:00,0.01284,0.01304,0.01279,0.01285,9068003.0
2024-03-04 06:45:00,0.01286,0.01295,0.01281,0.01287,7218389.0
2024-03-04 07:00:00,0.01286,0.01286,0.01272,0.01279,6999808.0
2024-03-04 07:15:00,0.01278,0.01326,0.01268,0.01312,38765030.0
2024-03-04 07:30:00,0.01312,0.01327,0.013,0.01306,30617798.0
2024-03-04 07:45:00,0.01306,0.01325,0.01302,0.01303,10517515.0
2024-03-04 08:00:00,0.01304,0.01305,0.01294,0.01298,6475116.0
2024-03-04 08:15:00,0.01298,0.01298,0.01288,0.0129,6805310.0
2024-03-04 08:30:00,0.0129,0.01296,0.01281,0.0129,6632231.0
2024-03-04 08:45:00,0.01289,0.01296,0.01274,0.01293,11831927.0
2024-03-04 09:00:00,0.01292,0.01292,0.0127,0.01284,10038596.0
2024-03-04 09:15:00,0.01284,0.01289,0.01279,0.01284,3971671.0
2024-03-04 09:30:00,0.01284,0.01291,0.0128,0.01285,3679221.0
2024-03-04 09:45:00,0.01284,0.0135,0.01279,0.01327,35593862.0
2024-03-04 10:00:00,0.01327,0.01337,0.01308,0.01322,46850628.0
2024-03-04 10:15:00,0.01322,0.01342,0.01297,0.0133,62810096.0
2024-03-04 10:30:00,0.0133,0.01381,0.01308,0.01349,117496992.0
2024-03-04 10:45:00,0.01349,0.01362,0.01317,0.01326,24308726.0
2024-03-04 11:00:00,0.01326,0.01339,0.01317,0.01321,14822960.0
2024-03-04 11:15:00,0.01321,0.01339,0.01316,0.01324,9812163.0
2024-03-04 11:30:00,0.01324,0.01326,0.01301,0.01303,11404019.0
2024-03-04 11:45:00,0.01303,0.01373,0.01302,0.01343,28911176.0
2024-03-04 12:00:00,0.01343,0.01371,0.01336,0.01353,44068509.0
2024-03-04 12:15:00,0.01353,0.01356,0.01329,0.01347,20281941.0
2024-03-04 12:30:00,0.01347,0.01347,0.01331,0.0134,6001745.0
2024-03-04 12:45:00,0.0134,0.01362,0.01332,0.01353,9981176.0
2024-03-04 13:00:00,0.01354,0.01373,0.01346,0.01367,9943067.0
2024-03-04 13:15:00,0.01368,0.01368,0.01334,0.01338,18820640.0
2024-03-04 13:30:00,0.01339,0.01349,0.01301,0.01323,16643509.0
2024-03-04 13:45:00,0.01324,0.01338,0.01315,0.0133,14829105.0
2024-03-04 14:00:00,0.01331,0.01338,0.01309,0.01324,15268466.0
2024-03-04 14:15:00,0.01325,0.01332,0.01312,0.01318,4748180.0
2024-03-04 14:30:00,0.01318,0.01328,0.01306,0.01308,16458446.0
2024-03-04 14:45:00,0.01307,0.01309,0.01286,0.01299,11301874.0
2024-03-04 15:00:00,0.013,0.01306,0.01295,0.01297,8143782.0
2024-03-04 15:15:00,0.01296,0.01381,0.01268,0.01353,70594265.0
2024-03-04 15:30:00,0.01353,0.01361,0.01331,0.01338,16559318.0
2024-03-04 15:45:00,0.01337,0.01375,0.01329,0.01349,19157172.0
2024-03-04 16:00:00,0.01349,0.01377,0.0132,0.01327,18888618.0
2024-03-04 16:15:00,0.01327,0.01379,0.0132,0.01356,53939998.0
2024-03-04 16:30:00,0.01356,0.01375,0.01303,0.01307,41411314.0
2024-03-04 16:45:00,0.01307,0.01311,0.01273,0.01277,22351445.0
2024-03-04 17:00:00,0.01277,0.0129,0.01267,0.01271,21960829.0
2024-03-04 17:15:00,0.01271,0.01288,0.0127,0.01282,13338840.0
2024-03-04 17:30:00,0.01282,0.01282,0.01257,0.01262,15264881.0
2024-03-04 17:45:00,0.01262,0.01282,0.01224,0.01259,56595098.0
2024-03-04 18:00:00,0.01259,0.01291,0.01258,0.01291,35968603.0
2024-03-04 18:15:00,0.01291,0.01299,0.01273,0.01279,8465971.0
2024-03-04 18:30:00,0.0128,0.0131,0.01278,0.01297,10141185.0
2024-03-04 18:45:00,0.01298,0.01334,0.01298,0.01331,11502008.0
2024-03-04 19:00:00,0.01331,0.01332,0.01313,0.01324,7212802.0
2024-03-04 19:15:00,0.01325,0.01327,0.01307,0.01313,5040946.0
2024-03-04 19:30:00,0.01312,0.01342,0.01307,0.01325,9580314.0
2024-03-04 19:45:00,0.01325,0.01329,0.01315,0.0132,2766829.0
2024-03-04 20:00:00,0.0132,0.01335,0.01313,0.01316,6820815.0
2024-03-04 20:15:00,0.01316,0.01317,0.01302,0.01309,6641089.0
2024-03-04 20:30:00,0.0131,0.0134,0.01305,0.01328,9532290.0
2024-03-04 20:45:00,0.01329,0.01352,0.01327,0.01342,21639031.0
2024-03-04 21:00:00,0.01341,0.01359,0.01333,0.01349,14956437.0
2024-03-04 21:15:00,0.01348,0.01351,0.0133,0.01342,25674075.0
2024-03-04 21:30:00,0.01342,0.01359,0.01341,0.01355,3800885.0
2024-03-04 21:45:00,0.01355,0.01363,0.01344,0.01345,3455890.0
2024-03-04 22:00:00,0.01345,0.01345,0.01328,0.01331,6755525.0
2024-03-04 22:15:00,0.01331,0.01335,0.01324,0.01324,4524723.0
2024-03-04 22:30:00,0.01324,0.01329,0.01317,0.01324,4954959.0
2024-03-04 22:45:00,0.01324,0.0133,0.01322,0.01327,1192668.0
2024-03-04 23:00:00,0.01328,0.01328,0.01315,0.01318,3444706.0
2024-03-04 23:15:00,0.01318,0.01323,0.01316,0.01323,3474544.0
2024-03-04 23:30:00,0.01323,0.01323,0.01307,0.01317,4490824.0
2024-03-04 23:45:00,0.01317,0.01321,0.01312,0.01316,2646217.0
2024-03-05 00:00:00,0.01317,0.01318,0.01306,0.01311,2720928.0
2024-03-05 00:15:00,0.01311,0.01328,0.01302,0.01307,21799810.0
2024-03-05 00:30:00,0.01307,0.01321,0.01301,0.01316,4389276.0
2024-03-05 00:45:00,0.01315,0.01315,0.01295,0.01301,6464451.0
2024-03-05 01:00:00,0.01302,0.01304,0.01291,0.01298,4872186.0
2024-03-05 01:15:00,0.01298,0.01303,0.01296,0.01296,2727693.0
2024-03-05 01:30:00,0.01296,0.01313,0.01296,0.01313,3921092.0
2024-03-05 01:45:00,0.01312,0.01316,0.0131,0.01311,2259315.0
2024-03-05 02:00:00,0.0131,0.0131,0.01294,0.01299,5072689.0
2024-03-05 02:15:00,0.01299,0.01299,0.01276,0.01277,13861495.0
2024-03-05 02:30:00,0.01277,0.01291,0.01271,0.01284,8381450.0
2024-03-05 02:45:00,0.01284,0.01303,0.01284,0.01302,3456926.0
2024-03-05 03:00:00,0.01303,0.01303,0.01283,0.01287,4124368.0
2024-03-05 03:15:00,0.01288,0.01298,0.01287,0.01296,1409477.0
2024-03-05 03:30:00,0.01297,0.01298,0.0129,0.01296,2081812.0
2024-03-05 03:45:00,0.01295,0.01295,0.01284,0.01285,2744443.0
2024-03-05 04:00:00,0.01286,0.01308,0.01286,0.0129,5288194.0
2024-03-05 04:15:00,0.0129,0.01309,0.01276,0.01309,12997161.0
2024-03-05 04:30:00,0.01309,0.01316,0.01296,0.01296,6445052.0
2024-03-05 04:45:00,0.01296,0.01299,0.01276,0.0129,6450447.0
2024-03-05 05:00:00,0.01291,0.01306,0.01133,0.01301,30335248.0
2024-03-05 05:15:00,0.013,0.01343,0.01299,0.01326,12133119.0
2024-03-05 05:30:00,0.01327,0.01332,0.01307,0.01325,8383188.0
2024-03-05 05:45:00,0.01325,0.0134,0.01321,0.0133,6284327.0
2024-03-05 06:00:00,0.0133,0.0133,0.01306,0.01309,6297172.0
2024-03-05 06:15:00,0.01309,0.01324,0.01306,0.01323,7043429.0
2024-03-05 06:30:00,0.01323,0.01324,0.01315,0.01316,3284400.0
2024-03-05 06:45:00,0.01315,0.01333,0.01303,0.01319,18413106.0
2024-03-05 07:00:00,0.01319,0.01323,0.01312,0.01318,3317565.0
2024-03-05 07:15:00,0.01318,0.01322,0.01312,0.01312,2862401.0
2024-03-05 07:30:00,0.01313,0.01322,0.013,0.01318,10016941.0
2024-03-05 07:45:00,0.01318,0.01355,0.01314,0.01337,22647263.0
2024-03-05 08:00:00,0.01338,0.01379,0.01338,0.01358,38694979.0
2024-03-05 08:15:00,0.01357,0.01392,0.01345,0.01375,24254046.0
2024-03-05 08:30:00,0.01373,0.01397,0.01358,0.01371,15906399.0
2024-03-05 08:45:00,0.01372,0.01373,0.01343,0.01345,9510353.0
2024-03-05 09:00:00,0.01344,0.01359,0.01329,0.01339,7591330.0
2024-03-05 09:15:00,0.01339,0.01339,0.01324,0.01333,7145991.0
2024-03-05 09:30:00,0.01333,0.01334,0.01308,0.01319,9748154.0
2024-03-05 09:45:00,0.01319,0.01319,0.01302,0.01303,9842249.0
2024-03-05 10:00:00,0.01304,0.01318,0.01301,0.01316,6027820.0
2024-03-05 10:15:00,0.01317,0.01322,0.01315,0.01318,2411076.0
2024-03-05 10:30:00,0.01319,0.01328,0.01312,0.01321,7881230.0
2024-03-05 10:45:00,0.01321,0.01323,0.01314,0.01319,4785821.0
2024-03-05 11:00:00,0.01318,0.0132,0.01309,0.01311,3163084.0
2024-03-05 11:15:00,0.01311,0.01316,0.0131,0.01312,2256486.0
2024-03-05 11:30:00,0.01312,0.01314,0.013,0.01302,2501603.0
2024-03-05 11:45:00,0.01303,0.01308,0.01302,0.01306,1936762.0
2024-03-05 12:00:00,0.01305,0.01319,0.01304,0.01319,1461037.0
2024-03-05 12:15:00,0.01319,0.01321,0.0131,0.01314,3584195.0
2024-03-05 12:30:00,0.01315,0.01317,0.01309,0.01316,2535936.0
2024-03-05 12:45:00,0.01315,0.01324,0.01315,0.01322,2308264.0
2024-03-05 13:00:00,0.01322,0.01334,0.01313,0.01327,10370186.0
2024-03-05 13:15:00,0.01327,0.01334,0.01321,0.01324,8875696.0
2024-03-05 13:30:00,0.01324,0.01328,0.01319,0.01322,2695224.0
2024-03-05 13:45:00,0.01321,0.01323,0.01316,0.01317,2174854.0
2024-03-05 14:00:00,0.01317,0.01319,0.01296,0.013,8632384.0
2024-03-05 14:15:00,0.013,0.01306,0.0128,0.013,14344282.0
2024-03-05 14:30:00,0.013,0.01303,0.0128,0.01288,18866351.0
2024-03-05 14:45:00,0.01287,0.01298,0.01272,0.01278,13389920.0
2024-03-05 15:00:00,0.01278,0.0129,0.0126,0.01282,16131391.0
2024-03-05 15:15:00,0.01282,0.01288,0.01255,0.01262,12378901.0
2024-03-05 15:30:00,0.01262,0.0128,0.01225,0.01261,35915356.0
2024-03-05 15:45:00,0.01259,0.01273,0.01256,0.01259,6486586.0
2024-03-05 16:00:00,0.01258,0.01267,0.0116,0.01216,48869294.0
2024-03-05 16:15:00,0.01217,0.01245,0.01203,0.01239,17393018.0
2024-03-05 16:30:00,0.01239,0.01256,0.01217,0.01243,26305494.0
2024-03-05 16:45:00,0.01243,0.0126,0.01226,0.01257,26034631.0
2024-03-05 17:00:00,0.01258,0.01262,0.01215,0.01252,67432177.0
2024-03-05 17:15:00,0.01252,0.01263,0.0122,0.01239,38180804.0
2024-03-05 17:30:00,0.0124,0.01246,0.01222,0.01236,21246010.0
2024-03-05 17:45:00,0.01236,0.01254,0.01236,0.01251,7113505.0
2024-03-05 18:00:00,0.01251,0.01251,0.01243,0.01248,4955086.0
2024-03-05 18:15:00,0.01248,0.01251,0.0124,0.01242,6611132.0
2024-03-05 18:30:00,0.01241,0.01252,0.01239,0.01243,2790574.0
2024-03-05 18:45:00,0.01242,0.01244,0.01218,0.01229,13223441.0
2024-03-05 19:00:00,0.01229,0.01235,0.01205,0.01212,7248597.0
2024-03-05 19:15:00,0.01212,0.01214,0.01187,0.01205,9371348.0
2024-03-05 19:30:00,0.01204,0.01205,0.0115,0.01176,23220025.0
2024-03-05 19:45:00,0.01176,0.01179,0.00966,0.01078,68013819.0
2024-03-05 20:00:00,0.01078,0.01139,0.01078,0.01128,36183800.0
2024-03-05 20:15:00,0.01127,0.01131,0.01108,0.01118,15221189.0
2024-03-05 20:30:00,0.01118,0.01123,0.01062,0.01095,26994850.0
2024-03-05 20:45:00,0.01095,0.01116,0.01095,0.01096,14332224.0
2024-03-05 21:00:00,0.01096,0.0113,0.01095,0.01124,10800078.0
2024-03-05 21:15:00,0.01124,0.01142,0.01123,0.01142,13888049.0
2024-03-05 21:30:00,0.01141,0.0115,0.01125,0.01139,15212261.0
2024-03-05 21:45:00,0.01139,0.01143,0.0113,0.01138,8451815.0
2024-03-05 22:00:00,0.01137,0.01139,0.01126,0.01129,8024450.0
2024-03-05 22:15:00,0.01129,0.01156,0.011,0.0112,22709959.0
2024-03-05 22:30:00,0.0112,0.0113,0.01115,0.01118,4641852.0
2024-03-05 22:45:00,0.01118,0.01135,0.01115,0.01132,3548956.0
2024-03-05 23:00:00,0.01133,0.01145,0.01128,0.01144,6666775.0
2024-03-05 23:15:00,0.01144,0.01152,0.01141,0.0115,3469535.0
2024-03-05 23:30:00,0.01151,0.01151,0.01144,0.01148,2708946.0
2024-03-05 23:45:00,0.01148,0.01156,0.01145,0.01147,4254997.0
2024-03-06 00:00:00,0.01147,0.01149,0.01142,0.01143,4346109.0
2024-03-06 00:15:00,0.01143,0.01158,0.01141,0.01157,2559426.0
2024-03-06 00:30:00,0.01157,0.01162,0.01154,0.01157,2175430.0
2024-03-06 00:45:00,0.01157,0.01158,0.01144,0.01145,3015440.0
2024-03-06 01:00:00,0.01146,0.01155,0.01142,0.01144,2421347.0
2024-03-06 01:15:00,0.01143,0.01144,0.0113,0.01132,3026831.0
2024-03-06 01:30:00,0.01133,0.01136,0.01129,0.01132,4181121.0
2024-03-06 01:45:00,0.01132,0.0114,0.01129,0.01132,1750035.0
2024-03-06 02:00:00,0.01132,0.01138,0.01126,0.01138,3814139.0
2024-03-06 02:15:00,0.01139,0.0114,0.01122,0.01122,2200121.0
2024-03-06 02:30:00,0.01122,0.01129,0.01122,0.01127,1734936.0
2024-03-06 02:45:00,0.01127,0.01129,0.0111,0.01111,4093514.0
2024-03-06 03:00:00,0.01111,0.01124,0.0111,0.01117,2160755.0
2024-03-06 03:15:00,0.01117,0.01131,0.01117,0.01129,1392415.0
2024-03-06 03:30:00,0.0113,0.01135,0.01128,0.01131,2105627.0
2024-03-06 03:45:00,0.01131,0.01138,0.01131,0.01135,1543204.0
2024-03-06 04:00:00,0.01135,0.01143,0.01133,0.01143,1925817.0
2024-03-06 04:15:00,0.01142,0.0115,0.01141,0.01145,4192234.0
2024-03-06 04:30:00,0.01145,0.0116,0.01143,0.01159,2708103.0
2024-03-06 04:45:00,0.01159,0.01171,0.01158,0.01171,4161280.0
2024-03-06 05:00:00,0.01171,0.01181,0.01165,0.01181,8622696.0
2024-03-06 05:15:00,0.01181,0.01184,0.01176,0.01183,3784733.0
2024-03-06 05:30:00,0.01183,0.0119,0.01176,0.01187,6669366.0
2024-03-06 05:45:00,0.01186,0.01197,0.01181,0.0119,6270550.0
2024-03-06 06:00:00,0.0119,0.01201,0.01188,0.01199,3269022.0
2024-03-06 06:15:00,0.01199,0.01203,0.01192,0.01199,3544493.0
2024-03-06 06:30:00,0.01199,0.01212,0.01198,0.01209,1972694.0
2024-03-06 06:45:00,0.01208,0.01219,0.01204,0.01217,4768370.0
2024-03-06 07:00:00,0.01216,0.01222,0.01204,0.01222,8349887.0
2024-03-06 07:15:00,0.01221,0.01221,0.01213,0.01217,3329998.0
2024-03-06 07:30:00,0.01217,0.0122,0.0121,0.01218,3212978.0
2024-03-06 07:45:00,0.01218,0.01219,0.01213,0.01217,3521139.0
2024-03-06 08:00:00,0.01217,0.01226,0.01212,0.01224,5053325.0
2024-03-06 08:15:00,0.01224,0.0123,0.01221,0.01225,9141701.0
2024-03-06 08:30:00,0.01225,0.01229,0.01211,0.01217,5293092.0
2024-03-06 08:45:00,0.01218,0.0122,0.01212,0.01217,5351474.0
2024-03-06 09:00:00,0.01217,0.0122,0.01213,0.01216,4458685.0
2024-03-06 09:15:00,0.01215,0.01221,0.01208,0.01211,3994234.0
2024-03-06 09:30:00,0.01211,0.01244,0.01201,0.01236,31339100.0
2024-03-06 09:45:00,0.01237,0.01247,0.0123,0.01235,13400927.0
2024-03-06 10:00:00,0.01235,0.01264,0.01235,0.01244,13273823.0
2024-03-06 10:15:00,0.01244,0.01258,0.01227,0.01236,15725083.0
2024-03-06 10:30:00,0.01237,0.01239,0.01223,0.01228,11437822.0
2024-03-06 10:45:00,0.01228,0.01238,0.01228,0.01233,8863087.0
2024-03-06 11:00:00,0.01233,0.01235,0.01224,0.01229,7599617.0
2024-03-06 11:15:00,0.01228,0.01234,0.01226,0.0123,3602983.0
2024-03-06 11:30:00,0.01229,0.01233,0.01221,0.01223,4951661.0
2024-03-06 11:45:00,0.01223,0.01228,0.01221,0.01225,2007912.0
2024-03-06 12:00:00,0.01225,0.01226,0.01216,0.01219,5269221.0
2024-03-06 12:15:00,0.0122,0.0122,0.01204,0.01215,6497711.0
2024-03-06 12:30:00,0.01215,0.01216,0.0116,0.01185,18171238.0
2024-03-06 12:45:00,0.01185,0.012,0.01171,0.01194,13143438.0
2024-03-06 13:00:00,0.01196,0.01205,0.01187,0.01197,5279615.0
2024-03-06 13:15:00,0.01197,0.01216,0.01196,0.01211,4380901.0
2024-03-06 13:30:00,0.01211,0.01213,0.01193,0.01195,3630390.0
2024-03-06 13:45:00,0.01196,0.01208,0.01194,0.01205,3342190.0
2024-03-06 14:00:00,0.01206,0.01215,0.01205,0.01214,2498469.0
2024-03-06 14:15:00,0.01213,0.01213,0.01201,0.01203,3500937.0
2024-03-06 14:30:00,0.01203,0.01211,0.0119,0.01194,9079805.0
2024-03-06 14:45:00,0.01192,0.01201,0.01187,0.01197,6746411.0
2024-03-06 15:00:00,0.01198,0.01204,0.0117,0.01188,7642013.0
2024-03-06 15:15:00,0.01189,0.01203,0.01186,0.01201,2727801.0
2024-03-06 15:30:00,0.01201,0.01216,0.012,0.01206,3019520.0
2024-03-06 15:45:00,0.01206,0.01211,0.01199,0.01211,3318250.0
2024-03-06 16:00:00,0.0121,0.01221,0.01205,0.01219,5184560.0
2024-03-06 16:15:00,0.01219,0.01222,0.01211,0.01215,3435498.0
2024-03-06 16:30:00,0.01215,0.01216,0.01202,0.01209,6115738.0
2024-03-06 16:45:00,0.01209,0.01224,0.01204,0.01219,7438481.0
2024-03-06 17:00:00,0.01219,0.01224,0.01211,0.01219,4934399.0
2024-03-06 17:15:00,0.01219,0.01222,0.01209,0.01209,2888829.0
2024-03-06 17:30:00,0.01211,0.01215,0.01208,0.01213,2758056.0
2024-03-06 17:45:00,0.01213,0.01224,0.01212,0.01222,4160679.0
2024-03-06 18:00:00,0.01221,0.01233,0.01214,0.01218,6851984.0
2024-03-06 18:15:00,0.01217,0.01223,0.01216,0.01221,1757146.0
2024-03-06 18:30:00,0.01221,0.01224,0.01199,0.01213,5979770.0
2024-03-06 18:45:00,0.01215,0.01219,0.01207,0.01219,4473100.0
2024-03-06 19:00:00,0.01218,0.01218,0.0121,0.01213,3419332.0
2024-03-06 19:15:00,0.01214,0.01225,0.01213,0.01224,1853196.0
2024-03-06 19:30:00,0.01225,0.01227,0.0122,0.01221,789552.0
2024-03-06 19:45:00,0.01222,0.01223,0.01215,0.01217,1314148.0
2024-03-06 20:00:00,0.01215,0.01223,0.01214,0.01219,1584453.0
2024-03-06 20:15:00,0.0122,0.01224,0.01214,0.01218,1511995.0
2024-03-06 20:30:00,0.01218,0.01219,0.0121,0.01218,2709677.0
2024-03-06 20:45:00,0.01218,0.01226,0.01218,0.01225,2208853.0
2024-03-06 21:00:00,0.01225,0.01231,0.0122,0.01226,1602954.0
2024-03-06 21:15:00,0.01226,0.01236,0.01226,0.01232,2319589.0
2024-03-06 21:30:00,0.01231,0.01242,0.01229,0.01236,5610791.0
2024-03-06 21:45:00,0.01236,0.01242,0.01236,0.0124,905627.0
2024-03-06 22:00:00,0.0124,0.01244,0.0124,0.01241,404933.0
2024-03-06 22:15:00,0.01241,0.01245,0.0124,0.01244,2194889.0
2024-03-06 22:30:00,0.01244,0.01244,0.01236,0.01236,1043982.0
2024-03-06 22:45:00,0.01235,0.01244,0.0123,0.01237,4901832.0
2024-03-06 23:00:00,0.01237,0.01243,0.01236,0.01243,1444886.0
2024-03-06 23:15:00,0.01242,0.01248,0.01241,0.01246,1650751.0
2024-03-06 23:30:00,0.01247,0.01248,0.01242,0.01243,1416031.0
2024-03-06 23:45:00,0.01243,0.01245,0.0124,0.01245,1438055.0
2024-03-07 00:00:00,0.01246,0.01252,0.01242,0.01252,1424469.0
2024-03-07 00:15:00,0.01251,0.01252,0.01234,0.01235,4008534.0
2024-03-07 00:30:00,0.01235,0.01255,0.01235,0.01254,3625891.0
2024-03-07 00:45:00,0.01254,0.0126,0.01254,0.01259,4263470.0
2024-03-07 01:00:00,0.01258,0.01258,0.01235,0.01244,3197751.0
2024-03-07 01:15:00,0.01244,0.01252,0.01242,0.01252,870994.0
2024-03-07 01:30:00,0.01251,0.01254,0.01242,0.01254,2981531.0
2024-03-07 01:45:00,0.01254,0.0126,0.01249,0.0126,3560211.0
2024-03-07 02:00:00,0.01259,0.01262,0.01254,0.0126,3330463.0
2024-03-07 02:15:00,0.0126,0.01261,0.01244,0.01245,3317507.0
2024-03-07 02:30:00,0.01245,0.01253,0.01241,0.01244,1914159.0
2024-03-07 02:45:00,0.01244,0.0125,0.01243,0.01245,1982991.0
2024-03-07 03:00:00,0.01245,0.01247,0.01237,0.01246,2123423.0
2024-03-07 03:15:00,0.01245,0.01251,0.01243,0.01244,2368658.0
2024-03-07 03:30:00,0.01244,0.01244,0.01229,0.0123,3338573.0
2024-03-07 03:45:00,0.01232,0.01241,0.01232,0.01234,1101165.0
2024-03-07 04:00:00,0.01236,0.01244,0.0123,0.01243,2209073.0
2024-03-07 04:15:00,0.01242,0.0125,0.0124,0.01247,1216719.0
2024-03-07 04:30:00,0.01247,0.01249,0.01244,0.01248,1947205.0
2024-03-07 04:45:00,0.01248,0.01248,0.01234,0.01238,2582556.0
2024-03-07 05:00:00,0.01239,0.01245,0.01232,0.01232,1457904.0
2024-03-07 05:15:00,0.01233,0.0124,0.01229,0.01233,1774409.0
2024-03-07 05:30:00,0.01233,0.01235,0.01216,0.01217,8747447.0
2024-03-07 05:45:00,0.01218,0.01225,0.0121,0.01217,3804521.0
2024-03-07 06:00:00,0.01217,0.01226,0.01213,0.01223,3966264.0
2024-03-07 06:15:00,0.01222,0.01242,0.01222,0.01242,3420810.0
2024-03-07 06:30:00,0.01243,0.01243,0.0123,0.01233,2350394.0
2024-03-07 06:45:00,0.01234,0.01235,0.01225,0.0123,2536314.0
2024-03-07 07:00:00,0.0123,0.01236,0.01228,0.01231,1538881.0
2024-03-07 07:15:00,0.01232,0.01274,0.0123,0.01274,22477601.0
2024-03-07 07:30:00,0.01272,0.01277,0.01259,0.01274,22555889.0
2024-03-07 07:45:00,0.01274,0.01286,0.01266,0.01278,15538223.0
2024-03-07 08:00:00,0.01277,0.01287,0.01271,0.01277,20361621.0
2024-03-07 08:15:00,0.01277,0.01283,0.01271,0.01281,5466514.0
2024-03-07 08:30:00,0.0128,0.01296,0.01272,0.01293,13114316.0
2024-03-07 08:45:00,0.01292,0.01294,0.01284,0.01284,3761721.0
2024-03-07 09:00:00,0.01284,0.01289,0.01277,0.01286,6238431.0
2024-03-07 09:15:00,0.01285,0.01288,0.01278,0.0128,2235084.0
2024-03-07 09:30:00,0.0128,0.01284,0.01275,0.01279,3843515.0
2024-03-07 09:45:00,0.01279,0.01282,0.01276,0.0128,3219009.0
2024-03-07 10:00:00,0.0128,0.01282,0.01273,0.01277,3791985.0
2024-03-07 10:15:00,0.01277,0.01287,0.01277,0.01279,2721941.0
2024-03-07 10:30:00,0.0128,0.0128,0.01269,0.01273,2137650.0
2024-03-07 10:45:00,0.01273,0.01278,0.01271,0.01277,3564451.0
2024-03-07 11:00:00,0.01277,0.01289,0.01276,0.01281,3846097.0
2024-03-07 11:15:00,0.01281,0.01281,0.01266,0.01274,4051737.0
2024-03-07 11:30:00,0.01273,0.01276,0.01266,0.01268,4535386.0
2024-03-07 11:45:00,0.01269,0.01276,0.01269,0.01272,4814518.0
2024-03-07 12:00:00,0.01272,0.01282,0.01271,0.01279,3940549.0
2024-03-07 12:15:00,0.01278,0.01278,0.0127,0.01271,3559261.0
2024-03-07 12:30:00,0.01272,0.01278,0.01268,0.01277,2021085.0
2024-03-07 12:45:00,0.01277,0.01277,0.01261,0.01266,3511289.0
2024-03-07 13:00:00,0.01266,0.01266,0.01254,0.01258,2621750.0
2024-03-07 13:15:00,0.01259,0.01262,0.01256,0.01262,2854592.0
2024-03-07 13:30:00,0.01262,0.01272,0.01262,0.01267,5545954.0
2024-03-07 13:45:00,0.01267,0.01292,0.01266,0.0128,9778330.0
2024-03-07 14:00:00,0.01279,0.01289,0.01277,0.01279,4638623.0
2024-03-07 14:15:00,0.0128,0.01284,0.01277,0.01281,3339349.0
2024-03-07 14:30:00,0.01281,0.0129,0.01268,0.01269,6292690.0
2024-03-07 14:45:00,0.0127,0.01274,0.0123,0.01274,15825459.0
2024-03-07 15:00:00,0.01274,0.01284,0.01268,0.01272,5329362.0
2024-03-07 15:15:00,0.01272,0.0129,0.0127,0.01276,6790331.0
2024-03-07 15:30:00,0.01276,0.01292,0.01276,0.01285,5876867.0
2024-03-07 15:45:00,0.01284,0.01292,0.01283,0.01286,5128807.0
2024-03-07 16:00:00,0.01286,0.01298,0.01285,0.01291,7534515.0
2024-03-07 16:15:00,0.01291,0.01295,0.01282,0.01289,4924430.0
2024-03-07 16:30:00,0.01289,0.01324,0.01286,0.01317,16666237.0
2024-03-07 16:45:00,0.01316,0.01475,0.01309,0.01445,179193876.0
2024-03-07 17:00:00,0.01446,0.01494,0.01399,0.01406,173372169.0
2024-03-07 17:15:00,0.01406,0.01451,0.01397,0.01428,64947076.0
2024-03-07 17:30:00,0.01428,0.01487,0.01425,0.01469,76961538.0
2024-03-07 17:45:00,0.01469,0.01481,0.01435,0.01455,49277300.0
2024-03-07 18:00:00,0.01454,0.015,0.01443,0.01491,50203957.0
2024-03-07 18:15:00,0.01491,0.0152,0.01473,0.01511,51542335.0
2024-03-07 18:30:00,0.0151,0.01599,0.01503,0.0158,131632248.0
2024-03-07 18:45:00,0.0158,0.01609,0.01548,0.01561,88948284.0
2024-03-07 19:00:00,0.01561,0.01567,0.015,0.01506,56819063.0
2024-03-07 19:15:00,0.01506,0.01517,0.01473,0.01491,33436544.0
2024-03-07 19:30:00,0.01491,0.01497,0.01472,0.01494,19280916.0
2024-03-07 19:45:00,0.01494,0.01497,0.0148,0.01484,12280814.0
2024-03-07 20:00:00,0.01484,0.01554,0.01482,0.0153,37368985.0
2024-03-07 20:15:00,0.0153,0.01584,0.01523,0.01569,45325045.0
2024-03-07 20:30:00,0.01569,0.01688,0.01567,0.01607,110681797.0
2024-03-07 20:45:00,0.01606,0.01655,0.01565,0.01608,80991715.0
2024-03-07 21:00:00,0.01608,0.01675,0.01587,0.01631,68738969.0
2024-03-07 21:15:00,0.0163,0.01645,0.01572,0.01591,42768632.0
2024-03-07 21:30:00,0.01591,0.01635,0.0158,0.01615,36632776.0
2024-03-07 21:45:00,0.01614,0.01625,0.01585,0.01594,31023706.0
2024-03-07 22:00:00,0.01594,0.01597,0.0157,0.01583,15586016.0
2024-03-07 22:15:00,0.01583,0.01625,0.01572,0.01614,28870537.0
2024-03-07 22:30:00,0.01613,0.0162,0.01593,0.01595,25227936.0
2024-03-07 22:45:00,0.01595,0.01639,0.01595,0.01621,30201326.0
2024-03-07 23:00:00,0.0162,0.01653,0.0161,0.01636,25882831.0
2024-03-07 23:15:00,0.01636,0.0167,0.01629,0.01653,23908370.0
2024-03-07 23:30:00,0.01654,0.0167,0.01631,0.01639,23128974.0
2024-03-07 23:45:00,0.01638,0.01669,0.01612,0.01624,31940044.0
2024-03-08 00:00:00,0.01624,0.01685,0.01574,0.01651,69543533.0
2024-03-08 00:15:00,0.01651,0.01656,0.01605,0.0161,24425485.0
2024-03-08 00:30:00,0.01612,0.01656,0.01601,0.01642,21903520.0
2024-03-08 00:45:00,0.01642,0.01682,0.01633,0.01668,34935558.0
2024-03-08 01:00:00,0.01666,0.01689,0.01656,0.01679,23976236.0
2024-03-08 01:15:00,0.01679,0.01699,0.01652,0.0166,29624099.0
2024-03-08 01:30:00,0.01661,0.01665,0.01635,0.01643,16741126.0
2024-03-08 01:45:00,0.01643,0.01688,0.01625,0.01681,26370372.0
2024-03-08 02:00:00,0.01682,0.01723,0.01662,0.01663,38764169.0
2024-03-08 02:15:00,0.01663,0.0171,0.01652,0.01691,19144005.0
2024-03-08 02:30:00,0.01692,0.01696,0.01664,0.01673,19187831.0
2024-03-08 02:45:00,0.01672,0.01677,0.01609,0.01612,34450336.0
2024-03-08 03:00:00,0.01612,0.01629,0.01591,0.01611,24965278.0
2024-03-08 03:15:00,0.01611,0.01625,0.01588,0.0162,14434715.0
2024-03-08 03:30:00,0.01621,0.01644,0.01613,0.01619,26325974.0
2024-03-08 03:45:00,0.01618,0.01622,0.01585,0.016,16604677.0
2024-03-08 04:00:00,0.016,0.01601,0.01565,0.01584,20930062.0
2024-03-08 04:15:00,0.01585,0.01589,0.01566,0.01586,13327497.0
2024-03-08 04:30:00,0.01587,0.01596,0.01577,0.01579,18407649.0
2024-03-08 04:45:00,0.01579,0.01588,0.01566,0.01575,11328843.0
2024-03-08 05:00:00,0.01575,0.01584,0.01557,0.01575,18289022.0
2024-03-08 05:15:00,0.01574,0.01576,0.01558,0.01565,9395208.0
2024-03-08 05:30:00,0.01565,0.01574,0.01551,0.01563,7929550.0
2024-03-08 05:45:00,0.01562,0.01574,0.01559,0.01564,7231623.0
2024-03-08 06:00:00,0.01565,0.01571,0.01556,0.0156,6473538.0
2024-03-08 06:15:00,0.0156,0.01568,0.01557,0.01565,7182988.0
2024-03-08 06:30:00,0.01565,0.01642,0.0156,0.01628,36451790.0
2024-03-08 06:45:00,0.01625,0.01659,0.01606,0.01648,36830572.0
2024-03-08 07:00:00,0.01647,0.01662,0.01618,0.0164,23692341.0
2024-03-08 07:15:00,0.01639,0.01662,0.01632,0.01652,18106975.0
2024-03-08 07:30:00,0.01652,0.01686,0.01636,0.01675,20587609.0
2024-03-08 07:45:00,0.01674,0.01682,0.01646,0.0167,30308244.0
2024-03-08 08:00:00,0.0167,0.01699,0.01646,0.01666,36775501.0
2024-03-08 08:15:00,0.01666,0.01672,0.01633,0.01639,21332229.0
2024-03-08 08:30:00,0.0164,0.01656,0.01613,0.01626,32181033.0
2024-03-08 08:45:00,0.01626,0.01635,0.01615,0.0162,17882257.0
2024-03-08 09:00:00,0.0162,0.01624,0.01586,0.01591,21663281.0
2024-03-08 09:15:00,0.0159,0.01595,0.01565,0.01586,21790030.0
2024-03-08 09:30:00,0.01585,0.01591,0.01554,0.01556,20815469.0
2024-03-08 09:45:00,0.01557,0.01591,0.01544,0.01579,46525431.0
2024-03-08 10:00:00,0.01579,0.01579,0.01553,0.01571,22361138.0
2024-03-08 10:15:00,0.01571,0.01581,0.01562,0.01571,10858924.0
2024-03-08 10:30:00,0.01572,0.01572,0.0155,0.01551,11139317.0
2024-03-08 10:45:00,0.01552,0.0156,0.01547,0.01553,8317937.0
2024-03-08 11:00:00,0.01554,0.01554,0.01531,0.01539,13814509.0
2024-03-08 11:15:00,0.01539,0.01545,0.01514,0.01527,18552793.0
2024-03-08 11:30:00,0.01527,0.01536,0.01521,0.0153,13271931.0
2024-03-08 11:45:00,0.0153,0.01531,0.01519,0.0153,8843040.0
2024-03-08 12:00:00,0.0153,0.01535,0.0151,0.01528,11758934.0
2024-03-08 12:15:00,0.01527,0.01527,0.0152,0.01523,6315491.0
2024-03-08 12:30:00,0.01523,0.01537,0.01521,0.01536,10412548.0
2024-03-08 12:45:00,0.01535,0.01562,0.01528,0.01548,30096529.0
2024-03-08 13:00:00,0.01548,0.0155,0.01496,0.01507,23177309.0
2024-03-08 13:15:00,0.01507,0.01521,0.01504,0.01507,11089039.0
2024-03-08 13:30:00,0.01507,0.01514,0.01496,0.01507,13252270.0
2024-03-08 13:45:00,0.01508,0.01518,0.01498,0.01502,11311555.0
2024-03-08 14:00:00,0.01503,0.01509,0.01488,0.01506,15797538.0
2024-03-08 14:15:00,0.01506,0.01515,0.01487,0.01499,16348606.0
2024-03-08 14:30:00,0.01499,0.01527,0.01497,0.0152,19112752.0
2024-03-08 14:45:00,0.01519,0.01529,0.01509,0.01512,7472192.0
2024-03-08 15:00:00,0.01512,0.01517,0.01491,0.01501,18739305.0
2024-03-08 15:15:00,0.015,0.01512,0.01474,0.01497,23163855.0
2024-03-08 15:30:00,0.01497,0.01558,0.01359,0.01522,81433860.0
2024-03-08 15:45:00,0.01521,0.01576,0.0149,0.01498,50053143.0
2024-03-08 16:00:00,0.01498,0.01513,0.01468,0.01496,44974627.0
2024-03-08 16:15:00,0.01496,0.01522,0.01493,0.01499,25734055.0
2024-03-08 16:30:00,0.01499,0.0151,0.01491,0.01507,9392524.0
2024-03-08 16:45:00,0.01506,0.01516,0.01489,0.01508,10846348.0
2024-03-08 17:00:00,0.01508,0.01525,0.01508,0.0152,9410282.0
2024-03-08 17:15:00,0.01521,0.01559,0.0152,0.01546,25995314.0
2024-03-08 17:30:00,0.01546,0.01554,0.01528,0.0154,10371962.0
2024-03-08 17:45:00,0.01541,0.01541,0.01525,0.01531,5930170.0
2024-03-08 18:00:00,0.01531,0.01536,0.01524,0.01529,4858945.0
2024-03-08 18:15:00,0.01528,0.01531,0.01523,0.0153,2558313.0
2024-03-08 18:30:00,0.0153,0.01534,0.01525,0.01528,4261093.0
2024-03-08 18:45:00,0.01528,0.01535,0.01526,0.01534,5563156.0
2024-03-08 19:00:00,0.01533,0.0156,0.01516,0.01555,15521438.0
2024-03-08 19:15:00,0.01554,0.01569,0.01531,0.01531,15399635.0
2024-03-08 19:30:00,0.01531,0.01535,0.01524,0.01528,3741631.0
2024-03-08 19:45:00,0.01528,0.01529,0.01522,0.01528,1745816.0
2024-03-08 20:00:00,0.01529,0.0153,0.01521,0.01522,3722975.0
2024-03-08 20:15:00,0.01521,0.01521,0.015,0.01507,12202406.0
2024-03-08 20:30:00,0.01508,0.01513,0.01506,0.01509,4969397.0
2024-03-08 20:45:00,0.0151,0.0152,0.0151,0.01515,4605532.0
2024-03-08 21:00:00,0.01515,0.01522,0.01511,0.01518,4900397.0
2024-03-08 21:15:00,0.01518,0.01529,0.01512,0.01526,4301053.0
2024-03-08 21:30:00,0.01527,0.01527,0.01517,0.01521,2895510.0
2024-03-08 21:45:00,0.01521,0.01523,0.01514,0.01518,2140609.0
2024-03-08 22:00:00,0.01518,0.01525,0.01514,0.0152,3608166.0
2024-03-08 22:15:00,0.01521,0.01527,0.01517,0.01519,2261726.0
2024-03-08 22:30:00,0.01518,0.01519,0.0151,0.01514,2554883.0
2024-03-08 22:45:00,0.01513,0.01515,0.01507,0.01513,2536217.0
2024-03-08 23:00:00,0.01512,0.01524,0.01512,0.01519,1828634.0
2024-03-08 23:15:00,0.01519,0.01522,0.01516,0.01521,1799471.0
2024-03-08 23:30:00,0.01521,0.01521,0.01516,0.01521,1977156.0
2024-03-08 23:45:00,0.01521,0.01529,0.01521,0.01527,2719130.0
2024-03-09 00:00:00,0.01527,0.01528,0.01515,0.01517,3022516.0
2024-03-09 00:15:00,0.01517,0.01519,0.01506,0.01518,6362846.0
2024-03-09 00:30:00,0.01517,0.01538,0.0151,0.01533,5999695.0
2024-03-09 00:45:00,0.01533,0.01533,0.01523,0.01526,3972106.0
2024-03-09 01:00:00,0.01526,0.01526,0.01512,0.01514,4372438.0
2024-03-09 01:15:00,0.01515,0.01521,0.0151,0.01519,2780663.0
2024-03-09 01:30:00,0.0152,0.01522,0.01517,0.01519,658661.0
2024-03-09 01:45:00,0.01519,0.01527,0.01518,0.0152,5244551.0
2024-03-09 02:00:00,0.0152,0.0152,0.01512,0.01517,3818041.0
2024-03-09 02:15:00,0.01517,0.01522,0.01509,0.01522,4510663.0
2024-03-09 02:30:00,0.01522,0.01522,0.01513,0.01515,4422511.0
2024-03-09 02:45:00,0.01516,0.0152,0.0151,0.01517,4680718.0
2024-03-09 03:00:00,0.01516,0.01517,0.01511,0.01515,2048614.0
2024-03-09 03:15:00,0.01515,0.01518,0.01511,0.01514,3304939.0
2024-03-09 03:30:00,0.01515,0.01521,0.01513,0.0152,3750214.0
2024-03-09 03:45:00,0.01519,0.01526,0.01519,0.01525,1552692.0
2024-03-09 04:00:00,0.01525,0.01525,0.01516,0.01516,3180064.0
2024-03-09 04:15:00,0.01516,0.0152,0.01513,0.01519,1657284.0
2024-03-09 04:30:00,0.01519,0.01526,0.01519,0.01525,1693660.0
2024-03-09 04:45:00,0.01525,0.01528,0.01524,0.01528,1876917.0
2024-03-09 05:00:00,0.01529,0.0153,0.01521,0.01525,2396338.0
2024-03-09 05:15:00,0.01523,0.01539,0.01519,0.01538,6612077.0
2024-03-09 05:30:00,0.01537,0.01537,0.01532,0.01535,2868045.0
2024-03-09 05:45:00,0.01535,0.01538,0.01525,0.01526,6081979.0
2024-03-09 06:00:00,0.01526,0.01527,0.01523,0.01524,2422479.0
2024-03-09 06:15:00,0.01524,0.01528,0.01523,0.01525,1644098.0
2024-03-09 06:30:00,0.01525,0.01526,0.0152,0.01521,3174506.0
2024-03-09 06:45:00,0.01522,0.01536,0.01516,0.01535,10141584.0
2024-03-09 07:00:00,0.01534,0.01538,0.01529,0.01531,3893101.0
2024-03-09 07:15:00,0.01531,0.01535,0.01528,0.01531,3576673.0
2024-03-09 07:30:00,0.01531,0.0154,0.01529,0.0154,4026159.0
2024-03-09 07:45:00,0.0154,0.0155,0.01538,0.01539,5774321.0
2024-03-09 08:00:00,0.01539,0.01541,0.01533,0.01535,3116679.0
2024-03-09 08:15:00,0.01535,0.01541,0.01534,0.01538,4690077.0
2024-03-09 08:30:00,0.01538,0.01552,0.01535,0.0154,7288666.0
2024-03-09 08:45:00,0.0154,0.01546,0.01529,0.01534,7491804.0
2024-03-09 09:00:00,0.01534,0.01547,0.01532,0.01539,4109692.0
2024-03-09 09:15:00,0.0154,0.0154,0.01527,0.01527,6594012.0
2024-03-09 09:30:00,0.01527,0.0153,0.01513,0.01516,9819310.0
2024-03-09 09:45:00,0.01515,0.01516,0.01501,0.01508,9109336.0
2024-03-09 10:00:00,0.01507,0.01509,0.0149,0.01492,11945496.0
2024-03-09 10:15:00,0.01491,0.01491,0.01464,0.01473,13611953.0
2024-03-09 10:30:00,0.01473,0.01484,0.01473,0.01484,7199026.0
2024-03-09 10:45:00,0.01484,0.01486,0.01471,0.01477,5522214.0
2024-03-09 11:00:00,0.01477,0.01484,0.01475,0.01477,6552436.0
2024-03-09 11:15:00,0.01477,0.01483,0.01474,0.01482,3168142.0
2024-03-09 11:30:00,0.01483,0.01488,0.0148,0.01483,4267396.0
2024-03-09 11:45:00,0.01482,0.01483,0.01473,0.01479,7069826.0
2024-03-09 12:00:00,0.01478,0.01481,0.01458,0.01466,11805994.0
2024-03-09 12:15:00,0.01466,0.01469,0.01463,0.01466,3113981.0
2024-03-09 12:30:00,0.01466,0.0147,0.01462,0.01466,4103587.0
2024-03-09 12:45:00,0.01467,0.01473,0.01465,0.01471,4073247.0
2024-03-09 13:00:00,0.01472,0.01473,0.01468,0.01472,2473874.0
2024-03-09 13:15:00,0.01473,0.01481,0.01471,0.01479,3017694.0
2024-03-09 13:30:00,0.01479,0.01484,0.01478,0.0148,4554706.0
2024-03-09 13:45:00,0.01479,0.01483,0.01477,0.01483,3372575.0
2024-03-09 14:00:00,0.01483,0.01484,0.01469,0.01475,5184672.0
2024-03-09 14:15:00,0.01475,0.01476,0.01466,0.01469,3336148.0
2024-03-09 14:30:00,0.01469,0.01471,0.01459,0.01468,6276875.0
2024-03-09 14:45:00,0.01468,0.01468,0.01462,0.01463,5936783.0
2024-03-09 15:00:00,0.01463,0.01471,0.01463,0.01466,4720267.0
2024-03-09 15:15:00,0.01465,0.01475,0.01465,0.0147,3525976.0
2024-03-09 15:30:00,0.0147,0.01476,0.01463,0.01471,6519324.0
2024-03-09 15:45:00,0.01471,0.01478,0.0147,0.01476,4036778.0
2024-03-09 16:00:00,0.01476,0.01481,0.01462,0.01468,7880958.0
2024-03-09 16:15:00,0.01468,0.01472,0.01455,0.01463,6437677.0
2024-03-09 16:30:00,0.01463,0.01469,0.01459,0.01463,3976504.0
2024-03-09 16:45:00,0.01463,0.0147,0.01457,0.0146,6542105.0
2024-03-09 17:00:00,0.0146,0.01466,0.01434,0.01449,15992245.0
2024-03-09 17:15:00,0.0145,0.01455,0.01443,0.01452,5362145.0
2024-03-09 17:30:00,0.01453,0.01454,0.01447,0.0145,6764281.0
2024-03-09 17:45:00,0.0145,0.01455,0.01435,0.01447,6093524.0
2024-03-09 18:00:00,0.01447,0.01452,0.01439,0.01452,5906335.0
2024-03-09 18:15:00,0.01451,0.01457,0.01451,0.01455,2660793.0
2024-03-09 18:30:00,0.01456,0.01458,0.01449,0.01451,1424339.0
2024-03-09 18:45:00,0.01451,0.01456,0.01447,0.01452,2633182.0
2024-03-09 19:00:00,0.01452,0.01457,0.01452,0.01456,801363.0
2024-03-09 19:15:00,0.01456,0.01457,0.01453,0.01457,1157971.0
2024-03-09 19:30:00,0.01457,0.01458,0.01453,0.01455,967986.0
2024-03-09 19:45:00,0.01455,0.01456,0.0145,0.01452,1069392.0
2024-03-09 20:00:00,0.01452,0.01458,0.0145,0.01452,2088461.0
2024-03-09 20:15:00,0.01452,0.01453,0.01447,0.01452,1027013.0
2024-03-09 20:30:00,0.01452,0.01458,0.0145,0.01456,1204624.0
2024-03-09 20:45:00,0.01456,0.01457,0.01453,0.01455,945188.0
2024-03-09 21:00:00,0.01456,0.01456,0.01451,0.01455,1806263.0
2024-03-09 21:15:00,0.01455,0.01455,0.01447,0.01448,2028954.0
2024-03-09 21:30:00,0.01448,0.01454,0.01448,0.01454,1044872.0
2024-03-09 21:45:00,0.01454,0.01454,0.0145,0.01452,1636547.0
2024-03-09 22:00:00,0.01452,0.01459,0.01452,0.01459,1419162.0
2024-03-09 22:15:00,0.01459,0.0146,0.01455,0.01456,1399991.0
2024-03-09 22:30:00,0.01457,0.01458,0.0145,0.01451,1737920.0
2024-03-09 22:45:00,0.01451,0.01451,0.01444,0.01448,2178849.0
2024-03-09 23:00:00,0.01448,0.01455,0.01447,0.01452,1852948.0
2024-03-09 23:15:00,0.01452,0.01453,0.01447,0.01448,1441486.0
2024-03-09 23:30:00,0.01448,0.01452,0.01446,0.01449,1211955.0
2024-03-09 23:45:00,0.01448,0.0145,0.01446,0.01449,1195376.0
2024-03-10 00:00:00,0.01449,0.01452,0.01444,0.01451,2011783.0
2024-03-10 00:15:00,0.0145,0.01457,0.0145,0.01451,6398332.0
2024-03-10 00:30:00,0.01452,0.01452,0.01443,0.01444,2808064.0
2024-03-10 00:45:00,0.01445,0.01447,0.0144,0.01447,2072104.0
2024-03-10 01:00:00,0.01446,0.01453,0.0144,0.01442,6292149.0
2024-03-10 01:15:00,0.01441,0.01441,0.01422,0.01429,8227114.0
2024-03-10 01:30:00,0.0143,0.01442,0.0143,0.01437,2862561.0
2024-03-10 01:45:00,0.01436,0.01445,0.01435,0.01445,1296806.0
2024-03-10 02:00:00,0.01446,0.01447,0.01438,0.01443,1148979.0
2024-03-10 02:15:00,0.01444,0.01446,0.01439,0.01444,2110724.0
2024-03-10 02:30:00,0.01444,0.01445,0.01437,0.01441,3186461.0
2024-03-10 02:45:00,0.01441,0.01443,0.01437,0.01441,945519.0
2024-03-10 03:00:00,0.01439,0.01448,0.01439,0.01446,1182210.0
2024-03-10 03:15:00,0.01447,0.01448,0.01442,0.01443,1265322.0
2024-03-10 03:30:00,0.01444,0.01446,0.01437,0.01441,3394220.0
2024-03-10 03:45:00,0.0144,0.01447,0.0144,0.01445,1126193.0
2024-03-10 04:00:00,0.01445,0.01446,0.01439,0.01439,4119326.0
2024-03-10 04:15:00,0.01438,0.01443,0.01434,0.01443,3833136.0
2024-03-10 04:30:00,0.01443,0.01444,0.01438,0.0144,986717.0
2024-03-10 04:45:00,0.0144,0.01443,0.01439,0.0144,1330606.0
2024-03-10 05:00:00,0.0144,0.01444,0.01439,0.01443,1350663.0
2024-03-10 05:15:00,0.01443,0.01449,0.01442,0.01447,2766959.0
2024-03-10 05:30:00,0.01447,0.01451,0.01444,0.01445,3821409.0
2024-03-10 05:45:00,0.01445,0.01446,0.0144,0.01441,1755010.0
2024-03-10 06:00:00,0.01441,0.01443,0.01438,0.01442,1368402.0
2024-03-10 06:15:00,0.01443,0.01452,0.01442,0.01451,1853362.0
2024-03-10 06:30:00,0.01452,0.01454,0.01449,0.0145,2542986.0
2024-03-10 06:45:00,0.01449,0.01454,0.01447,0.01453,2570601.0
2024-03-10 07:00:00,0.01453,0.01458,0.01451,0.01456,3263147.0
2024-03-10 07:15:00,0.01457,0.01463,0.01455,0.01459,5274850.0
2024-03-10 07:30:00,0.01459,0.01464,0.01455,0.0146,3417417.0
2024-03-10 07:45:00,0.01459,0.01465,0.01456,0.01464,5350854.0
2024-03-10 08:00:00,0.01465,0.01468,0.01456,0.01457,7132151.0
2024-03-10 08:15:00,0.01457,0.01457,0.01453,0.01453,2824330.0
2024-03-10 08:30:00,0.01453,0.01454,0.01445,0.01451,4469007.0
2024-03-10 08:45:00,0.01451,0.01456,0.01449,0.01456,2018340.0
2024-03-10 09:00:00,0.01457,0.01464,0.01452,0.0146,5564976.0
2024-03-10 09:15:00,0.01459,0.01459,0.01435,0.01438,8147639.0
2024-03-10 09:30:00,0.01438,0.0144,0.01401,0.01428,20275942.0
2024-03-10 09:45:00,0.01428,0.01431,0.01409,0.01414,7069892.0
2024-03-10 10:00:00,0.01415,0.01431,0.01412,0.0143,3379051.0
2024-03-10 10:15:00,0.01429,0.01435,0.01427,0.0143,3486453.0
2024-03-10 10:30:00,0.0143,0.01442,0.01428,0.01438,2572164.0
2024-03-10 10:45:00,0.01438,0.01443,0.01435,0.01441,1411551.0
2024-03-10 11:00:00,0.01441,0.01441,0.01429,0.0143,5193820.0
2024-03-10 11:15:00,0.0143,0.01431,0.01423,0.01427,1741575.0
2024-03-10 11:30:00,0.01426,0.01426,0.01414,0.01421,4677474.0
2024-03-10 11:45:00,0.01421,0.01424,0.01417,0.01424,1914483.0
2024-03-10 12:00:00,0.01424,0.01441,0.01424,0.0143,8387079.0
2024-03-10 12:15:00,0.01429,0.01438,0.01423,0.01423,10344344.0
2024-03-10 12:30:00,0.01422,0.01422,0.01392,0.01407,12588215.0
2024-03-10 12:45:00,0.01407,0.01412,0.01404,0.0141,2436969.0
2024-03-10 13:00:00,0.0141,0.01416,0.01409,0.01413,1545468.0
2024-03-10 13:15:00,0.01413,0.01413,0.01404,0.01404,1721035.0
2024-03-10 13:30:00,0.01404,0.01412,0.01403,0.01405,4156425.0
2024-03-10 13:45:00,0.01404,0.01406,0.01383,0.01389,9628803.0
2024-03-10 14:00:00,0.01388,0.01397,0.01386,0.01386,3471438.0
2024-03-10 14:15:00,0.01385,0.01392,0.01384,0.01386,3436641.0
2024-03-10 14:30:00,0.01386,0.01387,0.01359,0.01365,15916760.0
2024-03-10 14:45:00,0.01366,0.01386,0.01366,0.01386,8064987.0
2024-03-10 15:00:00,0.01386,0.01391,0.01384,0.01385,7909861.0
2024-03-10 15:15:00,0.01385,0.01387,0.01374,0.01383,9906443.0
2024-03-10 15:30:00,0.01382,0.01384,0.01376,0.01382,3537758.0
2024-03-10 15:45:00,0.01382,0.01382,0.01376,0.01376,1872126.0
2024-03-10 16:00:00,0.01376,0.01388,0.01376,0.01388,3093008.0
2024-03-10 16:15:00,0.01388,0.01397,0.01388,0.01396,4473861.0
2024-03-10 16:30:00,0.01396,0.01398,0.01392,0.01398,4399260.0
2024-03-10 16:45:00,0.01398,0.01402,0.01392,0.01393,4537332.0
2024-03-10 17:00:00,0.01393,0.01401,0.01391,0.014,3236094.0
2024-03-10 17:15:00,0.01399,0.014,0.01397,0.014,2141305.0
2024-03-10 17:30:00,0.01399,0.01403,0.01397,0.01401,3608685.0
2024-03-10 17:45:00,0.014,0.01403,0.01399,0.01399,3341440.0
2024-03-10 18:00:00,0.01399,0.01401,0.01395,0.014,5899096.0
2024-03-10 18:15:00,0.014,0.014,0.0139,0.01393,2990363.0
2024-03-10 18:30:00,0.01392,0.01393,0.01386,0.01389,5405863.0
2024-03-10 18:45:00,0.01388,0.0139,0.01384,0.01385,2096833.0
2024-03-10 19:00:00,0.01385,0.01388,0.01382,0.01386,1202403.0
2024-03-10 19:15:00,0.01387,0.01389,0.01385,0.01388,1807324.0
2024-03-10 19:30:00,0.01388,0.01394,0.01386,0.01394,660399.0
2024-03-10 19:45:00,0.01393,0.01398,0.01392,0.01395,1196934.0
2024-03-10 20:00:00,0.01395,0.01402,0.01393,0.01402,2868471.0
2024-03-10 20:15:00,0.01402,0.01403,0.01396,0.01397,1762621.0
2024-03-10 20:30:00,0.01398,0.014,0.01396,0.01398,1015966.0
2024-03-10 20:45:00,0.01398,0.01407,0.01397,0.01405,2229388.0
2024-03-10 21:00:00,0.01405,0.01406,0.01404,0.01405,2791898.0
2024-03-10 21:15:00,0.01405,0.01405,0.01398,0.014,2527478.0
2024-03-10 21:30:00,0.014,0.01405,0.01398,0.014,998086.0
2024-03-10 21:45:00,0.014,0.01402,0.01395,0.01396,2553354.0
2024-03-10 22:00:00,0.01397,0.01397,0.0139,0.01392,1775683.0
2024-03-10 22:15:00,0.01392,0.01395,0.01382,0.01391,4252925.0
2024-03-10 22:30:00,0.01391,0.01391,0.01371,0.01375,6600879.0
2024-03-10 22:45:00,0.01376,0.01382,0.0136,0.01375,5561666.0
2024-03-10 23:00:00,0.01376,0.01399,0.01376,0.01399,4501581.0
2024-03-10 23:15:00,0.01399,0.014,0.01391,0.014,1629480.0
2024-03-10 23:30:00,0.01399,0.01404,0.01394,0.01404,1016019.0
2024-03-10 23:45:00,0.01405,0.0141,0.01403,0.01408,2764033.0
2024-03-11 00:00:00,0.01408,0.01412,0.01405,0.01409,2613615.0
2024-03-11 00:15:00,0.01409,0.01412,0.014,0.01401,4355358.0
2024-03-11 00:30:00,0.01401,0.01401,0.01377,0.01377,5701595.0
2024-03-11 00:45:00,0.01378,0.01389,0.01298,0.01364,27748374.0
2024-03-11 01:00:00,0.01365,0.01385,0.01357,0.01381,8343293.0
2024-03-11 01:15:00,0.0138,0.01386,0.0137,0.01372,3649917.0
2024-03-11 01:30:00,0.01372,0.01374,0.01348,0.01357,7166282.0
2024-03-11 01:45:00,0.01354,0.01381,0.01352,0.01371,5445183.0
2024-03-11 02:00:00,0.01372,0.01378,0.01361,0.01374,6102315.0
2024-03-11 02:15:00,0.01374,0.01374,0.01364,0.01367,2842416.0
2024-03-11 02:30:00,0.01368,0.01384,0.01368,0.01377,5615528.0
2024-03-11 02:45:00,0.01377,0.01391,0.01376,0.01387,4977436.0
2024-03-11 03:00:00,0.01386,0.01395,0.0138,0.01393,3582123.0
2024-03-11 03:15:00,0.01393,0.01396,0.0139,0.01393,1201335.0
2024-03-11 03:30:00,0.01393,0.01394,0.01385,0.01387,1435786.0
2024-03-11 03:45:00,0.01388,0.01391,0.01383,0.01389,420723.0
2024-03-11 04:00:00,0.0139,0.01394,0.01387,0.01389,908945.0
2024-03-11 04:15:00,0.01388,0.01389,0.01385,0.01389,1579628.0
2024-03-11 04:30:00,0.01389,0.01393,0.01385,0.01387,975280.0
2024-03-11 04:45:00,0.01388,0.014,0.01386,0.01399,2305283.0
2024-03-11 05:00:00,0.01398,0.01405,0.01397,0.01403,1486078.0
2024-03-11 05:15:00,0.01403,0.01404,0.0139,0.01398,4029941.0
2024-03-11 05:30:00,0.01397,0.01399,0.0139,0.01399,665310.0
2024-03-11 05:45:00,0.014,0.01405,0.01396,0.01398,1676412.0
2024-03-11 06:00:00,0.01398,0.01404,0.01392,0.01393,998131.0
2024-03-11 06:15:00,0.01392,0.01405,0.0139,0.01397,1043288.0
2024-03-11 06:30:00,0.01398,0.01398,0.01391,0.01396,1076444.0
2024-03-11 06:45:00,0.01398,0.01411,0.01395,0.01409,2385295.0
2024-03-11 07:00:00,0.0141,0.01417,0.01404,0.0141,6542799.0
2024-03-11 07:15:00,0.01409,0.01426,0.01398,0.01418,14473281.0
2024-03-11 07:30:00,0.01418,0.01422,0.01406,0.01415,8277734.0
2024-03-11 07:45:00,0.01415,0.01424,0.01414,0.01416,3277272.0
2024-03-11 08:00:00,0.01416,0.01429,0.01412,0.01415,6325003.0
2024-03-11 08:15:00,0.01415,0.01439,0.01414,0.0143,5596124.0
2024-03-11 08:30:00,0.01429,0.01439,0.01425,0.0143,8290363.0
2024-03-11 08:45:00,0.0143,0.01435,0.01425,0.0143,4478960.0
2024-03-11 09:00:00,0.0143,0.01437,0.01427,0.01434,1175869.0
2024-03-11 09:15:00,0.01434,0.01436,0.01426,0.0143,4918914.0
2024-03-11 09:30:00,0.0143,0.01438,0.0143,0.01434,2029853.0
2024-03-11 09:45:00,0.01435,0.0144,0.01431,0.01437,4414371.0
2024-03-11 10:00:00,0.01436,0.01437,0.01429,0.0143,2333906.0
2024-03-11 10:15:00,0.0143,0.01432,0.01426,0.01428,3160554.0
2024-03-11 10:30:00,0.01428,0.01429,0.01422,0.01423,2525020.0
2024-03-11 10:45:00,0.01423,0.01426,0.01415,0.01419,3938861.0
2024-03-11 11:00:00,0.0142,0.01426,0.01419,0.01423,1452658.0
2024-03-11 11:15:00,0.01423,0.01423,0.01416,0.01418,3700057.0
2024-03-11 11:30:00,0.01418,0.01426,0.01415,0.01424,2350180.0
2024-03-11 11:45:00,0.01424,0.01424,0.01404,0.01412,3593357.0
2024-03-11 12:00:00,0.01412,0.01419,0.01407,0.01418,1877327.0
2024-03-11 12:15:00,0.01419,0.01419,0.01413,0.01419,1786659.0
2024-03-11 12:30:00,0.01419,0.01425,0.01417,0.01418,3743316.0
2024-03-11 12:45:00,0.01418,0.01428,0.01418,0.01427,4018107.0
2024-03-11 13:00:00,0.01426,0.01426,0.01418,0.01418,2037287.0
2024-03-11 13:15:00,0.01419,0.0142,0.0141,0.01411,2957559.0
2024-03-11 13:30:00,0.01412,0.01415,0.01407,0.0141,2512031.0
2024-03-11 13:45:00,0.0141,0.01411,0.01392,0.01401,5713673.0
2024-03-11 14:00:00,0.01402,0.01414,0.01402,0.01412,2789605.0
2024-03-11 14:15:00,0.01411,0.01414,0.01396,0.01407,9523649.0
2024-03-11 14:30:00,0.01407,0.01407,0.01397,0.01398,2880523.0
2024-03-11 14:45:00,0.01398,0.01405,0.01396,0.01403,2220565.0
2024-03-11 15:00:00,0.01403,0.01407,0.01398,0.01405,1888611.0
2024-03-11 15:15:00,0.01405,0.01422,0.01401,0.01419,4746606.0
2024-03-11 15:30:00,0.0142,0.0142,0.01412,0.01413,2634188.0
2024-03-11 15:45:00,0.01414,0.01415,0.01397,0.01398,4613249.0
2024-03-11 16:00:00,0.01398,0.01405,0.01387,0.01392,6387568.0
2024-03-11 16:15:00,0.01392,0.01394,0.01375,0.01378,6826878.0
2024-03-11 16:30:00,0.01381,0.0139,0.0138,0.01385,3600984.0
2024-03-11 16:45:00,0.01386,0.01394,0.01386,0.01391,1543508.0
2024-03-11 17:00:00,0.01392,0.01393,0.01381,0.01385,3784388.0
2024-03-11 17:15:00,0.01385,0.01391,0.01381,0.01388,1270655.0
2024-03-11 17:30:00,0.01388,0.0139,0.01384,0.01386,628172.0
2024-03-11 17:45:00,0.01386,0.01391,0.01385,0.01389,598366.0
2024-03-11 18:00:00,0.01389,0.01393,0.01386,0.01391,1573580.0
2024-03-11 18:15:00,0.01392,0.01403,0.01392,0.01398,1064486.0
2024-03-11 18:30:00,0.01397,0.01397,0.01389,0.01392,3519639.0
2024-03-11 18:45:00,0.01393,0.01395,0.01389,0.01395,755076.0
2024-03-11 19:00:00,0.01394,0.01395,0.01392,0.01393,1750955.0
2024-03-11 19:15:00,0.01393,0.01394,0.01389,0.01392,488631.0
2024-03-11 19:30:00,0.01392,0.01395,0.01388,0.01395,1508298.0
2024-03-11 19:45:00,0.01395,0.01397,0.01389,0.01391,1392575.0
2024-03-11 20:00:00,0.01392,0.01398,0.01389,0.01397,1018087.0
2024-03-11 20:15:00,0.01396,0.014,0.01392,0.01398,3662050.0
2024-03-11 20:30:00,0.01397,0.01401,0.01397,0.014,523519.0
2024-03-11 20:45:00,0.014,0.014,0.01397,0.01399,811186.0
2024-03-11 21:00:00,0.014,0.01404,0.01396,0.01403,1690119.0
2024-03-11 21:15:00,0.01403,0.01409,0.014,0.01407,2496623.0
2024-03-11 21:30:00,0.01408,0.01415,0.01407,0.01411,2255482.0
2024-03-11 21:45:00,0.01411,0.01412,0.01408,0.01408,1781836.0
2024-03-11 22:00:00,0.01409,0.01409,0.01402,0.01403,1090064.0
2024-03-11 22:15:00,0.01404,0.01405,0.014,0.01403,615995.0
2024-03-11 22:30:00,0.01402,0.01403,0.01398,0.014,1143522.0
2024-03-11 22:45:00,0.01401,0.01402,0.01399,0.01402,1237968.0
2024-03-11 23:00:00,0.01403,0.01406,0.014,0.01406,1264817.0
2024-03-11 23:15:00,0.01407,0.0141,0.01404,0.01409,744929.0
2024-03-11 23:30:00,0.01409,0.01418,0.01409,0.01409,2431046.0
2024-03-11 23:45:00,0.0141,0.01414,0.01408,0.01412,1154961.0
2024-03-12 00:00:00,0.01411,0.01413,0.01404,0.01404,2447445.0
2024-03-12 00:15:00,0.01405,0.01409,0.01401,0.01408,4900955.0
2024-03-12 00:30:00,0.01407,0.01414,0.01407,0.01413,442128.0
2024-03-12 00:45:00,0.01413,0.01413,0.01406,0.01408,2125432.0
2024-03-12 01:00:00,0.01408,0.0141,0.01403,0.01407,2263700.0
2024-03-12 01:15:00,0.01407,0.01418,0.01407,0.01417,2314916.0
2024-03-12 01:30:00,0.01416,0.01431,0.01416,0.01423,12564572.0
2024-03-12 01:45:00,0.01423,0.01423,0.01417,0.01418,1498119.0
2024-03-12 02:00:00,0.01418,0.01422,0.01415,0.01418,1506240.0
2024-03-12 02:15:00,0.01418,0.01432,0.01417,0.01429,2998939.0
2024-03-12 02:30:00,0.0143,0.01451,0.01427,0.01444,11254517.0
2024-03-12 02:45:00,0.01443,0.01446,0.01438,0.01443,3961026.0
2024-03-12 03:00:00,0.01442,0.01449,0.01438,0.0144,5098726.0
2024-03-12 03:15:00,0.01439,0.01449,0.01438,0.01448,4326712.0
2024-03-12 03:30:00,0.01447,0.01458,0.0144,0.01447,6682150.0
2024-03-12 03:45:00,0.01447,0.01456,0.01437,0.01444,4027388.0
2024-03-12 04:00:00,0.01445,0.01447,0.01418,0.01445,7727974.0
2024-03-12 04:15:00,0.01445,0.01463,0.01444,0.01453,5777694.0
2024-03-12 04:30:00,0.01452,0.01452,0.01436,0.01436,3084698.0
2024-03-12 04:45:00,0.01436,0.01436,0.01427,0.01429,1589833.0
2024-03-12 05:00:00,0.01429,0.01434,0.01424,0.0143,1719203.0
2024-03-12 05:15:00,0.0143,0.01432,0.01427,0.01428,350398.0
2024-03-12 05:30:00,0.01429,0.0143,0.01418,0.01422,2827634.0
2024-03-12 05:45:00,0.01422,0.01431,0.0142,0.01431,747199.0
2024-03-12 06:00:00,0.0143,0.0143,0.01409,0.01411,4445468.0
2024-03-12 06:15:00,0.0141,0.01421,0.01404,0.01404,3898438.0
2024-03-12 06:30:00,0.01403,0.01414,0.01393,0.01401,8870244.0
2024-03-12 06:45:00,0.01401,0.01428,0.01398,0.01422,4103906.0
2024-03-12 07:00:00,0.01423,0.0143,0.01417,0.0143,2567449.0
2024-03-12 07:15:00,0.0143,0.01443,0.01427,0.01431,4807983.0
2024-03-12 07:30:00,0.0143,0.01441,0.01419,0.01426,8327298.0
2024-03-12 07:45:00,0.01426,0.01454,0.01425,0.01446,21076926.0
2024-03-12 08:00:00,0.01445,0.01469,0.0143,0.01432,38420026.0
2024-03-12 08:15:00,0.01432,0.01461,0.01403,0.01412,26041365.0
2024-03-12 08:30:00,0.01412,0.01493,0.01412,0.01464,104194453.0
2024-03-12 08:45:00,0.01463,0.0148,0.01429,0.0143,43028101.0
2024-03-12 09:00:00,0.0143,0.0143,0.01408,0.01409,25241643.0
2024-03-12 09:15:00,0.01409,0.01441,0.01409,0.01439,7557931.0
2024-03-12 09:30:00,0.01438,0.01438,0.01425,0.01431,8034164.0
2024-03-12 09:45:00,0.0143,0.01435,0.01417,0.01417,9821483.0
2024-03-12 10:00:00,0.01417,0.01449,0.01416,0.01436,10429417.0
2024-03-12 10:15:00,0.01437,0.0144,0.0142,0.01425,6236552.0
2024-03-12 10:30:00,0.01425,0.01432,0.01416,0.0142,2804745.0
2024-03-12 10:45:00,0.01421,0.01431,0.01415,0.01418,4791866.0
2024-03-12 11:00:00,0.01419,0.01421,0.01413,0.01415,6432982.0
2024-03-12 11:15:00,0.01414,0.01427,0.01409,0.01421,6864995.0
2024-03-12 11:30:00,0.01421,0.01421,0.01408,0.01409,4377122.0
2024-03-12 11:45:00,0.01409,0.01413,0.014,0.01401,7215344.0
2024-03-12 12:00:00,0.01402,0.01404,0.01375,0.0138,15637042.0
2024-03-12 12:15:00,0.0138,0.01384,0.0136,0.01363,14885892.0
2024-03-12 12:30:00,0.01362,0.01398,0.01358,0.01395,6966813.0
2024-03-12 12:45:00,0.01395,0.01411,0.01395,0.01407,4777466.0
2024-03-12 13:00:00,0.01408,0.01413,0.01403,0.0141,4218578.0
2024-03-12 13:15:00,0.01409,0.01417,0.01401,0.01414,6736190.0
2024-03-12 13:30:00,0.01413,0.01419,0.01405,0.0141,7429032.0
2024-03-12 13:45:00,0.01412,0.01416,0.01403,0.01416,2609152.0
2024-03-12 14:00:00,0.01416,0.01428,0.01395,0.01398,10933419.0
2024-03-12 14:15:00,0.01397,0.0141,0.01394,0.01408,6292144.0
2024-03-12 14:30:00,0.01408,0.01423,0.01408,0.01421,5007690.0
2024-03-12 14:45:00,0.01421,0.01427,0.01405,0.01406,3712394.0
2024-03-12 15:00:00,0.01407,0.01429,0.01393,0.0142,10017860.0
2024-03-12 15:15:00,0.01421,0.01429,0.01418,0.01424,3890608.0
2024-03-12 15:30:00,0.01423,0.01439,0.01421,0.01433,9620203.0
2024-03-12 15:45:00,0.01432,0.01446,0.0142,0.01437,18753307.0
2024-03-12 16:00:00,0.01437,0.01443,0.01427,0.01439,7478024.0
2024-03-12 16:15:00,0.01439,0.01447,0.01404,0.01421,15318324.0
2024-03-12 16:30:00,0.01422,0.01435,0.0141,0.01415,8585487.0
2024-03-12 16:45:00,0.01414,0.01426,0.01393,0.01395,21270309.0
2024-03-12 17:00:00,0.01394,0.01407,0.0137,0.01382,24086305.0
2024-03-12 17:15:00,0.01382,0.01387,0.01327,0.0136,36851564.0
2024-03-12 17:30:00,0.0136,0.01414,0.0136,0.01413,22383082.0
2024-03-12 17:45:00,0.01413,0.01425,0.01409,0.01424,9669383.0
2024-03-12 18:00:00,0.01425,0.01431,0.01418,0.01424,9640789.0
2024-03-12 18:15:00,0.01424,0.01434,0.01422,0.01423,2889340.0
2024-03-12 18:30:00,0.01423,0.01434,0.01421,0.01426,5140361.0
2024-03-12 18:45:00,0.01426,0.01434,0.01425,0.0143,1608758.0
2024-03-12 19:00:00,0.0143,0.01435,0.01424,0.01432,3898571.0
2024-03-12 19:15:00,0.01432,0.01438,0.01429,0.01433,4738745.0
2024-03-12 19:30:00,0.01435,0.01436,0.01429,0.01431,1697852.0
2024-03-12 19:45:00,0.01432,0.0144,0.01432,0.01438,2706085.0
2024-03-12 20:00:00,0.01437,0.01444,0.01434,0.01443,4017612.0
2024-03-12 20:15:00,0.01443,0.0146,0.01436,0.0144,10180939.0
2024-03-12 20:30:00,0.0144,0.0144,0.01426,0.01434,3062656.0
2024-03-12 20:45:00,0.01434,0.01434,0.01422,0.01428,1504128.0
2024-03-12 21:00:00,0.01429,0.01432,0.01421,0.01422,2611931.0
2024-03-12 21:15:00,0.01423,0.01431,0.01417,0.01429,5220076.0
2024-03-12 21:30:00,0.01429,0.01433,0.01422,0.0143,2940838.0
2024-03-12 21:45:00,0.0143,0.01441,0.01424,0.01436,7563712.0
2024-03-12 22:00:00,0.01437,0.01442,0.01429,0.01437,2647717.0
2024-03-12 22:15:00,0.01437,0.0144,0.01434,0.01437,1080352.0
2024-03-12 22:30:00,0.01437,0.01443,0.01432,0.01442,4791349.0
2024-03-12 22:45:00,0.01441,0.01445,0.01439,0.01441,1159605.0
2024-03-12 23:00:00,0.01441,0.01444,0.01438,0.01441,1533644.0
2024-03-12 23:15:00,0.01441,0.01446,0.01441,0.01444,901520.0
2024-03-12 23:30:00,0.01444,0.01459,0.01443,0.01455,9540333.0
2024-03-12 23:45:00,0.01455,0.01456,0.0145,0.01451,931783.0
2024-03-13 00:00:00,0.01451,0.01451,0.01438,0.0144,3471127.0
2024-03-13 00:15:00,0.0144,0.01446,0.01438,0.01444,2320690.0
2024-03-13 00:30:00,0.01445,0.01449,0.0144,0.01446,2292533.0
2024-03-13 00:45:00,0.01445,0.01449,0.01443,0.01447,1125724.0
2024-03-13 01:00:00,0.01446,0.01468,0.01444,0.0146,8178185.0
2024-03-13 01:15:00,0.01459,0.0146,0.01436,0.01458,6984023.0
2024-03-13 01:30:00,0.01459,0.01469,0.01459,0.01467,3031442.0
2024-03-13 01:45:00,0.01467,0.0149,0.01466,0.01477,10328175.0
2024-03-13 02:00:00,0.01477,0.01495,0.01474,0.01486,7074148.0
2024-03-13 02:15:00,0.01486,0.01489,0.01469,0.01472,10024614.0
2024-03-13 02:30:00,0.01471,0.01471,0.01463,0.01465,6906067.0
2024-03-13 02:45:00,0.01465,0.01468,0.01462,0.01462,1679455.0
2024-03-13 03:00:00,0.01463,0.01466,0.01458,0.01466,2910651.0
2024-03-13 03:15:00,0.01465,0.01467,0.01459,0.01459,1554704.0
2024-03-13 03:30:00,0.01459,0.01465,0.01456,0.01464,2506057.0
2024-03-13 03:45:00,0.01464,0.01471,0.01461,0.01466,3193887.0
2024-03-13 04:00:00,0.01465,0.0147,0.01459,0.01465,2459508.0
2024-03-13 04:15:00,0.01465,0.01465,0.01454,0.01455,1895357.0
2024-03-13 04:30:00,0.01455,0.01458,0.0145,0.01454,6570220.0
2024-03-13 04:45:00,0.01453,0.01457,0.01449,0.01456,3577659.0
2024-03-13 05:00:00,0.01455,0.01456,0.01444,0.01455,10115058.0
2024-03-13 05:15:00,0.01455,0.01462,0.01454,0.01458,1983250.0
2024-03-13 05:30:00,0.01457,0.01461,0.01455,0.01455,1571049.0
2024-03-13 05:45:00,0.01456,0.01457,0.01449,0.01449,1629137.0
2024-03-13 06:00:00,0.01449,0.01456,0.01448,0.01454,1764277.0
2024-03-13 06:15:00,0.01454,0.01459,0.01452,0.01459,1502316.0
2024-03-13 06:30:00,0.01457,0.01462,0.01456,0.0146,1644738.0
2024-03-13 06:45:00,0.0146,0.01469,0.0146,0.01468,2521950.0
2024-03-13 07:00:00,0.01469,0.01474,0.01467,0.01473,2194183.0
2024-03-13 07:15:00,0.01472,0.01477,0.01469,0.01471,2945089.0
2024-03-13 07:30:00,0.01471,0.01472,0.01463,0.01465,3834836.0
2024-03-13 07:45:00,0.01466,0.0147,0.01461,0.01464,1726562.0
2024-03-13 08:00:00,0.01464,0.01468,0.01461,0.01465,4781476.0
2024-03-13 08:15:00,0.01465,0.01468,0.01461,0.01467,3105005.0
2024-03-13 08:30:00,0.01467,0.01468,0.01463,0.01465,1607274.0
2024-03-13 08:45:00,0.01465,0.01474,0.01465,0.01471,7920875.0
2024-03-13 09:00:00,0.01472,0.01472,0.01467,0.01469,1851354.0
2024-03-13 09:15:00,0.0147,0.01471,0.01463,0.01466,5379442.0
2024-03-13 09:30:00,0.01466,0.01468,0.01459,0.01462,5549312.0
2024-03-13 09:45:00,0.01462,0.01463,0.01457,0.0146,1405089.0
2024-03-13 10:00:00,0.0146,0.01462,0.0144,0.01448,8447466.0
2024-03-13 10:15:00,0.01449,0.01449,0.01432,0.01436,7783464.0
2024-03-13 10:30:00,0.01436,0.01445,0.01436,0.01444,2793896.0
2024-03-13 10:45:00,0.01444,0.01453,0.01444,0.01453,1844095.0
2024-03-13 11:00:00,0.01453,0.01454,0.01446,0.01448,6742151.0
2024-03-13 11:15:00,0.01448,0.01451,0.01445,0.01449,2588161.0
2024-03-13 11:30:00,0.01449,0.0145,0.01446,0.01449,1471191.0
2024-03-13 11:45:00,0.01449,0.01449,0.01442,0.01448,1524258.0
2024-03-13 12:00:00,0.01448,0.01475,0.01448,0.01464,10231861.0
2024-03-13 12:15:00,0.01464,0.01477,0.01457,0.01468,7402222.0
2024-03-13 12:30:00,0.01469,0.01473,0.01455,0.01471,4264833.0
2024-03-13 12:45:00,0.01472,0.01479,0.0147,0.01474,3892499.0
2024-03-13 13:00:00,0.01474,0.01496,0.01463,0.01486,14274650.0
2024-03-13 13:15:00,0.01485,0.01491,0.01474,0.01478,9292067.0
2024-03-13 13:30:00,0.01479,0.0148,0.01464,0.01474,9351587.0
2024-03-13 13:45:00,0.01473,0.01482,0.0145,0.0147,9658009.0
2024-03-13 14:00:00,0.0147,0.01495,0.0147,0.01482,10348327.0
2024-03-13 14:15:00,0.01482,0.01485,0.01467,0.01467,5444610.0
2024-03-13 14:30:00,0.01467,0.0147,0.01449,0.01462,7392197.0
2024-03-13 14:45:00,0.01462,0.01463,0.01434,0.01446,11179866.0
2024-03-13 15:00:00,0.01445,0.01458,0.01438,0.01458,3758684.0
2024-03-13 15:15:00,0.01458,0.01469,0.01457,0.01464,4131386.0
2024-03-13 15:30:00,0.01464,0.01468,0.01457,0.01458,3753703.0
2024-03-13 15:45:00,0.01458,0.01461,0.01452,0.01454,6128851.0
2024-03-13 16:00:00,0.01455,0.01456,0.01444,0.01448,3539256.0
2024-03-13 16:15:00,0.01448,0.0147,0.01448,0.0147,2298987.0
2024-03-13 16:30:00,0.01469,0.0147,0.01455,0.01459,2188106.0
2024-03-13 16:45:00,0.01459,0.01461,0.01453,0.0146,589922.0
2024-03-13 17:00:00,0.01459,0.0147,0.01459,0.01461,2476729.0
2024-03-13 17:15:00,0.01461,0.01462,0.01455,0.01459,1818100.0
2024-03-13 17:30:00,0.01459,0.01477,0.01459,0.01472,6380507.0
2024-03-13 17:45:00,0.01472,0.01477,0.01464,0.0147,8944470.0
2024-03-13 18:00:00,0.01469,0.01481,0.01466,0.01481,4089712.0
2024-03-13 18:15:00,0.01481,0.01486,0.01474,0.01484,4577433.0
2024-03-13 18:30:00,0.01484,0.01489,0.01481,0.01485,4584874.0
2024-03-13 18:45:00,0.01486,0.01488,0.01481,0.01485,1999054.0
2024-03-13 19:00:00,0.01484,0.01485,0.01476,0.01481,3488529.0
2024-03-13 19:15:00,0.01482,0.01484,0.01475,0.01476,2268177.0
2024-03-13 19:30:00,0.01476,0.01478,0.01469,0.0147,2067702.0
2024-03-13 19:45:00,0.0147,0.01481,0.01468,0.01479,3168688.0
2024-03-13 20:00:00,0.01479,0.01481,0.0147,0.01478,4148744.0
2024-03-13 20:15:00,0.01478,0.01478,0.01471,0.01474,1496407.0
2024-03-13 20:30:00,0.01474,0.01474,0.01461,0.01469,4094215.0
2024-03-13 20:45:00,0.0147,0.01476,0.01465,0.01472,2440484.0
2024-03-13 21:00:00,0.01472,0.01475,0.01468,0.01471,1886918.0
2024-03-13 21:15:00,0.01472,0.01476,0.0147,0.01476,2122288.0
2024-03-13 21:30:00,0.01476,0.01491,0.01472,0.0149,3937543.0
2024-03-13 21:45:00,0.0149,0.01495,0.01482,0.01494,4515826.0
2024-03-13 22:00:00,0.01495,0.01503,0.01488,0.01498,4232298.0
2024-03-13 22:15:00,0.01498,0.01515,0.01498,0.015,9154719.0
2024-03-13 22:30:00,0.015,0.01509,0.01497,0.01499,3833382.0
2024-03-13 22:45:00,0.01499,0.015,0.01493,0.01497,6487571.0
2024-03-13 23:00:00,0.01497,0.015,0.01495,0.01498,2713520.0
2024-03-13 23:15:00,0.01498,0.01498,0.01489,0.01491,2885354.0
2024-03-13 23:30:00,0.01491,0.01494,0.01488,0.01493,1270946.0
2024-03-13 23:45:00,0.01494,0.01494,0.01486,0.01491,4009055.0
2024-03-14 00:00:00,0.01491,0.01492,0.01482,0.01486,1674725.0
2024-03-14 00:15:00,0.01487,0.01495,0.01485,0.01493,3045067.0
2024-03-14 00:30:00,0.01493,0.01494,0.01485,0.01487,2156583.0
2024-03-14 00:45:00,0.01487,0.0149,0.01478,0.0148,2319432.0
2024-03-14 01:00:00,0.0148,0.01498,0.01476,0.01494,8338174.0
2024-03-14 01:15:00,0.01495,0.01502,0.0149,0.01499,5633439.0
2024-03-14 01:30:00,0.01499,0.01503,0.01493,0.01496,3805968.0
2024-03-14 01:45:00,0.01496,0.01499,0.01489,0.01497,1341504.0
2024-03-14 02:00:00,0.01496,0.01496,0.01492,0.01493,949438.0
2024-03-14 02:15:00,0.01493,0.01505,0.01493,0.01498,5558561.0
2024-03-14 02:30:00,0.01498,0.01501,0.01494,0.01498,2592950.0
2024-03-14 02:45:00,0.01498,0.015,0.01485,0.01485,3022234.0
2024-03-14 03:00:00,0.01486,0.01488,0.01478,0.01484,4383291.0
2024-03-14 03:15:00,0.01484,0.01486,0.01468,0.01472,3900062.0
2024-03-14 03:30:00,0.01473,0.01474,0.01463,0.01467,3533112.0
2024-03-14 03:45:00,0.01467,0.01479,0.01466,0.01477,1677996.0
2024-03-14 04:00:00,0.01477,0.01477,0.01462,0.01468,3699901.0
2024-03-14 04:15:00,0.01466,0.0147,0.01461,0.01467,2062131.0
2024-03-14 04:30:00,0.01467,0.0147,0.01452,0.01458,4052486.0
2024-03-14 04:45:00,0.01458,0.01462,0.01446,0.01451,4368318.0
2024-03-14 05:00:00,0.01451,0.01459,0.01447,0.0145,3382012.0
2024-03-14 05:15:00,0.0145,0.01459,0.01449,0.01454,1271943.0
2024-03-14 05:30:00,0.01454,0.01461,0.01452,0.01459,1253308.0
2024-03-14 05:45:00,0.01458,0.01463,0.01457,0.01457,1779154.0
2024-03-14 06:00:00,0.01456,0.01456,0.01447,0.0145,3517360.0
2024-03-14 06:15:00,0.0145,0.01458,0.01448,0.01458,996848.0
2024-03-14 06:30:00,0.01459,0.01459,0.01445,0.01446,2948726.0
2024-03-14 06:45:00,0.01446,0.01446,0.01441,0.01445,1898300.0
2024-03-14 07:00:00,0.01445,0.01446,0.0144,0.01445,2397323.0
2024-03-14 07:15:00,0.01445,0.01445,0.0143,0.01432,4317224.0
2024-03-14 07:30:00,0.01432,0.01438,0.01429,0.01436,1471245.0
2024-03-14 07:45:00,0.01436,0.01445,0.01436,0.01441,1697844.0
2024-03-14 08:00:00,0.01441,0.01444,0.01437,0.01437,1467918.0
2024-03-14 08:15:00,0.01438,0.01444,0.01435,0.01443,1845308.0
2024-03-14 08:30:00,0.01443,0.01445,0.01437,0.01438,1887060.0
2024-03-14 08:45:00,0.01438,0.0144,0.01435,0.01435,981341.0
2024-03-14 09:00:00,0.01434,0.01444,0.01432,0.01444,1149487.0
2024-03-14 09:15:00,0.01444,0.01452,0.01442,0.01449,3661022.0
2024-03-14 09:30:00,0.01449,0.01451,0.0144,0.01443,1558578.0
2024-03-14 09:45:00,0.01444,0.01448,0.0144,0.01448,2700179.0
2024-03-14 10:00:00,0.01448,0.01452,0.01443,0.01443,2331652.0
2024-03-14 10:15:00,0.01443,0.01445,0.01438,0.0144,2516513.0
2024-03-14 10:30:00,0.01441,0.01445,0.01437,0.01444,2054427.0
2024-03-14 10:45:00,0.01444,0.01446,0.01421,0.01425,7487742.0
2024-03-14 11:00:00,0.01425,0.0143,0.01398,0.01401,14337399.0
2024-03-14 11:15:00,0.01401,0.01412,0.01393,0.01406,5049040.0
2024-03-14 11:30:00,0.01406,0.01408,0.01402,0.01406,5100428.0
2024-03-14 11:45:00,0.01406,0.01415,0.01405,0.01414,2089160.0
2024-03-14 12:00:00,0.01414,0.01426,0.01411,0.01422,3202389.0
2024-03-14 12:15:00,0.01422,0.01422,0.01405,0.01411,3944508.0
2024-03-14 12:30:00,0.01411,0.01412,0.01403,0.01407,2520670.0
2024-03-14 12:45:00,0.01407,0.01409,0.01401,0.01406,3218866.0
2024-03-14 13:00:00,0.01408,0.01413,0.0139,0.01393,5810232.0
2024-03-14 13:15:00,0.01394,0.01398,0.01388,0.01389,2255477.0
2024-03-14 13:30:00,0.0139,0.01393,0.01368,0.01376,10903877.0
2024-03-14 13:45:00,0.01376,0.01379,0.01347,0.01365,22619564.0
2024-03-14 14:00:00,0.01365,0.0139,0.01364,0.01386,10199571.0
2024-03-14 14:15:00,0.01387,0.01407,0.01387,0.01402,6927375.0
2024-03-14 14:30:00,0.01402,0.01402,0.01379,0.01388,7419826.0
2024-03-14 14:45:00,0.01388,0.01395,0.01379,0.01386,7376081.0
2024-03-14 15:00:00,0.01385,0.01396,0.01383,0.01392,6975943.0
2024-03-14 15:15:00,0.01392,0.01393,0.0136,0.01366,10633043.0
2024-03-14 15:30:00,0.01366,0.01376,0.01355,0.01366,5300798.0
2024-03-14 15:45:00,0.01367,0.01377,0.01367,0.01367,1738034.0
2024-03-14 16:00:00,0.01367,0.01378,0.01345,0.01355,13303959.0
2024-03-14 16:15:00,0.01355,0.01369,0.01348,0.01358,7251179.0
2024-03-14 16:30:00,0.01357,0.01388,0.01352,0.01383,7972757.0
2024-03-14 16:45:00,0.01383,0.01394,0.01383,0.01394,2835863.0
2024-03-14 17:00:00,0.01393,0.01395,0.01384,0.01393,2346096.0
2024-03-14 17:15:00,0.01394,0.01395,0.01382,0.01383,2129313.0
2024-03-14 17:30:00,0.01383,0.01392,0.01381,0.01385,2345490.0
2024-03-14 17:45:00,0.01386,0.01397,0.01377,0.01394,2928488.0
2024-03-14 18:00:00,0.01394,0.01394,0.01376,0.01378,6380647.0
2024-03-14 18:15:00,0.01379,0.01388,0.01375,0.01385,3837376.0
2024-03-14 18:30:00,0.01384,0.01385,0.01372,0.01375,2287771.0
2024-03-14 18:45:00,0.01375,0.01375,0.0135,0.01366,12211718.0
2024-03-14 19:00:00,0.01365,0.01372,0.01356,0.01357,3859772.0
2024-03-14 19:15:00,0.01358,0.01367,0.01342,0.01343,4127360.0
