datetime,open,high,low,close,volume
2021-10-05 04:00:00,2.951,4.19,2.951,3.786,6473465.2
2021-10-05 08:00:00,3.789,4.0,3.577,3.651,3868396.2
2021-10-05 12:00:00,3.653,3.974,3.45,3.604,5552440.0
2021-10-05 16:00:00,3.603,5.437,3.603,4.592,18706019.5
2021-10-05 20:00:00,4.597,5.278,4.457,4.73,7447084.0
2021-10-06 00:00:00,4.732,4.817,4.35,4.514,3862011.1
2021-10-06 04:00:00,4.516,4.755,4.368,4.393,3601234.9
2021-10-06 08:00:00,4.394,4.47,4.005,4.127,4514711.1
2021-10-06 12:00:00,4.128,4.867,4.111,4.666,4687254.9
2021-10-06 16:00:00,4.67,5.19,4.35,4.368,4780187.3
2021-10-06 20:00:00,4.37,4.527,4.25,4.37,967638.7
2021-10-07 00:00:00,4.372,4.372,3.885,4.06,2723516.0
2021-10-07 04:00:00,4.06,4.399,3.951,4.225,1939617.2
2021-10-07 08:00:00,4.22,4.378,4.017,4.137,1767568.6
2021-10-07 12:00:00,4.136,4.212,4.002,4.066,1400490.4
2021-10-07 16:00:00,4.067,4.07,3.691,3.725,1778830.4
2021-10-07 20:00:00,3.724,3.85,3.69,3.809,1001707.6
2021-10-08 00:00:00,3.814,4.075,3.74,3.864,1842925.2
2021-10-08 04:00:00,3.864,3.978,3.807,3.882,820156.7
2021-10-08 08:00:00,3.874,4.0,3.7,3.704,1245939.0
2021-10-08 12:00:00,3.706,3.9,3.7,3.798,1425396.6
2021-10-08 16:00:00,3.797,3.85,3.73,3.759,484775.0
2021-10-08 20:00:00,3.759,3.759,3.534,3.672,863914.2
2021-10-09 00:00:00,3.674,4.08,3.598,3.916,2734359.0
2021-10-09 04:00:00,3.916,4.144,3.882,3.942,1757405.1
2021-10-09 08:00:00,3.937,4.01,3.82,3.85,851780.5
2021-10-09 12:00:00,3.849,3.942,3.781,3.806,637879.9
2021-10-09 16:00:00,3.806,3.806,3.61,3.652,1079187.2
2021-10-09 20:00:00,3.659,3.749,3.623,3.707,233319.4
2021-10-10 00:00:00,3.711,3.783,3.597,3.751,798197.9
2021-10-10 04:00:00,3.746,3.864,3.672,3.76,546431.3
2021-10-10 08:00:00,3.76,3.78,3.518,3.61,1160005.7
2021-10-10 12:00:00,3.61,3.67,3.541,3.662,633866.8
2021-10-10 16:00:00,3.66,3.664,3.525,3.618,476959.5
2021-10-10 20:00:00,3.618,3.625,3.404,3.451,446900.6
2021-10-11 00:00:00,3.45,3.6,3.382,3.56,547671.6
2021-10-11 04:00:00,3.558,3.699,3.465,3.624,980163.0
2021-10-11 08:00:00,3.624,4.23,3.62,3.843,3665408.7
2021-10-11 12:00:00,3.851,3.95,3.741,3.909,1449407.0
2021-10-11 16:00:00,3.905,3.911,3.71,3.713,617258.0
2021-10-11 20:00:00,3.71,3.817,3.65,3.793,458158.2
2021-10-12 00:00:00,3.792,3.824,3.5,3.595,1580817.2
2021-10-12 04:00:00,3.604,3.659,3.503,3.545,483177.6
2021-10-12 08:00:00,3.549,3.636,3.41,3.497,631466.0
2021-10-12 12:00:00,3.498,3.578,3.4,3.539,729649.3
2021-10-12 16:00:00,3.542,3.578,3.44,3.551,441177.7
2021-10-12 20:00:00,3.555,3.576,3.443,3.545,219823.3
2021-10-13 00:00:00,3.541,3.699,3.541,3.587,479275.7
2021-10-13 04:00:00,3.587,3.691,3.265,3.323,1345542.3
2021-10-13 08:00:00,3.328,3.517,3.27,3.417,813098.1
2021-10-13 12:00:00,3.421,3.593,3.309,3.435,933172.4
2021-10-13 16:00:00,3.443,3.543,3.416,3.477,579318.0
2021-10-13 20:00:00,3.477,3.496,3.408,3.477,378626.9
2021-10-14 00:00:00,3.472,3.62,3.452,3.514,767520.3
2021-10-14 04:00:00,3.514,3.778,3.506,3.735,1270729.8
2021-10-14 08:00:00,3.733,3.989,3.669,3.676,2062639.0
2021-10-14 12:00:00,3.68,3.801,3.659,3.712,569093.5
2021-10-14 16:00:00,3.714,3.733,3.6,3.65,473931.3
2021-10-14 20:00:00,3.65,3.701,3.627,3.661,129103.8
2021-10-15 00:00:00,3.661,3.667,3.542,3.626,592903.5
2021-10-15 04:00:00,3.63,3.85,3.63,3.69,711747.1
2021-10-15 08:00:00,3.69,3.701,3.511,3.546,904017.7
2021-10-15 12:00:00,3.546,3.625,3.53,3.573,412821.7
2021-10-15 16:00:00,3.57,3.681,3.478,3.502,626159.7
2021-10-15 20:00:00,3.504,3.651,3.475,3.578,300435.3
2021-10-16 00:00:00,3.578,3.585,3.488,3.521,241622.4
2021-10-16 04:00:00,3.521,3.566,3.494,3.553,256797.3
2021-10-16 08:00:00,3.553,3.654,3.544,3.637,424100.5
2021-10-16 12:00:00,3.629,3.705,3.52,3.608,788302.5
2021-10-16 16:00:00,3.613,3.81,3.584,3.632,853990.4
2021-10-16 20:00:00,3.632,3.719,3.595,3.711,257179.6
2021-10-17 00:00:00,3.716,3.9,3.639,3.754,1398527.9
2021-10-17 04:00:00,3.757,4.139,3.757,3.953,2338812.2
2021-10-17 08:00:00,3.951,3.984,3.762,3.774,882160.5
2021-10-17 12:00:00,3.777,3.937,3.75,3.832,545775.8
2021-10-17 16:00:00,3.836,3.836,3.721,3.758,460428.0
2021-10-17 20:00:00,3.757,3.85,3.666,3.847,409358.3
2021-10-18 00:00:00,3.843,4.06,3.8,3.883,838767.6
2021-10-18 04:00:00,3.883,3.905,3.777,3.777,432801.3
2021-10-18 08:00:00,3.777,3.806,3.683,3.718,535157.3
2021-10-18 12:00:00,3.713,3.718,3.599,3.654,462017.7
2021-10-18 16:00:00,3.655,3.658,3.584,3.617,193244.2
2021-10-18 20:00:00,3.617,3.697,3.606,3.641,170130.5
2021-10-19 00:00:00,3.642,3.68,3.552,3.672,238519.9
2021-10-19 04:00:00,3.675,3.686,3.58,3.613,158502.6
2021-10-19 08:00:00,3.613,3.653,3.582,3.616,156494.3
2021-10-19 12:00:00,3.613,3.64,3.55,3.595,270653.7
2021-10-19 16:00:00,3.592,3.71,3.57,3.639,445330.9
2021-10-19 20:00:00,3.639,3.696,3.6,3.623,161636.4
2021-10-20 00:00:00,3.623,3.63,3.553,3.561,226871.3
2021-10-20 04:00:00,3.555,3.592,3.454,3.503,841686.2
2021-10-20 08:00:00,3.502,3.541,3.478,3.53,301280.9
2021-10-20 12:00:00,3.53,3.686,3.524,3.652,408616.9
2021-10-20 16:00:00,3.655,3.666,3.521,3.528,307710.1
2021-10-20 20:00:00,3.531,3.617,3.52,3.565,182287.4
2021-10-21 00:00:00,3.565,3.787,3.558,3.603,1388631.1
2021-10-21 04:00:00,3.603,3.62,3.546,3.576,153061.5
2021-10-21 08:00:00,3.579,3.618,3.534,3.538,462259.0
2021-10-21 12:00:00,3.539,3.599,3.403,3.45,577780.0
2021-10-21 16:00:00,3.45,3.539,3.421,3.43,226883.8
2021-10-21 20:00:00,3.434,3.44,3.316,3.358,194388.1
2021-10-22 00:00:00,3.354,3.423,3.338,3.363,478132.3
2021-10-22 04:00:00,3.366,3.429,3.357,3.389,221120.8
2021-10-22 08:00:00,3.393,3.42,3.365,3.411,216588.5
2021-10-22 12:00:00,3.406,3.42,3.267,3.272,513077.7
2021-10-22 16:00:00,3.272,3.331,3.173,3.296,540038.0
2021-10-22 20:00:00,3.3,3.314,3.241,3.272,124675.1
2021-10-23 00:00:00,3.273,3.33,3.23,3.321,134646.1
2021-10-23 04:00:00,3.321,3.369,3.286,3.334,180196.0
2021-10-23 08:00:00,3.332,3.337,3.195,3.206,442228.3
2021-10-23 12:00:00,3.21,3.245,3.186,3.211,277550.3
2021-10-23 16:00:00,3.211,3.215,3.132,3.141,305635.6
2021-10-23 20:00:00,3.141,3.184,3.11,3.123,156504.9
2021-10-24 00:00:00,3.124,3.246,3.123,3.218,314286.1
2021-10-24 04:00:00,3.216,3.249,3.122,3.163,227831.5
2021-10-24 08:00:00,3.163,3.166,3.0,3.016,563854.8
2021-10-24 12:00:00,3.016,3.09,2.979,3.019,493509.7
2021-10-24 16:00:00,3.018,3.1,2.95,3.021,382623.3
2021-10-24 20:00:00,3.021,3.051,2.968,2.975,146256.7
2021-10-25 00:00:00,2.975,3.158,2.956,3.116,519505.8
2021-10-25 04:00:00,3.119,3.212,3.091,3.164,469912.2
2021-10-25 08:00:00,3.163,3.187,3.042,3.135,513984.2
2021-10-25 12:00:00,3.14,3.168,3.103,3.14,291957.2
2021-10-25 16:00:00,3.14,3.147,3.026,3.042,349989.1
2021-10-25 20:00:00,3.044,3.109,2.995,3.064,324642.3
2021-10-26 00:00:00,3.066,3.112,3.02,3.048,283092.2
2021-10-26 04:00:00,3.048,3.1,3.035,3.08,263649.1
2021-10-26 08:00:00,3.08,3.167,3.05,3.059,466373.0
2021-10-26 12:00:00,3.055,3.08,3.013,3.064,328899.6
2021-10-26 16:00:00,3.064,3.208,3.038,3.079,554891.1
2021-10-26 20:00:00,3.079,3.169,3.047,3.101,247682.0
2021-10-27 00:00:00,3.11,3.18,3.047,3.075,373515.1
2021-10-27 04:00:00,3.074,3.137,2.963,2.966,502208.7
2021-10-27 08:00:00,2.966,2.966,2.65,2.695,1605131.3
2021-10-27 12:00:00,2.693,2.735,2.651,2.678,597273.3
2021-10-27 16:00:00,2.677,2.827,2.555,2.587,748051.3
2021-10-27 20:00:00,2.588,2.667,2.556,2.576,472359.0
2021-10-28 00:00:00,2.573,2.702,2.517,2.613,1364509.8
2021-10-28 04:00:00,2.614,2.64,2.488,2.535,1128605.4
2021-10-28 08:00:00,2.535,2.714,2.533,2.657,750080.8
2021-10-28 12:00:00,2.655,2.71,2.645,2.697,286270.1
2021-10-28 16:00:00,2.692,2.736,2.6,2.662,396731.0
2021-10-28 20:00:00,2.662,2.722,2.612,2.667,143629.0
2021-10-29 00:00:00,2.665,2.929,2.64,2.887,768150.6
2021-10-29 04:00:00,2.887,2.965,2.768,2.81,894941.0
2021-10-29 08:00:00,2.809,3.012,2.805,2.954,753603.6
2021-10-29 12:00:00,2.958,3.273,2.935,3.196,2018005.1
2021-10-29 16:00:00,3.197,3.78,3.127,3.333,5925808.6
2021-10-29 20:00:00,3.338,3.5,3.255,3.4,1726548.5
2021-10-30 00:00:00,3.404,3.588,3.272,3.344,1777137.5
2021-10-30 04:00:00,3.346,3.377,3.213,3.269,758198.7
2021-10-30 08:00:00,3.272,3.41,3.18,3.351,1300272.9
2021-10-30 12:00:00,3.346,3.538,3.232,3.349,1576259.5
2021-10-30 16:00:00,3.346,3.355,3.18,3.27,559738.8
2021-10-30 20:00:00,3.27,3.507,3.268,3.283,793530.0
2021-10-31 00:00:00,3.285,3.574,3.22,3.276,1443575.0
2021-10-31 04:00:00,3.282,3.336,3.23,3.266,545347.2
2021-10-31 08:00:00,3.266,3.299,3.07,3.122,832929.7
2021-10-31 12:00:00,3.122,3.122,2.911,3.031,716312.5
2021-10-31 16:00:00,3.036,3.04,2.946,2.953,203144.6
2021-10-31 20:00:00,2.953,3.309,2.947,3.068,339669.7
2021-11-01 00:00:00,3.074,3.076,2.902,2.905,352042.0
2021-11-01 04:00:00,2.903,3.135,2.879,3.101,858688.7
2021-11-01 08:00:00,3.101,3.149,3.005,3.063,368419.1
2021-11-01 12:00:00,3.064,3.182,3.04,3.104,716116.5
2021-11-01 16:00:00,3.106,3.109,2.986,3.051,196495.9
2021-11-01 20:00:00,3.042,3.044,2.938,2.975,192382.1
2021-11-02 00:00:00,2.978,3.161,2.962,3.147,757971.8
2021-11-02 04:00:00,3.144,3.17,3.025,3.029,582808.0
2021-11-02 08:00:00,3.029,3.11,3.013,3.046,513121.9
2021-11-02 12:00:00,3.05,3.128,3.038,3.094,364163.2
2021-11-02 16:00:00,3.092,3.104,2.898,2.994,1137513.5
2021-11-02 20:00:00,2.988,3.021,2.961,3.01,210855.2
2021-11-03 00:00:00,3.004,3.031,2.875,2.968,1121299.2
2021-11-03 04:00:00,2.968,3.075,2.919,2.992,500885.4
2021-11-03 08:00:00,2.99,3.051,2.971,2.996,731818.9
2021-11-03 12:00:00,2.997,3.014,2.903,2.992,1123331.5
2021-11-03 16:00:00,2.977,3.011,2.908,2.965,439836.3
2021-11-03 20:00:00,2.961,2.969,2.917,2.934,132785.1
2021-11-04 00:00:00,2.936,2.963,2.916,2.944,180649.3
2021-11-04 04:00:00,2.943,3.051,2.943,2.989,424370.8
2021-11-04 08:00:00,2.986,2.997,2.918,2.943,351569.6
2021-11-04 12:00:00,2.943,2.961,2.772,2.834,1067650.7
2021-11-04 16:00:00,2.834,2.839,2.71,2.763,762462.5
2021-11-04 20:00:00,2.763,2.804,2.715,2.797,460768.4
2021-11-05 00:00:00,2.794,2.818,2.738,2.797,476689.6
2021-11-05 04:00:00,2.799,2.877,2.796,2.828,523699.8
2021-11-05 08:00:00,2.829,2.863,2.794,2.808,420181.9
2021-11-05 12:00:00,2.805,2.853,2.76,2.8,302385.5
2021-11-05 16:00:00,2.801,2.812,2.759,2.774,127641.5
2021-11-05 20:00:00,2.774,2.826,2.762,2.826,165266.7
2021-11-06 00:00:00,2.825,2.827,2.725,2.765,588271.9
2021-11-06 04:00:00,2.765,2.798,2.754,2.775,285249.0
2021-11-06 08:00:00,2.774,2.81,2.747,2.777,478465.3
2021-11-06 12:00:00,2.776,2.95,2.7,2.878,774501.9
2021-11-06 16:00:00,2.872,3.15,2.865,2.963,2710278.4
2021-11-06 20:00:00,2.963,2.963,2.824,2.857,322464.0
2021-11-07 00:00:00,2.853,2.974,2.832,2.878,360102.0
2021-11-07 04:00:00,2.878,2.93,2.832,2.913,355835.6
2021-11-07 08:00:00,2.921,2.954,2.873,2.888,348410.8
2021-11-07 12:00:00,2.885,2.988,2.869,2.941,508700.9
2021-11-07 16:00:00,2.94,2.946,2.805,2.857,361655.0
2021-11-07 20:00:00,2.858,2.883,2.842,2.87,95653.3
2021-11-08 00:00:00,2.872,2.875,2.751,2.824,901058.5
2021-11-08 04:00:00,2.825,2.845,2.785,2.798,228026.0
2021-11-08 08:00:00,2.8,2.836,2.771,2.798,195194.4
2021-11-08 12:00:00,2.805,2.867,2.789,2.82,239085.1
2021-11-08 16:00:00,2.822,2.855,2.78,2.805,142327.5
2021-11-08 20:00:00,2.802,2.817,2.771,2.81,186981.3
2021-11-09 00:00:00,2.805,2.805,2.757,2.785,236084.0
2021-11-09 04:00:00,2.785,2.839,2.776,2.803,252864.4
2021-11-09 08:00:00,2.804,2.86,2.758,2.769,442767.9
2021-11-09 12:00:00,2.769,2.8,2.732,2.762,215587.4
2021-11-09 16:00:00,2.762,2.816,2.724,2.765,486373.7
2021-11-09 20:00:00,2.762,2.897,2.75,2.823,552624.9
2021-11-10 00:00:00,2.819,2.87,2.775,2.823,361775.4
2021-11-10 04:00:00,2.823,2.831,2.778,2.787,205298.9
2021-11-10 08:00:00,2.787,2.834,2.781,2.791,260075.3
2021-11-10 12:00:00,2.791,2.803,2.743,2.786,373675.6
2021-11-10 16:00:00,2.787,2.844,2.746,2.746,233423.8
2021-11-10 20:00:00,2.743,2.755,2.512,2.624,619792.6
2021-11-11 00:00:00,2.627,2.725,2.6,2.686,510034.4
2021-11-11 04:00:00,2.689,2.702,2.652,2.682,199493.5
2021-11-11 08:00:00,2.699,2.702,2.638,2.661,200580.4
2021-11-11 12:00:00,2.665,2.668,2.595,2.618,513891.0
2021-11-11 16:00:00,2.619,2.665,2.61,2.65,85869.8
2021-11-11 20:00:00,2.645,2.705,2.645,2.679,92459.3
2021-11-12 00:00:00,2.677,2.73,2.657,2.716,355160.5
2021-11-12 04:00:00,2.715,2.865,2.7,2.755,692393.5
2021-11-12 08:00:00,2.755,2.755,2.657,2.677,369290.2
2021-11-12 12:00:00,2.679,2.939,2.666,2.887,932931.7
2021-11-12 16:00:00,2.888,2.895,2.744,2.839,630689.1
2021-11-12 20:00:00,2.843,3.05,2.828,2.943,974617.8
2021-11-13 00:00:00,2.937,2.959,2.806,2.823,480216.6
2021-11-13 04:00:00,2.825,2.894,2.8,2.882,262064.0
2021-11-13 08:00:00,2.88,2.94,2.777,2.857,364214.6
2021-11-13 12:00:00,2.854,2.859,2.774,2.802,356208.9
2021-11-13 16:00:00,2.804,2.826,2.748,2.768,211823.0
2021-11-13 20:00:00,2.767,2.785,2.76,2.781,54564.0
2021-11-14 00:00:00,2.781,2.828,2.773,2.802,155789.4
2021-11-14 04:00:00,2.801,2.821,2.756,2.758,174324.2
2021-11-14 08:00:00,2.758,2.792,2.7,2.762,304882.2
2021-11-14 12:00:00,2.76,2.766,2.701,2.705,149380.1
2021-11-14 16:00:00,2.705,2.71,2.646,2.687,132042.9
2021-11-14 20:00:00,2.693,2.82,2.685,2.736,1008216.2
2021-11-15 00:00:00,2.74,2.803,2.717,2.772,344341.1
2021-11-15 04:00:00,2.77,2.797,2.742,2.746,327395.2
2021-11-15 08:00:00,2.745,2.78,2.722,2.727,217376.5
2021-11-15 12:00:00,2.731,2.82,2.681,2.698,615723.9
2021-11-15 16:00:00,2.695,2.766,2.646,2.691,1175757.9
2021-11-15 20:00:00,2.688,2.75,2.657,2.69,713095.9
2021-11-16 00:00:00,2.688,2.69,2.49,2.525,867298.2
2021-11-16 04:00:00,2.521,2.538,2.443,2.508,342547.3
2021-11-16 08:00:00,2.511,2.529,2.182,2.372,1198174.6
2021-11-16 12:00:00,2.368,2.445,2.307,2.424,378707.5
2021-11-16 16:00:00,2.423,2.438,2.313,2.343,667436.2
2021-11-16 20:00:00,2.342,2.348,2.238,2.29,778592.5
2021-11-17 00:00:00,2.289,2.341,2.2,2.26,593867.6
2021-11-17 04:00:00,2.265,2.327,2.232,2.301,233275.7
2021-11-17 08:00:00,2.298,2.362,2.231,2.342,421987.5
2021-11-17 12:00:00,2.342,2.41,2.292,2.377,589451.1
2021-11-17 16:00:00,2.378,2.409,2.307,2.323,246848.5
2021-11-17 20:00:00,2.323,2.376,2.322,2.372,187106.5
2021-11-18 00:00:00,2.374,2.625,2.349,2.444,2000185.9
2021-11-18 04:00:00,2.445,2.465,2.302,2.334,821121.8
2021-11-18 08:00:00,2.336,2.365,2.223,2.286,1103366.1
2021-11-18 12:00:00,2.287,2.446,2.223,2.256,2104727.6
2021-11-18 16:00:00,2.261,2.289,2.118,2.224,820088.5
2021-11-18 20:00:00,2.225,2.237,2.155,2.184,242132.9
2021-11-19 00:00:00,2.181,2.27,2.065,2.106,705556.8
2021-11-19 04:00:00,2.103,2.23,2.094,2.183,454166.1
2021-11-19 08:00:00,2.186,2.278,2.16,2.208,766991.1
2021-11-19 12:00:00,2.209,2.536,2.205,2.313,1561491.2
2021-11-19 16:00:00,2.312,2.47,2.301,2.314,580026.3
2021-11-19 20:00:00,2.313,2.343,2.282,2.328,166681.9
2021-11-20 00:00:00,2.324,2.51,2.28,2.453,1072773.0
2021-11-20 04:00:00,2.452,2.845,2.421,2.572,3923190.0
2021-11-20 08:00:00,2.571,2.774,2.569,2.739,1563012.8
2021-11-20 12:00:00,2.739,2.8,2.573,2.793,2131755.9
2021-11-20 16:00:00,2.793,3.25,2.792,2.936,4622293.1
2021-11-20 20:00:00,2.93,3.046,2.808,2.9,1177477.1
2021-11-21 00:00:00,2.9,3.2,2.864,3.101,2170399.0
2021-11-21 04:00:00,3.101,3.119,2.874,2.935,1221484.0
2021-11-21 08:00:00,2.932,2.935,2.731,2.755,1188835.9
2021-11-21 12:00:00,2.752,2.84,2.633,2.694,997156.3
2021-11-21 16:00:00,2.693,2.759,2.615,2.704,714706.2
2021-11-21 20:00:00,2.705,2.743,2.583,2.603,397128.8
2021-11-22 00:00:00,2.604,2.646,2.504,2.573,804131.0
2021-11-22 04:00:00,2.573,2.681,2.548,2.648,476190.9
2021-11-22 08:00:00,2.648,2.689,2.56,2.56,452961.1
2021-11-22 12:00:00,2.56,2.667,2.51,2.6,858810.6
2021-11-22 16:00:00,2.603,2.793,2.48,2.491,892979.7
2021-11-22 20:00:00,2.49,2.548,2.4,2.486,399581.0
2021-11-23 00:00:00,2.488,2.673,2.42,2.596,932511.7
2021-11-23 04:00:00,2.601,2.662,2.56,2.596,500907.5
2021-11-23 08:00:00,2.596,2.63,2.507,2.532,696539.2
2021-11-23 12:00:00,2.533,2.63,2.5,2.616,422913.8
2021-11-23 16:00:00,2.617,2.642,2.558,2.606,353082.5
2021-11-23 20:00:00,2.606,2.694,2.595,2.597,292506.8
2021-11-24 00:00:00,2.597,2.86,2.583,2.777,1066924.5
2021-11-24 04:00:00,2.778,2.9,2.735,2.791,953028.5
2021-11-24 08:00:00,2.791,2.859,2.71,2.722,644396.8
2021-11-24 12:00:00,2.722,2.849,2.601,2.751,973397.4
2021-11-24 16:00:00,2.751,2.766,2.577,2.597,482884.7
2021-11-24 20:00:00,2.597,2.676,2.576,2.648,289928.4
2021-11-25 00:00:00,2.648,2.837,2.606,2.837,675802.2
2021-11-25 04:00:00,2.836,3.098,2.795,2.966,1416669.3
2021-11-25 08:00:00,2.962,3.15,2.869,2.974,830967.0
2021-11-25 12:00:00,2.975,2.975,2.771,2.781,914863.8
2021-11-25 16:00:00,2.783,2.839,2.72,2.81,525039.0
2021-11-25 20:00:00,2.81,2.897,2.75,2.776,523671.2
2021-11-26 00:00:00,2.776,2.831,2.667,2.699,512025.7
2021-11-26 04:00:00,2.699,2.716,2.52,2.574,1274122.1
2021-11-26 08:00:00,2.578,2.582,2.131,2.193,4557904.5
2021-11-26 12:00:00,2.197,2.397,2.181,2.321,1100547.0
2021-11-26 16:00:00,2.321,2.385,2.3,2.376,325181.1
2021-11-26 20:00:00,2.376,2.416,2.3,2.318,381255.7
2021-11-27 00:00:00,2.327,2.449,2.31,2.368,697785.5
2021-11-27 04:00:00,2.368,2.4,2.308,2.34,513817.3
2021-11-27 08:00:00,2.337,2.392,2.325,2.338,290402.0
2021-11-27 12:00:00,2.34,2.426,2.285,2.311,741908.7
2021-11-27 16:00:00,2.312,2.366,2.27,2.304,386465.7
2021-11-27 20:00:00,2.306,2.338,2.216,2.253,630450.7
2021-11-28 00:00:00,2.25,2.31,2.13,2.194,598504.9
2021-11-28 04:00:00,2.194,2.273,2.161,2.254,489457.6
2021-11-28 08:00:00,2.252,2.316,2.216,2.263,480525.7
2021-11-28 12:00:00,2.263,2.278,2.208,2.236,513832.2
2021-11-28 16:00:00,2.235,2.235,2.08,2.171,919267.3
2021-11-28 20:00:00,2.172,2.381,2.172,2.34,473388.4
2021-11-29 00:00:00,2.34,2.371,2.292,2.322,564613.9
2021-11-29 04:00:00,2.323,2.341,2.283,2.313,419135.9
2021-11-29 08:00:00,2.314,2.336,2.253,2.279,422113.7
2021-11-29 12:00:00,2.275,2.33,2.268,2.312,306097.5
2021-11-29 16:00:00,2.315,2.514,2.314,2.337,971745.0
2021-11-29 20:00:00,2.339,2.58,2.338,2.389,1690646.1
2021-11-30 00:00:00,2.39,2.445,2.34,2.388,618290.5
2021-11-30 04:00:00,2.38,2.555,2.268,2.309,1157567.6
2021-11-30 08:00:00,2.309,2.413,2.309,2.373,570540.6
2021-11-30 12:00:00,2.374,2.404,2.317,2.32,535162.3
2021-11-30 16:00:00,2.32,2.333,2.264,2.294,366759.1
2021-11-30 20:00:00,2.294,2.308,2.269,2.28,168344.0
2021-12-01 00:00:00,2.28,2.494,2.276,2.415,1285363.6
2021-12-01 04:00:00,2.414,2.588,2.384,2.513,2071248.8
2021-12-01 08:00:00,2.515,2.518,2.368,2.395,962921.6
2021-12-01 12:00:00,2.394,2.575,2.394,2.529,1820115.4
2021-12-01 16:00:00,2.529,2.541,2.428,2.504,460905.6
2021-12-01 20:00:00,2.504,2.504,2.349,2.422,519723.2
2021-12-02 00:00:00,2.423,2.423,2.263,2.313,972997.4
2021-12-02 04:00:00,2.313,2.359,2.279,2.323,707143.0
2021-12-02 08:00:00,2.325,2.352,2.264,2.282,523345.5
2021-12-02 12:00:00,2.281,2.45,2.245,2.346,1582100.7
2021-12-02 16:00:00,2.344,2.37,2.28,2.315,1120482.6
2021-12-02 20:00:00,2.315,2.379,2.28,2.354,500228.0
2021-12-03 00:00:00,2.356,2.451,2.305,2.341,719436.4
2021-12-03 04:00:00,2.341,2.371,2.315,2.357,352156.1
2021-12-03 08:00:00,2.353,2.356,2.3,2.332,433628.0
2021-12-03 12:00:00,2.328,2.347,2.25,2.267,657067.1
2021-12-03 16:00:00,2.267,2.315,2.156,2.164,714028.1
2021-12-03 20:00:00,2.164,2.219,2.1,2.19,420927.4
2021-12-04 00:00:00,2.19,2.19,2.071,2.081,391353.5
2021-12-04 04:00:00,2.075,2.124,1.333,1.704,2288451.6
2021-12-04 08:00:00,1.708,1.762,1.541,1.624,580654.3
2021-12-04 12:00:00,1.628,1.754,1.62,1.729,563178.3
2021-12-04 16:00:00,1.729,1.819,1.68,1.795,539956.5
2021-12-04 20:00:00,1.795,1.852,1.76,1.792,397338.2
2021-12-05 00:00:00,1.792,1.866,1.707,1.761,941201.4
2021-12-05 04:00:00,1.758,1.775,1.729,1.754,456239.5
2021-12-05 08:00:00,1.754,1.756,1.689,1.709,396123.1
2021-12-05 12:00:00,1.708,1.743,1.535,1.577,801018.1
2021-12-05 16:00:00,1.577,1.64,1.561,1.6,1230892.0
2021-12-05 20:00:00,1.602,1.638,1.558,1.637,286961.8
2021-12-06 00:00:00,1.635,1.635,1.461,1.549,1675928.2
2021-12-06 04:00:00,1.549,1.575,1.433,1.48,844943.2
2021-12-06 08:00:00,1.479,1.52,1.402,1.475,624024.3
2021-12-06 12:00:00,1.481,1.548,1.445,1.535,478378.3
2021-12-06 16:00:00,1.538,1.56,1.493,1.518,569896.2
2021-12-06 20:00:00,1.521,1.619,1.496,1.609,585152.4
2021-12-07 00:00:00,1.603,1.628,1.563,1.596,303960.4
2021-12-07 04:00:00,1.596,1.618,1.586,1.586,269887.9
2021-12-07 08:00:00,1.585,1.761,1.585,1.667,1370233.9
2021-12-07 12:00:00,1.666,1.672,1.582,1.652,620688.0
2021-12-07 16:00:00,1.656,1.922,1.655,1.689,2554402.2
2021-12-07 20:00:00,1.693,1.696,1.625,1.642,406188.2
2021-12-08 00:00:00,1.643,1.7,1.613,1.618,482337.4
2021-12-08 04:00:00,1.618,1.713,1.618,1.699,309655.0
2021-12-08 08:00:00,1.699,1.748,1.565,1.607,753498.6
2021-12-08 12:00:00,1.607,1.684,1.581,1.653,349471.5
2021-12-08 16:00:00,1.659,1.661,1.611,1.639,307204.6
2021-12-08 20:00:00,1.639,1.7,1.637,1.653,590508.9
2021-12-09 00:00:00,1.651,1.789,1.612,1.615,942371.8
2021-12-09 04:00:00,1.62,1.643,1.57,1.607,638476.6
2021-12-09 08:00:00,1.608,1.614,1.55,1.61,307798.0
2021-12-09 12:00:00,1.604,1.613,1.512,1.538,458386.0
2021-12-09 16:00:00,1.534,1.563,1.491,1.493,532089.0
2021-12-09 20:00:00,1.492,1.544,1.475,1.482,239893.8
2021-12-10 00:00:00,1.478,1.53,1.478,1.501,186674.2
2021-12-10 04:00:00,1.498,1.498,1.4,1.405,514089.5
2021-12-10 08:00:00,1.403,1.516,1.403,1.506,889870.0
2021-12-10 12:00:00,1.506,1.576,1.444,1.467,701750.8
2021-12-10 16:00:00,1.467,1.479,1.402,1.477,506307.6
2021-12-10 20:00:00,1.477,1.59,1.467,1.472,867368.0
2021-12-11 00:00:00,1.476,1.551,1.447,1.547,584544.4
2021-12-11 04:00:00,1.545,1.694,1.533,1.618,1584838.1
2021-12-11 08:00:00,1.615,1.723,1.611,1.678,1312436.5
2021-12-11 12:00:00,1.672,1.743,1.624,1.738,938826.3
2021-12-11 16:00:00,1.74,1.74,1.63,1.638,471810.3
2021-12-11 20:00:00,1.639,1.649,1.604,1.633,212181.3
2021-12-12 00:00:00,1.635,1.65,1.589,1.625,416855.0
2021-12-12 04:00:00,1.625,1.661,1.61,1.645,333977.3
2021-12-12 08:00:00,1.645,1.645,1.566,1.637,302471.5
2021-12-12 12:00:00,1.636,1.674,1.625,1.644,239347.4
2021-12-12 16:00:00,1.644,1.7,1.619,1.674,372834.6
2021-12-12 20:00:00,1.674,1.715,1.644,1.644,252438.0
2021-12-13 00:00:00,1.644,1.662,1.576,1.577,317036.5
2021-12-13 04:00:00,1.575,1.588,1.506,1.509,424028.2
2021-12-13 08:00:00,1.509,1.547,1.503,1.528,181320.4
2021-12-13 12:00:00,1.527,1.535,1.411,1.445,573922.9
2021-12-13 16:00:00,1.446,1.47,1.365,1.416,451217.6
2021-12-13 20:00:00,1.415,1.439,1.38,1.394,186959.3
2021-12-14 00:00:00,1.394,1.42,1.364,1.389,534361.9
2021-12-14 04:00:00,1.387,1.474,1.379,1.456,445475.3
2021-12-14 08:00:00,1.459,1.495,1.43,1.464,263283.3
2021-12-14 12:00:00,1.47,1.552,1.425,1.447,831964.3
2021-12-14 16:00:00,1.45,1.511,1.429,1.456,331942.5
2021-12-14 20:00:00,1.456,1.518,1.453,1.482,102924.2
2021-12-15 00:00:00,1.482,1.505,1.439,1.456,133742.5
2021-12-15 04:00:00,1.454,1.524,1.45,1.473,308790.4
2021-12-15 08:00:00,1.473,1.506,1.467,1.475,156919.7
2021-12-15 12:00:00,1.47,1.48,1.371,1.376,412825.9
2021-12-15 16:00:00,1.379,1.556,1.376,1.549,738737.5
2021-12-15 20:00:00,1.551,1.599,1.542,1.56,225538.2
2021-12-16 00:00:00,1.559,1.581,1.54,1.548,138304.8
2021-12-16 04:00:00,1.551,1.563,1.537,1.549,201273.4
2021-12-16 08:00:00,1.549,1.6,1.539,1.585,244471.2
2021-12-16 12:00:00,1.59,1.595,1.54,1.567,142754.0
2021-12-16 16:00:00,1.57,1.576,1.542,1.559,196398.8
2021-12-16 20:00:00,1.563,1.606,1.547,1.547,185532.5
2021-12-17 00:00:00,1.552,1.7,1.533,1.652,640768.9
2021-12-17 04:00:00,1.654,1.729,1.574,1.61,868194.4
2021-12-17 08:00:00,1.613,1.63,1.571,1.626,282952.1
2021-12-17 12:00:00,1.626,1.694,1.562,1.674,889007.3
2021-12-17 16:00:00,1.676,1.775,1.6,1.616,807134.4
2021-12-17 20:00:00,1.617,1.646,1.578,1.631,257118.7
2021-12-18 00:00:00,1.628,1.689,1.585,1.632,319786.5
2021-12-18 04:00:00,1.629,1.658,1.6,1.616,130589.7
2021-12-18 08:00:00,1.619,1.656,1.614,1.635,253404.3
2021-12-18 12:00:00,1.633,1.64,1.587,1.598,225324.1
2021-12-18 16:00:00,1.592,1.604,1.549,1.573,131197.2
2021-12-18 20:00:00,1.573,1.576,1.551,1.568,61417.8
2021-12-19 00:00:00,1.566,1.6,1.518,1.585,428753.3
2021-12-19 04:00:00,1.587,1.595,1.557,1.558,155835.7
2021-12-19 08:00:00,1.558,1.57,1.538,1.554,179808.9
2021-12-19 12:00:00,1.552,1.59,1.544,1.546,163610.6
2021-12-19 16:00:00,1.546,1.565,1.521,1.526,201254.7
2021-12-19 20:00:00,1.528,1.55,1.521,1.55,87083.0
2021-12-20 00:00:00,1.55,1.558,1.514,1.522,141831.6
2021-12-20 04:00:00,1.524,1.57,1.48,1.488,226765.5
2021-12-20 08:00:00,1.487,1.503,1.413,1.453,438888.3
2021-12-20 12:00:00,1.456,1.456,1.414,1.435,149937.2
2021-12-20 16:00:00,1.435,1.535,1.432,1.522,161752.6
2021-12-20 20:00:00,1.521,1.55,1.498,1.51,91599.0
2021-12-21 00:00:00,1.514,1.54,1.496,1.535,65322.6
2021-12-21 04:00:00,1.536,1.552,1.52,1.525,108068.4
2021-12-21 08:00:00,1.53,1.542,1.522,1.527,128522.2
2021-12-21 12:00:00,1.527,1.543,1.494,1.517,173251.0
2021-12-21 16:00:00,1.515,1.623,1.514,1.613,378103.0
2021-12-21 20:00:00,1.613,1.645,1.613,1.633,117152.2
2021-12-22 00:00:00,1.63,1.651,1.606,1.623,139460.2
2021-12-22 04:00:00,1.626,1.632,1.597,1.606,96092.6
2021-12-22 08:00:00,1.606,1.632,1.597,1.606,150556.9
2021-12-22 12:00:00,1.605,1.636,1.57,1.615,212753.1
2021-12-22 16:00:00,1.615,1.632,1.584,1.617,125802.2
2021-12-22 20:00:00,1.617,1.62,1.594,1.597,97930.6
2021-12-23 00:00:00,1.597,1.634,1.589,1.614,221933.6
2021-12-23 04:00:00,1.618,1.683,1.602,1.616,337932.9
2021-12-23 08:00:00,1.616,1.656,1.603,1.64,160809.7
2021-12-23 12:00:00,1.643,1.722,1.63,1.706,373508.0
2021-12-23 16:00:00,1.711,1.8,1.686,1.771,527268.8
2021-12-23 20:00:00,1.771,1.774,1.729,1.746,253917.8
2021-12-24 00:00:00,1.751,1.754,1.711,1.714,291769.7
2021-12-24 04:00:00,1.713,1.727,1.7,1.725,150823.1
2021-12-24 08:00:00,1.727,1.768,1.719,1.735,149239.3
2021-12-24 12:00:00,1.732,1.735,1.663,1.698,220698.5
2021-12-24 16:00:00,1.701,1.847,1.701,1.725,1119433.4
2021-12-24 20:00:00,1.725,1.727,1.663,1.7,258841.7
2021-12-25 00:00:00,1.701,1.8,1.681,1.756,342542.9
2021-12-25 04:00:00,1.756,1.845,1.754,1.834,541384.6
2021-12-25 08:00:00,1.834,1.96,1.783,1.818,1112027.8
2021-12-25 12:00:00,1.819,1.935,1.816,1.901,653383.4
2021-12-25 16:00:00,1.901,1.911,1.791,1.883,685564.3
2021-12-25 20:00:00,1.89,1.986,1.874,1.936,553212.5
2021-12-26 00:00:00,1.937,2.037,1.856,1.865,900044.0
2021-12-26 04:00:00,1.864,2.029,1.858,1.985,459489.1
2021-12-26 08:00:00,1.985,2.314,1.957,2.236,4956307.4
2021-12-26 12:00:00,2.236,2.28,2.102,2.148,2535724.1
2021-12-26 16:00:00,2.147,2.255,2.147,2.188,1733113.1
2021-12-26 20:00:00,2.188,2.297,2.15,2.225,849630.4
2021-12-27 00:00:00,2.221,2.4,2.207,2.219,1877952.3
2021-12-27 04:00:00,2.218,2.285,2.129,2.151,850390.7
2021-12-27 08:00:00,2.158,2.161,2.057,2.099,643649.3
2021-12-27 12:00:00,2.099,2.199,2.084,2.157,717918.3
2021-12-27 16:00:00,2.156,2.166,2.1,2.112,362535.2
2021-12-27 20:00:00,2.113,2.14,2.006,2.014,389008.1
2021-12-28 00:00:00,2.011,2.014,1.921,1.944,750764.9
2021-12-28 04:00:00,1.941,1.957,1.871,1.932,338011.5
2021-12-28 08:00:00,1.934,1.961,1.891,1.948,404128.7
2021-12-28 12:00:00,1.948,1.966,1.88,1.937,356124.4
2021-12-28 16:00:00,1.94,1.94,1.716,1.748,2656414.1
2021-12-28 20:00:00,1.748,1.798,1.743,1.767,284132.6
2021-12-29 00:00:00,1.767,1.807,1.763,1.787,262323.7
2021-12-29 04:00:00,1.789,1.797,1.736,1.747,261221.8
2021-12-29 08:00:00,1.749,1.796,1.746,1.758,212461.2
2021-12-29 12:00:00,1.757,1.795,1.697,1.783,570465.7
2021-12-29 16:00:00,1.781,1.792,1.682,1.689,173557.7
2021-12-29 20:00:00,1.689,1.728,1.652,1.68,193663.4
2021-12-30 00:00:00,1.679,1.717,1.652,1.674,200100.6
2021-12-30 04:00:00,1.673,1.765,1.669,1.745,282542.2
2021-12-30 08:00:00,1.747,1.761,1.705,1.743,248452.2
2021-12-30 12:00:00,1.744,1.769,1.707,1.722,199297.8
2021-12-30 16:00:00,1.723,1.757,1.717,1.717,149283.0
2021-12-30 20:00:00,1.716,1.736,1.672,1.688,198695.6
2021-12-31 00:00:00,1.691,1.707,1.66,1.702,146760.5
2021-12-31 04:00:00,1.699,1.715,1.672,1.695,129615.7
2021-12-31 08:00:00,1.697,1.77,1.687,1.728,293009.3
2021-12-31 12:00:00,1.727,1.765,1.721,1.752,171260.1
2021-12-31 16:00:00,1.76,1.76,1.593,1.597,458103.5
2021-12-31 20:00:00,1.597,1.64,1.591,1.623,158933.8
2022-01-01 00:00:00,1.622,1.675,1.622,1.658,176831.4
2022-01-01 04:00:00,1.659,1.7,1.643,1.656,183936.4
2022-01-01 08:00:00,1.656,1.679,1.636,1.642,138131.5
2022-01-01 12:00:00,1.642,1.693,1.642,1.669,134812.3
2022-01-01 16:00:00,1.667,1.73,1.661,1.692,196142.7
2022-01-01 20:00:00,1.692,1.709,1.678,1.705,98755.6
2022-01-02 00:00:00,1.705,1.715,1.678,1.709,111934.6
2022-01-02 04:00:00,1.711,1.82,1.678,1.805,642835.1
2022-01-02 08:00:00,1.799,1.87,1.779,1.822,449554.7
2022-01-02 12:00:00,1.82,1.862,1.791,1.842,305616.1
2022-01-02 16:00:00,1.846,1.948,1.771,1.806,853692.3
2022-01-02 20:00:00,1.809,1.857,1.803,1.828,115282.2
2022-01-03 00:00:00,1.829,1.851,1.727,1.752,559617.8
2022-01-03 04:00:00,1.751,1.779,1.737,1.766,164387.7
2022-01-03 08:00:00,1.766,1.783,1.743,1.775,178363.8
2022-01-03 12:00:00,1.772,1.792,1.744,1.753,261107.0
2022-01-03 16:00:00,1.747,1.789,1.7,1.732,443848.8
2022-01-03 20:00:00,1.732,1.732,1.676,1.718,189835.5
2022-01-04 00:00:00,1.716,1.725,1.66,1.682,203182.8
2022-01-04 04:00:00,1.682,1.706,1.673,1.698,234748.2
2022-01-04 08:00:00,1.697,1.721,1.69,1.712,146587.9
2022-01-04 12:00:00,1.715,1.745,1.699,1.735,301335.9
2022-01-04 16:00:00,1.737,1.738,1.64,1.655,312853.4
2022-01-04 20:00:00,1.66,1.674,1.63,1.637,84855.1
2022-01-05 00:00:00,1.633,1.675,1.629,1.665,191469.4
2022-01-05 04:00:00,1.665,1.671,1.645,1.664,134664.5
2022-01-05 08:00:00,1.663,1.682,1.642,1.654,225777.6
2022-01-05 12:00:00,1.657,1.676,1.636,1.672,179398.2
2022-01-05 16:00:00,1.671,1.696,1.55,1.567,330523.7
2022-01-05 20:00:00,1.567,1.585,1.49,1.57,402493.4
2022-01-06 00:00:00,1.566,1.577,1.523,1.527,246614.1
2022-01-06 04:00:00,1.524,1.541,1.499,1.541,250289.3
2022-01-06 08:00:00,1.541,1.546,1.493,1.535,379939.0
2022-01-06 12:00:00,1.532,1.633,1.502,1.582,305380.1
2022-01-06 16:00:00,1.589,1.688,1.559,1.66,291009.9
2022-01-06 20:00:00,1.66,1.679,1.635,1.644,210950.9
2022-01-07 00:00:00,1.647,1.651,1.493,1.505,382838.4
2022-01-07 04:00:00,1.504,1.577,1.465,1.563,457445.2
2022-01-07 08:00:00,1.56,1.65,1.533,1.593,348845.0
2022-01-07 12:00:00,1.593,1.624,1.507,1.558,305022.8
2022-01-07 16:00:00,1.558,1.619,1.532,1.59,213146.2
2022-01-07 20:00:00,1.59,1.597,1.534,1.546,93519.5
2022-01-08 00:00:00,1.547,1.589,1.543,1.561,143633.7
2022-01-08 04:00:00,1.563,1.581,1.553,1.565,98748.9
2022-01-08 08:00:00,1.567,1.585,1.556,1.567,65345.5
2022-01-08 12:00:00,1.567,1.573,1.52,1.533,97014.9
2022-01-08 16:00:00,1.53,1.543,1.404,1.417,287216.0
2022-01-08 20:00:00,1.419,1.474,1.411,1.45,116940.5
2022-01-09 00:00:00,1.445,1.487,1.437,1.469,105475.6
2022-01-09 04:00:00,1.472,1.493,1.472,1.483,53229.6
2022-01-09 08:00:00,1.485,1.494,1.454,1.479,74627.1
2022-01-09 12:00:00,1.485,1.486,1.454,1.47,88057.4
2022-01-09 16:00:00,1.474,1.528,1.474,1.52,136480.9
2022-01-09 20:00:00,1.521,1.521,1.445,1.455,292382.3
2022-01-10 00:00:00,1.452,1.464,1.44,1.447,156839.4
2022-01-10 04:00:00,1.447,1.46,1.433,1.444,222855.3
2022-01-10 08:00:00,1.444,1.444,1.384,1.385,248226.4
2022-01-10 12:00:00,1.39,1.39,1.295,1.343,608980.8
2022-01-10 16:00:00,1.342,1.371,1.303,1.308,590446.4
2022-01-10 20:00:00,1.309,1.347,1.3,1.335,152297.9
2022-01-11 00:00:00,1.336,1.372,1.327,1.367,98792.6
2022-01-11 04:00:00,1.367,1.371,1.347,1.36,75116.8
2022-01-11 08:00:00,1.361,1.373,1.327,1.341,101115.4
2022-01-11 12:00:00,1.338,1.371,1.324,1.346,362743.9
2022-01-11 16:00:00,1.345,1.391,1.335,1.345,415028.8
2022-01-11 20:00:00,1.346,1.357,1.338,1.352,126565.6
2022-01-12 00:00:00,1.353,1.372,1.349,1.361,174543.5
2022-01-12 04:00:00,1.362,1.366,1.338,1.34,235141.5
2022-01-12 08:00:00,1.34,1.41,1.338,1.388,494202.3
2022-01-12 12:00:00,1.389,1.475,1.389,1.426,722599.4
2022-01-12 16:00:00,1.427,1.441,1.401,1.434,208613.7
2022-01-12 20:00:00,1.431,1.446,1.422,1.433,99193.5
2022-01-13 00:00:00,1.43,1.463,1.418,1.438,205730.7
2022-01-13 04:00:00,1.438,1.508,1.438,1.479,236582.0
2022-01-13 08:00:00,1.477,1.5,1.447,1.449,173008.2
2022-01-13 12:00:00,1.451,1.474,1.387,1.404,370116.7
2022-01-13 16:00:00,1.404,1.418,1.373,1.383,196711.5
2022-01-13 20:00:00,1.382,1.423,1.362,1.371,206168.1
2022-01-14 00:00:00,1.371,1.39,1.361,1.383,152627.2
2022-01-14 04:00:00,1.386,1.4,1.375,1.378,85567.6
2022-01-14 08:00:00,1.378,1.379,1.315,1.339,876547.2
2022-01-14 12:00:00,1.338,1.41,1.332,1.401,520202.8
2022-01-14 16:00:00,1.4,1.41,1.38,1.388,211120.4
2022-01-14 20:00:00,1.388,1.4,1.377,1.381,133493.3
2022-01-15 00:00:00,1.381,1.388,1.364,1.378,240168.5
2022-01-15 04:00:00,1.378,1.386,1.371,1.38,202963.5
2022-01-15 08:00:00,1.38,1.398,1.378,1.389,137754.8
2022-01-15 12:00:00,1.389,1.41,1.364,1.409,203827.3
2022-01-15 16:00:00,1.41,1.42,1.401,1.407,105853.9
2022-01-15 20:00:00,1.409,1.411,1.387,1.388,66380.0
2022-01-16 00:00:00,1.388,1.391,1.363,1.368,165901.1
2022-01-16 04:00:00,1.368,1.379,1.364,1.376,81961.7
2022-01-16 08:00:00,1.373,1.388,1.356,1.368,95649.6
2022-01-16 12:00:00,1.368,1.385,1.343,1.379,117579.7
2022-01-16 16:00:00,1.377,1.397,1.375,1.383,197576.0
2022-01-16 20:00:00,1.383,1.393,1.375,1.384,41343.5
2022-01-17 00:00:00,1.389,1.393,1.358,1.358,148334.6
2022-01-17 04:00:00,1.357,1.485,1.353,1.44,732043.4
2022-01-17 08:00:00,1.441,1.454,1.381,1.388,510005.6
2022-01-17 12:00:00,1.388,1.4,1.369,1.375,213977.1
2022-01-17 16:00:00,1.373,1.38,1.351,1.365,188856.9
2022-01-17 20:00:00,1.364,1.366,1.33,1.35,102550.9
2022-01-18 00:00:00,1.35,1.368,1.343,1.347,90005.1
2022-01-18 04:00:00,1.347,1.348,1.326,1.333,119125.2
2022-01-18 08:00:00,1.333,1.334,1.279,1.303,673631.5
2022-01-18 12:00:00,1.301,1.346,1.284,1.34,426845.6
2022-01-18 16:00:00,1.34,1.341,1.291,1.302,382042.4
2022-01-18 20:00:00,1.301,1.306,1.261,1.281,1122317.5
2022-01-19 00:00:00,1.279,1.288,1.226,1.235,568093.7
2022-01-19 04:00:00,1.235,1.239,1.155,1.18,580691.7
2022-01-19 08:00:00,1.179,1.21,1.17,1.206,399850.2
2022-01-19 12:00:00,1.206,1.223,1.197,1.203,419304.9
2022-01-19 16:00:00,1.203,1.211,1.184,1.186,252302.7
2022-01-19 20:00:00,1.185,1.192,1.16,1.165,173383.2
2022-01-20 00:00:00,1.166,1.179,1.153,1.177,220010.8
2022-01-20 04:00:00,1.178,1.194,1.171,1.192,150227.8
2022-01-20 08:00:00,1.193,1.203,1.185,1.202,84479.4
2022-01-20 12:00:00,1.202,1.247,1.185,1.245,229763.8
2022-01-20 16:00:00,1.245,1.264,1.223,1.225,94465.5
2022-01-20 20:00:00,1.224,1.227,1.106,1.112,235884.0
2022-01-21 00:00:00,1.111,1.128,0.995,1.017,898377.3
2022-01-21 04:00:00,1.018,1.028,0.995,1.027,885020.9
2022-01-21 08:00:00,1.026,1.036,0.999,1.006,511751.2
2022-01-21 12:00:00,1.006,1.054,0.945,1.043,1275476.7
2022-01-21 16:00:00,1.042,1.092,1.036,1.055,468397.8
2022-01-21 20:00:00,1.052,1.063,0.938,0.966,374206.1
2022-01-22 00:00:00,0.966,0.988,0.931,0.945,431704.6
2022-01-22 04:00:00,0.948,0.948,0.859,0.916,1197210.6
2022-01-22 08:00:00,0.917,0.95,0.807,0.877,1085083.0
2022-01-22 12:00:00,0.878,0.947,0.875,0.903,525854.6
2022-01-22 16:00:00,0.903,0.965,0.864,0.871,705717.8
2022-01-22 20:00:00,0.871,0.923,0.863,0.899,273557.4
2022-01-23 00:00:00,0.901,0.935,0.883,0.909,141796.0
2022-01-23 04:00:00,0.905,0.929,0.894,0.92,147850.1
2022-01-23 08:00:00,0.92,0.927,0.891,0.893,420877.3
2022-01-23 12:00:00,0.893,0.907,0.849,0.863,470853.4
2022-01-23 16:00:00,0.863,0.869,0.797,0.81,1918426.6
2022-01-23 20:00:00,0.81,0.852,0.8,0.845,663261.9
2022-01-24 00:00:00,0.845,0.845,0.8,0.817,374337.6
2022-01-24 04:00:00,0.816,0.82,0.767,0.77,469735.2
2022-01-24 08:00:00,0.77,0.787,0.701,0.714,1377790.4
2022-01-24 12:00:00,0.714,0.771,0.697,0.758,878621.0
2022-01-24 16:00:00,0.759,0.812,0.742,0.794,499303.0
2022-01-24 20:00:00,0.794,0.827,0.784,0.792,230456.8
2022-01-25 00:00:00,0.794,0.796,0.771,0.786,305085.9
2022-01-25 04:00:00,0.785,0.789,0.768,0.784,171809.3
2022-01-25 08:00:00,0.785,0.817,0.781,0.798,256260.9
2022-01-25 12:00:00,0.799,0.832,0.776,0.802,383951.2
2022-01-25 16:00:00,0.804,0.836,0.801,0.825,183675.3
2022-01-25 20:00:00,0.823,0.823,0.794,0.812,146755.7
2022-01-26 00:00:00,0.813,0.834,0.795,0.83,150284.4
2022-01-26 04:00:00,0.83,0.848,0.824,0.836,120324.7
2022-01-26 08:00:00,0.836,0.856,0.834,0.85,195300.4
2022-01-26 12:00:00,0.851,0.871,0.834,0.855,309069.8
2022-01-26 16:00:00,0.854,0.896,0.827,0.844,604762.5
2022-01-26 20:00:00,0.841,0.841,0.771,0.792,536543.2
2022-01-27 00:00:00,0.792,0.805,0.755,0.771,324315.2
2022-01-27 04:00:00,0.771,0.799,0.767,0.789,183670.1
2022-01-27 08:00:00,0.787,0.814,0.779,0.812,135115.2
2022-01-27 12:00:00,0.814,0.838,0.807,0.817,124784.1
2022-01-27 16:00:00,0.816,0.824,0.79,0.801,116309.8
2022-01-27 20:00:00,0.8,0.809,0.769,0.801,171308.8
2022-01-28 00:00:00,0.8,0.823,0.782,0.817,153306.6
2022-01-28 04:00:00,0.819,0.828,0.804,0.808,113705.6
2022-01-28 08:00:00,0.813,0.822,0.798,0.807,82954.0
2022-01-28 12:00:00,0.803,0.83,0.791,0.821,158080.3
2022-01-28 16:00:00,0.823,0.842,0.817,0.833,119802.1
2022-01-28 20:00:00,0.834,0.853,0.826,0.853,98574.8
2022-01-29 00:00:00,0.849,0.857,0.836,0.851,105643.2
2022-01-29 04:00:00,0.852,0.868,0.846,0.866,68539.8
2022-01-29 08:00:00,0.865,0.866,0.842,0.851,82169.7
2022-01-29 12:00:00,0.85,0.861,0.824,0.831,156232.7
2022-01-29 16:00:00,0.832,0.852,0.819,0.845,216579.4
2022-01-29 20:00:00,0.844,0.864,0.837,0.845,212986.1
2022-01-30 00:00:00,0.846,0.852,0.827,0.84,125616.0
2022-01-30 04:00:00,0.84,0.866,0.84,0.864,194008.9
2022-01-30 08:00:00,0.865,0.867,0.845,0.852,124113.2
2022-01-30 12:00:00,0.852,0.858,0.791,0.823,424198.1
2022-01-30 16:00:00,0.824,0.831,0.795,0.804,352370.6
2022-01-30 20:00:00,0.803,0.816,0.793,0.805,142152.2
2022-01-31 00:00:00,0.806,0.806,0.761,0.779,235829.9
2022-01-31 04:00:00,0.78,0.785,0.768,0.781,115443.7
2022-01-31 08:00:00,0.784,0.796,0.776,0.789,63641.4
2022-01-31 12:00:00,0.792,0.817,0.777,0.811,132533.2
2022-01-31 16:00:00,0.811,0.829,0.808,0.81,274537.7
2022-01-31 20:00:00,0.81,0.819,0.806,0.812,100867.2
2022-02-01 00:00:00,0.81,0.831,0.806,0.829,201922.0
2022-02-01 04:00:00,0.829,0.844,0.822,0.83,197240.0
2022-02-01 08:00:00,0.829,0.85,0.813,0.829,112123.7
2022-02-01 12:00:00,0.83,1.198,0.826,1.16,11419016.2
2022-02-01 16:00:00,1.159,1.19,1.053,1.145,7210039.6
2022-02-01 20:00:00,1.145,1.343,1.145,1.173,12709282.4
2022-02-02 00:00:00,1.173,1.36,1.17,1.347,8504385.4
2022-02-02 04:00:00,1.346,1.397,1.281,1.396,4746647.5
2022-02-02 08:00:00,1.395,1.86,1.341,1.8,18271001.7
2022-02-02 12:00:00,1.798,1.842,1.467,1.472,20746010.6
2022-02-02 16:00:00,1.471,1.731,1.447,1.52,14903147.2
2022-02-02 20:00:00,1.52,1.522,1.338,1.364,5747379.2
2022-02-03 00:00:00,1.364,1.443,1.34,1.372,2595585.8
2022-02-03 04:00:00,1.366,1.39,1.265,1.309,2738195.5
2022-02-03 08:00:00,1.307,1.336,1.215,1.295,3265449.7
2022-02-03 12:00:00,1.296,1.327,1.238,1.319,2386335.8
2022-02-03 16:00:00,1.318,1.351,1.201,1.209,2505368.4
2022-02-03 20:00:00,1.21,1.25,1.173,1.245,1249577.2
2022-02-04 00:00:00,1.246,1.279,1.186,1.266,1627417.8
2022-02-04 04:00:00,1.266,1.307,1.237,1.273,1184298.8
2022-02-04 08:00:00,1.274,1.299,1.217,1.225,1154152.2
2022-02-04 12:00:00,1.226,1.249,1.178,1.241,1584531.3
2022-02-04 16:00:00,1.238,1.329,1.236,1.265,1705336.8
2022-02-04 20:00:00,1.264,1.272,1.229,1.245,582126.7
2022-02-05 00:00:00,1.245,1.273,1.208,1.271,1335033.9
2022-02-05 04:00:00,1.272,1.327,1.262,1.264,1289956.7
2022-02-05 08:00:00,1.267,1.314,1.259,1.267,1377136.1
2022-02-05 12:00:00,1.268,1.32,1.252,1.294,1361832.8
2022-02-05 16:00:00,1.293,1.296,1.2,1.221,1953832.0
2022-02-05 20:00:00,1.222,1.235,1.19,1.2,888635.1
2022-02-06 00:00:00,1.202,1.237,1.186,1.22,1205092.0
2022-02-06 04:00:00,1.221,1.241,1.203,1.222,589346.9
2022-02-06 08:00:00,1.224,1.232,1.21,1.216,472159.3
2022-02-06 12:00:00,1.216,1.234,1.169,1.186,1004316.4
2022-02-06 16:00:00,1.186,1.238,1.186,1.224,657688.3
2022-02-06 20:00:00,1.222,1.225,1.185,1.222,408636.2
2022-02-07 00:00:00,1.22,1.4,1.194,1.332,2919988.9
2022-02-07 04:00:00,1.331,1.344,1.289,1.297,912948.2
2022-02-07 08:00:00,1.296,1.326,1.256,1.26,763046.5
2022-02-07 12:00:00,1.261,1.288,1.241,1.269,888348.2
2022-02-07 16:00:00,1.27,1.287,1.246,1.247,552471.4
2022-02-07 20:00:00,1.247,1.262,1.231,1.236,405433.5
2022-02-08 00:00:00,1.236,1.28,1.214,1.278,805213.5
2022-02-08 04:00:00,1.276,1.285,1.231,1.243,601118.4
2022-02-08 08:00:00,1.245,1.249,1.17,1.202,933997.7
2022-02-08 12:00:00,1.202,1.202,1.15,1.162,506135.1
2022-02-08 16:00:00,1.164,1.188,1.155,1.177,356520.0
2022-02-08 20:00:00,1.176,1.204,1.172,1.189,227703.1
2022-02-09 00:00:00,1.189,1.199,1.159,1.169,286468.8
2022-02-09 04:00:00,1.171,1.211,1.169,1.199,294798.6
2022-02-09 08:00:00,1.2,1.353,1.177,1.263,2226589.0
2022-02-09 12:00:00,1.263,1.337,1.246,1.298,2514892.1
2022-02-09 16:00:00,1.298,1.387,1.258,1.372,1657184.4
2022-02-09 20:00:00,1.374,1.55,1.374,1.424,7018575.7
2022-02-10 00:00:00,1.424,1.428,1.344,1.375,1739650.5
2022-02-10 04:00:00,1.376,1.399,1.338,1.369,809276.6
2022-02-10 08:00:00,1.369,1.381,1.309,1.319,1431466.5
2022-02-10 12:00:00,1.319,1.33,1.216,1.273,2176646.8
2022-02-10 16:00:00,1.273,1.301,1.242,1.244,851991.2
2022-02-10 20:00:00,1.246,1.268,1.212,1.214,744630.5
2022-02-11 00:00:00,1.216,1.221,1.18,1.204,773311.5
2022-02-11 04:00:00,1.204,1.236,1.198,1.23,469643.9
2022-02-11 08:00:00,1.23,1.246,1.214,1.222,383670.3
2022-02-11 12:00:00,1.224,1.224,1.191,1.201,492088.9
2022-02-11 16:00:00,1.2,1.203,1.113,1.126,801459.8
2022-02-11 20:00:00,1.128,1.132,1.057,1.094,508788.1
2022-02-12 00:00:00,1.094,1.114,1.081,1.094,288520.8
2022-02-12 04:00:00,1.094,1.116,1.055,1.081,454186.0
2022-02-12 08:00:00,1.085,1.187,1.083,1.139,590885.5
2022-02-12 12:00:00,1.139,1.148,1.088,1.105,320688.3
2022-02-12 16:00:00,1.105,1.147,1.096,1.121,510331.4
2022-02-12 20:00:00,1.122,1.134,1.085,1.114,448382.7
2022-02-13 00:00:00,1.115,1.148,1.1,1.114,368204.3
2022-02-13 04:00:00,1.112,1.132,1.092,1.124,397086.0
2022-02-13 08:00:00,1.122,1.227,1.1,1.113,1030385.5
2022-02-13 12:00:00,1.113,1.18,1.112,1.12,574871.1
2022-02-13 16:00:00,1.121,1.124,1.04,1.047,1111258.9
2022-02-13 20:00:00,1.047,1.067,1.043,1.051,363209.4
2022-02-14 00:00:00,1.053,1.057,1.015,1.029,419112.1
2022-02-14 04:00:00,1.028,1.055,1.02,1.052,347529.5
2022-02-14 08:00:00,1.052,1.056,1.029,1.033,196932.0
2022-02-14 12:00:00,1.033,1.081,1.024,1.072,445043.9
2022-02-14 16:00:00,1.072,1.232,1.068,1.114,2722086.6
2022-02-14 20:00:00,1.116,1.153,1.112,1.116,531926.8
2022-02-15 00:00:00,1.117,1.22,1.116,1.162,797883.2
2022-02-15 04:00:00,1.163,1.173,1.156,1.167,289322.6
2022-02-15 08:00:00,1.167,1.197,1.159,1.16,554718.6
2022-02-15 12:00:00,1.16,1.167,1.14,1.146,411727.6
2022-02-15 16:00:00,1.148,1.17,1.135,1.169,412426.9
2022-02-15 20:00:00,1.169,1.219,1.169,1.204,333481.5
2022-02-16 00:00:00,1.203,1.203,1.143,1.146,309478.7
2022-02-16 04:00:00,1.144,1.16,1.127,1.16,211737.5
2022-02-16 08:00:00,1.16,1.165,1.127,1.142,320464.5
2022-02-16 12:00:00,1.143,1.145,1.097,1.109,332963.8
2022-02-16 16:00:00,1.109,1.157,1.101,1.149,333410.0
2022-02-16 20:00:00,1.15,1.158,1.126,1.127,129930.9
2022-02-17 00:00:00,1.127,1.149,1.12,1.12,122458.3
2022-02-17 04:00:00,1.118,1.165,1.11,1.165,220822.4
2022-02-17 08:00:00,1.165,1.196,1.121,1.124,927646.9
2022-02-17 12:00:00,1.124,1.156,1.107,1.153,441247.3
2022-02-17 16:00:00,1.155,1.159,1.067,1.09,490250.6
2022-02-17 20:00:00,1.09,1.09,1.042,1.068,336231.8
2022-02-18 00:00:00,1.064,1.096,1.055,1.087,288952.3
2022-02-18 04:00:00,1.088,1.098,1.075,1.089,213649.9
2022-02-18 08:00:00,1.089,1.099,1.058,1.062,388601.3
2022-02-18 12:00:00,1.062,1.082,1.031,1.047,537039.6
2022-02-18 16:00:00,1.048,1.075,0.987,0.998,1249619.8
2022-02-18 20:00:00,0.999,1.002,0.97,0.988,302600.3
2022-02-19 00:00:00,0.988,1.008,0.984,0.995,298940.8
2022-02-19 04:00:00,0.994,1.005,0.987,0.995,139893.0
2022-02-19 08:00:00,0.995,0.999,0.944,0.955,391860.7
2022-02-19 12:00:00,0.955,0.984,0.948,0.981,279839.5
2022-02-19 16:00:00,0.98,0.998,0.965,0.965,218717.7
2022-02-19 20:00:00,0.966,0.986,0.964,0.985,91243.4
2022-02-20 00:00:00,0.985,0.985,0.932,0.934,217362.6
2022-02-20 04:00:00,0.936,0.939,0.892,0.899,447819.3
2022-02-20 08:00:00,0.9,0.9,0.873,0.897,534399.3
2022-02-20 12:00:00,0.897,0.905,0.855,0.883,496344.4
2022-02-20 16:00:00,0.883,0.979,0.867,0.882,1584759.5
2022-02-20 20:00:00,0.883,0.901,0.859,0.891,304165.0
2022-02-21 00:00:00,0.891,0.932,0.879,0.912,428751.5
2022-02-21 04:00:00,0.913,0.936,0.913,0.935,226146.9
2022-02-21 08:00:00,0.934,1.08,0.925,1.003,4623123.6
2022-02-21 12:00:00,1.003,1.1,0.924,1.035,5261103.3
2022-02-21 16:00:00,1.034,1.043,0.962,0.992,1945463.9
2022-02-21 20:00:00,0.993,0.996,0.907,0.917,1169342.6
2022-02-22 00:00:00,0.918,0.938,0.866,0.872,1021839.7
2022-02-22 04:00:00,0.872,0.917,0.872,0.906,858152.2
2022-02-22 08:00:00,0.907,1.039,0.905,0.962,3072587.3
2022-02-22 12:00:00,0.96,1.005,0.948,0.973,1473315.7
2022-02-22 16:00:00,0.971,0.978,0.933,0.953,465002.8
2022-02-22 20:00:00,0.953,0.962,0.925,0.943,514735.7
2022-02-23 00:00:00,0.944,1.055,0.932,1.002,1623178.3
2022-02-23 04:00:00,1.003,1.066,0.992,1.021,1287129.4
2022-02-23 08:00:00,1.023,1.045,1.012,1.014,652952.2
2022-02-23 12:00:00,1.013,1.024,0.977,0.981,414782.1
2022-02-23 16:00:00,0.981,1.008,0.963,0.969,640266.5
2022-02-23 20:00:00,0.968,0.973,0.932,0.939,310045.8
2022-02-24 00:00:00,0.94,0.945,0.854,0.854,1548709.0
2022-02-24 04:00:00,0.855,0.905,0.82,0.904,2325461.6
2022-02-24 08:00:00,0.904,0.94,0.878,0.904,1309471.5
2022-02-24 12:00:00,0.902,1.078,0.889,1.074,2861582.6
2022-02-24 16:00:00,1.074,1.209,1.004,1.192,9293070.9
2022-02-24 20:00:00,1.191,1.21,1.08,1.182,6066847.2
2022-02-25 00:00:00,1.182,1.375,1.158,1.22,7447878.5
2022-02-25 04:00:00,1.22,1.308,1.187,1.222,4909712.4
2022-02-25 08:00:00,1.224,1.239,1.174,1.2,2086242.6
2022-02-25 12:00:00,1.202,1.242,1.171,1.189,2253632.3
2022-02-25 16:00:00,1.19,1.194,1.129,1.14,1202484.7
2022-02-25 20:00:00,1.138,1.217,1.128,1.169,831346.0
2022-02-26 00:00:00,1.17,1.237,1.168,1.178,899030.8
2022-02-26 04:00:00,1.179,1.182,1.141,1.164,703851.0
2022-02-26 08:00:00,1.163,1.177,1.122,1.145,817748.1
2022-02-26 12:00:00,1.145,1.17,1.13,1.147,735272.0
2022-02-26 16:00:00,1.147,1.258,1.147,1.189,1396888.7
2022-02-26 20:00:00,1.19,1.198,1.128,1.137,372894.7
2022-02-27 00:00:00,1.138,1.153,1.079,1.116,1105667.5
2022-02-27 04:00:00,1.115,1.139,1.101,1.125,302103.2
2022-02-27 08:00:00,1.125,1.227,1.11,1.196,1327305.7
2022-02-27 12:00:00,1.196,1.229,1.13,1.204,1679925.4
2022-02-27 16:00:00,1.204,1.204,1.087,1.094,772308.2
2022-02-27 20:00:00,1.094,1.187,1.09,1.177,1324427.6
2022-02-28 00:00:00,1.177,1.28,1.14,1.161,1831547.6
2022-02-28 04:00:00,1.162,1.191,1.151,1.171,600363.2
2022-02-28 08:00:00,1.173,1.187,1.138,1.15,538583.6
2022-02-28 12:00:00,1.151,1.188,1.11,1.182,1094703.9
2022-02-28 16:00:00,1.183,1.2,1.167,1.177,586780.8
2022-02-28 20:00:00,1.178,1.238,1.167,1.235,700013.8
2022-03-01 00:00:00,1.235,1.251,1.193,1.206,764928.2
2022-03-01 04:00:00,1.208,1.291,1.202,1.276,781437.6
2022-03-01 08:00:00,1.277,1.278,1.216,1.253,680257.2
2022-03-01 12:00:00,1.253,1.277,1.203,1.218,1355470.7
2022-03-01 16:00:00,1.217,1.236,1.192,1.234,599917.6
2022-03-01 20:00:00,1.236,1.272,1.232,1.246,472257.9
2022-03-02 00:00:00,1.246,1.251,1.198,1.232,693310.6
2022-03-02 04:00:00,1.232,1.26,1.205,1.209,522831.7
2022-03-02 08:00:00,1.212,1.239,1.204,1.221,528464.1
2022-03-02 12:00:00,1.223,1.234,1.182,1.202,783402.6
2022-03-02 16:00:00,1.203,1.225,1.166,1.185,443082.5
2022-03-02 20:00:00,1.183,1.201,1.159,1.163,265427.6
2022-03-03 00:00:00,1.164,1.18,1.144,1.151,343863.0
2022-03-03 04:00:00,1.152,1.177,1.119,1.15,668528.4
2022-03-03 08:00:00,1.149,1.188,1.148,1.17,326914.9
2022-03-03 12:00:00,1.169,1.196,1.14,1.143,453620.2
2022-03-03 16:00:00,1.143,1.15,1.126,1.14,236707.8
2022-03-03 20:00:00,1.14,1.185,1.135,1.177,217245.2
2022-03-04 00:00:00,1.178,1.18,1.108,1.14,394731.5
2022-03-04 04:00:00,1.139,1.14,1.115,1.123,225567.1
2022-03-04 08:00:00,1.123,1.143,1.106,1.134,272573.6
2022-03-04 12:00:00,1.134,1.152,1.106,1.108,480536.2
2022-03-04 16:00:00,1.107,1.121,1.063,1.065,360951.2
2022-03-04 20:00:00,1.065,1.073,1.031,1.039,299008.7
2022-03-05 00:00:00,1.039,1.041,1.004,1.029,347938.9
2022-03-05 04:00:00,1.028,1.042,1.018,1.041,168405.8
2022-03-05 08:00:00,1.042,1.051,1.031,1.042,230523.0
2022-03-05 12:00:00,1.042,1.057,1.033,1.049,218313.6
2022-03-05 16:00:00,1.049,1.068,1.048,1.067,122153.3
2022-03-05 20:00:00,1.068,1.077,1.061,1.061,128869.0
2022-03-06 00:00:00,1.061,1.067,1.043,1.044,100136.3
2022-03-06 04:00:00,1.044,1.048,1.028,1.031,327474.8
2022-03-06 08:00:00,1.032,1.032,1.0,1.007,333500.2
2022-03-06 12:00:00,1.008,1.037,1.001,1.018,153042.7
2022-03-06 16:00:00,1.019,1.031,1.001,1.007,141982.1
2022-03-06 20:00:00,1.006,1.021,0.977,0.98,212082.1
2022-03-07 00:00:00,0.98,0.98,0.937,0.947,332285.7
2022-03-07 04:00:00,0.947,0.967,0.945,0.952,102321.5
2022-03-07 08:00:00,0.952,0.971,0.948,0.969,199183.5
2022-03-07 12:00:00,0.968,1.022,0.968,1.0,267225.0
2022-03-07 16:00:00,1.003,1.017,0.943,0.947,275943.5
2022-03-07 20:00:00,0.947,0.986,0.94,0.976,156008.1
2022-03-08 00:00:00,0.976,1.084,0.968,1.03,1284004.2
2022-03-08 04:00:00,1.03,1.033,0.987,1.001,248759.2
2022-03-08 08:00:00,1.002,1.042,0.999,1.025,269107.2
2022-03-08 12:00:00,1.023,1.029,0.991,1.003,288245.4
2022-03-08 16:00:00,1.004,1.023,0.988,1.008,264468.2
2022-03-08 20:00:00,1.01,1.015,0.992,1.008,106263.8
2022-03-09 00:00:00,1.008,1.059,1.005,1.048,432914.7
2022-03-09 04:00:00,1.048,1.054,1.033,1.049,484985.1
2022-03-09 08:00:00,1.048,1.063,1.044,1.051,264367.3
2022-03-09 12:00:00,1.052,1.068,1.015,1.045,747660.7
2022-03-09 16:00:00,1.044,1.05,1.0,1.012,352330.2
2022-03-09 20:00:00,1.012,1.024,1.006,1.023,102328.4
2022-03-10 00:00:00,1.022,1.026,0.988,0.988,183098.7
2022-03-10 04:00:00,0.988,0.988,0.939,0.964,351905.2
2022-03-10 08:00:00,0.964,0.983,0.96,0.972,338036.4
2022-03-10 12:00:00,0.972,0.998,0.948,0.989,319307.3
2022-03-10 16:00:00,0.988,0.991,0.971,0.978,101769.4
2022-03-10 20:00:00,0.978,0.985,0.973,0.981,66268.4
2022-03-11 00:00:00,0.98,0.98,0.948,0.963,149886.1
2022-03-11 04:00:00,0.963,1.013,0.95,1.003,606321.6
2022-03-11 08:00:00,1.003,1.007,0.977,0.993,363160.4
2022-03-11 12:00:00,0.995,1.003,0.96,0.965,286448.2
2022-03-11 16:00:00,0.963,0.964,0.951,0.963,161661.6
2022-03-11 20:00:00,0.962,0.965,0.956,0.957,93101.6
2022-03-12 00:00:00,0.957,0.973,0.953,0.956,117581.7
2022-03-12 04:00:00,0.957,0.959,0.937,0.95,525891.5
2022-03-12 08:00:00,0.951,0.961,0.943,0.951,228005.0
2022-03-12 12:00:00,0.952,0.971,0.944,0.968,226993.8
2022-03-12 16:00:00,0.968,1.046,0.949,1.04,1748153.6
2022-03-12 20:00:00,1.041,1.042,0.972,0.972,430526.4
2022-03-13 00:00:00,0.972,1.028,0.969,1.01,425866.4
2022-03-13 04:00:00,1.01,1.012,0.97,0.972,617125.4
2022-03-13 08:00:00,0.971,0.973,0.95,0.953,287005.5
2022-03-13 12:00:00,0.953,0.972,0.939,0.963,406605.1
2022-03-13 16:00:00,0.962,0.962,0.948,0.95,127394.6
2022-03-13 20:00:00,0.949,0.953,0.917,0.927,221347.5
2022-03-14 00:00:00,0.927,0.935,0.915,0.93,142471.3
2022-03-14 04:00:00,0.93,0.956,0.93,0.95,138571.7
2022-03-14 08:00:00,0.951,0.952,0.94,0.943,127622.8
2022-03-14 12:00:00,0.944,0.947,0.932,0.938,138746.7
2022-03-14 16:00:00,0.939,0.94,0.921,0.925,125725.8
2022-03-14 20:00:00,0.925,0.948,0.923,0.942,127043.7
2022-03-15 00:00:00,0.943,0.947,0.922,0.928,180755.6
2022-03-15 04:00:00,0.929,0.934,0.898,0.903,527430.8
2022-03-15 08:00:00,0.902,0.906,0.896,0.904,188661.2
2022-03-15 12:00:00,0.903,0.922,0.902,0.917,226585.0
2022-03-15 16:00:00,0.917,0.933,0.915,0.929,235935.3
2022-03-15 20:00:00,0.932,0.933,0.913,0.918,118915.3
2022-03-16 00:00:00,0.918,0.945,0.906,0.91,272231.7
2022-03-16 04:00:00,0.909,0.921,0.903,0.916,169783.8
2022-03-16 08:00:00,0.917,0.958,0.916,0.953,636352.0
2022-03-16 12:00:00,0.953,1.11,0.944,1.021,4510015.8
2022-03-16 16:00:00,1.022,1.273,1.022,1.104,12289904.4
2022-03-16 20:00:00,1.103,1.19,1.094,1.187,2894311.6
2022-03-17 00:00:00,1.186,1.2,1.116,1.14,2350256.5
2022-03-17 04:00:00,1.139,1.199,1.123,1.163,2302883.5
2022-03-17 08:00:00,1.164,1.266,1.131,1.188,5467275.0
2022-03-17 12:00:00,1.187,1.229,1.15,1.181,2435384.1
2022-03-17 16:00:00,1.182,1.199,1.098,1.129,1773368.8
2022-03-17 20:00:00,1.129,1.156,1.105,1.13,601109.1
2022-03-18 00:00:00,1.13,1.14,1.098,1.124,551616.5
2022-03-18 04:00:00,1.124,1.182,1.122,1.134,1737876.8
2022-03-18 08:00:00,1.134,1.174,1.119,1.135,710099.5
2022-03-18 12:00:00,1.134,1.437,1.133,1.385,3612202.1
2022-03-18 16:00:00,1.383,1.757,1.322,1.524,13965144.5
2022-03-18 20:00:00,1.524,1.547,1.416,1.514,1652622.2
2022-03-19 00:00:00,1.514,1.64,1.425,1.522,5095501.3
2022-03-19 04:00:00,1.523,1.585,1.466,1.543,2147334.7
2022-03-19 08:00:00,1.541,1.692,1.491,1.539,3202240.7
2022-03-19 12:00:00,1.539,1.635,1.503,1.57,2647442.0
2022-03-19 16:00:00,1.568,1.75,1.542,1.551,3258345.7
2022-03-19 20:00:00,1.552,1.564,1.462,1.511,1007154.1
2022-03-20 00:00:00,1.511,1.515,1.411,1.452,1026237.6
2022-03-20 04:00:00,1.454,1.543,1.409,1.506,2476966.4
2022-03-20 08:00:00,1.504,1.544,1.435,1.467,943547.6
2022-03-20 12:00:00,1.468,1.514,1.458,1.469,824465.8
2022-03-20 16:00:00,1.469,1.502,1.413,1.471,596035.7
2022-03-20 20:00:00,1.469,1.478,1.429,1.438,187874.9
2022-03-21 00:00:00,1.439,1.537,1.436,1.5,1159999.7
2022-03-21 04:00:00,1.501,1.564,1.494,1.515,1035117.8
2022-03-21 08:00:00,1.514,1.532,1.457,1.471,846645.9
2022-03-21 12:00:00,1.471,1.543,1.45,1.52,834802.3
2022-03-21 16:00:00,1.518,1.63,1.505,1.528,1473108.8
2022-03-21 20:00:00,1.528,1.535,1.493,1.516,400465.5
2022-03-22 00:00:00,1.516,1.616,1.475,1.576,1598185.3
2022-03-22 04:00:00,1.576,1.773,1.576,1.723,2493622.0
2022-03-22 08:00:00,1.723,1.81,1.683,1.752,2112975.8
2022-03-22 12:00:00,1.752,1.765,1.688,1.722,1132213.2
2022-03-22 16:00:00,1.721,1.755,1.659,1.715,1145807.2
2022-03-22 20:00:00,1.714,1.727,1.667,1.716,461038.1
2022-03-23 00:00:00,1.715,1.749,1.683,1.689,731926.2
2022-03-23 04:00:00,1.689,1.726,1.66,1.668,836270.5
2022-03-23 08:00:00,1.668,1.69,1.629,1.657,698658.4
2022-03-23 12:00:00,1.657,1.668,1.631,1.658,452304.1
2022-03-23 16:00:00,1.656,1.66,1.593,1.6,432357.4
2022-03-23 20:00:00,1.6,1.633,1.597,1.627,204999.7
2022-03-24 00:00:00,1.627,1.649,1.624,1.631,355370.3
2022-03-24 04:00:00,1.63,1.665,1.609,1.648,436206.3
2022-03-24 08:00:00,1.647,1.709,1.636,1.664,685163.7
2022-03-24 12:00:00,1.667,1.73,1.635,1.7,780510.1
2022-03-24 16:00:00,1.7,1.748,1.689,1.711,297342.3
2022-03-24 20:00:00,1.711,1.712,1.694,1.698,88194.8
2022-03-25 00:00:00,1.698,1.782,1.677,1.694,867302.7
2022-03-25 04:00:00,1.694,1.697,1.669,1.675,207180.7
2022-03-25 08:00:00,1.675,1.714,1.664,1.706,324567.7
2022-03-25 12:00:00,1.704,1.716,1.669,1.682,791798.6
2022-03-25 16:00:00,1.68,1.696,1.642,1.657,404466.0
2022-03-25 20:00:00,1.656,1.659,1.633,1.649,136589.7
2022-03-26 00:00:00,1.65,1.684,1.636,1.678,158567.1
2022-03-26 04:00:00,1.679,1.713,1.672,1.705,295182.8
2022-03-26 08:00:00,1.705,1.714,1.657,1.658,272555.0
2022-03-26 12:00:00,1.656,1.672,1.646,1.655,179550.9
2022-03-26 16:00:00,1.655,1.696,1.655,1.673,237836.6
2022-03-26 20:00:00,1.673,1.698,1.672,1.696,103613.3
2022-03-27 00:00:00,1.695,1.714,1.677,1.691,320526.7
2022-03-27 04:00:00,1.691,1.705,1.677,1.684,210557.3
2022-03-27 08:00:00,1.684,1.684,1.65,1.67,381242.6
2022-03-27 12:00:00,1.668,1.771,1.662,1.739,770879.8
2022-03-27 16:00:00,1.739,1.8,1.715,1.769,529201.9
2022-03-27 20:00:00,1.771,1.809,1.738,1.769,644784.6
2022-03-28 00:00:00,1.768,1.804,1.762,1.787,487585.5
2022-03-28 04:00:00,1.788,1.833,1.769,1.8,625779.2
2022-03-28 08:00:00,1.799,1.8,1.77,1.783,267365.8
2022-03-28 12:00:00,1.784,1.875,1.773,1.817,840830.9
2022-03-28 16:00:00,1.818,1.827,1.755,1.761,530166.0
2022-03-28 20:00:00,1.761,1.775,1.75,1.753,330755.7
2022-03-29 00:00:00,1.751,1.775,1.75,1.753,224387.6
2022-03-29 04:00:00,1.752,1.788,1.748,1.764,272641.2
2022-03-29 08:00:00,1.762,1.788,1.761,1.781,139873.2
2022-03-29 12:00:00,1.78,1.788,1.73,1.737,427140.8
2022-03-29 16:00:00,1.736,1.743,1.705,1.731,283012.8
2022-03-29 20:00:00,1.731,1.737,1.7,1.726,128240.9
2022-03-30 00:00:00,1.727,1.963,1.704,1.931,2329544.3
2022-03-30 04:00:00,1.93,2.15,1.88,2.11,2057275.6
2022-03-30 08:00:00,2.107,2.333,2.058,2.072,4383022.4
2022-03-30 12:00:00,2.071,2.235,2.036,2.063,1383991.8
2022-03-30 16:00:00,2.064,2.072,2.014,2.042,886381.2
2022-03-30 20:00:00,2.041,2.139,2.012,2.11,655012.3
2022-03-31 00:00:00,2.11,2.193,2.041,2.058,822759.2
2022-03-31 04:00:00,2.059,2.115,2.032,2.09,519727.3
2022-03-31 08:00:00,2.09,2.224,2.08,2.173,956058.5
2022-03-31 12:00:00,2.171,2.239,1.891,1.92,3750654.3
2022-03-31 16:00:00,1.919,1.992,1.8,1.942,2275598.1
2022-03-31 20:00:00,1.945,2.209,1.945,2.105,1802802.5
2022-04-01 00:00:00,2.107,2.138,1.647,1.739,5414219.0
2022-04-01 04:00:00,1.739,1.744,1.688,1.713,2249314.0
2022-04-01 08:00:00,1.713,1.791,1.711,1.783,1573121.3
2022-04-01 12:00:00,1.782,1.9,1.716,1.831,1610007.8
2022-04-01 16:00:00,1.83,1.835,1.773,1.811,699109.9
2022-04-01 20:00:00,1.813,1.858,1.805,1.851,510784.0
2022-04-02 00:00:00,1.85,1.921,1.831,1.893,1053377.2
2022-04-02 04:00:00,1.894,1.896,1.828,1.84,583546.0
2022-04-02 08:00:00,1.841,1.867,1.796,1.796,489773.2
2022-04-02 12:00:00,1.797,1.835,1.701,1.731,1192947.6
2022-04-02 16:00:00,1.731,1.754,1.663,1.702,745275.9
2022-04-02 20:00:00,1.7,1.722,1.69,1.7,321213.1
2022-04-03 00:00:00,1.702,1.719,1.669,1.691,352293.5
2022-04-03 04:00:00,1.693,1.723,1.69,1.708,388881.3
2022-04-03 08:00:00,1.708,1.719,1.662,1.707,498562.3
2022-04-03 12:00:00,1.708,1.75,1.696,1.736,451998.9
2022-04-03 16:00:00,1.736,1.738,1.677,1.691,278009.9
2022-04-03 20:00:00,1.689,1.718,1.683,1.71,257220.1
2022-04-04 00:00:00,1.713,1.719,1.675,1.703,372919.7
2022-04-04 04:00:00,1.704,1.731,1.7,1.727,249734.8
2022-04-04 08:00:00,1.728,1.731,1.668,1.679,320940.5
2022-04-04 12:00:00,1.677,1.685,1.61,1.615,484683.6
2022-04-04 16:00:00,1.615,1.636,1.485,1.545,2300163.3
2022-04-04 20:00:00,1.544,1.584,1.535,1.576,457251.5
2022-04-05 00:00:00,1.576,1.604,1.556,1.6,315781.5
2022-04-05 04:00:00,1.6,1.615,1.565,1.577,221434.9
2022-04-05 08:00:00,1.578,1.612,1.568,1.609,297482.8
2022-04-05 12:00:00,1.61,1.63,1.524,1.546,547717.1
2022-04-05 16:00:00,1.546,1.556,1.524,1.536,176165.9
2022-04-05 20:00:00,1.537,1.537,1.494,1.502,148691.2
2022-04-06 00:00:00,1.5,1.5,1.445,1.45,417666.2
2022-04-06 04:00:00,1.452,1.481,1.434,1.464,221030.2
2022-04-06 08:00:00,1.461,1.466,1.343,1.36,984109.5
2022-04-06 12:00:00,1.359,1.387,1.223,1.268,3705743.6
2022-04-06 16:00:00,1.268,1.303,1.209,1.293,1251154.6
2022-04-06 20:00:00,1.291,1.339,1.261,1.261,826002.6
2022-04-07 00:00:00,1.263,1.338,1.231,1.305,785828.1
2022-04-07 04:00:00,1.304,1.355,1.301,1.332,388657.3
2022-04-07 08:00:00,1.332,1.385,1.312,1.377,763962.7
2022-04-07 12:00:00,1.378,1.39,1.309,1.321,892715.2
2022-04-07 16:00:00,1.321,1.37,1.31,1.351,350690.1
2022-04-07 20:00:00,1.352,1.37,1.337,1.339,182345.5
2022-04-08 00:00:00,1.339,1.37,1.327,1.368,283590.7
2022-04-08 04:00:00,1.368,1.373,1.337,1.348,292784.0
2022-04-08 08:00:00,1.35,1.362,1.29,1.291,325860.1
2022-04-08 12:00:00,1.29,1.326,1.218,1.312,1142256.9
2022-04-08 16:00:00,1.312,1.373,1.263,1.287,1282194.5
2022-04-08 20:00:00,1.288,1.297,1.235,1.269,373058.0
2022-04-09 00:00:00,1.268,1.28,1.223,1.239,404768.5
2022-04-09 04:00:00,1.239,1.269,1.235,1.261,164231.9
2022-04-09 08:00:00,1.262,1.288,1.257,1.273,184562.6
2022-04-09 12:00:00,1.274,1.332,1.266,1.268,577270.3
2022-04-09 16:00:00,1.268,1.353,1.264,1.339,655325.9
2022-04-09 20:00:00,1.338,1.351,1.309,1.339,280435.7
2022-04-10 00:00:00,1.34,1.367,1.321,1.337,411477.3
2022-04-10 04:00:00,1.337,1.337,1.298,1.307,285620.5
2022-04-10 08:00:00,1.306,1.307,1.278,1.294,238085.7
2022-04-10 12:00:00,1.295,1.306,1.285,1.3,210925.2
2022-04-10 16:00:00,1.3,1.412,1.295,1.369,1289377.8
2022-04-10 20:00:00,1.369,1.38,1.299,1.302,375216.3
2022-04-11 00:00:00,1.302,1.337,1.212,1.23,2077347.7
2022-04-11 04:00:00,1.228,1.253,1.22,1.244,559875.9
2022-04-11 08:00:00,1.243,1.245,1.151,1.164,1918318.8
2022-04-11 12:00:00,1.163,1.197,1.142,1.149,563423.3
2022-04-11 16:00:00,1.148,1.172,1.138,1.148,417833.9
2022-04-11 20:00:00,1.148,1.155,1.098,1.117,354709.7
2022-04-12 00:00:00,1.117,1.144,1.105,1.127,406262.5
2022-04-12 04:00:00,1.13,1.187,1.125,1.181,363364.0
2022-04-12 08:00:00,1.179,1.224,1.171,1.193,659072.2
2022-04-12 12:00:00,1.192,1.192,1.119,1.145,1100770.5
2022-04-12 16:00:00,1.146,1.151,1.095,1.096,380070.8
2022-04-12 20:00:00,1.096,1.137,1.094,1.132,186242.1
2022-04-13 00:00:00,1.132,1.149,1.119,1.141,177526.8
2022-04-13 04:00:00,1.142,1.154,1.134,1.142,231149.1
2022-04-13 08:00:00,1.144,1.17,1.139,1.142,415626.5
2022-04-13 12:00:00,1.141,1.195,1.122,1.188,400926.4
2022-04-13 16:00:00,1.189,1.312,1.188,1.254,2702042.3
2022-04-13 20:00:00,1.253,1.27,1.248,1.254,402514.3
2022-04-14 00:00:00,1.256,1.266,1.232,1.25,662218.3
2022-04-14 04:00:00,1.25,1.349,1.246,1.306,2013294.8
2022-04-14 08:00:00,1.306,1.319,1.265,1.284,560294.3
2022-04-14 12:00:00,1.284,1.329,1.227,1.231,1194579.7
2022-04-14 16:00:00,1.231,1.278,1.23,1.268,658483.0
2022-04-14 20:00:00,1.268,1.269,1.258,1.261,132379.8
2022-04-15 00:00:00,1.261,1.345,1.26,1.311,1011312.3
2022-04-15 04:00:00,1.309,1.313,1.263,1.278,284383.0
2022-04-15 08:00:00,1.277,1.316,1.272,1.296,260400.2
2022-04-15 12:00:00,1.298,1.305,1.256,1.278,441638.4
2022-04-15 16:00:00,1.277,1.282,1.256,1.265,258547.6
2022-04-15 20:00:00,1.265,1.284,1.264,1.281,86938.5
2022-04-16 00:00:00,1.279,1.293,1.272,1.273,165791.8
2022-04-16 04:00:00,1.272,1.282,1.267,1.27,82690.8
2022-04-16 08:00:00,1.269,1.274,1.261,1.272,76087.6
2022-04-16 12:00:00,1.271,1.274,1.222,1.225,255708.3
2022-04-16 16:00:00,1.225,1.267,1.221,1.25,167776.4
2022-04-16 20:00:00,1.249,1.26,1.245,1.249,120993.1
2022-04-17 00:00:00,1.248,1.257,1.239,1.244,129927.2
2022-04-17 04:00:00,1.245,1.265,1.243,1.257,60451.3
2022-04-17 08:00:00,1.258,1.263,1.253,1.256,50688.8
2022-04-17 12:00:00,1.256,1.272,1.249,1.269,120313.2
2022-04-17 16:00:00,1.269,1.273,1.252,1.257,147104.8
2022-04-17 20:00:00,1.258,1.26,1.187,1.194,208687.9
2022-04-18 00:00:00,1.192,1.22,1.185,1.206,257986.7
2022-04-18 04:00:00,1.207,1.207,1.113,1.134,663306.2
2022-04-18 08:00:00,1.134,1.156,1.133,1.15,142195.7
2022-04-18 12:00:00,1.149,1.166,1.143,1.147,289981.5
2022-04-18 16:00:00,1.147,1.207,1.144,1.188,293410.7
2022-04-18 20:00:00,1.189,1.214,1.186,1.214,213523.7
2022-04-19 00:00:00,1.214,1.262,1.21,1.221,352188.8
2022-04-19 04:00:00,1.221,1.248,1.21,1.214,277219.0
2022-04-19 08:00:00,1.214,1.225,1.207,1.212,142213.6
2022-04-19 12:00:00,1.213,1.299,1.211,1.258,745327.0
2022-04-19 16:00:00,1.257,1.29,1.243,1.273,394511.0
2022-04-19 20:00:00,1.27,1.279,1.25,1.261,200142.6
2022-04-20 00:00:00,1.261,1.323,1.241,1.305,712871.6
2022-04-20 04:00:00,1.303,1.328,1.287,1.292,702622.1
2022-04-20 08:00:00,1.293,1.424,1.282,1.374,1812897.7
2022-04-20 12:00:00,1.374,1.384,1.292,1.344,1303841.3
2022-04-20 16:00:00,1.344,1.375,1.286,1.352,1071552.9
2022-04-20 20:00:00,1.351,1.46,1.349,1.437,2628706.9
2022-04-21 00:00:00,1.436,1.843,1.402,1.487,11880259.3
2022-04-21 04:00:00,1.487,1.509,1.423,1.423,3780066.9
2022-04-21 08:00:00,1.423,1.434,1.223,1.261,10991470.2
2022-04-21 12:00:00,1.26,1.271,1.211,1.228,2097670.1
2022-04-21 16:00:00,1.228,1.24,1.208,1.211,1163573.2
2022-04-21 20:00:00,1.211,1.22,1.17,1.201,1316109.3
2022-04-22 00:00:00,1.2,1.232,1.181,1.22,1334343.7
2022-04-22 04:00:00,1.221,1.244,1.207,1.226,1026111.9
2022-04-22 08:00:00,1.226,1.234,1.174,1.204,772776.6
2022-04-22 12:00:00,1.204,1.21,1.135,1.138,1056828.6
2022-04-22 16:00:00,1.138,1.199,1.134,1.19,584783.1
2022-04-22 20:00:00,1.193,1.195,1.147,1.158,580309.2
2022-04-23 00:00:00,1.158,1.183,1.149,1.156,438012.3
2022-04-23 04:00:00,1.155,1.18,1.155,1.159,427443.7
2022-04-23 08:00:00,1.161,1.169,1.147,1.149,380267.6
2022-04-23 12:00:00,1.149,1.187,1.14,1.186,592226.7
2022-04-23 16:00:00,1.187,1.203,1.151,1.158,742915.8
2022-04-23 20:00:00,1.159,1.169,1.141,1.149,189098.0
2022-04-24 00:00:00,1.148,1.151,1.085,1.12,1475930.3
2022-04-24 04:00:00,1.121,1.138,1.118,1.118,388464.9
2022-04-24 08:00:00,1.119,1.13,1.109,1.11,273375.4
2022-04-24 12:00:00,1.111,1.121,1.081,1.115,796102.2
2022-04-24 16:00:00,1.116,1.123,1.065,1.096,527063.0
2022-04-24 20:00:00,1.097,1.103,1.078,1.082,399622.6
2022-04-25 00:00:00,1.083,1.089,1.027,1.055,731333.3
2022-04-25 04:00:00,1.055,1.055,0.985,1.001,622365.4
2022-04-25 08:00:00,1.001,1.025,0.988,1.025,500580.0
2022-04-25 12:00:00,1.024,1.06,1.017,1.042,338418.5
2022-04-25 16:00:00,1.042,1.075,1.013,1.058,1145357.2
2022-04-25 20:00:00,1.058,1.084,1.056,1.071,393890.7
2022-04-26 00:00:00,1.071,1.09,1.049,1.066,474337.6
2022-04-26 04:00:00,1.067,1.083,1.067,1.071,157760.3
2022-04-26 08:00:00,1.071,1.073,1.045,1.059,285618.2
2022-04-26 12:00:00,1.058,1.059,0.982,0.985,658839.2
2022-04-26 16:00:00,0.985,1.02,0.962,0.989,607203.8
2022-04-26 20:00:00,0.989,1.005,0.96,0.985,406773.5
2022-04-27 00:00:00,0.987,1.019,0.984,1.011,411749.0
2022-04-27 04:00:00,1.009,1.032,1.007,1.031,170240.4
2022-04-27 08:00:00,1.032,1.036,0.985,1.0,326082.2
2022-04-27 12:00:00,1.001,1.03,0.993,1.013,607437.6
2022-04-27 16:00:00,1.013,1.022,0.982,0.988,469007.0
2022-04-27 20:00:00,0.988,1.013,0.987,1.011,265515.3
2022-04-28 00:00:00,1.009,1.019,0.995,1.004,389945.1
2022-04-28 04:00:00,1.002,1.021,0.997,1.015,313766.2
2022-04-28 08:00:00,1.015,1.088,1.012,1.072,1791992.5
2022-04-28 12:00:00,1.071,1.089,1.002,1.021,1748108.9
2022-04-28 16:00:00,1.018,1.06,1.013,1.03,713780.7
2022-04-28 20:00:00,1.031,1.04,1.013,1.021,361670.2
2022-04-29 00:00:00,1.022,1.048,1.01,1.017,625299.5
2022-04-29 04:00:00,1.018,1.039,0.994,1.032,597435.2
2022-04-29 08:00:00,1.032,1.045,0.977,0.992,830965.8
2022-04-29 12:00:00,0.992,1.008,0.987,0.995,373435.8
2022-04-29 16:00:00,0.996,1.001,0.96,0.966,552097.4
2022-04-29 20:00:00,0.967,0.979,0.954,0.975,274854.6
2022-04-30 00:00:00,0.976,1.009,0.972,0.998,295149.5
2022-04-30 04:00:00,0.998,0.999,0.972,0.975,328302.3
2022-04-30 08:00:00,0.975,0.996,0.963,0.985,329596.7
2022-04-30 12:00:00,0.985,1.047,0.976,1.005,1472518.9
2022-04-30 16:00:00,1.005,1.033,0.985,1.018,1016313.6
2022-04-30 20:00:00,1.018,1.023,0.842,0.902,1232234.6
2022-05-01 00:00:00,0.903,0.936,0.882,0.914,726822.6
2022-05-01 04:00:00,0.914,0.931,0.902,0.924,322596.5
2022-05-01 08:00:00,0.924,0.939,0.92,0.922,270244.0
2022-05-01 12:00:00,0.922,0.952,0.909,0.947,415907.9
2022-05-01 16:00:00,0.949,0.958,0.92,0.929,317934.1
2022-05-01 20:00:00,0.931,0.955,0.922,0.944,180305.0
2022-05-02 00:00:00,0.945,1.011,0.944,0.987,712193.1
2022-05-02 04:00:00,0.986,1.012,0.977,0.978,500029.5
2022-05-02 08:00:00,0.979,0.984,0.934,0.935,463440.7
2022-05-02 12:00:00,0.935,0.975,0.926,0.952,721959.0
2022-05-02 16:00:00,0.953,0.958,0.922,0.947,275278.0
2022-05-02 20:00:00,0.946,0.959,0.934,0.951,107389.5
2022-05-03 00:00:00,0.952,0.975,0.944,0.963,212107.9
2022-05-03 04:00:00,0.964,0.973,0.955,0.971,152250.5
2022-05-03 08:00:00,0.97,0.974,0.937,0.953,320266.3
2022-05-03 12:00:00,0.954,0.954,0.938,0.944,264735.1
2022-05-03 16:00:00,0.944,0.947,0.924,0.927,215675.8
2022-05-03 20:00:00,0.928,0.93,0.911,0.926,149237.8
2022-05-04 00:00:00,0.926,0.934,0.909,0.928,204092.3
2022-05-04 04:00:00,0.929,0.938,0.915,0.938,226902.2
2022-05-04 08:00:00,0.938,0.96,0.936,0.952,340380.4
2022-05-04 12:00:00,0.952,0.959,0.93,0.937,207350.0
2022-05-04 16:00:00,0.937,0.991,0.932,0.98,458421.8
2022-05-04 20:00:00,0.98,1.006,0.98,1.006,401911.1
2022-05-05 00:00:00,1.005,1.018,0.994,1.005,411312.8
2022-05-05 04:00:00,1.005,1.013,0.989,0.993,224227.6
2022-05-05 08:00:00,0.993,0.994,0.97,0.977,297840.8
2022-05-05 12:00:00,0.976,0.984,0.87,0.896,1206997.7
2022-05-05 16:00:00,0.896,0.913,0.88,0.91,851124.0
2022-05-05 20:00:00,0.907,0.936,0.899,0.91,347699.4
2022-05-06 00:00:00,0.909,0.92,0.896,0.917,256040.3
2022-05-06 04:00:00,0.917,0.917,0.89,0.909,183539.1
2022-05-06 08:00:00,0.908,0.913,0.887,0.9,414920.3
2022-05-06 12:00:00,0.9,0.919,0.869,0.901,747218.4
2022-05-06 16:00:00,0.902,0.915,0.898,0.906,288294.1
2022-05-06 20:00:00,0.906,0.917,0.9,0.913,108909.3
2022-05-07 00:00:00,0.914,0.915,0.896,0.899,173009.3
2022-05-07 04:00:00,0.899,0.903,0.887,0.896,309578.7
2022-05-07 08:00:00,0.896,0.906,0.893,0.901,234023.5
2022-05-07 12:00:00,0.902,0.906,0.893,0.902,78420.5
2022-05-07 16:00:00,0.902,0.907,0.897,0.899,93845.8
2022-05-07 20:00:00,0.898,0.915,0.88,0.905,323868.7
2022-05-08 00:00:00,0.905,0.906,0.843,0.86,491029.0
2022-05-08 04:00:00,0.86,0.88,0.858,0.872,129477.2
2022-05-08 08:00:00,0.871,0.9,0.867,0.89,243183.9
2022-05-08 12:00:00,0.89,0.892,0.86,0.865,158861.2
2022-05-08 16:00:00,0.868,0.879,0.846,0.876,300982.3
2022-05-08 20:00:00,0.877,0.888,0.848,0.856,206494.1
2022-05-09 00:00:00,0.856,0.867,0.823,0.835,455298.2
2022-05-09 04:00:00,0.833,0.847,0.818,0.823,473956.0
2022-05-09 08:00:00,0.823,0.835,0.784,0.805,912369.6
2022-05-09 12:00:00,0.805,0.825,0.785,0.801,602580.9
2022-05-09 16:00:00,0.801,0.817,0.77,0.8,1202749.8
2022-05-09 20:00:00,0.799,0.822,0.744,0.747,615874.2
2022-05-10 00:00:00,0.747,0.771,0.7,0.744,1186009.5
2022-05-10 04:00:00,0.745,0.801,0.742,0.771,499955.7
2022-05-10 08:00:00,0.771,0.8,0.765,0.795,396078.8
2022-05-10 12:00:00,0.794,0.82,0.761,0.782,442235.8
2022-05-10 16:00:00,0.784,0.796,0.76,0.764,276635.5
2022-05-10 20:00:00,0.764,0.765,0.728,0.758,431488.7
2022-05-11 00:00:00,0.759,0.771,0.731,0.749,487881.1
2022-05-11 04:00:00,0.749,0.754,0.626,0.641,1151657.2
2022-05-11 08:00:00,0.642,0.691,0.608,0.61,1070675.5
2022-05-11 12:00:00,0.61,0.622,0.447,0.58,3069257.4
2022-05-11 16:00:00,0.578,0.588,0.49,0.499,1046869.0
2022-05-11 20:00:00,0.499,0.511,0.453,0.476,867295.5
2022-05-12 00:00:00,0.478,0.517,0.445,0.448,1175247.0
2022-05-12 04:00:00,0.448,0.451,0.362,0.396,2590522.0
2022-05-12 08:00:00,0.398,0.437,0.386,0.416,770994.1
2022-05-12 12:00:00,0.414,0.452,0.393,0.423,1096303.4
2022-05-12 16:00:00,0.423,0.447,0.414,0.428,766938.7
2022-05-12 20:00:00,0.427,0.428,0.388,0.407,262978.7
2022-05-13 00:00:00,0.408,0.494,0.399,0.489,787706.9
2022-05-13 04:00:00,0.487,0.506,0.464,0.466,539464.5
2022-05-13 08:00:00,0.464,0.506,0.453,0.505,759756.1
2022-05-13 12:00:00,0.503,0.527,0.48,0.497,662208.8
2022-05-13 16:00:00,0.497,0.544,0.481,0.499,1326447.3
2022-05-13 20:00:00,0.498,0.568,0.48,0.491,5858423.1
2022-05-14 00:00:00,0.497,0.517,0.486,0.496,1156750.3
2022-05-14 04:00:00,0.496,0.506,0.473,0.478,940771.7
2022-05-14 08:00:00,0.478,0.535,0.449,0.473,9118329.6
2022-05-14 12:00:00,0.471,0.476,0.417,0.438,5541370.0
2022-05-14 16:00:00,0.438,0.516,0.422,0.48,8180424.4
2022-05-14 20:00:00,0.48,0.515,0.462,0.496,2599539.1
2022-05-15 00:00:00,0.497,0.52,0.472,0.472,1719621.9
2022-05-15 04:00:00,0.473,0.494,0.467,0.482,742743.8
2022-05-15 08:00:00,0.482,0.505,0.477,0.504,409463.9
2022-05-15 12:00:00,0.505,0.509,0.464,0.47,645501.8
2022-05-15 16:00:00,0.47,0.5,0.469,0.499,790813.1
2022-05-15 20:00:00,0.5,0.559,0.497,0.529,931352.3
2022-05-16 00:00:00,0.529,0.53,0.496,0.497,647385.0
2022-05-16 04:00:00,0.497,0.512,0.465,0.47,904856.6
2022-05-16 08:00:00,0.471,0.487,0.464,0.477,475497.4
2022-05-16 12:00:00,0.476,0.506,0.465,0.489,1778690.8
2022-05-16 16:00:00,0.487,0.49,0.472,0.483,352325.4
2022-05-16 20:00:00,0.482,0.494,0.476,0.477,223612.0
2022-05-17 00:00:00,0.478,0.512,0.478,0.509,290234.5
2022-05-17 04:00:00,0.508,0.515,0.499,0.5,239761.8
2022-05-17 08:00:00,0.499,0.52,0.499,0.511,467541.9
2022-05-17 12:00:00,0.512,0.536,0.499,0.531,1126641.5
2022-05-17 16:00:00,0.531,0.704,0.51,0.563,2861817.6
2022-05-17 20:00:00,0.564,0.67,0.564,0.594,3720178.6
2022-05-18 00:00:00,0.593,0.622,0.578,0.593,1322373.5
2022-05-18 04:00:00,0.593,0.61,0.582,0.596,920390.5
2022-05-18 08:00:00,0.597,0.647,0.577,0.582,2730128.5
2022-05-18 12:00:00,0.582,0.588,0.51,0.525,2395347.5
2022-05-18 16:00:00,0.527,0.546,0.514,0.539,1255057.7
2022-05-18 20:00:00,0.538,0.538,0.501,0.505,466494.9
2022-05-19 00:00:00,0.506,0.519,0.494,0.513,675330.7
2022-05-19 04:00:00,0.513,0.545,0.494,0.506,1498387.1
2022-05-19 08:00:00,0.506,0.517,0.483,0.516,642923.6
2022-05-19 12:00:00,0.515,0.542,0.501,0.536,965067.6
2022-05-19 16:00:00,0.535,0.537,0.516,0.519,425877.8
2022-05-19 20:00:00,0.518,0.544,0.515,0.539,339455.8
2022-05-20 00:00:00,0.539,0.558,0.529,0.54,466025.9
2022-05-20 04:00:00,0.541,0.55,0.532,0.544,349243.9
2022-05-20 08:00:00,0.545,0.559,0.539,0.554,412399.1
2022-05-20 12:00:00,0.554,0.556,0.507,0.511,696405.2
2022-05-20 16:00:00,0.511,0.515,0.494,0.514,702971.9
2022-05-20 20:00:00,0.513,0.523,0.505,0.517,357285.2
2022-05-21 00:00:00,0.516,0.528,0.505,0.527,391113.9
2022-05-21 04:00:00,0.527,0.565,0.523,0.55,1030976.0
2022-05-21 08:00:00,0.55,0.552,0.531,0.539,387353.0
2022-05-21 12:00:00,0.54,0.583,0.537,0.573,814651.2
2022-05-21 16:00:00,0.573,0.745,0.564,0.618,7200096.0
2022-05-21 20:00:00,0.617,0.649,0.586,0.612,1660809.6
2022-05-22 00:00:00,0.612,0.71,0.612,0.646,5364871.9
2022-05-22 04:00:00,0.646,0.652,0.607,0.623,1585297.7
2022-05-22 08:00:00,0.624,0.648,0.599,0.601,968826.7
2022-05-22 12:00:00,0.602,0.618,0.577,0.591,848021.0
2022-05-22 16:00:00,0.592,0.615,0.579,0.6,527882.6
2022-05-22 20:00:00,0.6,0.602,0.592,0.598,192120.1
2022-05-23 00:00:00,0.598,0.612,0.58,0.591,458188.3
2022-05-23 04:00:00,0.591,0.611,0.587,0.606,399846.5
2022-05-23 08:00:00,0.607,0.615,0.593,0.604,390686.4
2022-05-23 12:00:00,0.604,0.615,0.589,0.601,506851.0
2022-05-23 16:00:00,0.6,0.605,0.56,0.561,425560.0
2022-05-23 20:00:00,0.56,0.57,0.537,0.547,375259.6
2022-05-24 00:00:00,0.548,0.566,0.545,0.563,304866.5
2022-05-24 04:00:00,0.563,0.588,0.552,0.572,494983.1
2022-05-24 08:00:00,0.572,0.606,0.554,0.606,872981.6
2022-05-24 12:00:00,0.605,0.605,0.535,0.553,1480849.6
2022-05-24 16:00:00,0.553,0.567,0.538,0.553,495130.7
2022-05-24 20:00:00,0.554,0.576,0.547,0.575,437253.3
2022-05-25 00:00:00,0.574,0.585,0.565,0.578,515195.8
2022-05-25 04:00:00,0.577,0.577,0.56,0.562,322462.5
2022-05-25 08:00:00,0.562,0.596,0.555,0.571,653010.1
2022-05-25 12:00:00,0.57,0.594,0.566,0.59,486141.0
2022-05-25 16:00:00,0.588,0.613,0.583,0.588,861041.8
2022-05-25 20:00:00,0.589,0.658,0.589,0.594,2698517.7
2022-05-26 00:00:00,0.595,0.613,0.571,0.579,810535.2
2022-05-26 04:00:00,0.58,0.584,0.546,0.558,940399.0
2022-05-26 08:00:00,0.559,0.56,0.532,0.543,698483.3
2022-05-26 12:00:00,0.542,0.546,0.51,0.542,970273.5
2022-05-26 16:00:00,0.542,0.549,0.52,0.521,674581.6
2022-05-26 20:00:00,0.521,0.53,0.51,0.512,299734.1
2022-05-27 00:00:00,0.513,0.518,0.489,0.507,460897.1
2022-05-27 04:00:00,0.507,0.511,0.483,0.5,254042.6
2022-05-27 08:00:00,0.499,0.509,0.494,0.503,188285.8
2022-05-27 12:00:00,0.502,0.522,0.497,0.497,374436.5
2022-05-27 16:00:00,0.498,0.499,0.475,0.488,315369.5
2022-05-27 20:00:00,0.488,0.494,0.477,0.479,173889.5
2022-05-28 00:00:00,0.48,0.496,0.477,0.489,191152.9
2022-05-28 04:00:00,0.489,0.502,0.487,0.496,312501.0
2022-05-28 08:00:00,0.496,0.497,0.486,0.493,168626.1
2022-05-28 12:00:00,0.494,0.511,0.491,0.503,253058.1
2022-05-28 16:00:00,0.504,0.507,0.498,0.507,125871.2
2022-05-28 20:00:00,0.507,0.514,0.501,0.505,93689.8
2022-05-29 00:00:00,0.506,0.534,0.496,0.518,905500.9
2022-05-29 04:00:00,0.517,0.534,0.506,0.508,500801.6
2022-05-29 08:00:00,0.509,0.517,0.505,0.512,298520.0
2022-05-29 12:00:00,0.511,0.521,0.506,0.51,260378.8
2022-05-29 16:00:00,0.51,0.518,0.51,0.514,184659.3
2022-05-29 20:00:00,0.514,0.523,0.514,0.521,153822.2
2022-05-30 00:00:00,0.522,0.552,0.517,0.538,388757.2
2022-05-30 04:00:00,0.538,0.56,0.536,0.552,468495.9
2022-05-30 08:00:00,0.552,0.556,0.54,0.542,200695.5
2022-05-30 12:00:00,0.542,0.547,0.529,0.539,283896.1
2022-05-30 16:00:00,0.54,0.547,0.537,0.542,194643.4
2022-05-30 20:00:00,0.543,0.567,0.538,0.555,877917.1
2022-05-31 00:00:00,0.554,0.573,0.545,0.566,696206.6
2022-05-31 04:00:00,0.566,0.575,0.545,0.56,385895.2
2022-05-31 08:00:00,0.56,0.568,0.55,0.563,358105.7
2022-05-31 12:00:00,0.563,0.583,0.54,0.571,527479.4
2022-05-31 16:00:00,0.571,0.595,0.557,0.563,1019805.0
2022-05-31 20:00:00,0.563,0.582,0.56,0.581,346044.5
2022-06-01 00:00:00,0.582,0.594,0.555,0.558,436087.5
2022-06-01 04:00:00,0.558,0.562,0.552,0.555,230663.2
2022-06-01 08:00:00,0.556,0.563,0.554,0.56,168268.9
2022-06-01 12:00:00,0.559,0.573,0.534,0.535,402845.7
2022-06-01 16:00:00,0.534,0.534,0.515,0.521,478812.8
2022-06-01 20:00:00,0.52,0.52,0.496,0.508,347689.0
2022-06-02 00:00:00,0.508,0.511,0.498,0.506,281017.6
2022-06-02 04:00:00,0.506,0.514,0.498,0.51,371883.2
2022-06-02 08:00:00,0.509,0.519,0.507,0.518,206169.8
2022-06-02 12:00:00,0.518,0.521,0.501,0.516,339498.7
2022-06-02 16:00:00,0.517,0.52,0.508,0.515,298685.3
2022-06-02 20:00:00,0.515,0.523,0.514,0.521,55370.9
2022-06-03 00:00:00,0.521,0.527,0.517,0.523,175295.5
2022-06-03 04:00:00,0.522,0.522,0.513,0.515,64845.1
2022-06-03 08:00:00,0.515,0.516,0.482,0.491,291109.0
2022-06-03 12:00:00,0.49,0.495,0.482,0.492,185780.9
2022-06-03 16:00:00,0.492,0.503,0.489,0.5,218450.1
2022-06-03 20:00:00,0.499,0.504,0.494,0.497,179654.5
2022-06-04 00:00:00,0.497,0.498,0.485,0.49,240738.9
2022-06-04 04:00:00,0.489,0.498,0.489,0.498,141509.2
2022-06-04 08:00:00,0.497,0.501,0.493,0.496,169511.3
2022-06-04 12:00:00,0.495,0.499,0.487,0.497,320156.5
2022-06-04 16:00:00,0.497,0.503,0.49,0.498,335613.4
2022-06-04 20:00:00,0.497,0.505,0.495,0.502,163353.9
2022-06-05 00:00:00,0.502,0.505,0.494,0.495,105004.4
2022-06-05 04:00:00,0.496,0.5,0.49,0.496,155607.6
2022-06-05 08:00:00,0.497,0.498,0.491,0.495,98216.6
2022-06-05 12:00:00,0.495,0.503,0.491,0.502,107479.7
2022-06-05 16:00:00,0.503,0.51,0.5,0.506,105287.0
2022-06-05 20:00:00,0.506,0.514,0.502,0.506,243924.3
2022-06-06 00:00:00,0.507,0.526,0.504,0.526,256508.5
2022-06-06 04:00:00,0.525,0.528,0.523,0.525,72367.6
2022-06-06 08:00:00,0.526,0.528,0.519,0.521,324999.7
2022-06-06 12:00:00,0.521,0.523,0.51,0.514,278261.8
2022-06-06 16:00:00,0.514,0.515,0.499,0.507,331207.2
2022-06-06 20:00:00,0.506,0.508,0.498,0.505,304310.8
2022-06-07 00:00:00,0.506,0.506,0.461,0.471,888039.3
2022-06-07 04:00:00,0.471,0.475,0.468,0.474,283135.2
2022-06-07 08:00:00,0.474,0.476,0.463,0.465,195585.2
2022-06-07 12:00:00,0.465,0.473,0.457,0.468,357617.8
2022-06-07 16:00:00,0.468,0.489,0.463,0.479,193581.7
2022-06-07 20:00:00,0.48,0.501,0.473,0.478,1019468.2
2022-06-08 00:00:00,0.478,0.486,0.46,0.465,347367.4
2022-06-08 04:00:00,0.465,0.474,0.463,0.473,404712.5
2022-06-08 08:00:00,0.473,0.474,0.467,0.469,317983.7
2022-06-08 12:00:00,0.47,0.479,0.462,0.473,385575.8
2022-06-08 16:00:00,0.474,0.474,0.46,0.462,252688.6
2022-06-08 20:00:00,0.462,0.464,0.455,0.457,257203.6
2022-06-09 00:00:00,0.456,0.46,0.446,0.453,753113.1
2022-06-09 04:00:00,0.453,0.464,0.45,0.463,315693.7
2022-06-09 08:00:00,0.464,0.467,0.457,0.459,156831.8
2022-06-09 12:00:00,0.458,0.463,0.451,0.462,389356.7
2022-06-09 16:00:00,0.463,0.466,0.451,0.452,224207.6
2022-06-09 20:00:00,0.452,0.459,0.45,0.456,181982.1
2022-06-10 00:00:00,0.457,0.466,0.443,0.459,395896.9
2022-06-10 04:00:00,0.46,0.462,0.454,0.454,189279.3
2022-06-10 08:00:00,0.455,0.457,0.445,0.451,187983.1
2022-06-10 12:00:00,0.451,0.454,0.424,0.434,513588.0
2022-06-10 16:00:00,0.435,0.435,0.417,0.42,407604.0
2022-06-10 20:00:00,0.42,0.428,0.417,0.421,134563.7
2022-06-11 00:00:00,0.421,0.429,0.42,0.429,103170.2
2022-06-11 04:00:00,0.429,0.434,0.427,0.433,89774.1
2022-06-11 08:00:00,0.434,0.434,0.406,0.407,495566.0
2022-06-11 12:00:00,0.409,0.412,0.386,0.391,286989.1
2022-06-11 16:00:00,0.392,0.403,0.388,0.398,255840.1
2022-06-11 20:00:00,0.397,0.402,0.389,0.394,201815.5
2022-06-12 00:00:00,0.395,0.397,0.357,0.368,543277.3
2022-06-12 04:00:00,0.368,0.372,0.354,0.371,433172.8
2022-06-12 08:00:00,0.371,0.378,0.362,0.366,393097.1
2022-06-12 12:00:00,0.367,0.388,0.351,0.38,1127302.4
2022-06-12 16:00:00,0.379,0.382,0.365,0.368,589450.4
2022-06-12 20:00:00,0.368,0.372,0.339,0.341,373162.3
2022-06-13 00:00:00,0.341,0.347,0.306,0.321,1437201.8
2022-06-13 04:00:00,0.319,0.33,0.298,0.303,892358.1
2022-06-13 08:00:00,0.303,0.308,0.288,0.298,1000191.4
2022-06-13 12:00:00,0.299,0.311,0.29,0.304,1315632.4
2022-06-13 16:00:00,0.304,0.314,0.296,0.304,668950.6
2022-06-13 20:00:00,0.304,0.315,0.29,0.301,684032.6
2022-06-14 00:00:00,0.3,0.305,0.269,0.292,1620938.0
2022-06-14 04:00:00,0.291,0.311,0.281,0.307,1010024.6
2022-06-14 08:00:00,0.306,0.308,0.286,0.291,649771.8
2022-06-14 12:00:00,0.291,0.309,0.287,0.307,544152.7
2022-06-14 16:00:00,0.307,0.309,0.297,0.298,527678.8
2022-06-14 20:00:00,0.298,0.299,0.285,0.296,561257.2
2022-06-15 00:00:00,0.296,0.303,0.283,0.284,968551.0
2022-06-15 04:00:00,0.284,0.284,0.262,0.264,1059362.6
2022-06-15 08:00:00,0.264,0.272,0.253,0.271,1431953.8
2022-06-15 12:00:00,0.27,0.282,0.267,0.274,1035219.6
2022-06-15 16:00:00,0.274,0.295,0.258,0.289,2065984.1
2022-06-15 20:00:00,0.29,0.319,0.287,0.316,1102944.6
2022-06-16 00:00:00,0.316,0.32,0.306,0.307,848547.5
2022-06-16 04:00:00,0.308,0.315,0.286,0.287,863846.7
2022-06-16 08:00:00,0.288,0.294,0.272,0.277,1019729.8
2022-06-16 12:00:00,0.276,0.287,0.272,0.281,812284.4
2022-06-16 16:00:00,0.281,0.295,0.276,0.278,1206496.4
2022-06-16 20:00:00,0.279,0.29,0.271,0.28,640300.5
2022-06-17 00:00:00,0.28,0.292,0.275,0.284,938125.5
2022-06-17 04:00:00,0.284,0.301,0.283,0.299,629332.9
2022-06-17 08:00:00,0.299,0.31,0.294,0.298,1181324.5
2022-06-17 12:00:00,0.298,0.303,0.289,0.293,1027231.0
2022-06-17 16:00:00,0.294,0.296,0.289,0.29,661357.3
2022-06-17 20:00:00,0.291,0.298,0.29,0.293,541339.5
2022-06-18 00:00:00,0.292,0.299,0.285,0.289,578667.4
2022-06-18 04:00:00,0.29,0.293,0.267,0.27,955491.8
2022-06-18 08:00:00,0.268,0.284,0.267,0.281,888097.2
2022-06-18 12:00:00,0.281,0.282,0.271,0.274,562666.7
2022-06-18 16:00:00,0.274,0.277,0.259,0.259,981374.2
2022-06-18 20:00:00,0.26,0.277,0.254,0.273,1201276.6
2022-06-19 00:00:00,0.274,0.279,0.261,0.264,693250.9
2022-06-19 04:00:00,0.265,0.274,0.261,0.269,692413.4
2022-06-19 08:00:00,0.27,0.293,0.267,0.289,1390119.1
2022-06-19 12:00:00,0.29,0.299,0.284,0.297,1223154.7
2022-06-19 16:00:00,0.296,0.302,0.29,0.294,560630.1
2022-06-19 20:00:00,0.294,0.304,0.293,0.298,691733.7
2022-06-20 00:00:00,0.297,0.298,0.285,0.29,734432.8
2022-06-20 04:00:00,0.29,0.295,0.285,0.291,813517.6
2022-06-20 08:00:00,0.29,0.308,0.29,0.305,760380.9
2022-06-20 12:00:00,0.304,0.307,0.296,0.303,877329.2
2022-06-20 16:00:00,0.303,0.303,0.258,0.297,1079894.2
2022-06-20 20:00:00,0.296,0.3,0.291,0.298,310694.4
2022-06-21 00:00:00,0.297,0.304,0.293,0.301,492126.0
2022-06-21 04:00:00,0.301,0.309,0.297,0.306,494976.8
2022-06-21 08:00:00,0.305,0.317,0.304,0.307,873045.5
2022-06-21 12:00:00,0.307,0.318,0.305,0.312,1454507.1
2022-06-21 16:00:00,0.313,0.318,0.303,0.305,715760.5
2022-06-21 20:00:00,0.304,0.305,0.288,0.296,831630.6
2022-06-22 00:00:00,0.297,0.302,0.286,0.289,609609.0
2022-06-22 04:00:00,0.29,0.295,0.285,0.288,492289.9
2022-06-22 08:00:00,0.289,0.306,0.286,0.303,417068.1
2022-06-22 12:00:00,0.303,0.306,0.292,0.293,873849.7
2022-06-22 16:00:00,0.293,0.304,0.289,0.297,755408.3
2022-06-22 20:00:00,0.296,0.298,0.288,0.292,284547.5
2022-06-23 00:00:00,0.293,0.345,0.292,0.329,3188920.8
2022-06-23 04:00:00,0.328,0.352,0.323,0.34,2605090.7
2022-06-23 08:00:00,0.341,0.418,0.341,0.375,12811685.4
2022-06-23 12:00:00,0.376,0.404,0.368,0.381,8182363.1
2022-06-23 16:00:00,0.379,0.434,0.379,0.401,10132173.6
2022-06-23 20:00:00,0.4,0.509,0.394,0.472,14072353.6
2022-06-24 00:00:00,0.472,0.472,0.437,0.467,5208380.5
2022-06-24 04:00:00,0.465,0.69,0.447,0.454,25273796.9
2022-06-24 08:00:00,0.454,0.469,0.424,0.43,6167158.8
2022-06-24 12:00:00,0.431,0.451,0.42,0.437,4113865.1
2022-06-24 16:00:00,0.438,0.494,0.437,0.468,5256738.8
2022-06-24 20:00:00,0.469,0.55,0.449,0.451,4373632.4
2022-06-25 00:00:00,0.452,0.495,0.435,0.48,4251865.5
2022-06-25 04:00:00,0.48,0.498,0.464,0.476,1818199.5
2022-06-25 08:00:00,0.476,0.485,0.445,0.447,1650535.2
2022-06-25 12:00:00,0.448,0.451,0.4,0.43,2771409.5
2022-06-25 16:00:00,0.43,0.446,0.427,0.439,796204.8
2022-06-25 20:00:00,0.44,0.461,0.432,0.452,1325795.8
2022-06-26 00:00:00,0.452,0.463,0.433,0.447,1427482.6
2022-06-26 04:00:00,0.447,0.449,0.436,0.443,621221.0
2022-06-26 08:00:00,0.443,0.448,0.437,0.446,682542.2
2022-06-26 12:00:00,0.446,0.453,0.425,0.433,943671.0
2022-06-26 16:00:00,0.433,0.436,0.424,0.428,508398.2
2022-06-26 20:00:00,0.428,0.439,0.417,0.418,346112.4
2022-06-27 00:00:00,0.417,0.488,0.417,0.465,3234614.1
2022-06-27 04:00:00,0.466,0.482,0.454,0.457,1124304.1
2022-06-27 08:00:00,0.457,0.46,0.435,0.436,1329653.5
2022-06-27 12:00:00,0.435,0.437,0.4,0.416,1701767.3
2022-06-27 16:00:00,0.415,0.424,0.406,0.419,703943.4
2022-06-27 20:00:00,0.418,0.421,0.414,0.416,245190.9
2022-06-28 00:00:00,0.416,0.431,0.413,0.42,1156933.9
2022-06-28 04:00:00,0.42,0.451,0.418,0.439,1181584.3
2022-06-28 08:00:00,0.44,0.446,0.435,0.441,693399.3
2022-06-28 12:00:00,0.441,0.452,0.425,0.429,1293401.3
2022-06-28 16:00:00,0.429,0.475,0.429,0.45,4191759.9
2022-06-28 20:00:00,0.451,0.454,0.431,0.439,830348.5
2022-06-29 00:00:00,0.439,0.505,0.439,0.49,3724733.2
2022-06-29 04:00:00,0.491,0.557,0.464,0.536,7847167.3
2022-06-29 08:00:00,0.534,0.538,0.473,0.484,4639227.2
2022-06-29 12:00:00,0.486,0.496,0.461,0.47,3321173.5
2022-06-29 16:00:00,0.47,0.479,0.459,0.469,1534972.6
2022-06-29 20:00:00,0.469,0.478,0.468,0.474,442881.6
2022-06-30 00:00:00,0.473,0.478,0.451,0.455,595305.5
2022-06-30 04:00:00,0.455,0.46,0.421,0.435,851879.7
2022-06-30 08:00:00,0.435,0.449,0.423,0.43,1282219.8
2022-06-30 12:00:00,0.431,0.434,0.413,0.424,629593.6
2022-06-30 16:00:00,0.424,0.433,0.413,0.417,252223.3
2022-06-30 20:00:00,0.417,0.438,0.412,0.436,204914.5
2022-07-01 00:00:00,0.437,0.445,0.408,0.409,1357976.5
2022-07-01 04:00:00,0.408,0.419,0.405,0.414,673471.8
2022-07-01 08:00:00,0.413,0.419,0.398,0.399,671330.1
2022-07-01 12:00:00,0.4,0.407,0.398,0.405,571254.5
2022-07-01 16:00:00,0.404,0.408,0.402,0.404,302695.6
2022-07-01 20:00:00,0.405,0.41,0.398,0.4,148190.0
2022-07-02 00:00:00,0.4,0.405,0.372,0.375,703183.3
2022-07-02 04:00:00,0.375,0.385,0.374,0.376,315222.7
2022-07-02 08:00:00,0.377,0.382,0.375,0.379,194998.3
2022-07-02 12:00:00,0.379,0.384,0.377,0.384,244352.9
2022-07-02 16:00:00,0.383,0.388,0.382,0.384,252920.1
2022-07-02 20:00:00,0.383,0.394,0.383,0.393,405220.3
2022-07-03 00:00:00,0.393,0.394,0.382,0.386,256392.7
2022-07-03 04:00:00,0.386,0.391,0.379,0.381,357106.1
2022-07-03 08:00:00,0.38,0.38,0.365,0.373,514563.6
2022-07-03 12:00:00,0.372,0.379,0.366,0.377,293071.3
2022-07-03 16:00:00,0.376,0.385,0.374,0.385,87316.5
2022-07-03 20:00:00,0.385,0.387,0.372,0.378,201231.8
2022-07-04 00:00:00,0.378,0.387,0.368,0.369,496263.4
2022-07-04 04:00:00,0.369,0.38,0.365,0.38,334857.4
2022-07-04 08:00:00,0.38,0.392,0.376,0.39,309952.0
2022-07-04 12:00:00,0.39,0.392,0.379,0.384,564153.8
2022-07-04 16:00:00,0.384,0.395,0.384,0.389,239436.0
2022-07-04 20:00:00,0.389,0.398,0.388,0.392,533287.0
2022-07-05 00:00:00,0.392,0.396,0.387,0.389,412619.7
2022-07-05 04:00:00,0.388,0.393,0.384,0.388,271992.2
2022-07-05 08:00:00,0.388,0.388,0.372,0.373,286134.2
2022-07-05 12:00:00,0.373,0.383,0.369,0.377,367140.2
2022-07-05 16:00:00,0.378,0.387,0.375,0.385,206144.3
2022-07-05 20:00:00,0.385,0.39,0.379,0.381,137879.4
2022-07-06 00:00:00,0.381,0.443,0.381,0.434,3026073.2
2022-07-06 04:00:00,0.434,0.45,0.416,0.443,4629560.0
2022-07-06 08:00:00,0.443,0.459,0.419,0.426,4041212.8
2022-07-06 12:00:00,0.427,0.437,0.418,0.426,2392349.4
2022-07-06 16:00:00,0.426,0.436,0.422,0.431,1371783.0
2022-07-06 20:00:00,0.432,0.473,0.424,0.45,4651494.7
2022-07-07 00:00:00,0.451,0.455,0.426,0.43,1590446.0
2022-07-07 04:00:00,0.43,0.455,0.42,0.425,3771426.6
2022-07-07 08:00:00,0.426,0.43,0.41,0.419,1203530.5
2022-07-07 12:00:00,0.419,0.435,0.418,0.427,1073070.2
2022-07-07 16:00:00,0.429,0.442,0.428,0.433,1031808.4
2022-07-07 20:00:00,0.433,0.435,0.421,0.426,455192.2
2022-07-08 00:00:00,0.426,0.455,0.421,0.438,1128670.4
2022-07-08 04:00:00,0.438,0.439,0.417,0.423,708577.1
2022-07-08 08:00:00,0.423,0.44,0.403,0.416,2051450.3
2022-07-08 12:00:00,0.416,0.422,0.405,0.42,659327.3
2022-07-08 16:00:00,0.421,0.423,0.408,0.419,403551.3
2022-07-08 20:00:00,0.418,0.429,0.417,0.417,336764.3
2022-07-09 00:00:00,0.417,0.432,0.417,0.419,523297.2
2022-07-09 04:00:00,0.419,0.43,0.419,0.427,329616.3
2022-07-09 08:00:00,0.427,0.427,0.41,0.411,550615.6
2022-07-09 12:00:00,0.411,0.421,0.411,0.418,355580.8
2022-07-09 16:00:00,0.418,0.423,0.416,0.422,182673.6
2022-07-09 20:00:00,0.422,0.424,0.418,0.419,243429.5
2022-07-10 00:00:00,0.419,0.42,0.405,0.408,428061.0
2022-07-10 04:00:00,0.408,0.412,0.404,0.411,273235.4
2022-07-10 08:00:00,0.411,0.415,0.402,0.406,185345.2
2022-07-10 12:00:00,0.406,0.409,0.395,0.399,275714.2
2022-07-10 16:00:00,0.398,0.399,0.381,0.398,572464.1
2022-07-10 20:00:00,0.398,0.401,0.389,0.393,172945.8
2022-07-11 00:00:00,0.392,0.399,0.385,0.394,312971.7
2022-07-11 04:00:00,0.393,0.43,0.39,0.417,2294662.2
2022-07-11 08:00:00,0.418,0.419,0.393,0.395,984758.0
2022-07-11 12:00:00,0.395,0.407,0.392,0.405,742057.5
2022-07-11 16:00:00,0.405,0.413,0.4,0.405,472880.0
2022-07-11 20:00:00,0.405,0.409,0.377,0.386,797175.6
2022-07-12 00:00:00,0.386,0.393,0.382,0.393,285374.5
2022-07-12 04:00:00,0.392,0.395,0.38,0.385,312272.5
2022-07-12 08:00:00,0.385,0.387,0.371,0.381,395616.8
2022-07-12 12:00:00,0.382,0.388,0.378,0.383,509479.4
2022-07-12 16:00:00,0.384,0.389,0.372,0.376,310230.4
2022-07-12 20:00:00,0.376,0.382,0.371,0.374,250738.0
2022-07-13 00:00:00,0.374,0.38,0.371,0.379,186052.2
2022-07-13 04:00:00,0.379,0.386,0.379,0.385,201758.8
2022-07-13 08:00:00,0.385,0.389,0.381,0.383,201438.0
2022-07-13 12:00:00,0.382,0.388,0.349,0.37,1238154.9
2022-07-13 16:00:00,0.368,0.382,0.365,0.375,255572.3
2022-07-13 20:00:00,0.374,0.391,0.373,0.39,264815.1
2022-07-14 00:00:00,0.39,0.396,0.385,0.388,303306.0
2022-07-14 04:00:00,0.389,0.389,0.379,0.381,283026.5
2022-07-14 08:00:00,0.382,0.386,0.371,0.379,733019.7
2022-07-14 12:00:00,0.38,0.394,0.373,0.389,786070.4
2022-07-14 16:00:00,0.389,0.41,0.389,0.399,1367598.7
2022-07-14 20:00:00,0.399,0.409,0.397,0.404,327751.6
2022-07-15 00:00:00,0.405,0.405,0.39,0.403,554046.8
2022-07-15 04:00:00,0.402,0.413,0.395,0.407,664752.5
2022-07-15 08:00:00,0.407,0.427,0.395,0.398,1658468.3
2022-07-15 12:00:00,0.398,0.402,0.392,0.394,482442.7
2022-07-15 16:00:00,0.393,0.401,0.386,0.4,702752.0
2022-07-15 20:00:00,0.399,0.401,0.392,0.397,367610.9
2022-07-16 00:00:00,0.397,0.398,0.388,0.393,241589.9
2022-07-16 04:00:00,0.392,0.397,0.384,0.389,337391.8
2022-07-16 08:00:00,0.389,0.399,0.387,0.39,355109.8
2022-07-16 12:00:00,0.391,0.417,0.391,0.405,807574.1
2022-07-16 16:00:00,0.405,0.416,0.404,0.408,545711.5
2022-07-16 20:00:00,0.407,0.413,0.402,0.408,286097.3
2022-07-17 00:00:00,0.408,0.414,0.404,0.41,436479.9
2022-07-17 04:00:00,0.411,0.415,0.407,0.41,247347.6
2022-07-17 08:00:00,0.41,0.41,0.4,0.404,518895.7
2022-07-17 12:00:00,0.405,0.407,0.394,0.398,533675.2
2022-07-17 16:00:00,0.398,0.404,0.391,0.397,300061.8
2022-07-17 20:00:00,0.397,0.407,0.393,0.395,323707.1
2022-07-18 00:00:00,0.396,0.411,0.396,0.408,318779.6
2022-07-18 04:00:00,0.408,0.427,0.405,0.417,1092916.4
2022-07-18 08:00:00,0.417,0.431,0.413,0.417,1810334.0
2022-07-18 12:00:00,0.417,0.428,0.409,0.425,766920.8
2022-07-18 16:00:00,0.425,0.445,0.408,0.414,2781756.2
2022-07-18 20:00:00,0.414,0.428,0.413,0.426,453212.6
2022-07-19 00:00:00,0.426,0.433,0.412,0.426,972528.8
2022-07-19 04:00:00,0.426,0.473,0.417,0.419,4926194.7
2022-07-19 08:00:00,0.419,0.432,0.419,0.426,815468.8
2022-07-19 12:00:00,0.427,0.445,0.424,0.437,1219209.4
2022-07-19 16:00:00,0.437,0.453,0.434,0.434,1683270.9
2022-07-19 20:00:00,0.435,0.443,0.432,0.438,383218.9
2022-07-20 00:00:00,0.437,0.447,0.425,0.441,589944.8
2022-07-20 04:00:00,0.443,0.447,0.433,0.434,568131.2
2022-07-20 08:00:00,0.434,0.439,0.428,0.435,571868.9
2022-07-20 12:00:00,0.436,0.441,0.43,0.438,615341.2
2022-07-20 16:00:00,0.438,0.439,0.411,0.416,932616.6
2022-07-20 20:00:00,0.416,0.418,0.391,0.399,1021745.9
2022-07-21 00:00:00,0.401,0.407,0.389,0.397,539317.9
2022-07-21 04:00:00,0.396,0.423,0.391,0.414,663503.6
2022-07-21 08:00:00,0.414,0.418,0.408,0.413,396871.4
2022-07-21 12:00:00,0.413,0.416,0.408,0.413,462196.0
2022-07-21 16:00:00,0.414,0.425,0.414,0.425,446389.9
2022-07-21 20:00:00,0.425,0.429,0.417,0.422,300796.6
2022-07-22 00:00:00,0.422,0.43,0.417,0.42,351763.7
2022-07-22 04:00:00,0.421,0.432,0.418,0.427,374464.0
2022-07-22 08:00:00,0.427,0.436,0.426,0.431,365666.2
2022-07-22 12:00:00,0.431,0.432,0.413,0.414,388177.8
2022-07-22 16:00:00,0.414,0.416,0.396,0.398,323019.3
2022-07-22 20:00:00,0.398,0.402,0.395,0.4,364947.1
2022-07-23 00:00:00,0.399,0.408,0.395,0.406,207529.4
2022-07-23 04:00:00,0.406,0.42,0.405,0.413,276648.4
2022-07-23 08:00:00,0.415,0.47,0.409,0.426,4110278.4
2022-07-23 12:00:00,0.426,0.468,0.42,0.446,2996353.8
2022-07-23 16:00:00,0.445,0.467,0.438,0.455,2572240.0
2022-07-23 20:00:00,0.455,0.465,0.444,0.447,1383719.9
2022-07-24 00:00:00,0.448,0.45,0.427,0.428,803873.7
2022-07-24 04:00:00,0.428,0.436,0.425,0.433,954788.2
2022-07-24 08:00:00,0.433,0.435,0.425,0.429,360939.7
2022-07-24 12:00:00,0.429,0.435,0.422,0.433,384642.4
2022-07-24 16:00:00,0.433,0.436,0.424,0.425,386017.4
2022-07-24 20:00:00,0.425,0.436,0.42,0.423,307409.1
2022-07-25 00:00:00,0.424,0.474,0.424,0.446,3976736.5
2022-07-25 04:00:00,0.446,0.495,0.446,0.464,6576284.0
2022-07-25 08:00:00,0.464,0.469,0.449,0.451,1628585.0
2022-07-25 12:00:00,0.452,0.463,0.447,0.452,1506055.3
2022-07-25 16:00:00,0.452,0.463,0.438,0.444,1413055.2
2022-07-25 20:00:00,0.444,0.446,0.425,0.429,995820.7
2022-07-26 00:00:00,0.427,0.427,0.407,0.415,870093.7
2022-07-26 04:00:00,0.415,0.417,0.406,0.409,586408.6
2022-07-26 08:00:00,0.408,0.413,0.403,0.409,565334.5
2022-07-26 12:00:00,0.408,0.411,0.399,0.402,853863.7
2022-07-26 16:00:00,0.402,0.409,0.399,0.402,588136.8
2022-07-26 20:00:00,0.402,0.415,0.4,0.415,348101.1
2022-07-27 00:00:00,0.415,0.452,0.41,0.438,2196059.4
2022-07-27 04:00:00,0.438,0.446,0.43,0.44,1800606.8
2022-07-27 08:00:00,0.44,0.441,0.425,0.428,778320.7
2022-07-27 12:00:00,0.427,0.437,0.426,0.434,620208.8
2022-07-27 16:00:00,0.434,0.449,0.428,0.445,854741.2
2022-07-27 20:00:00,0.445,0.454,0.444,0.448,412379.6
2022-07-28 00:00:00,0.449,0.462,0.443,0.459,678065.7
2022-07-28 04:00:00,0.458,0.463,0.449,0.452,634028.9
2022-07-28 08:00:00,0.452,0.462,0.442,0.46,851509.9
2022-07-28 12:00:00,0.46,0.488,0.45,0.473,1833261.6
2022-07-28 16:00:00,0.472,0.497,0.452,0.462,2097538.1
2022-07-28 20:00:00,0.463,0.474,0.463,0.467,453673.9
2022-07-29 00:00:00,0.467,0.485,0.46,0.484,532348.7
2022-07-29 04:00:00,0.484,0.5,0.472,0.476,1410912.5
2022-07-29 08:00:00,0.477,0.498,0.466,0.481,2176944.5
2022-07-29 12:00:00,0.481,0.488,0.453,0.484,2506823.3
2022-07-29 16:00:00,0.484,0.485,0.461,0.474,945575.9
2022-07-29 20:00:00,0.473,0.482,0.469,0.472,602258.5
2022-07-30 00:00:00,0.472,0.486,0.469,0.481,869372.1
2022-07-30 04:00:00,0.481,0.484,0.465,0.478,844486.0
2022-07-30 08:00:00,0.478,0.495,0.471,0.49,1307590.7
2022-07-30 12:00:00,0.491,0.503,0.476,0.491,1266240.8
2022-07-30 16:00:00,0.491,0.498,0.474,0.476,700458.5
2022-07-30 20:00:00,0.475,0.477,0.452,0.459,1275339.6
2022-07-31 00:00:00,0.459,0.466,0.455,0.463,693944.5
2022-07-31 04:00:00,0.464,0.479,0.462,0.474,603626.7
2022-07-31 08:00:00,0.474,0.527,0.469,0.487,4741308.8
2022-07-31 12:00:00,0.486,0.499,0.474,0.482,1207234.6
2022-07-31 16:00:00,0.481,0.489,0.469,0.481,569381.2
2022-07-31 20:00:00,0.481,0.484,0.459,0.463,467299.9
2022-08-01 00:00:00,0.464,0.478,0.462,0.473,535450.9
2022-08-01 04:00:00,0.473,0.48,0.461,0.472,583793.1
2022-08-01 08:00:00,0.471,0.473,0.45,0.461,785584.9
2022-08-01 12:00:00,0.462,0.472,0.451,0.469,737634.2
2022-08-01 16:00:00,0.469,0.477,0.456,0.459,640260.3
2022-08-01 20:00:00,0.459,0.472,0.455,0.472,394859.0
2022-08-02 00:00:00,0.471,0.471,0.431,0.434,1203511.6
2022-08-02 04:00:00,0.434,0.442,0.43,0.44,667962.1
2022-08-02 08:00:00,0.441,0.445,0.431,0.442,598810.1
2022-08-02 12:00:00,0.442,0.453,0.433,0.449,709304.0
2022-08-02 16:00:00,0.448,0.461,0.448,0.449,451023.3
2022-08-02 20:00:00,0.45,0.454,0.445,0.445,250738.5
2022-08-03 00:00:00,0.446,0.451,0.427,0.442,700438.4
2022-08-03 04:00:00,0.443,0.451,0.441,0.443,290557.2
2022-08-03 08:00:00,0.444,0.455,0.444,0.453,278374.1
2022-08-03 12:00:00,0.453,0.459,0.447,0.451,736877.0
2022-08-03 16:00:00,0.451,0.455,0.448,0.453,464252.7
2022-08-03 20:00:00,0.453,0.453,0.435,0.44,285860.0
2022-08-04 00:00:00,0.439,0.458,0.439,0.456,474516.9
2022-08-04 04:00:00,0.457,0.463,0.438,0.441,730578.9
2022-08-04 08:00:00,0.441,0.445,0.438,0.44,509992.0
2022-08-04 12:00:00,0.439,0.447,0.434,0.44,598901.2
2022-08-04 16:00:00,0.441,0.442,0.428,0.429,378540.9
2022-08-04 20:00:00,0.43,0.44,0.43,0.439,293866.3
2022-08-05 00:00:00,0.439,0.449,0.436,0.446,237058.9
2022-08-05 04:00:00,0.447,0.46,0.444,0.453,624949.9
2022-08-05 08:00:00,0.452,0.456,0.443,0.454,432885.7
2022-08-05 12:00:00,0.455,0.458,0.444,0.448,590902.2
2022-08-05 16:00:00,0.448,0.449,0.444,0.446,244312.3
2022-08-05 20:00:00,0.446,0.459,0.443,0.459,363732.2
2022-08-06 00:00:00,0.458,0.459,0.452,0.455,323004.9
2022-08-06 04:00:00,0.456,0.459,0.453,0.456,230859.9
2022-08-06 08:00:00,0.456,0.472,0.455,0.456,641120.0
2022-08-06 12:00:00,0.456,0.463,0.455,0.459,192233.0
2022-08-06 16:00:00,0.46,0.463,0.454,0.457,302860.0
2022-08-06 20:00:00,0.457,0.465,0.451,0.453,242243.6
2022-08-07 00:00:00,0.454,0.455,0.443,0.446,362180.3
2022-08-07 04:00:00,0.446,0.45,0.444,0.448,230358.9
2022-08-07 08:00:00,0.448,0.456,0.445,0.456,272227.6
2022-08-07 12:00:00,0.456,0.458,0.454,0.455,159640.4
2022-08-07 16:00:00,0.455,0.474,0.455,0.47,597770.5
2022-08-07 20:00:00,0.47,0.474,0.462,0.465,206353.8
2022-08-08 00:00:00,0.466,0.473,0.462,0.471,254325.1
2022-08-08 04:00:00,0.471,0.479,0.469,0.477,635283.1
2022-08-08 08:00:00,0.477,0.483,0.468,0.473,877290.4
2022-08-08 12:00:00,0.473,0.477,0.467,0.469,536594.3
2022-08-08 16:00:00,0.469,0.471,0.462,0.47,240180.5
2022-08-08 20:00:00,0.47,0.472,0.462,0.466,141942.0
2022-08-09 00:00:00,0.466,0.467,0.46,0.465,258398.3
2022-08-09 04:00:00,0.465,0.466,0.459,0.462,245659.5
2022-08-09 08:00:00,0.462,0.463,0.439,0.447,879722.1
2022-08-09 12:00:00,0.447,0.449,0.42,0.428,739148.9
2022-08-09 16:00:00,0.429,0.438,0.428,0.432,263533.9
2022-08-09 20:00:00,0.433,0.438,0.432,0.432,146102.8
2022-08-10 00:00:00,0.432,0.434,0.423,0.426,219192.0
2022-08-10 04:00:00,0.426,0.43,0.423,0.428,137028.5
2022-08-10 08:00:00,0.429,0.451,0.429,0.441,395610.5
2022-08-10 12:00:00,0.441,0.458,0.436,0.453,823099.7
2022-08-10 16:00:00,0.452,0.455,0.443,0.445,248850.2
2022-08-10 20:00:00,0.445,0.459,0.445,0.456,309401.5
2022-08-11 00:00:00,0.456,0.462,0.454,0.46,237296.4
2022-08-11 04:00:00,0.461,0.469,0.457,0.459,392401.6
2022-08-11 08:00:00,0.458,0.464,0.453,0.461,399858.4
2022-08-11 12:00:00,0.462,0.505,0.458,0.469,3922378.5
2022-08-11 16:00:00,0.47,0.473,0.457,0.46,508265.2
2022-08-11 20:00:00,0.46,0.465,0.457,0.458,277045.4
2022-08-12 00:00:00,0.458,0.468,0.451,0.463,346479.6
2022-08-12 04:00:00,0.463,0.51,0.46,0.476,2580800.7
2022-08-12 08:00:00,0.477,0.487,0.466,0.469,820047.9
2022-08-12 12:00:00,0.47,0.483,0.468,0.473,711444.9
2022-08-12 16:00:00,0.473,0.477,0.471,0.474,244882.9
2022-08-12 20:00:00,0.475,0.478,0.467,0.475,410410.2
2022-08-13 00:00:00,0.476,0.48,0.474,0.478,270310.3
2022-08-13 04:00:00,0.478,0.479,0.467,0.47,648624.1
2022-08-13 08:00:00,0.47,0.472,0.45,0.464,689991.1
2022-08-13 12:00:00,0.464,0.468,0.462,0.468,289428.0
2022-08-13 16:00:00,0.467,0.468,0.462,0.463,168926.3
2022-08-13 20:00:00,0.462,0.466,0.46,0.461,137559.1
2022-08-14 00:00:00,0.462,0.467,0.456,0.465,302050.3
2022-08-14 04:00:00,0.466,0.479,0.465,0.476,277664.7
2022-08-14 08:00:00,0.476,0.477,0.47,0.47,192517.1
2022-08-14 12:00:00,0.471,0.471,0.462,0.467,219653.8
2022-08-14 16:00:00,0.467,0.499,0.465,0.492,3363746.0
2022-08-14 20:00:00,0.491,0.514,0.477,0.479,2708333.6
2022-08-15 00:00:00,0.477,0.49,0.467,0.478,1188658.2
2022-08-15 04:00:00,0.478,0.484,0.451,0.456,1115266.8
2022-08-15 08:00:00,0.457,0.463,0.452,0.46,641667.3
2022-08-15 12:00:00,0.46,0.463,0.457,0.462,446438.9
2022-08-15 16:00:00,0.461,0.464,0.456,0.46,374930.3
2022-08-15 20:00:00,0.46,0.461,0.44,0.449,515387.6
2022-08-16 00:00:00,0.45,0.456,0.443,0.451,373756.7
2022-08-16 04:00:00,0.45,0.453,0.435,0.447,784502.1
2022-08-16 08:00:00,0.448,0.458,0.445,0.451,305967.5
2022-08-16 12:00:00,0.451,0.453,0.437,0.448,529842.2
2022-08-16 16:00:00,0.448,0.451,0.442,0.444,222006.3
2022-08-16 20:00:00,0.444,0.448,0.441,0.447,117277.4
2022-08-17 00:00:00,0.446,0.453,0.443,0.45,258002.8
2022-08-17 04:00:00,0.45,0.46,0.439,0.441,382315.8
2022-08-17 08:00:00,0.441,0.445,0.436,0.437,339969.4
2022-08-17 12:00:00,0.438,0.438,0.418,0.422,967432.1
2022-08-17 16:00:00,0.423,0.428,0.421,0.422,229225.3
2022-08-17 20:00:00,0.422,0.425,0.418,0.419,142990.7
2022-08-18 00:00:00,0.419,0.421,0.41,0.418,464814.9
2022-08-18 04:00:00,0.418,0.423,0.414,0.422,143659.4
2022-08-18 08:00:00,0.422,0.425,0.419,0.425,131526.0
2022-08-18 12:00:00,0.424,0.431,0.423,0.429,272540.8
2022-08-18 16:00:00,0.429,0.43,0.421,0.423,136576.9
2022-08-18 20:00:00,0.423,0.428,0.401,0.408,247096.3
2022-08-19 00:00:00,0.408,0.408,0.377,0.385,655713.7
2022-08-19 04:00:00,0.384,0.388,0.366,0.37,558630.8
2022-08-19 08:00:00,0.37,0.372,0.355,0.362,1017072.4
2022-08-19 12:00:00,0.362,0.369,0.358,0.367,310616.3
2022-08-19 16:00:00,0.368,0.373,0.366,0.371,309226.5
2022-08-19 20:00:00,0.37,0.371,0.356,0.359,265241.1
2022-08-20 00:00:00,0.359,0.366,0.358,0.361,283470.0
2022-08-20 04:00:00,0.362,0.379,0.36,0.375,535118.8
2022-08-20 08:00:00,0.375,0.376,0.366,0.37,371948.8
2022-08-20 12:00:00,0.37,0.395,0.369,0.378,1389692.2
2022-08-20 16:00:00,0.378,0.38,0.36,0.363,359699.0
2022-08-20 20:00:00,0.363,0.371,0.349,0.37,574486.1
2022-08-21 00:00:00,0.37,0.423,0.367,0.393,3211054.8
2022-08-21 04:00:00,0.394,0.409,0.39,0.398,1063221.9
2022-08-21 08:00:00,0.399,0.405,0.39,0.393,645553.7
2022-08-21 12:00:00,0.393,0.397,0.383,0.396,481023.9
2022-08-21 16:00:00,0.395,0.407,0.386,0.391,777017.4
2022-08-21 20:00:00,0.392,0.399,0.386,0.391,240505.4
2022-08-22 00:00:00,0.391,0.395,0.382,0.389,321583.4
2022-08-22 04:00:00,0.389,0.392,0.37,0.371,519969.2
2022-08-22 08:00:00,0.371,0.373,0.362,0.371,420735.1
2022-08-22 12:00:00,0.371,0.382,0.369,0.379,394310.2
2022-08-22 16:00:00,0.378,0.379,0.37,0.373,143281.7
2022-08-22 20:00:00,0.374,0.385,0.374,0.384,90492.1
2022-08-23 00:00:00,0.384,0.386,0.38,0.381,205147.6
2022-08-23 04:00:00,0.381,0.384,0.368,0.38,185994.4
2022-08-23 08:00:00,0.38,0.383,0.376,0.38,166845.8
2022-08-23 12:00:00,0.381,0.387,0.378,0.383,200698.2
2022-08-23 16:00:00,0.383,0.386,0.38,0.383,100485.8
2022-08-23 20:00:00,0.383,0.386,0.381,0.383,136591.2
2022-08-24 00:00:00,0.384,0.385,0.369,0.372,353202.8
2022-08-24 04:00:00,0.371,0.379,0.371,0.373,291507.7
2022-08-24 08:00:00,0.373,0.384,0.372,0.377,368592.6
2022-08-24 12:00:00,0.378,0.384,0.376,0.383,239147.8
2022-08-24 16:00:00,0.383,0.389,0.379,0.381,361756.5
2022-08-24 20:00:00,0.381,0.384,0.373,0.373,204575.5
2022-08-25 00:00:00,0.374,0.384,0.373,0.377,142225.2
2022-08-25 04:00:00,0.378,0.385,0.378,0.382,293966.2
2022-08-25 08:00:00,0.382,0.384,0.38,0.381,258447.3
2022-08-25 12:00:00,0.381,0.383,0.373,0.377,223429.5
2022-08-25 16:00:00,0.377,0.379,0.371,0.376,249586.9
2022-08-25 20:00:00,0.376,0.379,0.373,0.375,169324.5
2022-08-26 00:00:00,0.376,0.378,0.373,0.377,105784.3
2022-08-26 04:00:00,0.376,0.377,0.368,0.372,163204.9
2022-08-26 08:00:00,0.372,0.374,0.363,0.363,220970.0
2022-08-26 12:00:00,0.364,0.378,0.351,0.355,1076156.0
2022-08-26 16:00:00,0.354,0.356,0.348,0.35,429809.5
2022-08-26 20:00:00,0.351,0.353,0.337,0.34,366398.4
2022-08-27 00:00:00,0.34,0.36,0.338,0.36,380820.8
2022-08-27 04:00:00,0.36,0.372,0.347,0.353,1529539.9
2022-08-27 08:00:00,0.353,0.353,0.347,0.351,229462.7
2022-08-27 12:00:00,0.351,0.353,0.338,0.342,466137.6
2022-08-27 16:00:00,0.342,0.343,0.338,0.341,242390.9
2022-08-27 20:00:00,0.342,0.349,0.34,0.347,195946.1
2022-08-28 00:00:00,0.348,0.353,0.345,0.347,280594.9
2022-08-28 04:00:00,0.346,0.349,0.342,0.346,299369.0
2022-08-28 08:00:00,0.347,0.347,0.339,0.34,238926.3
2022-08-28 12:00:00,0.341,0.342,0.333,0.339,284941.3
2022-08-28 16:00:00,0.34,0.343,0.338,0.34,225780.1
2022-08-28 20:00:00,0.339,0.341,0.325,0.326,282765.8
2022-08-29 00:00:00,0.326,0.33,0.322,0.329,253436.5
2022-08-29 04:00:00,0.33,0.33,0.324,0.328,214221.9
2022-08-29 08:00:00,0.328,0.344,0.326,0.333,699675.8
2022-08-29 12:00:00,0.334,0.347,0.334,0.344,813163.2
2022-08-29 16:00:00,0.344,0.345,0.339,0.34,288969.0
2022-08-29 20:00:00,0.341,0.351,0.341,0.35,127932.6
2022-08-30 00:00:00,0.35,0.351,0.343,0.347,169774.3
2022-08-30 04:00:00,0.348,0.353,0.347,0.35,299882.5
2022-08-30 08:00:00,0.35,0.361,0.347,0.349,591056.3
2022-08-30 12:00:00,0.35,0.351,0.328,0.335,781963.1
2022-08-30 16:00:00,0.335,0.34,0.326,0.333,995636.2
2022-08-30 20:00:00,0.334,0.337,0.331,0.333,309830.1
2022-08-31 00:00:00,0.334,0.349,0.334,0.345,416718.0
2022-08-31 04:00:00,0.346,0.36,0.346,0.349,859733.6
2022-08-31 08:00:00,0.349,0.355,0.344,0.351,494511.2
2022-08-31 12:00:00,0.35,0.351,0.338,0.346,866444.6
2022-08-31 16:00:00,0.345,0.386,0.342,0.35,4344275.6
2022-08-31 20:00:00,0.35,0.352,0.343,0.347,425929.7
2022-09-01 00:00:00,0.346,0.349,0.341,0.345,322986.0
2022-09-01 04:00:00,0.344,0.346,0.336,0.34,256270.2
2022-09-01 08:00:00,0.34,0.346,0.335,0.344,387953.1
2022-09-01 12:00:00,0.344,0.344,0.334,0.337,405033.5
2022-09-01 16:00:00,0.338,0.341,0.333,0.34,312637.2
2022-09-01 20:00:00,0.341,0.347,0.34,0.345,151487.8
2022-09-02 00:00:00,0.346,0.349,0.342,0.347,247309.2
2022-09-02 04:00:00,0.348,0.349,0.343,0.348,113530.9
2022-09-02 08:00:00,0.347,0.353,0.345,0.351,361035.6
2022-09-02 12:00:00,0.352,0.365,0.35,0.359,1030099.1
2022-09-02 16:00:00,0.358,0.36,0.343,0.346,342492.7
2022-09-02 20:00:00,0.346,0.352,0.344,0.35,121596.3
2022-09-03 00:00:00,0.35,0.384,0.345,0.378,1578486.1
2022-09-03 04:00:00,0.378,0.384,0.36,0.373,1808416.0
2022-09-03 08:00:00,0.372,0.392,0.365,0.366,1638159.2
2022-09-03 12:00:00,0.365,0.371,0.363,0.366,340737.4
2022-09-03 16:00:00,0.366,0.381,0.363,0.378,763433.1
2022-09-03 20:00:00,0.378,0.399,0.364,0.366,2188835.2
2022-09-04 00:00:00,0.366,0.371,0.365,0.366,371818.3
2022-09-04 04:00:00,0.366,0.368,0.355,0.357,491039.7
2022-09-04 08:00:00,0.356,0.36,0.355,0.357,299092.0
2022-09-04 12:00:00,0.357,0.36,0.353,0.355,466523.3
2022-09-04 16:00:00,0.355,0.359,0.354,0.359,192895.9
2022-09-04 20:00:00,0.359,0.359,0.354,0.358,417092.7
2022-09-05 00:00:00,0.358,0.36,0.355,0.357,170974.5
2022-09-05 04:00:00,0.358,0.359,0.349,0.351,290838.0
2022-09-05 08:00:00,0.352,0.367,0.35,0.361,669813.8
2022-09-05 12:00:00,0.361,0.374,0.361,0.374,758512.2
2022-09-05 16:00:00,0.373,0.377,0.364,0.366,242622.3
2022-09-05 20:00:00,0.366,0.374,0.366,0.374,188912.8
2022-09-06 00:00:00,0.374,0.382,0.37,0.377,531556.7
2022-09-06 04:00:00,0.378,0.399,0.377,0.392,1713312.8
2022-09-06 08:00:00,0.392,0.408,0.385,0.4,1204980.2
2022-09-06 12:00:00,0.4,0.429,0.392,0.41,1618340.8
2022-09-06 16:00:00,0.409,0.426,0.392,0.414,3860472.5
2022-09-06 20:00:00,0.413,0.442,0.397,0.432,3079080.4
2022-09-07 00:00:00,0.433,0.469,0.394,0.414,4365506.1
2022-09-07 04:00:00,0.414,0.425,0.407,0.417,1516226.5
2022-09-07 08:00:00,0.417,0.465,0.415,0.445,4783826.1
2022-09-07 12:00:00,0.445,0.445,0.421,0.426,2372296.1
2022-09-07 16:00:00,0.427,0.429,0.42,0.423,559520.9
2022-09-07 20:00:00,0.422,0.428,0.416,0.42,601612.0
2022-09-08 00:00:00,0.42,0.424,0.41,0.416,778050.3
2022-09-08 04:00:00,0.416,0.423,0.404,0.411,664532.3
2022-09-08 08:00:00,0.411,0.417,0.41,0.412,346342.5
2022-09-08 12:00:00,0.411,0.413,0.402,0.406,646990.0
2022-09-08 16:00:00,0.406,0.406,0.401,0.404,408465.3
2022-09-08 20:00:00,0.404,0.406,0.399,0.404,287062.1
2022-09-09 00:00:00,0.404,0.411,0.404,0.408,446246.5
2022-09-09 04:00:00,0.409,0.416,0.407,0.41,589988.7
2022-09-09 08:00:00,0.409,0.416,0.409,0.413,478533.3
2022-09-09 12:00:00,0.414,0.434,0.409,0.416,856988.3
2022-09-09 16:00:00,0.416,0.429,0.41,0.417,636584.8
2022-09-09 20:00:00,0.417,0.42,0.411,0.415,335684.4
2022-09-10 00:00:00,0.415,0.422,0.413,0.42,339529.4
2022-09-10 04:00:00,0.42,0.43,0.416,0.416,395544.4
2022-09-10 08:00:00,0.416,0.422,0.414,0.417,274424.8
2022-09-10 12:00:00,0.416,0.42,0.415,0.417,184975.9
2022-09-10 16:00:00,0.418,0.423,0.417,0.42,167221.3
2022-09-10 20:00:00,0.421,0.424,0.418,0.419,142211.6
2022-09-11 00:00:00,0.419,0.423,0.416,0.418,223309.0
2022-09-11 04:00:00,0.418,0.42,0.408,0.417,262025.7
2022-09-11 08:00:00,0.416,0.418,0.415,0.416,161117.9
2022-09-11 12:00:00,0.416,0.434,0.414,0.433,608419.8
2022-09-11 16:00:00,0.433,0.437,0.422,0.429,583004.7
2022-09-11 20:00:00,0.428,0.429,0.417,0.425,339392.5
2022-09-12 00:00:00,0.425,0.427,0.411,0.414,585947.1
2022-09-12 04:00:00,0.415,0.418,0.413,0.418,206086.5
2022-09-12 08:00:00,0.418,0.421,0.414,0.42,283575.6
2022-09-12 12:00:00,0.42,0.422,0.408,0.409,480795.8
2022-09-12 16:00:00,0.41,0.413,0.397,0.41,367151.6
2022-09-12 20:00:00,0.409,0.412,0.406,0.408,139208.1
2022-09-13 00:00:00,0.408,0.435,0.402,0.422,1422077.8
2022-09-13 04:00:00,0.422,0.432,0.42,0.429,437657.5
2022-09-13 08:00:00,0.429,0.476,0.427,0.443,4147675.6
2022-09-13 12:00:00,0.442,0.45,0.411,0.418,2274027.2
2022-09-13 16:00:00,0.417,0.452,0.409,0.415,2158479.6
2022-09-13 20:00:00,0.415,0.415,0.399,0.401,417321.7
2022-09-14 00:00:00,0.401,0.405,0.397,0.4,405624.4
2022-09-14 04:00:00,0.401,0.403,0.389,0.392,680883.9
2022-09-14 08:00:00,0.392,0.393,0.385,0.39,400098.8
2022-09-14 12:00:00,0.389,0.392,0.374,0.376,910353.1
2022-09-14 16:00:00,0.376,0.378,0.367,0.378,837395.3
2022-09-14 20:00:00,0.377,0.381,0.375,0.378,155108.5
2022-09-15 00:00:00,0.377,0.378,0.362,0.364,545172.9
2022-09-15 04:00:00,0.364,0.374,0.362,0.37,599325.5
2022-09-15 08:00:00,0.37,0.37,0.363,0.367,336200.9
2022-09-15 12:00:00,0.367,0.369,0.35,0.357,690577.1
2022-09-15 16:00:00,0.357,0.363,0.356,0.361,247174.1
2022-09-15 20:00:00,0.361,0.362,0.355,0.357,153860.4
2022-09-16 00:00:00,0.357,0.361,0.352,0.359,252639.3
2022-09-16 04:00:00,0.36,0.361,0.348,0.349,1179404.8
2022-09-16 08:00:00,0.35,0.352,0.343,0.35,555486.8
2022-09-16 12:00:00,0.351,0.351,0.34,0.348,692506.9
2022-09-16 16:00:00,0.348,0.348,0.338,0.345,528068.9
2022-09-16 20:00:00,0.345,0.347,0.344,0.346,187178.1
2022-09-17 00:00:00,0.346,0.352,0.345,0.352,220776.1
2022-09-17 04:00:00,0.352,0.354,0.348,0.35,127964.3
2022-09-17 08:00:00,0.351,0.352,0.348,0.351,143564.7
2022-09-17 12:00:00,0.351,0.358,0.35,0.358,161678.7
2022-09-17 16:00:00,0.357,0.359,0.354,0.355,264390.2
2022-09-17 20:00:00,0.355,0.358,0.353,0.357,84033.5
2022-09-18 00:00:00,0.357,0.358,0.35,0.351,137208.9
2022-09-18 04:00:00,0.351,0.354,0.35,0.353,116784.8
2022-09-18 08:00:00,0.353,0.355,0.343,0.346,278839.7
2022-09-18 12:00:00,0.346,0.348,0.341,0.342,192956.2
2022-09-18 16:00:00,0.343,0.343,0.332,0.335,435496.0
2022-09-18 20:00:00,0.335,0.335,0.311,0.315,774238.5
2022-09-19 00:00:00,0.316,0.323,0.305,0.308,629876.5
2022-09-19 04:00:00,0.307,0.313,0.306,0.312,305409.9
2022-09-19 08:00:00,0.312,0.316,0.308,0.313,203548.0
2022-09-19 12:00:00,0.314,0.324,0.313,0.32,275909.7
2022-09-19 16:00:00,0.32,0.327,0.318,0.325,381074.2
2022-09-19 20:00:00,0.326,0.328,0.324,0.326,134612.7
2022-09-20 00:00:00,0.325,0.327,0.319,0.323,116825.2
2022-09-20 04:00:00,0.323,0.325,0.319,0.32,197124.5
2022-09-20 08:00:00,0.32,0.322,0.316,0.317,247195.0
2022-09-20 12:00:00,0.317,0.319,0.308,0.317,756732.9
2022-09-20 16:00:00,0.318,0.318,0.307,0.313,618502.9
2022-09-20 20:00:00,0.313,0.315,0.308,0.311,260383.0
2022-09-21 00:00:00,0.31,0.317,0.309,0.316,159836.3
2022-09-21 04:00:00,0.316,0.318,0.304,0.309,209278.7
2022-09-21 08:00:00,0.309,0.317,0.307,0.317,243306.9
2022-09-21 12:00:00,0.316,0.323,0.31,0.313,463493.7
2022-09-21 16:00:00,0.312,0.329,0.308,0.317,1163024.5
2022-09-21 20:00:00,0.317,0.318,0.3,0.306,444926.5
2022-09-22 00:00:00,0.306,0.318,0.306,0.315,308679.6
2022-09-22 04:00:00,0.316,0.32,0.313,0.32,337139.1
2022-09-22 08:00:00,0.32,0.322,0.317,0.321,380799.1
2022-09-22 12:00:00,0.321,0.322,0.315,0.318,187092.5
2022-09-22 16:00:00,0.319,0.327,0.317,0.325,238092.2
2022-09-22 20:00:00,0.325,0.326,0.317,0.322,224373.8
2022-09-23 00:00:00,0.322,0.329,0.32,0.328,201611.4
2022-09-23 04:00:00,0.328,0.33,0.321,0.321,293082.0
2022-09-23 08:00:00,0.32,0.322,0.314,0.315,337619.7
2022-09-23 12:00:00,0.315,0.32,0.31,0.315,251749.5
2022-09-23 16:00:00,0.315,0.317,0.312,0.316,284274.5
2022-09-23 20:00:00,0.317,0.324,0.317,0.319,130693.5
2022-09-24 00:00:00,0.32,0.326,0.318,0.322,107209.8
2022-09-24 04:00:00,0.323,0.346,0.323,0.336,899211.4
2022-09-24 08:00:00,0.336,0.336,0.322,0.325,768548.5
2022-09-24 12:00:00,0.325,0.329,0.323,0.326,225045.3
2022-09-24 16:00:00,0.326,0.329,0.322,0.324,276071.5
2022-09-24 20:00:00,0.324,0.325,0.318,0.319,142320.3
2022-09-25 00:00:00,0.32,0.324,0.319,0.324,78229.0
2022-09-25 04:00:00,0.324,0.329,0.322,0.328,99369.8
2022-09-25 08:00:00,0.328,0.334,0.325,0.333,196019.0
2022-09-25 12:00:00,0.332,0.355,0.328,0.334,1595583.6
2022-09-25 16:00:00,0.333,0.351,0.327,0.338,915158.2
2022-09-25 20:00:00,0.338,0.34,0.33,0.335,349860.2
2022-09-26 00:00:00,0.334,0.343,0.332,0.334,506076.2
2022-09-26 04:00:00,0.334,0.337,0.318,0.323,592782.5
2022-09-26 08:00:00,0.324,0.327,0.315,0.318,483807.6
2022-09-26 12:00:00,0.319,0.326,0.318,0.322,479762.8
2022-09-26 16:00:00,0.321,0.325,0.319,0.324,244932.8
2022-09-26 20:00:00,0.324,0.328,0.32,0.327,163610.6
2022-09-27 00:00:00,0.326,0.335,0.326,0.333,378008.2
2022-09-27 04:00:00,0.333,0.337,0.332,0.336,211142.8
2022-09-27 08:00:00,0.336,0.336,0.332,0.335,211119.8
2022-09-27 12:00:00,0.334,0.338,0.326,0.329,409416.6
2022-09-27 16:00:00,0.329,0.33,0.314,0.319,460790.3
2022-09-27 20:00:00,0.318,0.32,0.315,0.318,230318.8
2022-09-28 00:00:00,0.318,0.321,0.304,0.312,628568.8
2022-09-28 04:00:00,0.312,0.312,0.306,0.309,235064.0
2022-09-28 08:00:00,0.31,0.315,0.308,0.312,467240.7
2022-09-28 12:00:00,0.313,0.319,0.312,0.319,239036.4
2022-09-28 16:00:00,0.319,0.32,0.315,0.319,239840.9
2022-09-28 20:00:00,0.319,0.322,0.317,0.317,298928.1
2022-09-29 00:00:00,0.317,0.323,0.316,0.321,339684.6
2022-09-29 04:00:00,0.321,0.323,0.314,0.319,662096.5
2022-09-29 08:00:00,0.319,0.325,0.316,0.323,883434.1
2022-09-29 12:00:00,0.322,0.323,0.312,0.316,899285.1
2022-09-29 16:00:00,0.317,0.322,0.315,0.32,777046.6
2022-09-29 20:00:00,0.321,0.328,0.319,0.324,715036.6
2022-09-30 00:00:00,0.325,0.326,0.319,0.321,1006114.9
2022-09-30 04:00:00,0.322,0.324,0.32,0.324,675585.3
2022-09-30 08:00:00,0.323,0.325,0.319,0.319,745725.4
2022-09-30 12:00:00,0.319,0.33,0.316,0.323,661733.3
2022-09-30 16:00:00,0.323,0.328,0.322,0.324,523830.7
2022-09-30 20:00:00,0.324,0.338,0.32,0.322,2773404.4
2022-10-01 00:00:00,0.321,0.324,0.318,0.319,403047.3
2022-10-01 04:00:00,0.319,0.332,0.319,0.33,401571.8
2022-10-01 08:00:00,0.331,0.332,0.32,0.323,915589.0
2022-10-01 12:00:00,0.322,0.323,0.318,0.322,343627.0
2022-10-01 16:00:00,0.322,0.323,0.318,0.321,244376.7
2022-10-01 20:00:00,0.32,0.327,0.316,0.318,1557414.9
2022-10-02 00:00:00,0.318,0.322,0.317,0.321,120093.7
2022-10-02 04:00:00,0.322,0.326,0.32,0.321,226070.7
2022-10-02 08:00:00,0.322,0.324,0.311,0.317,444628.2
2022-10-02 12:00:00,0.317,0.32,0.314,0.318,307367.6
2022-10-02 16:00:00,0.318,0.321,0.317,0.321,88210.3
2022-10-02 20:00:00,0.322,0.322,0.315,0.315,242411.5
2022-10-03 00:00:00,0.316,0.322,0.313,0.321,148589.8
2022-10-03 04:00:00,0.322,0.322,0.308,0.314,516530.5
2022-10-03 08:00:00,0.315,0.316,0.313,0.316,134920.9
2022-10-03 12:00:00,0.316,0.321,0.315,0.319,299168.6
2022-10-03 16:00:00,0.32,0.322,0.317,0.319,148900.9
2022-10-03 20:00:00,0.32,0.323,0.318,0.321,100472.2
2022-10-04 00:00:00,0.321,0.323,0.32,0.322,66388.4
2022-10-04 04:00:00,0.322,0.325,0.319,0.324,303301.3
2022-10-04 08:00:00,0.324,0.329,0.322,0.324,345533.0
2022-10-04 12:00:00,0.324,0.33,0.324,0.328,279457.0
2022-10-04 16:00:00,0.327,0.331,0.326,0.329,145373.5
2022-10-04 20:00:00,0.329,0.332,0.329,0.331,124595.3
2022-10-05 00:00:00,0.331,0.332,0.326,0.327,99269.6
2022-10-05 04:00:00,0.327,0.329,0.326,0.327,115711.4
2022-10-05 08:00:00,0.327,0.327,0.322,0.322,177598.0
2022-10-05 12:00:00,0.323,0.354,0.321,0.326,3218459.7
2022-10-05 16:00:00,0.327,0.349,0.326,0.334,1237941.7
2022-10-05 20:00:00,0.335,0.338,0.327,0.33,874838.8
2022-10-06 00:00:00,0.329,0.335,0.329,0.332,233058.1
2022-10-06 04:00:00,0.332,0.354,0.332,0.34,1860384.4
2022-10-06 08:00:00,0.34,0.348,0.337,0.341,883593.8
2022-10-06 12:00:00,0.341,0.352,0.339,0.346,1340367.3
2022-10-06 16:00:00,0.346,0.35,0.339,0.341,403268.1
2022-10-06 20:00:00,0.341,0.342,0.334,0.337,162880.2
2022-10-07 00:00:00,0.337,0.34,0.336,0.336,105709.6
2022-10-07 04:00:00,0.336,0.337,0.331,0.334,268453.3
2022-10-07 08:00:00,0.334,0.34,0.333,0.334,341335.1
2022-10-07 12:00:00,0.335,0.336,0.328,0.33,409675.6
2022-10-07 16:00:00,0.329,0.33,0.325,0.328,211662.4
2022-10-07 20:00:00,0.329,0.33,0.328,0.329,54148.9
2022-10-08 00:00:00,0.33,0.33,0.326,0.328,105807.0
2022-10-08 04:00:00,0.328,0.328,0.326,0.327,40459.4
2022-10-08 08:00:00,0.327,0.328,0.324,0.325,137140.7
2022-10-08 12:00:00,0.325,0.326,0.32,0.323,255996.6
2022-10-08 16:00:00,0.323,0.33,0.322,0.324,551689.8
2022-10-08 20:00:00,0.324,0.326,0.32,0.325,167592.4
2022-10-09 00:00:00,0.325,0.332,0.316,0.317,3639414.0
2022-10-09 04:00:00,0.316,0.319,0.315,0.318,268608.0
2022-10-09 08:00:00,0.318,0.324,0.315,0.322,514171.3
2022-10-09 12:00:00,0.322,0.325,0.322,0.324,126552.4
2022-10-09 16:00:00,0.324,0.327,0.323,0.324,92529.6
2022-10-09 20:00:00,0.325,0.325,0.322,0.324,56990.7
2022-10-10 00:00:00,0.323,0.326,0.317,0.32,262583.4
2022-10-10 04:00:00,0.321,0.322,0.318,0.32,132049.3
2022-10-10 08:00:00,0.319,0.321,0.312,0.316,2355059.5
2022-10-10 12:00:00,0.317,0.318,0.314,0.315,168872.4
2022-10-10 16:00:00,0.316,0.317,0.312,0.315,231330.9
2022-10-10 20:00:00,0.314,0.315,0.31,0.313,343239.5
2022-10-11 00:00:00,0.312,0.322,0.309,0.317,550702.4
2022-10-11 04:00:00,0.318,0.318,0.314,0.315,104069.6
2022-10-11 08:00:00,0.315,0.318,0.311,0.315,320704.2
2022-10-11 12:00:00,0.315,0.319,0.314,0.318,243162.3
2022-10-11 16:00:00,0.318,0.326,0.308,0.312,1275374.6
2022-10-11 20:00:00,0.312,0.315,0.311,0.314,125376.3
2022-10-12 00:00:00,0.314,0.315,0.311,0.312,113477.5
2022-10-12 04:00:00,0.313,0.317,0.313,0.314,128463.9
2022-10-12 08:00:00,0.315,0.317,0.312,0.313,193551.1
2022-10-12 12:00:00,0.314,0.315,0.311,0.315,222308.8
2022-10-12 16:00:00,0.315,0.318,0.31,0.317,355741.6
2022-10-12 20:00:00,0.317,0.318,0.316,0.316,65721.2
2022-10-13 00:00:00,0.316,0.319,0.311,0.312,162177.7
2022-10-13 04:00:00,0.312,0.313,0.292,0.299,568806.8
2022-10-13 08:00:00,0.299,0.302,0.289,0.296,606796.8
2022-10-13 12:00:00,0.296,0.303,0.291,0.302,393074.5
2022-10-13 16:00:00,0.303,0.313,0.302,0.311,481220.1
2022-10-13 20:00:00,0.311,0.312,0.308,0.309,117503.4
2022-10-14 00:00:00,0.309,0.315,0.308,0.314,130092.7
2022-10-14 04:00:00,0.314,0.315,0.31,0.312,236329.5
2022-10-14 08:00:00,0.311,0.313,0.306,0.312,523181.0
2022-10-14 12:00:00,0.311,0.314,0.307,0.308,371961.8
2022-10-14 16:00:00,0.307,0.308,0.302,0.303,178646.2
2022-10-14 20:00:00,0.304,0.309,0.302,0.307,251044.9
2022-10-15 00:00:00,0.308,0.31,0.305,0.309,89243.8
2022-10-15 04:00:00,0.31,0.31,0.307,0.307,32442.8
2022-10-15 08:00:00,0.308,0.319,0.306,0.316,301486.4
2022-10-15 12:00:00,0.316,0.337,0.315,0.316,1503001.1
2022-10-15 16:00:00,0.317,0.319,0.31,0.314,862942.8
2022-10-15 20:00:00,0.314,0.315,0.308,0.311,219472.4
2022-10-16 00:00:00,0.31,0.319,0.31,0.316,159926.5
2022-10-16 04:00:00,0.316,0.326,0.316,0.318,370015.3
2022-10-16 08:00:00,0.317,0.33,0.316,0.319,1070367.3
2022-10-16 12:00:00,0.319,0.337,0.318,0.326,1000192.3
2022-10-16 16:00:00,0.326,0.339,0.323,0.328,797361.3
2022-10-16 20:00:00,0.329,0.332,0.324,0.328,314400.9
2022-10-17 00:00:00,0.327,0.329,0.315,0.319,659317.3
2022-10-17 04:00:00,0.319,0.335,0.318,0.329,1422406.4
2022-10-17 08:00:00,0.329,0.33,0.319,0.323,1081666.9
2022-10-17 12:00:00,0.323,0.325,0.321,0.325,381746.1
2022-10-17 16:00:00,0.325,0.327,0.321,0.323,208222.6
2022-10-17 20:00:00,0.324,0.326,0.321,0.322,227394.2
2022-10-18 00:00:00,0.322,0.326,0.321,0.324,387466.3
2022-10-18 04:00:00,0.324,0.325,0.321,0.322,260791.1
2022-10-18 08:00:00,0.322,0.322,0.314,0.319,406660.5
2022-10-18 12:00:00,0.318,0.32,0.311,0.313,336448.1
2022-10-18 16:00:00,0.313,0.316,0.31,0.312,187859.0
2022-10-18 20:00:00,0.312,0.316,0.311,0.311,112771.5
2022-10-19 00:00:00,0.311,0.315,0.308,0.311,627280.6
2022-10-19 04:00:00,0.31,0.312,0.305,0.308,231396.1
2022-10-19 08:00:00,0.307,0.311,0.307,0.308,262617.0
2022-10-19 12:00:00,0.308,0.312,0.306,0.312,192721.5
2022-10-19 16:00:00,0.312,0.312,0.307,0.309,76927.9
2022-10-19 20:00:00,0.309,0.31,0.303,0.304,236365.8
2022-10-20 00:00:00,0.304,0.308,0.302,0.305,178335.2
2022-10-20 04:00:00,0.306,0.312,0.306,0.308,201719.1
2022-10-20 08:00:00,0.309,0.309,0.306,0.307,202454.9
2022-10-20 12:00:00,0.307,0.309,0.305,0.307,68227.1
2022-10-20 16:00:00,0.307,0.31,0.303,0.308,306436.9
2022-10-20 20:00:00,0.308,0.308,0.304,0.306,114991.4
2022-10-21 00:00:00,0.307,0.307,0.303,0.306,83493.8
2022-10-21 04:00:00,0.305,0.306,0.303,0.304,136200.9
2022-10-21 08:00:00,0.304,0.304,0.298,0.3,219174.7
2022-10-21 12:00:00,0.3,0.307,0.297,0.307,291465.7
2022-10-21 16:00:00,0.307,0.31,0.306,0.31,107034.3
2022-10-21 20:00:00,0.31,0.312,0.308,0.31,65073.0
2022-10-22 00:00:00,0.31,0.313,0.308,0.309,57245.0
2022-10-22 04:00:00,0.309,0.316,0.308,0.316,411789.0
2022-10-22 08:00:00,0.316,0.323,0.314,0.32,464461.6
2022-10-22 12:00:00,0.32,0.325,0.316,0.318,906707.5
2022-10-22 16:00:00,0.318,0.319,0.307,0.31,814816.8
2022-10-22 20:00:00,0.31,0.312,0.306,0.309,578747.2
2022-10-23 00:00:00,0.309,0.312,0.306,0.311,149419.1
2022-10-23 04:00:00,0.311,0.314,0.309,0.311,186896.6
2022-10-23 08:00:00,0.31,0.312,0.309,0.309,179469.5
2022-10-23 12:00:00,0.309,0.31,0.306,0.31,207367.3
2022-10-23 16:00:00,0.309,0.313,0.308,0.313,138166.0
2022-10-23 20:00:00,0.313,0.313,0.307,0.311,278758.7
2022-10-24 00:00:00,0.312,0.313,0.306,0.308,179078.2
2022-10-24 04:00:00,0.308,0.314,0.306,0.313,327626.2
2022-10-24 08:00:00,0.314,0.318,0.312,0.315,359596.3
2022-10-24 12:00:00,0.314,0.316,0.311,0.312,170519.6
2022-10-24 16:00:00,0.313,0.317,0.312,0.315,105270.3
2022-10-24 20:00:00,0.315,0.32,0.312,0.314,413647.9
2022-10-25 00:00:00,0.313,0.316,0.311,0.314,281334.6
2022-10-25 04:00:00,0.314,0.32,0.31,0.312,562444.8
2022-10-25 08:00:00,0.311,0.312,0.309,0.311,159629.3
2022-10-25 12:00:00,0.31,0.317,0.31,0.316,305464.5
2022-10-25 16:00:00,0.316,0.324,0.315,0.323,716137.3
2022-10-25 20:00:00,0.323,0.323,0.319,0.32,194012.8
2022-10-26 00:00:00,0.32,0.325,0.319,0.321,398869.4
2022-10-26 04:00:00,0.321,0.324,0.32,0.323,246807.9
2022-10-26 08:00:00,0.322,0.328,0.321,0.324,516126.1
2022-10-26 12:00:00,0.323,0.33,0.321,0.327,224291.6
2022-10-26 16:00:00,0.327,0.327,0.319,0.323,352477.1
2022-10-26 20:00:00,0.323,0.324,0.321,0.321,181124.0
2022-10-27 00:00:00,0.322,0.327,0.322,0.325,160333.8
2022-10-27 04:00:00,0.325,0.332,0.323,0.326,665445.4
2022-10-27 08:00:00,0.325,0.329,0.322,0.324,157951.1
2022-10-27 12:00:00,0.324,0.325,0.319,0.319,395119.8
2022-10-27 16:00:00,0.319,0.322,0.317,0.321,119283.8
2022-10-27 20:00:00,0.321,0.322,0.312,0.313,222256.9
2022-10-28 00:00:00,0.313,0.315,0.31,0.311,354961.8
2022-10-28 04:00:00,0.311,0.313,0.307,0.309,252225.4
2022-10-28 08:00:00,0.308,0.313,0.308,0.312,82719.6
2022-10-28 12:00:00,0.312,0.319,0.31,0.318,321983.7
2022-10-28 16:00:00,0.318,0.323,0.318,0.32,205905.4
2022-10-28 20:00:00,0.321,0.323,0.319,0.32,68833.8
2022-10-29 00:00:00,0.32,0.329,0.319,0.328,226827.6
2022-10-29 04:00:00,0.328,0.342,0.324,0.334,1149467.3
2022-10-29 08:00:00,0.334,0.335,0.326,0.328,863221.6
2022-10-29 12:00:00,0.327,0.343,0.325,0.339,1266075.6
2022-10-29 16:00:00,0.339,0.355,0.338,0.345,1413365.7
2022-10-29 20:00:00,0.345,0.346,0.337,0.343,441073.6
2022-10-30 00:00:00,0.343,0.348,0.336,0.348,621547.9
2022-10-30 04:00:00,0.347,0.361,0.345,0.359,1574183.2
2022-10-30 08:00:00,0.358,0.377,0.348,0.363,2421184.5
2022-10-30 12:00:00,0.364,0.372,0.348,0.348,1983441.9
2022-10-30 16:00:00,0.349,0.349,0.34,0.343,559809.9
2022-10-30 20:00:00,0.343,0.345,0.333,0.338,671494.7
2022-10-31 00:00:00,0.338,0.34,0.33,0.335,601201.3
2022-10-31 04:00:00,0.335,0.34,0.333,0.339,548513.8
2022-10-31 08:00:00,0.339,0.344,0.335,0.339,499350.6
2022-10-31 12:00:00,0.339,0.344,0.328,0.338,1117482.8
2022-10-31 16:00:00,0.339,0.34,0.335,0.335,179326.5
2022-10-31 20:00:00,0.336,0.339,0.335,0.338,93602.6
2022-11-01 00:00:00,0.338,0.341,0.337,0.34,80187.6
2022-11-01 04:00:00,0.34,0.344,0.338,0.342,289840.8
2022-11-01 08:00:00,0.341,0.342,0.336,0.337,188456.6
2022-11-01 12:00:00,0.337,0.338,0.332,0.335,191991.0
2022-11-01 16:00:00,0.335,0.336,0.332,0.333,111244.4
2022-11-01 20:00:00,0.333,0.334,0.329,0.33,145032.1
2022-11-02 00:00:00,0.33,0.33,0.324,0.33,577119.2
2022-11-02 04:00:00,0.329,0.335,0.328,0.331,589615.1
2022-11-02 08:00:00,0.332,0.336,0.327,0.332,242850.3
2022-11-02 12:00:00,0.332,0.335,0.33,0.334,239457.1
2022-11-02 16:00:00,0.334,0.342,0.328,0.335,1150973.2
2022-11-02 20:00:00,0.335,0.341,0.331,0.334,490338.1
2022-11-03 00:00:00,0.334,0.355,0.332,0.349,769280.7
2022-11-03 04:00:00,0.351,0.365,0.346,0.353,1194772.9
2022-11-03 08:00:00,0.352,0.367,0.343,0.35,1597740.3
2022-11-03 12:00:00,0.35,0.367,0.35,0.367,1266853.1
2022-11-03 16:00:00,0.368,0.392,0.36,0.371,2309272.0
2022-11-03 20:00:00,0.372,0.373,0.359,0.365,313210.4
2022-11-04 00:00:00,0.364,0.403,0.347,0.374,3138988.6
2022-11-04 04:00:00,0.375,0.377,0.357,0.362,1110982.2
2022-11-04 08:00:00,0.362,0.386,0.361,0.367,1819141.9
2022-11-04 12:00:00,0.367,0.377,0.362,0.363,854875.1
2022-11-04 16:00:00,0.364,0.375,0.362,0.373,356305.7
2022-11-04 20:00:00,0.373,0.393,0.367,0.371,2220003.8
2022-11-05 00:00:00,0.371,0.451,0.37,0.413,4000868.0
2022-11-05 04:00:00,0.414,0.442,0.394,0.397,2630854.8
2022-11-05 08:00:00,0.396,0.398,0.385,0.39,1067243.2
2022-11-05 12:00:00,0.39,0.392,0.378,0.383,571218.9
2022-11-05 16:00:00,0.383,0.386,0.378,0.379,305581.4
2022-11-05 20:00:00,0.38,0.382,0.371,0.374,512760.6
2022-11-06 00:00:00,0.374,0.379,0.369,0.379,444682.5
2022-11-06 04:00:00,0.379,0.383,0.371,0.375,424275.1
2022-11-06 08:00:00,0.375,0.375,0.366,0.366,669208.5
2022-11-06 12:00:00,0.367,0.37,0.363,0.367,308677.8
2022-11-06 16:00:00,0.367,0.37,0.361,0.363,433871.3
2022-11-06 20:00:00,0.363,0.363,0.349,0.35,292263.3
2022-11-07 00:00:00,0.35,0.372,0.347,0.355,1801455.4
2022-11-07 04:00:00,0.355,0.356,0.341,0.341,484254.0
2022-11-07 08:00:00,0.341,0.353,0.341,0.35,284617.2
2022-11-07 12:00:00,0.351,0.354,0.337,0.347,1028694.2
2022-11-07 16:00:00,0.346,0.354,0.345,0.353,322790.8
2022-11-07 20:00:00,0.354,0.361,0.334,0.344,1255687.8
2022-11-08 00:00:00,0.343,0.348,0.33,0.331,871352.1
2022-11-08 04:00:00,0.33,0.334,0.313,0.332,1440344.1
2022-11-08 08:00:00,0.332,0.334,0.328,0.328,140718.0
2022-11-08 12:00:00,0.328,0.331,0.317,0.327,343087.3
2022-11-08 16:00:00,0.327,0.342,0.275,0.291,5547898.5
2022-11-08 20:00:00,0.29,0.295,0.277,0.291,2025343.6
2022-11-09 00:00:00,0.291,0.292,0.277,0.284,651801.0
2022-11-09 04:00:00,0.284,0.286,0.277,0.277,515376.3
2022-11-09 08:00:00,0.277,0.277,0.25,0.268,1357864.5
2022-11-09 12:00:00,0.267,0.272,0.252,0.255,2004298.1
2022-11-09 16:00:00,0.254,0.259,0.228,0.24,1048512.6
2022-11-09 20:00:00,0.24,0.241,0.206,0.211,1174444.5
2022-11-10 00:00:00,0.211,0.228,0.208,0.224,975582.2
2022-11-10 04:00:00,0.224,0.237,0.223,0.235,493051.2
2022-11-10 08:00:00,0.236,0.238,0.229,0.232,672112.8
2022-11-10 12:00:00,0.232,0.262,0.232,0.257,1704526.3
2022-11-10 16:00:00,0.256,0.264,0.247,0.254,381358.4
2022-11-10 20:00:00,0.254,0.26,0.253,0.257,214799.9
2022-11-11 00:00:00,0.257,0.258,0.24,0.243,290089.6
2022-11-11 04:00:00,0.243,0.254,0.242,0.253,230268.7
2022-11-11 08:00:00,0.253,0.268,0.253,0.262,557979.3
2022-11-11 12:00:00,0.261,0.267,0.238,0.241,2615972.4
2022-11-11 16:00:00,0.24,0.252,0.238,0.246,787690.0
2022-11-11 20:00:00,0.246,0.25,0.241,0.247,467575.5
2022-11-12 00:00:00,0.248,0.248,0.242,0.245,216264.5
2022-11-12 04:00:00,0.246,0.246,0.235,0.241,296253.6
2022-11-12 08:00:00,0.241,0.243,0.238,0.242,146549.1
2022-11-12 12:00:00,0.243,0.248,0.239,0.246,182815.6
2022-11-12 16:00:00,0.246,0.248,0.244,0.245,64940.1
2022-11-12 20:00:00,0.244,0.254,0.238,0.246,1591900.1
2022-11-13 00:00:00,0.245,0.257,0.243,0.256,331869.6
2022-11-13 04:00:00,0.255,0.257,0.243,0.245,235009.1
2022-11-13 08:00:00,0.245,0.246,0.237,0.243,210482.1
2022-11-13 12:00:00,0.243,0.25,0.239,0.247,487402.9
2022-11-13 16:00:00,0.246,0.247,0.241,0.243,349822.3
2022-11-13 20:00:00,0.243,0.245,0.236,0.24,254254.7
2022-11-14 00:00:00,0.239,0.242,0.224,0.229,487698.7
2022-11-14 04:00:00,0.229,0.237,0.225,0.236,636609.7
2022-11-14 08:00:00,0.236,0.24,0.234,0.237,267663.4
2022-11-14 12:00:00,0.237,0.242,0.231,0.236,462474.5
2022-11-14 16:00:00,0.235,0.237,0.23,0.23,163432.4
2022-11-14 20:00:00,0.231,0.24,0.228,0.234,1245643.6
2022-11-15 00:00:00,0.234,0.238,0.232,0.237,102105.8
2022-11-15 04:00:00,0.238,0.24,0.235,0.238,132640.8
2022-11-15 08:00:00,0.238,0.241,0.237,0.239,166564.9
2022-11-15 12:00:00,0.239,0.245,0.238,0.244,441548.6
2022-11-15 16:00:00,0.245,0.253,0.242,0.245,1431300.2
2022-11-15 20:00:00,0.246,0.255,0.245,0.254,315760.2
2022-11-16 00:00:00,0.253,0.257,0.251,0.254,427970.1
2022-11-16 04:00:00,0.254,0.254,0.249,0.251,126445.8
2022-11-16 08:00:00,0.25,0.25,0.243,0.243,264666.9
2022-11-16 12:00:00,0.244,0.244,0.236,0.237,377281.9
2022-11-16 16:00:00,0.238,0.241,0.236,0.238,107578.2
2022-11-16 20:00:00,0.239,0.245,0.238,0.244,495514.4
2022-11-17 00:00:00,0.244,0.247,0.242,0.243,162928.4
2022-11-17 04:00:00,0.242,0.246,0.24,0.244,181353.6
2022-11-17 08:00:00,0.244,0.244,0.24,0.242,170377.4
2022-11-17 12:00:00,0.241,0.243,0.236,0.239,190001.7
2022-11-17 16:00:00,0.238,0.242,0.238,0.241,83788.0
2022-11-17 20:00:00,0.242,0.242,0.239,0.24,125826.1
2022-11-18 00:00:00,0.239,0.245,0.239,0.244,89433.6
2022-11-18 04:00:00,0.243,0.244,0.241,0.242,49236.7
2022-11-18 08:00:00,0.241,0.243,0.239,0.242,121601.7
2022-11-18 12:00:00,0.242,0.244,0.239,0.24,179478.1
2022-11-18 16:00:00,0.239,0.24,0.236,0.238,149516.0
2022-11-18 20:00:00,0.238,0.241,0.238,0.241,35512.8
2022-11-19 00:00:00,0.241,0.241,0.237,0.239,67083.9
2022-11-19 04:00:00,0.238,0.24,0.236,0.238,96006.3
2022-11-19 08:00:00,0.238,0.24,0.237,0.239,66137.9
2022-11-19 12:00:00,0.239,0.242,0.238,0.241,106279.3
2022-11-19 16:00:00,0.241,0.246,0.237,0.243,1010589.8
2022-11-19 20:00:00,0.243,0.243,0.24,0.241,245718.7
2022-11-20 00:00:00,0.241,0.248,0.241,0.247,412972.1
2022-11-20 04:00:00,0.247,0.255,0.247,0.255,406216.5
2022-11-20 08:00:00,0.254,0.269,0.249,0.254,2387987.9
2022-11-20 12:00:00,0.253,0.268,0.253,0.264,1645650.1
2022-11-20 16:00:00,0.263,0.264,0.257,0.258,396480.0
2022-11-20 20:00:00,0.259,0.259,0.244,0.245,444260.4
2022-11-21 00:00:00,0.244,0.25,0.232,0.235,1160046.9
2022-11-21 04:00:00,0.235,0.239,0.235,0.237,304119.3
2022-11-21 08:00:00,0.237,0.239,0.235,0.238,183171.3
2022-11-21 12:00:00,0.239,0.245,0.237,0.241,162968.3
2022-11-21 16:00:00,0.242,0.255,0.232,0.235,2970117.8
2022-11-21 20:00:00,0.235,0.24,0.235,0.238,235015.2
2022-11-22 00:00:00,0.238,0.242,0.238,0.238,150052.5
2022-11-22 04:00:00,0.239,0.239,0.232,0.234,285181.1
2022-11-22 08:00:00,0.235,0.236,0.229,0.23,264490.0
2022-11-22 12:00:00,0.23,0.243,0.228,0.242,331705.1
2022-11-22 16:00:00,0.242,0.243,0.238,0.241,202055.9
2022-11-22 20:00:00,0.242,0.246,0.24,0.243,239636.8
2022-11-23 00:00:00,0.244,0.253,0.241,0.253,556126.9
2022-11-23 04:00:00,0.252,0.255,0.251,0.254,316234.3
2022-11-23 08:00:00,0.254,0.258,0.252,0.256,373601.0
2022-11-23 12:00:00,0.255,0.258,0.249,0.249,803181.2
2022-11-23 16:00:00,0.249,0.254,0.248,0.25,333047.0
2022-11-23 20:00:00,0.25,0.261,0.248,0.257,1705295.8
2022-11-24 00:00:00,0.258,0.263,0.255,0.261,505805.1
2022-11-24 04:00:00,0.262,0.262,0.256,0.257,229375.6
2022-11-24 08:00:00,0.257,0.26,0.252,0.254,826885.2
2022-11-24 12:00:00,0.254,0.255,0.244,0.251,828309.7
2022-11-24 16:00:00,0.25,0.252,0.249,0.25,107351.1
2022-11-24 20:00:00,0.25,0.251,0.249,0.251,65998.3
2022-11-25 00:00:00,0.251,0.251,0.245,0.246,97516.9
2022-11-25 04:00:00,0.245,0.248,0.243,0.248,126079.1
2022-11-25 08:00:00,0.248,0.251,0.247,0.25,132287.2
2022-11-25 12:00:00,0.25,0.26,0.249,0.256,734002.7
2022-11-25 16:00:00,0.255,0.263,0.249,0.259,2698753.9
2022-11-25 20:00:00,0.259,0.261,0.256,0.256,451763.5
2022-11-26 00:00:00,0.257,0.26,0.253,0.255,671227.0
2022-11-26 04:00:00,0.256,0.258,0.254,0.255,181604.4
2022-11-26 08:00:00,0.255,0.262,0.255,0.26,639975.8
2022-11-26 12:00:00,0.26,0.26,0.255,0.256,251940.7
2022-11-26 16:00:00,0.256,0.264,0.249,0.254,1206246.8
2022-11-26 20:00:00,0.254,0.256,0.251,0.254,598118.6
2022-11-27 00:00:00,0.253,0.256,0.253,0.256,215124.5
2022-11-27 04:00:00,0.256,0.26,0.255,0.259,445317.0
2022-11-27 08:00:00,0.259,0.279,0.256,0.27,1568084.4
2022-11-27 12:00:00,0.27,0.277,0.265,0.269,1627838.5
2022-11-27 16:00:00,0.269,0.289,0.269,0.273,3160405.4
2022-11-27 20:00:00,0.274,0.276,0.259,0.263,692497.0
2022-11-28 00:00:00,0.263,0.267,0.246,0.252,870622.5
2022-11-28 04:00:00,0.251,0.255,0.249,0.253,335495.8
2022-11-28 08:00:00,0.253,0.254,0.251,0.253,334558.5
2022-11-28 12:00:00,0.253,0.258,0.251,0.252,568878.9
2022-11-28 16:00:00,0.253,0.257,0.25,0.255,390352.4
2022-11-28 20:00:00,0.255,0.256,0.253,0.256,178869.2
2022-11-29 00:00:00,0.256,0.26,0.254,0.259,202727.0
2022-11-29 04:00:00,0.259,0.265,0.258,0.263,227405.3
2022-11-29 08:00:00,0.263,0.272,0.263,0.263,833850.6
2022-11-29 12:00:00,0.263,0.264,0.257,0.26,378889.7
2022-11-29 16:00:00,0.259,0.267,0.257,0.261,1592555.9
2022-11-29 20:00:00,0.262,0.271,0.261,0.267,955692.7
2022-11-30 00:00:00,0.267,0.277,0.267,0.268,504927.0
2022-11-30 04:00:00,0.268,0.274,0.267,0.272,325421.3
2022-11-30 08:00:00,0.271,0.274,0.268,0.272,284803.5
2022-11-30 12:00:00,0.272,0.29,0.27,0.285,2859817.3
2022-11-30 16:00:00,0.285,0.317,0.282,0.294,8987462.8
2022-11-30 20:00:00,0.295,0.298,0.29,0.292,788582.8
2022-12-01 00:00:00,0.292,0.293,0.283,0.289,686859.6
2022-12-01 04:00:00,0.289,0.293,0.28,0.282,696628.1
2022-12-01 08:00:00,0.281,0.285,0.278,0.281,613940.4
2022-12-01 12:00:00,0.28,0.283,0.274,0.276,769937.5
2022-12-01 16:00:00,0.276,0.277,0.273,0.274,325608.7
2022-12-01 20:00:00,0.274,0.278,0.272,0.276,464244.1
2022-12-02 00:00:00,0.275,0.278,0.27,0.271,446040.0
2022-12-02 04:00:00,0.27,0.275,0.268,0.273,246700.7
2022-12-02 08:00:00,0.272,0.278,0.272,0.278,281343.4
2022-12-02 12:00:00,0.278,0.28,0.272,0.279,649722.0
2022-12-02 16:00:00,0.279,0.279,0.275,0.278,226623.0
2022-12-02 20:00:00,0.278,0.285,0.275,0.278,1087373.6
2022-12-03 00:00:00,0.279,0.28,0.277,0.279,85898.4
2022-12-03 04:00:00,0.279,0.284,0.277,0.277,277458.9
2022-12-03 08:00:00,0.277,0.278,0.273,0.274,484984.8
2022-12-03 12:00:00,0.274,0.276,0.273,0.275,209142.2
2022-12-03 16:00:00,0.275,0.276,0.272,0.273,208589.4
2022-12-03 20:00:00,0.273,0.277,0.271,0.272,546736.1
2022-12-04 00:00:00,0.271,0.278,0.271,0.277,128829.7
2022-12-04 04:00:00,0.278,0.282,0.277,0.278,146328.3
2022-12-04 08:00:00,0.278,0.303,0.273,0.276,7183935.5
2022-12-04 12:00:00,0.276,0.276,0.272,0.274,395316.0
2022-12-04 16:00:00,0.273,0.276,0.273,0.276,162610.7
2022-12-04 20:00:00,0.276,0.277,0.274,0.275,118082.3
2022-12-05 00:00:00,0.276,0.278,0.275,0.276,251030.0
2022-12-05 04:00:00,0.277,0.285,0.277,0.281,678938.8
2022-12-05 08:00:00,0.282,0.291,0.28,0.283,1059394.8
2022-12-05 12:00:00,0.283,0.284,0.276,0.278,299362.6
2022-12-05 16:00:00,0.278,0.318,0.278,0.296,5137152.8
2022-12-05 20:00:00,0.297,0.372,0.296,0.322,16486941.1
2022-12-06 00:00:00,0.321,0.387,0.316,0.346,9745807.1
2022-12-06 04:00:00,0.346,0.358,0.337,0.351,4098974.3
2022-12-06 08:00:00,0.351,0.351,0.325,0.333,2100797.2
2022-12-06 12:00:00,0.334,0.344,0.323,0.342,2602546.3
2022-12-06 16:00:00,0.341,0.351,0.319,0.321,1948440.4
2022-12-06 20:00:00,0.321,0.328,0.316,0.322,1028563.4
2022-12-07 00:00:00,0.322,0.324,0.317,0.317,658935.6
2022-12-07 04:00:00,0.318,0.322,0.307,0.312,648791.8
2022-12-07 08:00:00,0.311,0.313,0.303,0.307,736013.9
2022-12-07 12:00:00,0.306,0.307,0.302,0.305,375932.3
2022-12-07 16:00:00,0.305,0.321,0.303,0.309,1563960.8
2022-12-07 20:00:00,0.309,0.309,0.3,0.301,233856.7
2022-12-08 00:00:00,0.301,0.303,0.298,0.301,187173.4
2022-12-08 04:00:00,0.301,0.315,0.3,0.311,476142.8
2022-12-08 08:00:00,0.31,0.397,0.305,0.333,9621281.8
2022-12-08 12:00:00,0.333,0.356,0.332,0.34,2212070.2
2022-12-08 16:00:00,0.339,0.35,0.331,0.347,2174529.2
2022-12-08 20:00:00,0.346,0.347,0.335,0.34,713678.2
2022-12-09 00:00:00,0.34,0.341,0.328,0.333,548840.8
2022-12-09 04:00:00,0.333,0.348,0.332,0.34,1034687.5
2022-12-09 08:00:00,0.34,0.365,0.329,0.333,2890045.1
2022-12-09 12:00:00,0.333,0.336,0.327,0.335,655653.3
2022-12-09 16:00:00,0.334,0.335,0.328,0.328,388355.0
2022-12-09 20:00:00,0.329,0.331,0.324,0.33,223363.6
2022-12-10 00:00:00,0.33,0.331,0.325,0.327,242847.3
2022-12-10 04:00:00,0.328,0.337,0.324,0.325,523781.7
2022-12-10 08:00:00,0.326,0.329,0.325,0.328,275297.3
2022-12-10 12:00:00,0.328,0.335,0.318,0.325,1166187.4
2022-12-10 16:00:00,0.324,0.325,0.301,0.31,2510384.8
2022-12-10 20:00:00,0.309,0.312,0.308,0.312,445326.5
2022-12-11 00:00:00,0.311,0.312,0.308,0.309,389727.4
2022-12-11 04:00:00,0.308,0.314,0.307,0.309,455322.2
2022-12-11 08:00:00,0.309,0.312,0.308,0.311,218547.9
2022-12-11 12:00:00,0.31,0.317,0.31,0.31,1117374.5
2022-12-11 16:00:00,0.31,0.313,0.31,0.313,202471.6
2022-12-11 20:00:00,0.312,0.316,0.307,0.308,400361.5
2022-12-12 00:00:00,0.307,0.311,0.292,0.296,558900.5
2022-12-12 04:00:00,0.296,0.306,0.289,0.302,2400622.9
2022-12-12 08:00:00,0.303,0.304,0.291,0.302,1267229.3
2022-12-12 12:00:00,0.301,0.303,0.295,0.297,610000.9
2022-12-12 16:00:00,0.296,0.299,0.296,0.298,125503.6
2022-12-12 20:00:00,0.298,0.301,0.298,0.299,155636.0
2022-12-13 00:00:00,0.299,0.301,0.296,0.3,346035.6
2022-12-13 04:00:00,0.3,0.304,0.282,0.285,742994.4
2022-12-13 08:00:00,0.285,0.292,0.284,0.29,430635.7
2022-12-13 12:00:00,0.29,0.304,0.288,0.296,850331.4
2022-12-13 16:00:00,0.297,0.297,0.292,0.294,170793.0
2022-12-13 20:00:00,0.294,0.297,0.291,0.294,786284.9
2022-12-14 00:00:00,0.294,0.297,0.293,0.297,136534.9
2022-12-14 04:00:00,0.297,0.297,0.29,0.292,408113.6
2022-12-14 08:00:00,0.292,0.293,0.29,0.291,188881.0
2022-12-14 12:00:00,0.292,0.293,0.29,0.293,276430.0
2022-12-14 16:00:00,0.293,0.294,0.28,0.293,793757.5
2022-12-14 20:00:00,0.293,0.295,0.289,0.289,213208.6
2022-12-15 00:00:00,0.289,0.291,0.282,0.29,315645.8
2022-12-15 04:00:00,0.289,0.29,0.288,0.289,80524.8
2022-12-15 08:00:00,0.289,0.294,0.288,0.29,352800.6
2022-12-15 12:00:00,0.29,0.29,0.285,0.288,148595.8
2022-12-15 16:00:00,0.288,0.293,0.283,0.291,365716.0
2022-12-15 20:00:00,0.291,0.293,0.288,0.289,162869.0
2022-12-16 00:00:00,0.29,0.297,0.29,0.291,301607.1
2022-12-16 04:00:00,0.292,0.296,0.288,0.295,299042.8
2022-12-16 08:00:00,0.295,0.295,0.273,0.275,896351.3
2022-12-16 12:00:00,0.275,0.275,0.269,0.273,262998.3
2022-12-16 16:00:00,0.273,0.274,0.267,0.271,261980.2
2022-12-16 20:00:00,0.27,0.272,0.24,0.247,608197.0
2022-12-17 00:00:00,0.247,0.249,0.239,0.243,512722.2
2022-12-17 04:00:00,0.244,0.247,0.243,0.245,211963.2
2022-12-17 08:00:00,0.246,0.253,0.245,0.25,274034.5
2022-12-17 12:00:00,0.249,0.261,0.248,0.26,507891.7
2022-12-17 16:00:00,0.26,0.263,0.258,0.26,386601.3
2022-12-17 20:00:00,0.26,0.265,0.26,0.264,108011.3
2022-12-18 00:00:00,0.265,0.265,0.261,0.263,103782.7
2022-12-18 04:00:00,0.263,0.264,0.258,0.259,193945.8
2022-12-18 08:00:00,0.259,0.26,0.257,0.259,180254.5
2022-12-18 12:00:00,0.259,0.26,0.256,0.257,126599.5
2022-12-18 16:00:00,0.257,0.261,0.257,0.259,139011.7
2022-12-18 20:00:00,0.258,0.26,0.256,0.256,123805.6
2022-12-19 00:00:00,0.256,0.262,0.253,0.256,138158.6
2022-12-19 04:00:00,0.256,0.258,0.253,0.256,221985.0
2022-12-19 08:00:00,0.256,0.273,0.255,0.264,781794.0
2022-12-19 12:00:00,0.264,0.28,0.263,0.269,1362156.8
2022-12-19 16:00:00,0.269,0.27,0.258,0.259,603525.4
2022-12-19 20:00:00,0.258,0.259,0.247,0.25,315852.0
2022-12-20 00:00:00,0.251,0.269,0.25,0.264,588938.3
2022-12-20 04:00:00,0.264,0.268,0.262,0.265,214614.8
2022-12-20 08:00:00,0.265,0.274,0.265,0.267,591668.6
2022-12-20 12:00:00,0.267,0.271,0.264,0.269,162177.2
2022-12-20 16:00:00,0.269,0.283,0.267,0.278,674314.5
2022-12-20 20:00:00,0.276,0.277,0.268,0.27,372604.4
2022-12-21 00:00:00,0.27,0.27,0.266,0.266,121960.2
2022-12-21 04:00:00,0.267,0.272,0.264,0.272,600750.6
2022-12-21 08:00:00,0.271,0.272,0.269,0.271,121011.7
2022-12-21 12:00:00,0.271,0.271,0.266,0.268,251365.0
2022-12-21 16:00:00,0.267,0.268,0.263,0.263,144464.8
2022-12-21 20:00:00,0.263,0.292,0.262,0.279,1698351.8
2022-12-22 00:00:00,0.279,0.279,0.273,0.275,204257.8
2022-12-22 04:00:00,0.275,0.279,0.274,0.278,195214.5
2022-12-22 08:00:00,0.279,0.279,0.276,0.277,124574.1
2022-12-22 12:00:00,0.277,0.279,0.269,0.272,291738.6
2022-12-22 16:00:00,0.272,0.278,0.27,0.273,287182.6
2022-12-22 20:00:00,0.273,0.278,0.272,0.277,126842.3
2022-12-23 00:00:00,0.278,0.278,0.276,0.277,49089.0
2022-12-23 04:00:00,0.277,0.278,0.276,0.276,29185.0
2022-12-23 08:00:00,0.276,0.277,0.274,0.275,108035.7
2022-12-23 12:00:00,0.276,0.281,0.275,0.279,632888.8
2022-12-23 16:00:00,0.279,0.279,0.277,0.277,85001.1
2022-12-23 20:00:00,0.278,0.278,0.273,0.275,160605.6
2022-12-24 00:00:00,0.274,0.276,0.274,0.276,28913.9
2022-12-24 04:00:00,0.276,0.276,0.274,0.275,44150.5
2022-12-24 08:00:00,0.274,0.276,0.274,0.275,93882.8
2022-12-24 12:00:00,0.275,0.279,0.275,0.277,73523.4
2022-12-24 16:00:00,0.277,0.28,0.277,0.278,42497.0
2022-12-24 20:00:00,0.279,0.282,0.278,0.281,102100.5
2022-12-25 00:00:00,0.281,0.282,0.278,0.278,65316.8
2022-12-25 04:00:00,0.278,0.279,0.276,0.277,73292.4
2022-12-25 08:00:00,0.277,0.278,0.275,0.276,118717.9
2022-12-25 12:00:00,0.275,0.275,0.269,0.27,313986.5
2022-12-25 16:00:00,0.269,0.27,0.266,0.269,118423.2
2022-12-25 20:00:00,0.268,0.272,0.267,0.269,229418.9
2022-12-26 00:00:00,0.27,0.272,0.269,0.271,194796.1
2022-12-26 04:00:00,0.272,0.272,0.27,0.271,81188.1
2022-12-26 08:00:00,0.271,0.271,0.269,0.271,94810.5
2022-12-26 12:00:00,0.271,0.272,0.268,0.269,112713.2
2022-12-26 16:00:00,0.268,0.27,0.268,0.268,43174.2
2022-12-26 20:00:00,0.269,0.27,0.267,0.27,128890.9
2022-12-27 00:00:00,0.27,0.271,0.268,0.269,43699.4
2022-12-27 04:00:00,0.269,0.269,0.267,0.268,39982.0
2022-12-27 08:00:00,0.268,0.268,0.265,0.266,159052.3
2022-12-27 12:00:00,0.266,0.266,0.261,0.263,116477.4
2022-12-27 16:00:00,0.262,0.263,0.26,0.262,90213.7
2022-12-27 20:00:00,0.262,0.264,0.261,0.264,23808.3
2022-12-28 00:00:00,0.264,0.264,0.257,0.26,112508.2
2022-12-28 04:00:00,0.259,0.26,0.252,0.256,377398.7
2022-12-28 08:00:00,0.255,0.256,0.254,0.255,70553.6
2022-12-28 12:00:00,0.254,0.262,0.254,0.258,193282.7
2022-12-28 16:00:00,0.258,0.263,0.258,0.262,80456.0
2022-12-28 20:00:00,0.263,0.263,0.258,0.259,102067.4
2022-12-29 00:00:00,0.26,0.263,0.258,0.262,60190.7
2022-12-29 04:00:00,0.261,0.264,0.261,0.263,44839.6
2022-12-29 08:00:00,0.263,0.265,0.261,0.263,89518.6
2022-12-29 12:00:00,0.263,0.268,0.262,0.266,276304.6
2022-12-29 16:00:00,0.266,0.269,0.265,0.267,153515.2
2022-12-29 20:00:00,0.266,0.267,0.26,0.265,186207.0
2022-12-30 00:00:00,0.266,0.267,0.262,0.264,134984.9
2022-12-30 04:00:00,0.265,0.266,0.258,0.26,116230.3
2022-12-30 08:00:00,0.261,0.263,0.26,0.261,72180.5
2022-12-30 12:00:00,0.261,0.263,0.258,0.262,175141.9
2022-12-30 16:00:00,0.263,0.265,0.261,0.264,61871.6
2022-12-30 20:00:00,0.264,0.267,0.262,0.263,144570.6
2022-12-31 00:00:00,0.264,0.264,0.261,0.263,114609.2
2022-12-31 04:00:00,0.262,0.265,0.261,0.264,44032.8
2022-12-31 08:00:00,0.264,0.27,0.264,0.268,148150.5
2022-12-31 12:00:00,0.268,0.283,0.268,0.277,959922.5
2022-12-31 16:00:00,0.277,0.284,0.274,0.276,938818.3
2022-12-31 20:00:00,0.275,0.276,0.272,0.275,216853.6
2023-01-01 00:00:00,0.275,0.284,0.271,0.28,769442.4
2023-01-01 04:00:00,0.28,0.29,0.278,0.284,679403.2
2023-01-01 08:00:00,0.283,0.285,0.279,0.279,266649.1
2023-01-01 12:00:00,0.28,0.281,0.273,0.273,409821.7
2023-01-01 16:00:00,0.274,0.274,0.27,0.271,274667.5
2023-01-01 20:00:00,0.272,0.274,0.27,0.273,120674.0
2023-01-02 00:00:00,0.274,0.274,0.267,0.27,275237.7
2023-01-02 04:00:00,0.271,0.274,0.268,0.273,214734.7
2023-01-02 08:00:00,0.273,0.278,0.273,0.276,367528.8
2023-01-02 12:00:00,0.277,0.278,0.275,0.277,73865.0
2023-01-02 16:00:00,0.278,0.278,0.275,0.277,88037.9
2023-01-02 20:00:00,0.277,0.277,0.274,0.274,68011.9
2023-01-03 00:00:00,0.274,0.274,0.271,0.273,113242.8
2023-01-03 04:00:00,0.272,0.274,0.271,0.272,96370.0
2023-01-03 08:00:00,0.273,0.275,0.271,0.273,70523.3
2023-01-03 12:00:00,0.273,0.274,0.268,0.271,298162.9
2023-01-03 16:00:00,0.27,0.272,0.269,0.271,130295.6
2023-01-03 20:00:00,0.271,0.275,0.27,0.274,44215.8
2023-01-04 00:00:00,0.275,0.281,0.274,0.279,166975.9
2023-01-04 04:00:00,0.28,0.28,0.275,0.277,190441.8
2023-01-04 08:00:00,0.277,0.277,0.273,0.275,70153.9
2023-01-04 12:00:00,0.275,0.277,0.272,0.276,165349.4
2023-01-04 16:00:00,0.276,0.283,0.273,0.273,845067.8
2023-01-04 20:00:00,0.273,0.275,0.271,0.274,75425.5
2023-01-05 00:00:00,0.275,0.276,0.272,0.276,153420.0
2023-01-05 04:00:00,0.276,0.28,0.274,0.275,176875.5
2023-01-05 08:00:00,0.276,0.276,0.27,0.272,250541.1
2023-01-05 12:00:00,0.272,0.275,0.27,0.274,180405.5
2023-01-05 16:00:00,0.274,0.275,0.272,0.272,100148.9
2023-01-05 20:00:00,0.272,0.273,0.27,0.271,79245.2
2023-01-06 00:00:00,0.27,0.273,0.27,0.27,55423.2
2023-01-06 04:00:00,0.27,0.27,0.264,0.265,179003.0
2023-01-06 08:00:00,0.265,0.266,0.262,0.262,77061.3
2023-01-06 12:00:00,0.263,0.268,0.261,0.267,462212.8
2023-01-06 16:00:00,0.268,0.272,0.266,0.271,90742.6
2023-01-06 20:00:00,0.272,0.274,0.27,0.273,111834.5
2023-01-07 00:00:00,0.273,0.275,0.272,0.273,109101.7
2023-01-07 04:00:00,0.273,0.273,0.271,0.272,92194.5
2023-01-07 08:00:00,0.272,0.275,0.271,0.273,128349.4
2023-01-07 12:00:00,0.273,0.274,0.267,0.269,538608.2
2023-01-07 16:00:00,0.269,0.269,0.268,0.269,38586.7
2023-01-07 20:00:00,0.269,0.269,0.265,0.266,97844.7
2023-01-08 00:00:00,0.265,0.266,0.262,0.265,106541.0
2023-01-08 04:00:00,0.265,0.266,0.264,0.266,61873.7
2023-01-08 08:00:00,0.265,0.266,0.265,0.265,22841.0
2023-01-08 12:00:00,0.266,0.269,0.264,0.268,167879.6
2023-01-08 16:00:00,0.269,0.269,0.264,0.266,199645.2
2023-01-08 20:00:00,0.267,0.275,0.266,0.274,265042.4
2023-01-09 00:00:00,0.274,0.285,0.273,0.281,404014.7
2023-01-09 04:00:00,0.281,0.282,0.277,0.28,362248.1
2023-01-09 08:00:00,0.28,0.283,0.277,0.278,274093.3
2023-01-09 12:00:00,0.278,0.282,0.276,0.28,295228.8
2023-01-09 16:00:00,0.28,0.287,0.277,0.278,385447.1
2023-01-09 20:00:00,0.277,0.277,0.27,0.272,234661.1
2023-01-10 00:00:00,0.273,0.279,0.272,0.274,310580.3
2023-01-10 04:00:00,0.274,0.278,0.272,0.277,151728.2
2023-01-10 08:00:00,0.278,0.281,0.276,0.277,171268.3
2023-01-10 12:00:00,0.276,0.278,0.272,0.276,225225.6
2023-01-10 16:00:00,0.276,0.286,0.275,0.283,330028.7
2023-01-10 20:00:00,0.282,0.285,0.279,0.283,204639.4
2023-01-11 00:00:00,0.283,0.295,0.278,0.281,844699.1
2023-01-11 04:00:00,0.28,0.286,0.28,0.283,230008.7
2023-01-11 08:00:00,0.283,0.286,0.281,0.285,139260.3
2023-01-11 12:00:00,0.286,0.286,0.276,0.277,228619.9
2023-01-11 16:00:00,0.277,0.282,0.275,0.282,66118.6
2023-01-11 20:00:00,0.282,0.288,0.281,0.288,108118.9
2023-01-12 00:00:00,0.288,0.294,0.286,0.292,358186.4
2023-01-12 04:00:00,0.292,0.292,0.286,0.291,194888.9
2023-01-12 08:00:00,0.292,0.292,0.285,0.287,145647.8
2023-01-12 12:00:00,0.287,0.29,0.279,0.285,534023.7
2023-01-12 16:00:00,0.284,0.293,0.284,0.29,362065.9
2023-01-12 20:00:00,0.291,0.293,0.289,0.292,121263.6
2023-01-13 00:00:00,0.291,0.3,0.29,0.298,289900.8
2023-01-13 04:00:00,0.298,0.303,0.295,0.297,213019.0
2023-01-13 08:00:00,0.297,0.301,0.295,0.297,146586.3
2023-01-13 12:00:00,0.297,0.298,0.29,0.294,448912.7
2023-01-13 16:00:00,0.295,0.305,0.292,0.304,338590.0
2023-01-13 20:00:00,0.305,0.321,0.303,0.312,899993.5
2023-01-14 00:00:00,0.311,0.321,0.311,0.315,561805.2
2023-01-14 04:00:00,0.314,0.327,0.313,0.327,537953.8
2023-01-14 08:00:00,0.326,0.335,0.306,0.317,961764.0
2023-01-14 12:00:00,0.318,0.322,0.31,0.316,559125.3
2023-01-14 16:00:00,0.316,0.318,0.313,0.314,121867.0
2023-01-14 20:00:00,0.314,0.322,0.312,0.318,159810.0
2023-01-15 00:00:00,0.318,0.319,0.307,0.31,311267.9
2023-01-15 04:00:00,0.311,0.315,0.308,0.31,200380.4
2023-01-15 08:00:00,0.311,0.314,0.306,0.312,147101.7
2023-01-15 12:00:00,0.312,0.319,0.309,0.318,111692.3
2023-01-15 16:00:00,0.319,0.333,0.318,0.329,485108.3
2023-01-15 20:00:00,0.328,0.328,0.322,0.323,184985.9
2023-01-16 00:00:00,0.322,0.331,0.319,0.324,232740.3
2023-01-16 04:00:00,0.325,0.328,0.32,0.322,377291.8
2023-01-16 08:00:00,0.323,0.323,0.309,0.316,987197.6
2023-01-16 12:00:00,0.316,0.338,0.315,0.328,818259.0
2023-01-16 16:00:00,0.33,0.346,0.33,0.338,960052.9
2023-01-16 20:00:00,0.338,0.34,0.331,0.332,166269.9
2023-01-17 00:00:00,0.332,0.34,0.323,0.337,565976.0
2023-01-17 04:00:00,0.338,0.342,0.333,0.336,226330.4
2023-01-17 08:00:00,0.335,0.338,0.333,0.338,165126.4
2023-01-17 12:00:00,0.338,0.339,0.326,0.328,505850.9
2023-01-17 16:00:00,0.328,0.329,0.324,0.329,247858.3
2023-01-17 20:00:00,0.329,0.329,0.322,0.323,213019.0
2023-01-18 00:00:00,0.323,0.33,0.322,0.324,339542.3
2023-01-18 04:00:00,0.324,0.327,0.322,0.324,387867.3
2023-01-18 08:00:00,0.323,0.324,0.31,0.312,682500.6
2023-01-18 12:00:00,0.313,0.319,0.294,0.3,548303.3
2023-01-18 16:00:00,0.301,0.302,0.286,0.294,581946.9
2023-01-18 20:00:00,0.294,0.295,0.289,0.289,255644.6
2023-01-19 00:00:00,0.29,0.296,0.289,0.295,113944.1
2023-01-19 04:00:00,0.295,0.298,0.294,0.296,145807.0
2023-01-19 08:00:00,0.296,0.298,0.293,0.295,161093.9
2023-01-19 12:00:00,0.296,0.302,0.292,0.302,220676.1
2023-01-19 16:00:00,0.302,0.308,0.299,0.302,263337.8
2023-01-19 20:00:00,0.303,0.309,0.301,0.303,250507.7
2023-01-20 00:00:00,0.304,0.31,0.302,0.309,109354.1
2023-01-20 04:00:00,0.309,0.31,0.301,0.308,182966.8
2023-01-20 08:00:00,0.309,0.315,0.306,0.309,427897.7
2023-01-20 12:00:00,0.309,0.324,0.309,0.32,411688.1
2023-01-20 16:00:00,0.32,0.324,0.318,0.323,203842.0
2023-01-20 20:00:00,0.323,0.334,0.323,0.334,367981.9
2023-01-21 00:00:00,0.335,0.339,0.331,0.333,332157.9
2023-01-21 04:00:00,0.333,0.335,0.33,0.335,95524.2
2023-01-21 08:00:00,0.334,0.336,0.322,0.328,527722.8
2023-01-21 12:00:00,0.328,0.331,0.327,0.328,160595.1
2023-01-21 16:00:00,0.328,0.332,0.327,0.33,184611.4
2023-01-21 20:00:00,0.329,0.332,0.319,0.32,208240.3
2023-01-22 00:00:00,0.32,0.323,0.319,0.321,146290.4
2023-01-22 04:00:00,0.321,0.325,0.32,0.324,67216.8
2023-01-22 08:00:00,0.323,0.333,0.322,0.329,109942.7
2023-01-22 12:00:00,0.329,0.345,0.329,0.337,370121.2
2023-01-22 16:00:00,0.337,0.34,0.33,0.33,501828.8
2023-01-22 20:00:00,0.331,0.331,0.317,0.324,265724.6
2023-01-23 00:00:00,0.324,0.337,0.322,0.33,491598.6
2023-01-23 04:00:00,0.33,0.341,0.329,0.335,252991.7
2023-01-23 08:00:00,0.337,0.344,0.337,0.343,405336.8
2023-01-23 12:00:00,0.344,0.357,0.334,0.34,1129547.4
2023-01-23 16:00:00,0.34,0.347,0.334,0.337,509306.9
2023-01-23 20:00:00,0.337,0.343,0.337,0.341,141910.8
2023-01-24 00:00:00,0.34,0.347,0.339,0.344,189136.2
2023-01-24 04:00:00,0.344,0.345,0.341,0.342,146970.5
2023-01-24 08:00:00,0.342,0.342,0.333,0.336,288977.8
2023-01-24 12:00:00,0.335,0.34,0.33,0.338,460312.2
2023-01-24 16:00:00,0.339,0.343,0.324,0.326,989478.4
2023-01-24 20:00:00,0.326,0.327,0.301,0.307,857583.7
2023-01-25 00:00:00,0.307,0.309,0.3,0.308,427544.2
2023-01-25 04:00:00,0.308,0.314,0.307,0.312,676271.7
2023-01-25 08:00:00,0.313,0.313,0.301,0.302,618070.3
2023-01-25 12:00:00,0.303,0.311,0.3,0.304,1081282.5
2023-01-25 16:00:00,0.304,0.306,0.3,0.302,817225.3
2023-01-25 20:00:00,0.302,0.314,0.302,0.307,1440167.9
2023-01-26 00:00:00,0.307,0.318,0.307,0.309,830690.8
2023-01-26 04:00:00,0.309,0.314,0.307,0.308,918236.5
2023-01-26 08:00:00,0.308,0.31,0.303,0.309,664915.1
2023-01-26 12:00:00,0.309,0.315,0.303,0.304,827444.7
2023-01-26 16:00:00,0.304,0.315,0.303,0.313,594429.2
2023-01-26 20:00:00,0.313,0.318,0.311,0.314,319406.9
2023-01-27 00:00:00,0.315,0.317,0.3,0.309,657891.5
2023-01-27 04:00:00,0.31,0.324,0.31,0.324,896136.9
2023-01-27 08:00:00,0.322,0.327,0.317,0.324,977301.4
2023-01-27 12:00:00,0.324,0.336,0.318,0.329,1006949.4
2023-01-27 16:00:00,0.33,0.341,0.325,0.327,1310687.8
2023-01-27 20:00:00,0.327,0.329,0.319,0.321,566680.3
2023-01-28 00:00:00,0.321,0.338,0.321,0.333,574903.6
2023-01-28 04:00:00,0.334,0.337,0.321,0.323,727169.8
2023-01-28 08:00:00,0.324,0.328,0.318,0.326,652888.2
2023-01-28 12:00:00,0.326,0.326,0.314,0.316,983687.0
2023-01-28 16:00:00,0.316,0.325,0.314,0.315,1168718.9
2023-01-28 20:00:00,0.315,0.316,0.306,0.308,812553.0
2023-01-29 00:00:00,0.308,0.319,0.307,0.316,619066.4
2023-01-29 04:00:00,0.316,0.319,0.314,0.316,242482.2
2023-01-29 08:00:00,0.315,0.328,0.315,0.328,918444.9
2023-01-29 12:00:00,0.328,0.352,0.324,0.344,4157925.8
2023-01-29 16:00:00,0.344,0.358,0.336,0.343,2232300.0
2023-01-29 20:00:00,0.343,0.355,0.338,0.354,1672763.7
2023-01-30 00:00:00,0.353,0.42,0.352,0.385,10082011.9
2023-01-30 04:00:00,0.385,0.41,0.375,0.389,4771615.5
2023-01-30 08:00:00,0.391,0.392,0.348,0.357,3686736.7
2023-01-30 12:00:00,0.356,0.363,0.347,0.35,2099641.1
2023-01-30 16:00:00,0.351,0.354,0.325,0.328,1290241.7
2023-01-30 20:00:00,0.328,0.334,0.322,0.332,825211.8
2023-01-31 00:00:00,0.332,0.343,0.328,0.332,1418471.2
2023-01-31 04:00:00,0.333,0.34,0.327,0.336,1054107.9
2023-01-31 08:00:00,0.337,0.337,0.325,0.326,689205.6
2023-01-31 12:00:00,0.327,0.343,0.327,0.332,1008920.6
2023-01-31 16:00:00,0.332,0.354,0.331,0.345,1078114.0
2023-01-31 20:00:00,0.346,0.346,0.331,0.337,506414.2
2023-02-01 00:00:00,0.338,0.351,0.333,0.349,1122226.8
2023-02-01 04:00:00,0.349,0.409,0.349,0.376,5326895.1
2023-02-01 08:00:00,0.376,0.386,0.352,0.363,3530023.2
2023-02-01 12:00:00,0.362,0.365,0.354,0.363,1519722.1
2023-02-01 16:00:00,0.363,0.421,0.362,0.387,10266684.1
2023-02-01 20:00:00,0.386,0.404,0.384,0.392,2124024.2
2023-02-02 00:00:00,0.391,0.396,0.38,0.382,1181469.6
2023-02-02 04:00:00,0.383,0.413,0.38,0.397,1770946.4
2023-02-02 08:00:00,0.397,0.408,0.391,0.402,1598858.7
2023-02-02 12:00:00,0.401,0.402,0.384,0.39,2554222.4
2023-02-02 16:00:00,0.39,0.407,0.386,0.399,1409061.4
2023-02-02 20:00:00,0.399,0.414,0.39,0.412,1389884.4
2023-02-03 00:00:00,0.411,0.446,0.391,0.395,5557548.2
2023-02-03 04:00:00,0.396,0.401,0.391,0.399,1175420.8
2023-02-03 08:00:00,0.398,0.4,0.388,0.393,567226.9
2023-02-03 12:00:00,0.393,0.394,0.38,0.392,1198339.8
2023-02-03 16:00:00,0.391,0.395,0.389,0.394,857955.7
2023-02-03 20:00:00,0.394,0.4,0.392,0.4,461911.7
2023-02-04 00:00:00,0.401,0.404,0.382,0.384,1274319.2
2023-02-04 04:00:00,0.384,0.386,0.381,0.386,320195.5
2023-02-04 08:00:00,0.386,0.388,0.383,0.388,375925.6
2023-02-04 12:00:00,0.387,0.398,0.387,0.396,631419.6
2023-02-04 16:00:00,0.396,0.396,0.385,0.387,317030.1
2023-02-04 20:00:00,0.387,0.389,0.382,0.384,173772.0
2023-02-05 00:00:00,0.383,0.385,0.374,0.38,519435.8
2023-02-05 04:00:00,0.38,0.384,0.376,0.383,450393.4
2023-02-05 08:00:00,0.383,0.388,0.381,0.381,333108.8
2023-02-05 12:00:00,0.381,0.383,0.361,0.366,1139564.3
2023-02-05 16:00:00,0.366,0.368,0.359,0.361,297911.2
2023-02-05 20:00:00,0.36,0.365,0.356,0.363,476880.4
2023-02-06 00:00:00,0.363,0.367,0.361,0.362,363475.6
2023-02-06 04:00:00,0.362,0.368,0.356,0.367,366117.3
2023-02-06 08:00:00,0.367,0.375,0.36,0.368,732654.6
2023-02-06 12:00:00,0.369,0.388,0.366,0.384,905507.4
2023-02-06 16:00:00,0.385,0.388,0.38,0.383,542286.0
2023-02-06 20:00:00,0.383,0.385,0.368,0.369,384878.2
2023-02-07 00:00:00,0.37,0.414,0.369,0.401,2768580.8
2023-02-07 04:00:00,0.401,0.449,0.397,0.431,3532271.2
2023-02-07 08:00:00,0.432,0.612,0.419,0.531,16992310.8
2023-02-07 12:00:00,0.53,0.575,0.517,0.549,10505733.1
2023-02-07 16:00:00,0.549,0.66,0.528,0.593,17495296.3
2023-02-07 20:00:00,0.593,0.61,0.539,0.58,4490539.1
2023-02-08 00:00:00,0.58,0.58,0.533,0.557,3330721.6
2023-02-08 04:00:00,0.555,0.564,0.536,0.547,1780669.8
2023-02-08 08:00:00,0.546,0.549,0.497,0.508,2665356.0
2023-02-08 12:00:00,0.506,0.508,0.478,0.478,2202164.3
2023-02-08 16:00:00,0.479,0.493,0.457,0.475,2570483.8
2023-02-08 20:00:00,0.474,0.479,0.461,0.475,1009310.6
2023-02-09 00:00:00,0.475,0.49,0.435,0.445,1591797.5
2023-02-09 04:00:00,0.444,0.464,0.441,0.458,1309933.6
2023-02-09 08:00:00,0.458,0.466,0.449,0.454,847247.2
2023-02-09 12:00:00,0.453,0.469,0.441,0.444,1436188.6
2023-02-09 16:00:00,0.444,0.463,0.413,0.42,1185573.0
2023-02-09 20:00:00,0.418,0.421,0.39,0.403,984875.1
2023-02-10 00:00:00,0.403,0.42,0.399,0.41,1473321.7
2023-02-10 04:00:00,0.409,0.422,0.401,0.42,723659.6
2023-02-10 08:00:00,0.42,0.421,0.38,0.402,739483.1
2023-02-10 12:00:00,0.403,0.414,0.399,0.403,1439383.6
2023-02-10 16:00:00,0.403,0.426,0.401,0.422,643627.7
2023-02-10 20:00:00,0.423,0.437,0.42,0.425,713211.8
2023-02-11 00:00:00,0.426,0.456,0.422,0.445,1285910.7
2023-02-11 04:00:00,0.446,0.467,0.439,0.459,1782949.9
2023-02-11 08:00:00,0.458,0.464,0.446,0.453,750971.4
2023-02-11 12:00:00,0.453,0.471,0.45,0.462,945180.2
2023-02-11 16:00:00,0.462,0.574,0.461,0.504,8783406.0
2023-02-11 20:00:00,0.504,0.534,0.502,0.512,3081213.1
2023-02-12 00:00:00,0.512,0.523,0.5,0.512,946166.5
2023-02-12 04:00:00,0.512,0.514,0.496,0.503,867542.1
2023-02-12 08:00:00,0.504,0.508,0.496,0.502,1124001.5
2023-02-12 12:00:00,0.503,0.505,0.482,0.494,946888.4
2023-02-12 16:00:00,0.495,0.497,0.478,0.484,683568.4
2023-02-12 20:00:00,0.483,0.519,0.475,0.507,1018529.7
2023-02-13 00:00:00,0.506,0.51,0.467,0.476,1559556.6
2023-02-13 04:00:00,0.476,0.478,0.464,0.469,514198.3
2023-02-13 08:00:00,0.47,0.471,0.43,0.435,2774621.6
2023-02-13 12:00:00,0.435,0.443,0.434,0.441,530351.0
2023-02-13 16:00:00,0.441,0.443,0.43,0.437,578927.0
2023-02-13 20:00:00,0.437,0.451,0.432,0.446,673224.8
2023-02-14 00:00:00,0.447,0.448,0.437,0.439,444038.2
2023-02-14 04:00:00,0.439,0.444,0.434,0.44,779887.2
2023-02-14 08:00:00,0.441,0.441,0.413,0.43,2269533.7
2023-02-14 12:00:00,0.431,0.48,0.429,0.479,3600927.0
2023-02-14 16:00:00,0.479,0.48,0.459,0.462,743058.2
2023-02-14 20:00:00,0.462,0.474,0.46,0.471,215416.1
2023-02-15 00:00:00,0.471,0.485,0.46,0.476,521295.3
2023-02-15 04:00:00,0.476,0.483,0.464,0.467,641805.2
2023-02-15 08:00:00,0.467,0.51,0.465,0.492,2337028.7
2023-02-15 12:00:00,0.492,0.498,0.482,0.486,971200.9
2023-02-15 16:00:00,0.487,0.535,0.481,0.508,3221095.9
2023-02-15 20:00:00,0.507,0.519,0.503,0.514,885456.1
2023-02-16 00:00:00,0.514,0.522,0.505,0.508,736411.4
2023-02-16 04:00:00,0.509,0.533,0.504,0.513,1111474.4
2023-02-16 08:00:00,0.513,0.533,0.508,0.509,756553.5
2023-02-16 12:00:00,0.508,0.521,0.483,0.519,2388591.8
2023-02-16 16:00:00,0.52,0.525,0.503,0.516,870193.5
2023-02-16 20:00:00,0.517,0.554,0.466,0.47,2744923.3
2023-02-17 00:00:00,0.469,0.51,0.468,0.505,631574.2
2023-02-17 04:00:00,0.506,0.587,0.505,0.544,5275048.5
2023-02-17 08:00:00,0.544,0.565,0.528,0.545,1578418.0
2023-02-17 12:00:00,0.546,0.564,0.53,0.533,1292051.4
2023-02-17 16:00:00,0.534,0.551,0.529,0.53,745022.3
2023-02-17 20:00:00,0.531,0.541,0.514,0.525,656108.6
2023-02-18 00:00:00,0.524,0.547,0.524,0.529,695079.1
2023-02-18 04:00:00,0.528,0.534,0.524,0.525,583107.4
2023-02-18 08:00:00,0.525,0.546,0.52,0.534,732040.7
2023-02-18 12:00:00,0.534,0.568,0.533,0.542,1225602.3
2023-02-18 16:00:00,0.543,0.544,0.533,0.54,634541.7
2023-02-18 20:00:00,0.539,0.54,0.517,0.53,482363.8
2023-02-19 00:00:00,0.53,0.552,0.526,0.548,607986.0
2023-02-19 04:00:00,0.547,0.562,0.541,0.551,533492.4
2023-02-19 08:00:00,0.551,0.56,0.538,0.554,1226649.4
2023-02-19 12:00:00,0.553,0.678,0.552,0.638,6789878.0
2023-02-19 16:00:00,0.637,0.838,0.623,0.689,23138136.2
2023-02-19 20:00:00,0.69,0.738,0.63,0.647,3949646.1
2023-02-20 00:00:00,0.647,0.723,0.643,0.67,4109411.0
2023-02-20 04:00:00,0.669,0.742,0.666,0.689,4618364.2
2023-02-20 08:00:00,0.689,0.69,0.65,0.654,2348998.0
2023-02-20 12:00:00,0.654,0.66,0.621,0.625,1999813.8
2023-02-20 16:00:00,0.624,0.628,0.598,0.601,1523616.4
2023-02-20 20:00:00,0.6,0.611,0.598,0.606,627805.1
2023-02-21 00:00:00,0.607,0.625,0.604,0.623,1029506.3
2023-02-21 04:00:00,0.624,0.625,0.604,0.616,681845.9
2023-02-21 08:00:00,0.617,0.619,0.579,0.582,1074001.5
2023-02-21 12:00:00,0.582,0.589,0.571,0.58,697283.2
2023-02-21 16:00:00,0.579,0.586,0.567,0.582,587429.8
2023-02-21 20:00:00,0.581,0.586,0.568,0.578,464722.3
2023-02-22 00:00:00,0.578,0.584,0.55,0.566,564307.6
2023-02-22 04:00:00,0.567,0.568,0.55,0.564,421214.5
2023-02-22 08:00:00,0.565,0.569,0.547,0.567,515846.7
2023-02-22 12:00:00,0.567,0.576,0.551,0.552,513371.9
2023-02-22 16:00:00,0.553,0.579,0.551,0.572,438203.0
2023-02-22 20:00:00,0.57,0.625,0.566,0.614,1263823.8
2023-02-23 00:00:00,0.613,0.62,0.579,0.599,964882.8
2023-02-23 04:00:00,0.596,0.604,0.591,0.591,224114.3
2023-02-23 08:00:00,0.592,0.605,0.571,0.579,718346.1
2023-02-23 12:00:00,0.579,0.622,0.573,0.607,985711.4
2023-02-23 16:00:00,0.608,0.645,0.59,0.608,1984639.8
2023-02-23 20:00:00,0.607,0.609,0.589,0.59,408561.1
2023-02-24 00:00:00,0.591,0.615,0.591,0.602,481794.7
2023-02-24 04:00:00,0.602,0.606,0.584,0.604,518700.6
2023-02-24 08:00:00,0.601,0.603,0.575,0.588,606855.3
2023-02-24 12:00:00,0.588,0.602,0.574,0.579,637460.3
2023-02-24 16:00:00,0.578,0.578,0.555,0.564,660652.4
2023-02-24 20:00:00,0.567,0.569,0.541,0.547,523889.3
2023-02-25 00:00:00,0.547,0.551,0.539,0.548,495639.2
2023-02-25 04:00:00,0.547,0.565,0.546,0.558,314123.7
2023-02-25 08:00:00,0.558,0.623,0.554,0.62,1043604.8
2023-02-25 12:00:00,0.621,0.654,0.568,0.574,3909062.4
2023-02-25 16:00:00,0.574,0.588,0.552,0.556,726882.0
2023-02-25 20:00:00,0.556,0.571,0.536,0.569,481984.3
2023-02-26 00:00:00,0.569,0.592,0.56,0.586,438835.2
2023-02-26 04:00:00,0.586,0.625,0.581,0.604,1116206.3
2023-02-26 08:00:00,0.603,0.606,0.591,0.604,374652.2
2023-02-26 12:00:00,0.603,0.61,0.59,0.598,484882.1
2023-02-26 16:00:00,0.598,0.6,0.585,0.598,310847.3
2023-02-26 20:00:00,0.598,0.604,0.593,0.594,238836.0
2023-02-27 00:00:00,0.593,0.603,0.588,0.588,286125.1
2023-02-27 04:00:00,0.589,0.589,0.577,0.585,249448.8
2023-02-27 08:00:00,0.584,0.602,0.581,0.597,403402.7
2023-02-27 12:00:00,0.597,0.62,0.594,0.612,666055.9
2023-02-27 16:00:00,0.612,0.649,0.604,0.636,1733621.2
2023-02-27 20:00:00,0.637,0.68,0.623,0.645,1766137.0
2023-02-28 00:00:00,0.645,0.667,0.627,0.646,983979.2
2023-02-28 04:00:00,0.644,0.653,0.622,0.623,768610.0
2023-02-28 08:00:00,0.624,0.629,0.617,0.621,854917.4
2023-02-28 12:00:00,0.622,0.627,0.602,0.603,630803.8
2023-02-28 16:00:00,0.604,0.614,0.595,0.598,484293.0
2023-02-28 20:00:00,0.598,0.599,0.579,0.588,360841.1
2023-03-01 00:00:00,0.588,0.605,0.585,0.602,316810.8
2023-03-01 04:00:00,0.602,0.608,0.599,0.602,382952.5
2023-03-01 08:00:00,0.603,0.608,0.599,0.599,286090.9
2023-03-01 12:00:00,0.599,0.601,0.588,0.597,515484.3
2023-03-01 16:00:00,0.597,0.597,0.581,0.581,535217.5
2023-03-01 20:00:00,0.581,0.595,0.579,0.595,296059.8
2023-03-02 00:00:00,0.594,0.599,0.58,0.585,226837.2
2023-03-02 04:00:00,0.584,0.588,0.562,0.567,681384.6
2023-03-02 08:00:00,0.568,0.576,0.564,0.573,514984.3
2023-03-02 12:00:00,0.572,0.574,0.555,0.559,374161.0
2023-03-02 16:00:00,0.559,0.567,0.552,0.563,299526.8
2023-03-02 20:00:00,0.563,0.566,0.56,0.561,154803.3
2023-03-03 00:00:00,0.561,0.562,0.5,0.51,753127.4
2023-03-03 04:00:00,0.51,0.522,0.51,0.519,280941.4
2023-03-03 08:00:00,0.518,0.522,0.515,0.517,275045.6
2023-03-03 12:00:00,0.517,0.524,0.513,0.516,279958.9
2023-03-03 16:00:00,0.516,0.519,0.511,0.512,223777.0
2023-03-03 20:00:00,0.513,0.517,0.506,0.513,183533.9
2023-03-04 00:00:00,0.514,0.524,0.514,0.517,104325.5
2023-03-04 04:00:00,0.517,0.519,0.509,0.514,191569.3
2023-03-04 08:00:00,0.513,0.514,0.502,0.505,233227.6
2023-03-04 12:00:00,0.506,0.508,0.501,0.504,206343.7
2023-03-04 16:00:00,0.503,0.504,0.49,0.492,433364.4
2023-03-04 20:00:00,0.492,0.493,0.48,0.492,221268.7
2023-03-05 00:00:00,0.493,0.496,0.478,0.484,706837.8
2023-03-05 04:00:00,0.484,0.488,0.483,0.485,240800.2
2023-03-05 08:00:00,0.484,0.498,0.482,0.488,771257.7
2023-03-05 12:00:00,0.488,0.499,0.487,0.494,490294.4
2023-03-05 16:00:00,0.494,0.495,0.487,0.489,175359.3
2023-03-05 20:00:00,0.489,0.495,0.481,0.486,130677.9
2023-03-06 00:00:00,0.485,0.491,0.444,0.449,2048561.8
2023-03-06 04:00:00,0.449,0.45,0.445,0.45,1040736.4
2023-03-06 08:00:00,0.449,0.45,0.445,0.449,565594.8
2023-03-06 12:00:00,0.449,0.464,0.446,0.464,718299.2
2023-03-06 16:00:00,0.463,0.465,0.451,0.454,429342.9
2023-03-06 20:00:00,0.453,0.457,0.446,0.455,314691.4
2023-03-07 00:00:00,0.454,0.459,0.45,0.457,287101.1
2023-03-07 04:00:00,0.457,0.458,0.449,0.452,322221.7
2023-03-07 08:00:00,0.452,0.453,0.433,0.434,516608.3
2023-03-07 12:00:00,0.433,0.443,0.418,0.435,899406.4
2023-03-07 16:00:00,0.434,0.438,0.421,0.422,346659.4
2023-03-07 20:00:00,0.422,0.424,0.411,0.423,448489.7
2023-03-08 00:00:00,0.423,0.426,0.421,0.425,236718.6
2023-03-08 04:00:00,0.424,0.427,0.405,0.405,729513.3
2023-03-08 08:00:00,0.406,0.41,0.405,0.409,427010.8
2023-03-08 12:00:00,0.409,0.41,0.396,0.409,982902.3
2023-03-08 16:00:00,0.409,0.415,0.397,0.404,557245.9
2023-03-08 20:00:00,0.403,0.407,0.389,0.394,455664.0
2023-03-09 00:00:00,0.395,0.402,0.392,0.4,246141.7
2023-03-09 04:00:00,0.401,0.406,0.399,0.4,235038.3
2023-03-09 08:00:00,0.4,0.41,0.396,0.408,404566.6
2023-03-09 12:00:00,0.407,0.429,0.405,0.418,2007227.8
2023-03-09 16:00:00,0.417,0.42,0.391,0.393,896289.4
2023-03-09 20:00:00,0.393,0.394,0.37,0.381,739239.7
2023-03-10 00:00:00,0.381,0.382,0.363,0.367,1025641.1
2023-03-10 04:00:00,0.367,0.371,0.356,0.36,525299.7
2023-03-10 08:00:00,0.36,0.36,0.333,0.347,1047359.7
2023-03-10 12:00:00,0.349,0.363,0.346,0.359,689021.2
2023-03-10 16:00:00,0.359,0.367,0.355,0.361,624080.7
2023-03-10 20:00:00,0.361,0.371,0.356,0.366,556054.6
2023-03-11 00:00:00,0.366,0.381,0.365,0.371,539989.5
2023-03-11 04:00:00,0.37,0.375,0.339,0.342,698036.9
2023-03-11 08:00:00,0.342,0.349,0.337,0.343,901210.3
2023-03-11 12:00:00,0.342,0.345,0.333,0.334,334143.6
2023-03-11 16:00:00,0.334,0.344,0.331,0.343,318451.9
2023-03-11 20:00:00,0.343,0.35,0.342,0.35,186657.9
2023-03-12 00:00:00,0.35,0.352,0.344,0.35,302772.5
2023-03-12 04:00:00,0.351,0.356,0.347,0.348,600188.3
2023-03-12 08:00:00,0.347,0.358,0.347,0.355,428215.2
2023-03-12 12:00:00,0.355,0.357,0.344,0.346,473463.0
2023-03-12 16:00:00,0.346,0.371,0.345,0.365,665363.6
2023-03-12 20:00:00,0.365,0.389,0.365,0.389,562113.4
2023-03-13 00:00:00,0.389,0.4,0.378,0.38,891009.7
2023-03-13 04:00:00,0.381,0.386,0.38,0.386,359968.5
2023-03-13 08:00:00,0.386,0.386,0.364,0.374,788817.1
2023-03-13 12:00:00,0.374,0.408,0.371,0.395,1242090.9
2023-03-13 16:00:00,0.395,0.407,0.393,0.406,873046.7
2023-03-13 20:00:00,0.405,0.424,0.403,0.416,1032707.6
2023-03-14 00:00:00,0.416,0.423,0.413,0.419,395753.6
2023-03-14 04:00:00,0.419,0.435,0.415,0.418,839500.3
2023-03-14 08:00:00,0.418,0.435,0.408,0.432,1143352.3
2023-03-14 12:00:00,0.431,0.447,0.42,0.446,1850084.3
2023-03-14 16:00:00,0.446,0.484,0.426,0.441,3697065.8
2023-03-14 20:00:00,0.441,0.455,0.429,0.455,618139.4
2023-03-15 00:00:00,0.454,0.462,0.442,0.453,615186.7
2023-03-15 04:00:00,0.454,0.46,0.445,0.451,574343.6
2023-03-15 08:00:00,0.451,0.453,0.424,0.436,1136617.3
2023-03-15 12:00:00,0.436,0.442,0.402,0.409,1215050.0
2023-03-15 16:00:00,0.41,0.411,0.393,0.401,1384448.3
2023-03-15 20:00:00,0.401,0.408,0.398,0.4,277263.0
2023-03-16 00:00:00,0.401,0.406,0.395,0.402,270424.8
2023-03-16 04:00:00,0.402,0.413,0.391,0.409,768510.0
2023-03-16 08:00:00,0.409,0.417,0.401,0.414,645891.4
2023-03-16 12:00:00,0.414,0.416,0.401,0.413,349468.9
2023-03-16 16:00:00,0.413,0.415,0.406,0.412,241852.5
2023-03-16 20:00:00,0.412,0.412,0.403,0.411,251369.7
2023-03-17 00:00:00,0.41,0.439,0.407,0.435,492866.5
2023-03-17 04:00:00,0.434,0.435,0.425,0.431,632490.3
2023-03-17 08:00:00,0.43,0.444,0.427,0.441,485981.6
2023-03-17 12:00:00,0.442,0.442,0.422,0.428,483586.6
2023-03-17 16:00:00,0.428,0.434,0.424,0.433,199301.7
2023-03-17 20:00:00,0.433,0.451,0.43,0.45,348748.8
2023-03-18 00:00:00,0.45,0.455,0.444,0.453,505267.5
2023-03-18 04:00:00,0.453,0.465,0.446,0.459,456324.1
2023-03-18 08:00:00,0.459,0.475,0.443,0.465,1126650.6
2023-03-18 12:00:00,0.466,0.469,0.442,0.45,595029.5
2023-03-18 16:00:00,0.45,0.456,0.437,0.449,503018.5
2023-03-18 20:00:00,0.448,0.454,0.432,0.435,471867.0
2023-03-19 00:00:00,0.436,0.463,0.435,0.462,400949.8
2023-03-19 04:00:00,0.462,0.463,0.444,0.447,280892.0
2023-03-19 08:00:00,0.446,0.452,0.44,0.449,334339.4
2023-03-19 12:00:00,0.449,0.461,0.444,0.458,453144.0
2023-03-19 16:00:00,0.459,0.469,0.455,0.466,497602.0
2023-03-19 20:00:00,0.467,0.468,0.445,0.45,463526.6
2023-03-20 00:00:00,0.45,0.456,0.435,0.436,455891.5
2023-03-20 04:00:00,0.436,0.45,0.43,0.448,314847.8
2023-03-20 08:00:00,0.449,0.45,0.438,0.441,614709.0
2023-03-20 12:00:00,0.441,0.443,0.431,0.433,447065.0
2023-03-20 16:00:00,0.433,0.436,0.415,0.417,467272.3
2023-03-20 20:00:00,0.417,0.427,0.417,0.417,398181.1
2023-03-21 00:00:00,0.419,0.433,0.415,0.43,699609.6
2023-03-21 04:00:00,0.43,0.432,0.41,0.42,674727.6
2023-03-21 08:00:00,0.421,0.428,0.42,0.426,248698.3
2023-03-21 12:00:00,0.425,0.443,0.425,0.436,422902.0
2023-03-21 16:00:00,0.436,0.441,0.429,0.434,159834.3
2023-03-21 20:00:00,0.436,0.439,0.433,0.437,132564.0
2023-03-22 00:00:00,0.437,0.439,0.427,0.434,116823.1
2023-03-22 04:00:00,0.434,0.435,0.43,0.431,56066.9
2023-03-22 08:00:00,0.431,0.435,0.428,0.428,146309.1
2023-03-22 12:00:00,0.428,0.443,0.427,0.433,305767.7
2023-03-22 16:00:00,0.432,0.432,0.395,0.4,691834.0
2023-03-22 20:00:00,0.398,0.411,0.398,0.41,190669.9
2023-03-23 00:00:00,0.41,0.413,0.404,0.408,162276.9
2023-03-23 04:00:00,0.408,0.418,0.407,0.418,284215.4
2023-03-23 08:00:00,0.417,0.419,0.413,0.416,140171.5
2023-03-23 12:00:00,0.416,0.435,0.405,0.431,1135078.6
2023-03-23 16:00:00,0.431,0.432,0.417,0.423,531279.0
2023-03-23 20:00:00,0.423,0.428,0.42,0.426,198924.3
2023-03-24 00:00:00,0.426,0.428,0.422,0.423,286356.6
2023-03-24 04:00:00,0.422,0.427,0.42,0.426,145833.0
2023-03-24 08:00:00,0.425,0.426,0.407,0.411,338446.1
2023-03-24 12:00:00,0.41,0.413,0.406,0.409,139373.0
2023-03-24 16:00:00,0.408,0.415,0.4,0.412,615492.3
2023-03-24 20:00:00,0.412,0.413,0.405,0.41,169130.6
2023-03-25 00:00:00,0.411,0.416,0.408,0.413,295234.6
2023-03-25 04:00:00,0.413,0.414,0.404,0.407,158392.1
2023-03-25 08:00:00,0.408,0.408,0.397,0.404,386272.7
2023-03-25 12:00:00,0.403,0.405,0.398,0.404,358140.4
2023-03-25 16:00:00,0.405,0.405,0.372,0.382,1049418.1
2023-03-25 20:00:00,0.381,0.383,0.377,0.382,492637.7
2023-03-26 00:00:00,0.381,0.389,0.38,0.387,185451.3
2023-03-26 04:00:00,0.387,0.392,0.386,0.389,234509.2
2023-03-26 08:00:00,0.388,0.394,0.388,0.393,191123.9
2023-03-26 12:00:00,0.394,0.401,0.392,0.393,413533.8
2023-03-26 16:00:00,0.393,0.396,0.39,0.395,119905.8
2023-03-26 20:00:00,0.395,0.401,0.391,0.398,107324.4
2023-03-27 00:00:00,0.398,0.4,0.39,0.392,150962.5
2023-03-27 04:00:00,0.393,0.415,0.392,0.411,816628.0
2023-03-27 08:00:00,0.412,0.433,0.405,0.416,3143493.8
2023-03-27 12:00:00,0.416,0.42,0.38,0.392,1861253.8
2023-03-27 16:00:00,0.392,0.397,0.386,0.39,673098.4
2023-03-27 20:00:00,0.39,0.394,0.388,0.39,281391.8
2023-03-28 00:00:00,0.391,0.391,0.38,0.382,383671.8
2023-03-28 04:00:00,0.382,0.389,0.381,0.384,212962.7
2023-03-28 08:00:00,0.384,0.387,0.375,0.387,521973.9
2023-03-28 12:00:00,0.387,0.387,0.379,0.385,386453.8
2023-03-28 16:00:00,0.384,0.397,0.38,0.396,242128.3
2023-03-28 20:00:00,0.397,0.4,0.39,0.395,219752.9
2023-03-29 00:00:00,0.395,0.399,0.392,0.393,354946.3
2023-03-29 04:00:00,0.394,0.406,0.394,0.403,250542.2
2023-03-29 08:00:00,0.403,0.41,0.402,0.406,391961.2
2023-03-29 12:00:00,0.406,0.407,0.4,0.405,228893.9
2023-03-29 16:00:00,0.405,0.407,0.4,0.406,332514.5
2023-03-29 20:00:00,0.406,0.408,0.401,0.406,199299.5
2023-03-30 00:00:00,0.407,0.413,0.399,0.402,379613.9
2023-03-30 04:00:00,0.402,0.404,0.397,0.4,318261.7
2023-03-30 08:00:00,0.399,0.4,0.392,0.395,227680.2
2023-03-30 12:00:00,0.396,0.396,0.389,0.39,189491.5
2023-03-30 16:00:00,0.39,0.39,0.381,0.388,365578.8
2023-03-30 20:00:00,0.388,0.391,0.387,0.39,165610.2
2023-03-31 00:00:00,0.391,0.395,0.388,0.392,101292.1
2023-03-31 04:00:00,0.392,0.394,0.385,0.391,157548.2
2023-03-31 08:00:00,0.392,0.408,0.391,0.4,425883.5
2023-03-31 12:00:00,0.4,0.411,0.398,0.409,350534.9
2023-03-31 16:00:00,0.41,0.415,0.408,0.413,319560.5
2023-03-31 20:00:00,0.414,0.42,0.412,0.414,322384.8
2023-04-01 00:00:00,0.415,0.429,0.414,0.42,755753.5
2023-04-01 04:00:00,0.419,0.424,0.415,0.419,195311.2
2023-04-01 08:00:00,0.418,0.42,0.41,0.411,626644.0
2023-04-01 12:00:00,0.411,0.412,0.406,0.409,279531.0
2023-04-01 16:00:00,0.41,0.412,0.407,0.409,95873.7
2023-04-01 20:00:00,0.409,0.411,0.409,0.41,64386.0
2023-04-02 00:00:00,0.41,0.412,0.405,0.407,129435.1
2023-04-02 04:00:00,0.407,0.41,0.406,0.409,84099.9
2023-04-02 08:00:00,0.408,0.416,0.408,0.414,106875.5
2023-04-02 12:00:00,0.414,0.416,0.39,0.397,465562.4
2023-04-02 16:00:00,0.396,0.402,0.393,0.393,362393.6
2023-04-02 20:00:00,0.393,0.399,0.393,0.399,102326.5
2023-04-03 00:00:00,0.399,0.399,0.384,0.391,409930.6
2023-04-03 04:00:00,0.391,0.394,0.389,0.394,67030.7
2023-04-03 08:00:00,0.394,0.402,0.394,0.397,220007.6
2023-04-03 12:00:00,0.397,0.401,0.39,0.395,154152.6
2023-04-03 16:00:00,0.394,0.399,0.39,0.397,241773.6
2023-04-03 20:00:00,0.398,0.399,0.382,0.395,329031.9
2023-04-04 00:00:00,0.396,0.407,0.391,0.397,717602.2
2023-04-04 04:00:00,0.397,0.405,0.396,0.402,251396.4
2023-04-04 08:00:00,0.401,0.412,0.401,0.409,213253.5
2023-04-04 12:00:00,0.41,0.427,0.407,0.426,979641.2
2023-04-04 16:00:00,0.425,0.47,0.424,0.459,6953215.8
2023-04-04 20:00:00,0.46,0.471,0.449,0.452,2091477.8
2023-04-05 00:00:00,0.453,0.464,0.446,0.461,1362503.0
2023-04-05 04:00:00,0.461,0.545,0.458,0.503,8799001.3
2023-04-05 08:00:00,0.504,0.506,0.489,0.499,3218870.1
2023-04-05 12:00:00,0.499,0.543,0.49,0.495,7686159.5
2023-04-05 16:00:00,0.495,0.532,0.493,0.513,3687219.9
2023-04-05 20:00:00,0.512,0.52,0.488,0.496,1307770.7
2023-04-06 00:00:00,0.496,0.497,0.468,0.478,1418313.6
2023-04-06 04:00:00,0.478,0.48,0.469,0.47,556170.0
2023-04-06 08:00:00,0.469,0.477,0.467,0.47,509762.0
2023-04-06 12:00:00,0.47,0.476,0.459,0.472,691988.7
2023-04-06 16:00:00,0.473,0.478,0.47,0.475,198057.2
2023-04-06 20:00:00,0.475,0.48,0.471,0.473,165430.3
2023-04-07 00:00:00,0.473,0.498,0.468,0.492,793950.5
2023-04-07 04:00:00,0.493,0.51,0.484,0.489,982942.6
2023-04-07 08:00:00,0.488,0.493,0.47,0.471,690424.5
2023-04-07 12:00:00,0.47,0.483,0.469,0.482,507533.7
2023-04-07 16:00:00,0.482,0.482,0.477,0.48,148214.6
2023-04-07 20:00:00,0.479,0.482,0.475,0.476,233640.1
2023-04-08 00:00:00,0.476,0.476,0.463,0.468,813999.0
2023-04-08 04:00:00,0.468,0.469,0.464,0.465,150144.5
2023-04-08 08:00:00,0.465,0.466,0.461,0.462,198554.6
2023-04-08 12:00:00,0.462,0.464,0.452,0.462,489765.4
2023-04-08 16:00:00,0.461,0.598,0.46,0.52,10475348.9
2023-04-08 20:00:00,0.52,0.552,0.516,0.536,3273278.1
2023-04-09 00:00:00,0.537,0.552,0.521,0.526,3446218.4
2023-04-09 04:00:00,0.525,0.541,0.513,0.519,2735421.3
2023-04-09 08:00:00,0.519,0.55,0.514,0.515,4014366.1
2023-04-09 12:00:00,0.515,0.525,0.506,0.509,2181975.7
2023-04-09 16:00:00,0.508,0.51,0.498,0.51,993509.2
2023-04-09 20:00:00,0.509,0.519,0.506,0.517,788747.9
2023-04-10 00:00:00,0.517,0.56,0.515,0.533,2076588.5
2023-04-10 04:00:00,0.532,0.539,0.525,0.529,709840.6
2023-04-10 08:00:00,0.529,0.537,0.527,0.528,425156.0
2023-04-10 12:00:00,0.528,0.546,0.527,0.531,922183.9
2023-04-10 16:00:00,0.531,0.593,0.526,0.569,3306786.6
2023-04-10 20:00:00,0.568,0.582,0.555,0.563,1642505.0
2023-04-11 00:00:00,0.563,0.571,0.547,0.562,1241360.2
2023-04-11 04:00:00,0.563,0.574,0.558,0.567,552210.0
2023-04-11 08:00:00,0.567,0.588,0.564,0.578,1016447.4
2023-04-11 12:00:00,0.577,0.581,0.568,0.574,438805.5
2023-04-11 16:00:00,0.573,0.574,0.563,0.564,277848.2
2023-04-11 20:00:00,0.563,0.569,0.561,0.564,177398.0
2023-04-12 00:00:00,0.564,0.618,0.564,0.591,2760988.9
2023-04-12 04:00:00,0.591,0.688,0.59,0.638,10520259.0
2023-04-12 08:00:00,0.637,0.65,0.614,0.622,3538879.6
2023-04-12 12:00:00,0.623,0.641,0.618,0.636,1512111.9
2023-04-12 16:00:00,0.636,0.639,0.603,0.631,2150094.8
2023-04-12 20:00:00,0.632,0.637,0.609,0.619,1390360.8
2023-04-13 00:00:00,0.619,0.648,0.619,0.624,1314294.7
2023-04-13 04:00:00,0.625,0.626,0.59,0.591,1997089.5
2023-04-13 08:00:00,0.591,0.603,0.589,0.596,1080008.0
2023-04-13 12:00:00,0.595,0.647,0.592,0.627,2596250.9
2023-04-13 16:00:00,0.627,0.628,0.6,0.607,1109928.4
2023-04-13 20:00:00,0.606,0.607,0.593,0.596,264324.4
2023-04-14 00:00:00,0.596,0.61,0.58,0.603,1354706.9
2023-04-14 04:00:00,0.604,0.604,0.591,0.596,449648.5
2023-04-14 08:00:00,0.595,0.6,0.591,0.596,512011.7
2023-04-14 12:00:00,0.595,0.597,0.568,0.571,983532.9
2023-04-14 16:00:00,0.571,0.581,0.565,0.58,843270.4
2023-04-14 20:00:00,0.58,0.586,0.577,0.583,291780.3
2023-04-15 00:00:00,0.583,0.584,0.564,0.57,813413.4
2023-04-15 04:00:00,0.57,0.574,0.565,0.574,326653.1
2023-04-15 08:00:00,0.574,0.576,0.566,0.57,500937.2
2023-04-15 12:00:00,0.571,0.582,0.569,0.576,530677.6
2023-04-15 16:00:00,0.577,0.589,0.57,0.575,653589.8
2023-04-15 20:00:00,0.574,0.575,0.568,0.569,303670.9
2023-04-16 00:00:00,0.569,0.572,0.553,0.554,813163.6
2023-04-16 04:00:00,0.554,0.556,0.549,0.554,548023.8
2023-04-16 08:00:00,0.554,0.555,0.544,0.546,807462.6
2023-04-16 12:00:00,0.545,0.55,0.537,0.548,578390.6
2023-04-16 16:00:00,0.549,0.558,0.546,0.55,634431.0
2023-04-16 20:00:00,0.55,0.56,0.548,0.559,524068.7
2023-04-17 00:00:00,0.559,0.56,0.54,0.549,551615.1
2023-04-17 04:00:00,0.548,0.551,0.542,0.545,548216.3
2023-04-17 08:00:00,0.545,0.552,0.53,0.533,669507.2
2023-04-17 12:00:00,0.532,0.537,0.521,0.522,557946.5
2023-04-17 16:00:00,0.523,0.531,0.521,0.53,449177.5
2023-04-17 20:00:00,0.53,0.531,0.524,0.529,178007.1
2023-04-18 00:00:00,0.528,0.541,0.527,0.537,365164.8
2023-04-18 04:00:00,0.537,0.545,0.533,0.544,134703.4
2023-04-18 08:00:00,0.544,0.551,0.544,0.547,283270.5
2023-04-18 12:00:00,0.546,0.547,0.531,0.536,491091.7
2023-04-18 16:00:00,0.536,0.54,0.533,0.537,205153.8
2023-04-18 20:00:00,0.537,0.542,0.537,0.542,77219.4
2023-04-19 00:00:00,0.543,0.558,0.54,0.551,620090.8
2023-04-19 04:00:00,0.55,0.555,0.535,0.537,428580.1
2023-04-19 08:00:00,0.537,0.538,0.488,0.498,1057465.4
2023-04-19 12:00:00,0.498,0.503,0.494,0.497,287109.0
2023-04-19 16:00:00,0.498,0.5,0.493,0.498,223520.3
2023-04-19 20:00:00,0.497,0.499,0.479,0.488,340801.5
2023-04-20 00:00:00,0.488,0.496,0.483,0.49,217371.5
2023-04-20 04:00:00,0.491,0.495,0.486,0.486,228250.4
2023-04-20 08:00:00,0.487,0.492,0.481,0.482,303030.7
2023-04-20 12:00:00,0.482,0.494,0.48,0.482,225238.0
2023-04-20 16:00:00,0.481,0.481,0.465,0.469,318535.1
2023-04-20 20:00:00,0.468,0.471,0.467,0.468,167741.4
2023-04-21 00:00:00,0.469,0.471,0.461,0.468,187658.8
2023-04-21 04:00:00,0.468,0.468,0.457,0.466,216062.9
2023-04-21 08:00:00,0.466,0.466,0.452,0.453,194433.6
2023-04-21 12:00:00,0.453,0.459,0.45,0.456,232404.8
2023-04-21 16:00:00,0.457,0.457,0.429,0.43,449030.4
2023-04-21 20:00:00,0.43,0.43,0.422,0.428,287273.1
2023-04-22 00:00:00,0.428,0.431,0.424,0.431,218184.8
2023-04-22 04:00:00,0.43,0.431,0.422,0.423,271780.1
2023-04-22 08:00:00,0.423,0.429,0.42,0.426,367661.4
2023-04-22 12:00:00,0.426,0.434,0.426,0.43,230841.5
2023-04-22 16:00:00,0.43,0.437,0.427,0.431,520215.8
2023-04-22 20:00:00,0.431,0.447,0.43,0.446,958548.5
2023-04-23 00:00:00,0.446,0.446,0.437,0.444,253615.7
2023-04-23 04:00:00,0.444,0.453,0.442,0.45,283103.5
2023-04-23 08:00:00,0.45,0.455,0.435,0.44,610693.0
2023-04-23 12:00:00,0.441,0.443,0.436,0.441,399494.6
2023-04-23 16:00:00,0.441,0.451,0.43,0.433,1249240.3
2023-04-23 20:00:00,0.434,0.44,0.431,0.44,140583.0
2023-04-24 00:00:00,0.439,0.446,0.433,0.436,276252.9
2023-04-24 04:00:00,0.436,0.438,0.424,0.425,445866.1
2023-04-24 08:00:00,0.425,0.436,0.422,0.434,226500.7
2023-04-24 12:00:00,0.434,0.44,0.432,0.434,359531.1
2023-04-24 16:00:00,0.435,0.439,0.426,0.436,249072.2
2023-04-24 20:00:00,0.435,0.439,0.433,0.433,101084.5
2023-04-25 00:00:00,0.433,0.434,0.427,0.427,208744.3
2023-04-25 04:00:00,0.428,0.433,0.427,0.43,134342.2
2023-04-25 08:00:00,0.431,0.437,0.428,0.434,115674.9
2023-04-25 12:00:00,0.433,0.447,0.433,0.435,620691.6
2023-04-25 16:00:00,0.435,0.442,0.431,0.439,278387.7
2023-04-25 20:00:00,0.439,0.454,0.439,0.452,561757.7
2023-04-26 00:00:00,0.452,0.467,0.45,0.46,765510.3
2023-04-26 04:00:00,0.46,0.48,0.46,0.474,1624059.3
2023-04-26 08:00:00,0.473,0.499,0.472,0.494,1822512.8
2023-04-26 12:00:00,0.494,0.51,0.487,0.492,1283033.1
2023-04-26 16:00:00,0.491,0.506,0.47,0.478,1329221.9
2023-04-26 20:00:00,0.476,0.528,0.466,0.508,1720064.0
2023-04-27 00:00:00,0.508,0.54,0.503,0.52,2324733.4
2023-04-27 04:00:00,0.52,0.53,0.506,0.51,997179.1
2023-04-27 08:00:00,0.509,0.512,0.488,0.491,924143.7
2023-04-27 12:00:00,0.491,0.493,0.479,0.489,655870.5
2023-04-27 16:00:00,0.489,0.519,0.485,0.509,859721.0
2023-04-27 20:00:00,0.508,0.515,0.504,0.512,521751.3
2023-04-28 00:00:00,0.512,0.516,0.491,0.491,733722.9
2023-04-28 04:00:00,0.492,0.507,0.492,0.497,502422.8
2023-04-28 08:00:00,0.496,0.498,0.491,0.491,420115.6
2023-04-28 12:00:00,0.491,0.496,0.482,0.488,738855.7
2023-04-28 16:00:00,0.488,0.489,0.479,0.486,363784.5
2023-04-28 20:00:00,0.486,0.495,0.485,0.491,215060.7
2023-04-29 00:00:00,0.491,0.492,0.484,0.489,180861.7
2023-04-29 04:00:00,0.489,0.491,0.486,0.487,93420.9
2023-04-29 08:00:00,0.488,0.492,0.485,0.491,171262.5
2023-04-29 12:00:00,0.491,0.498,0.488,0.489,284483.4
2023-04-29 16:00:00,0.488,0.499,0.484,0.492,268572.6
2023-04-29 20:00:00,0.492,0.493,0.486,0.488,80890.2
2023-04-30 00:00:00,0.489,0.503,0.485,0.487,223653.0
2023-04-30 04:00:00,0.487,0.501,0.487,0.497,141874.8
2023-04-30 08:00:00,0.497,0.498,0.489,0.495,152102.8
2023-04-30 12:00:00,0.494,0.503,0.489,0.498,162560.5
2023-04-30 16:00:00,0.498,0.503,0.486,0.492,192921.5
2023-04-30 20:00:00,0.492,0.493,0.486,0.487,87862.4
2023-05-01 00:00:00,0.488,0.491,0.447,0.468,1532014.7
2023-05-01 04:00:00,0.468,0.472,0.452,0.458,805512.4
2023-05-01 08:00:00,0.458,0.458,0.455,0.457,348139.8
2023-05-01 12:00:00,0.457,0.46,0.451,0.453,212129.5
2023-05-01 16:00:00,0.453,0.456,0.443,0.446,368952.7
2023-05-01 20:00:00,0.445,0.449,0.442,0.448,182117.1
2023-05-02 00:00:00,0.448,0.448,0.443,0.446,132568.8
2023-05-02 04:00:00,0.446,0.448,0.441,0.444,306393.7
2023-05-02 08:00:00,0.445,0.448,0.439,0.446,296709.0
2023-05-02 12:00:00,0.446,0.463,0.444,0.458,544074.0
2023-05-02 16:00:00,0.458,0.46,0.452,0.457,249068.6
2023-05-02 20:00:00,0.457,0.458,0.454,0.457,105226.7
2023-05-03 00:00:00,0.457,0.459,0.45,0.452,313169.0
2023-05-03 04:00:00,0.451,0.458,0.449,0.457,182731.7
2023-05-03 08:00:00,0.456,0.463,0.445,0.446,336669.8
2023-05-03 12:00:00,0.445,0.45,0.439,0.445,300943.4
2023-05-03 16:00:00,0.444,0.455,0.443,0.451,299544.5
2023-05-03 20:00:00,0.451,0.465,0.451,0.458,135083.2
2023-05-04 00:00:00,0.46,0.461,0.454,0.458,101393.8
2023-05-04 04:00:00,0.458,0.458,0.45,0.451,123828.9
2023-05-04 08:00:00,0.452,0.46,0.451,0.453,188214.5
2023-05-04 12:00:00,0.454,0.456,0.444,0.447,321627.8
2023-05-04 16:00:00,0.447,0.451,0.445,0.451,119871.2
2023-05-04 20:00:00,0.45,0.452,0.446,0.449,85111.8
2023-05-05 00:00:00,0.449,0.449,0.438,0.44,595101.3
2023-05-05 04:00:00,0.439,0.444,0.436,0.443,343435.4
2023-05-05 08:00:00,0.443,0.443,0.434,0.44,508376.1
2023-05-05 12:00:00,0.44,0.448,0.431,0.444,775830.0
2023-05-05 16:00:00,0.444,0.455,0.444,0.448,419511.0
2023-05-05 20:00:00,0.448,0.448,0.444,0.446,150991.8
2023-05-06 00:00:00,0.446,0.45,0.433,0.434,702205.9
2023-05-06 04:00:00,0.434,0.436,0.428,0.431,228886.6
2023-05-06 08:00:00,0.431,0.431,0.416,0.423,1009114.2
2023-05-06 12:00:00,0.423,0.423,0.404,0.412,604040.2
2023-05-06 16:00:00,0.412,0.416,0.41,0.413,233751.4
2023-05-06 20:00:00,0.412,0.413,0.41,0.412,76175.8
2023-05-07 00:00:00,0.413,0.418,0.409,0.411,190859.9
2023-05-07 04:00:00,0.412,0.415,0.411,0.415,114106.0
2023-05-07 08:00:00,0.415,0.416,0.411,0.412,72438.9
2023-05-07 12:00:00,0.413,0.421,0.412,0.416,212661.1
2023-05-07 16:00:00,0.416,0.418,0.413,0.415,84741.6
2023-05-07 20:00:00,0.415,0.416,0.407,0.407,147482.4
2023-05-08 00:00:00,0.407,0.411,0.39,0.393,435935.5
2023-05-08 04:00:00,0.392,0.394,0.378,0.38,437639.3
2023-05-08 08:00:00,0.38,0.387,0.38,0.386,174054.3
2023-05-08 12:00:00,0.385,0.389,0.384,0.384,264709.1
2023-05-08 16:00:00,0.384,0.385,0.356,0.363,555851.6
2023-05-08 20:00:00,0.364,0.373,0.363,0.372,148541.0
2023-05-09 00:00:00,0.372,0.379,0.37,0.371,176417.1
2023-05-09 04:00:00,0.371,0.378,0.369,0.378,91151.2
2023-05-09 08:00:00,0.377,0.378,0.365,0.368,535186.8
2023-05-09 12:00:00,0.368,0.369,0.357,0.362,601276.7
2023-05-09 16:00:00,0.362,0.365,0.359,0.361,220331.9
2023-05-09 20:00:00,0.361,0.362,0.356,0.359,109352.9
2023-05-10 00:00:00,0.359,0.361,0.354,0.356,199119.0
2023-05-10 04:00:00,0.355,0.359,0.354,0.354,174830.1
2023-05-10 08:00:00,0.354,0.358,0.352,0.357,376196.9
2023-05-10 12:00:00,0.358,0.373,0.353,0.368,698409.9
2023-05-10 16:00:00,0.368,0.369,0.342,0.361,900111.2
2023-05-10 20:00:00,0.361,0.366,0.36,0.362,153217.3
2023-05-11 00:00:00,0.362,0.362,0.351,0.351,205163.1
2023-05-11 04:00:00,0.351,0.353,0.348,0.35,344508.2
2023-05-11 08:00:00,0.35,0.35,0.344,0.348,386423.5
2023-05-11 12:00:00,0.348,0.351,0.337,0.341,410318.7
2023-05-11 16:00:00,0.342,0.348,0.333,0.338,369534.1
2023-05-11 20:00:00,0.338,0.341,0.333,0.339,368444.1
2023-05-12 00:00:00,0.338,0.339,0.33,0.33,362435.1
2023-05-12 04:00:00,0.33,0.346,0.329,0.345,398635.4
2023-05-12 08:00:00,0.346,0.372,0.345,0.363,2124007.8
2023-05-12 12:00:00,0.363,0.37,0.354,0.355,876774.0
2023-05-12 16:00:00,0.355,0.365,0.35,0.365,486969.6
2023-05-12 20:00:00,0.364,0.374,0.362,0.372,251415.4
2023-05-13 00:00:00,0.373,0.373,0.364,0.366,198460.8
2023-05-13 04:00:00,0.366,0.367,0.363,0.366,114138.1
2023-05-13 08:00:00,0.366,0.369,0.363,0.364,236145.6
2023-05-13 12:00:00,0.365,0.367,0.356,0.358,286050.1
2023-05-13 16:00:00,0.358,0.367,0.356,0.363,323738.2
2023-05-13 20:00:00,0.362,0.367,0.36,0.364,139698.5
2023-05-14 00:00:00,0.364,0.364,0.357,0.36,214812.5
2023-05-14 04:00:00,0.36,0.364,0.36,0.364,29562.3
2023-05-14 08:00:00,0.364,0.365,0.358,0.359,58768.2
2023-05-14 12:00:00,0.359,0.368,0.356,0.367,171425.6
2023-05-14 16:00:00,0.367,0.376,0.361,0.361,563809.0
2023-05-14 20:00:00,0.361,0.366,0.36,0.364,39321.7
2023-05-15 00:00:00,0.365,0.368,0.357,0.367,162794.2
2023-05-15 04:00:00,0.367,0.373,0.366,0.373,57062.9
2023-05-15 08:00:00,0.373,0.397,0.371,0.39,1303517.0
2023-05-15 12:00:00,0.39,0.395,0.382,0.385,587672.2
2023-05-15 16:00:00,0.386,0.388,0.385,0.386,118199.9
2023-05-15 20:00:00,0.386,0.392,0.383,0.384,408001.8
2023-05-16 00:00:00,0.384,0.431,0.382,0.417,4795833.2
2023-05-16 04:00:00,0.416,0.421,0.396,0.403,2045226.8
2023-05-16 08:00:00,0.403,0.405,0.394,0.401,719553.1
2023-05-16 12:00:00,0.401,0.41,0.398,0.404,623758.2
2023-05-16 16:00:00,0.404,0.405,0.395,0.398,232025.5
2023-05-16 20:00:00,0.398,0.406,0.398,0.403,175579.2
2023-05-17 00:00:00,0.404,0.415,0.398,0.412,240963.8
2023-05-17 04:00:00,0.412,0.412,0.395,0.396,217154.2
2023-05-17 08:00:00,0.396,0.398,0.386,0.387,657496.7
2023-05-17 12:00:00,0.387,0.39,0.385,0.389,198679.5
2023-05-17 16:00:00,0.389,0.409,0.388,0.407,315912.7
2023-05-17 20:00:00,0.408,0.409,0.399,0.401,216613.6
2023-05-18 00:00:00,0.4,0.402,0.397,0.399,93066.0
2023-05-18 04:00:00,0.4,0.4,0.393,0.4,150432.7
2023-05-18 08:00:00,0.4,0.404,0.398,0.399,258799.9
2023-05-18 12:00:00,0.4,0.4,0.39,0.39,197927.9
2023-05-18 16:00:00,0.391,0.393,0.379,0.384,345941.9
2023-05-18 20:00:00,0.384,0.391,0.382,0.387,87683.4
2023-05-19 00:00:00,0.386,0.388,0.382,0.386,116678.8
2023-05-19 04:00:00,0.386,0.39,0.381,0.381,295622.2
2023-05-19 08:00:00,0.382,0.386,0.382,0.383,225205.6
2023-05-19 12:00:00,0.383,0.389,0.381,0.386,362801.1
2023-05-19 16:00:00,0.387,0.387,0.38,0.381,177776.3
2023-05-19 20:00:00,0.382,0.385,0.381,0.384,37044.5
2023-05-20 00:00:00,0.383,0.383,0.379,0.382,92080.5
2023-05-20 04:00:00,0.38,0.383,0.379,0.38,38810.4
2023-05-20 08:00:00,0.38,0.383,0.379,0.383,40650.1
2023-05-20 12:00:00,0.383,0.385,0.381,0.383,154715.0
2023-05-20 16:00:00,0.384,0.388,0.382,0.385,76910.4
2023-05-20 20:00:00,0.385,0.385,0.382,0.383,25148.3
2023-05-21 00:00:00,0.384,0.395,0.382,0.387,436241.5
2023-05-21 04:00:00,0.387,0.388,0.384,0.386,59413.1
2023-05-21 08:00:00,0.385,0.387,0.38,0.382,109475.2
2023-05-21 12:00:00,0.381,0.39,0.379,0.38,235027.4
2023-05-21 16:00:00,0.38,0.385,0.378,0.382,58145.9
2023-05-21 20:00:00,0.382,0.382,0.374,0.377,202615.8
2023-05-22 00:00:00,0.378,0.379,0.37,0.373,173135.6
2023-05-22 04:00:00,0.374,0.377,0.373,0.376,115703.0
2023-05-22 08:00:00,0.376,0.38,0.376,0.379,126613.9
2023-05-22 12:00:00,0.38,0.382,0.377,0.38,282726.1
2023-05-22 16:00:00,0.379,0.38,0.377,0.378,91544.2
2023-05-22 20:00:00,0.378,0.381,0.377,0.378,110725.0
2023-05-23 00:00:00,0.379,0.388,0.375,0.388,111533.2
2023-05-23 04:00:00,0.388,0.389,0.381,0.383,207113.2
2023-05-23 08:00:00,0.382,0.383,0.378,0.379,205821.3
2023-05-23 12:00:00,0.379,0.379,0.376,0.377,136662.0
2023-05-23 16:00:00,0.377,0.378,0.374,0.376,146509.1
2023-05-23 20:00:00,0.376,0.378,0.375,0.376,49971.9
2023-05-24 00:00:00,0.376,0.382,0.37,0.371,127724.9
2023-05-24 04:00:00,0.371,0.372,0.365,0.37,164968.7
2023-05-24 08:00:00,0.371,0.372,0.364,0.365,134576.7
2023-05-24 12:00:00,0.365,0.367,0.358,0.364,273105.4
2023-05-24 16:00:00,0.364,0.372,0.363,0.371,121838.2
2023-05-24 20:00:00,0.371,0.382,0.371,0.377,294752.5
2023-05-25 00:00:00,0.377,0.38,0.365,0.374,180394.9
2023-05-25 04:00:00,0.375,0.383,0.374,0.376,248675.3
2023-05-25 08:00:00,0.377,0.38,0.374,0.379,56419.0
2023-05-25 12:00:00,0.379,0.385,0.378,0.38,280783.5
2023-05-25 16:00:00,0.381,0.385,0.378,0.381,115350.9
2023-05-25 20:00:00,0.382,0.383,0.379,0.38,43296.6
2023-05-26 00:00:00,0.38,0.394,0.378,0.392,584209.2
2023-05-26 04:00:00,0.391,0.408,0.388,0.398,926539.5
2023-05-26 08:00:00,0.398,0.409,0.397,0.405,904062.8
2023-05-26 12:00:00,0.405,0.413,0.399,0.408,490405.7
2023-05-26 16:00:00,0.408,0.445,0.405,0.431,4837689.3
2023-05-26 20:00:00,0.431,0.435,0.422,0.425,838118.7
2023-05-27 00:00:00,0.424,0.427,0.407,0.408,904861.2
2023-05-27 04:00:00,0.408,0.438,0.406,0.423,2525495.6
2023-05-27 08:00:00,0.422,0.425,0.415,0.416,501151.6
2023-05-27 12:00:00,0.416,0.423,0.412,0.415,503442.9
2023-05-27 16:00:00,0.416,0.426,0.416,0.421,309170.1
2023-05-27 20:00:00,0.42,0.434,0.419,0.425,499555.0
2023-05-28 00:00:00,0.425,0.426,0.418,0.418,296628.9
2023-05-28 04:00:00,0.419,0.422,0.412,0.414,193683.0
2023-05-28 08:00:00,0.413,0.417,0.41,0.416,201876.1
2023-05-28 12:00:00,0.415,0.422,0.412,0.419,219355.5
2023-05-28 16:00:00,0.42,0.42,0.414,0.415,341151.7
2023-05-28 20:00:00,0.415,0.432,0.415,0.426,410498.3
2023-05-29 00:00:00,0.426,0.452,0.425,0.437,997208.1
2023-05-29 04:00:00,0.437,0.444,0.428,0.431,907651.6
2023-05-29 08:00:00,0.43,0.441,0.429,0.437,794863.2
2023-05-29 12:00:00,0.437,0.441,0.433,0.439,601492.4
2023-05-29 16:00:00,0.439,0.474,0.437,0.45,4437958.6
2023-05-29 20:00:00,0.449,0.459,0.447,0.454,812408.2
2023-05-30 00:00:00,0.453,0.454,0.446,0.449,638076.5
2023-05-30 04:00:00,0.448,0.45,0.441,0.442,448768.5
2023-05-30 08:00:00,0.443,0.459,0.441,0.454,963798.9
2023-05-30 12:00:00,0.455,0.464,0.446,0.452,873531.9
2023-05-30 16:00:00,0.451,0.463,0.449,0.455,422496.0
2023-05-30 20:00:00,0.455,0.456,0.451,0.452,151503.9
2023-05-31 00:00:00,0.451,0.459,0.45,0.456,303921.1
2023-05-31 04:00:00,0.456,0.457,0.438,0.445,561053.1
2023-05-31 08:00:00,0.445,0.449,0.44,0.445,330005.9
2023-05-31 12:00:00,0.444,0.447,0.438,0.442,284410.9
2023-05-31 16:00:00,0.442,0.443,0.433,0.443,335918.3
2023-05-31 20:00:00,0.442,0.444,0.437,0.443,155568.3
2023-06-01 00:00:00,0.443,0.447,0.431,0.435,181554.0
2023-06-01 04:00:00,0.435,0.44,0.433,0.439,118070.1
2023-06-01 08:00:00,0.439,0.445,0.434,0.44,161685.2
2023-06-01 12:00:00,0.44,0.458,0.438,0.455,1296626.5
2023-06-01 16:00:00,0.455,0.462,0.453,0.458,368365.9
2023-06-01 20:00:00,0.459,0.465,0.451,0.454,532788.1
2023-06-02 00:00:00,0.453,0.463,0.452,0.46,327901.8
2023-06-02 04:00:00,0.46,0.461,0.452,0.452,260681.3
2023-06-02 08:00:00,0.451,0.453,0.448,0.45,213937.2
2023-06-02 12:00:00,0.449,0.453,0.446,0.452,370818.0
2023-06-02 16:00:00,0.452,0.456,0.449,0.456,149685.2
2023-06-02 20:00:00,0.455,0.458,0.453,0.457,163092.8
2023-06-03 00:00:00,0.456,0.459,0.453,0.456,150340.1
2023-06-03 04:00:00,0.455,0.456,0.452,0.454,67681.5
2023-06-03 08:00:00,0.454,0.455,0.452,0.453,224046.7
2023-06-03 12:00:00,0.453,0.453,0.45,0.452,65461.5
2023-06-03 16:00:00,0.451,0.454,0.442,0.445,154797.8
2023-06-03 20:00:00,0.444,0.446,0.441,0.443,170136.6
2023-06-04 00:00:00,0.443,0.443,0.439,0.442,58396.1
2023-06-04 04:00:00,0.441,0.444,0.44,0.443,82161.8
2023-06-04 08:00:00,0.443,0.447,0.441,0.443,127599.5
2023-06-04 12:00:00,0.442,0.443,0.436,0.438,99095.3
2023-06-04 16:00:00,0.438,0.439,0.436,0.438,48088.3
2023-06-04 20:00:00,0.438,0.438,0.425,0.426,293152.3
2023-06-05 00:00:00,0.427,0.427,0.417,0.418,219854.5
2023-06-05 04:00:00,0.418,0.428,0.416,0.425,453920.4
2023-06-05 08:00:00,0.424,0.425,0.415,0.419,277250.3
2023-06-05 12:00:00,0.419,0.42,0.395,0.395,435537.5
2023-06-05 16:00:00,0.395,0.4,0.382,0.392,552237.3
2023-06-05 20:00:00,0.391,0.395,0.385,0.394,114804.0
2023-06-06 00:00:00,0.394,0.401,0.388,0.4,202093.2
2023-06-06 04:00:00,0.4,0.41,0.398,0.404,173152.2
2023-06-06 08:00:00,0.404,0.413,0.4,0.403,180218.0
2023-06-06 12:00:00,0.403,0.448,0.397,0.429,2141135.1
2023-06-06 16:00:00,0.43,0.445,0.43,0.442,656290.0
2023-06-06 20:00:00,0.442,0.458,0.436,0.436,1147672.2
2023-06-07 00:00:00,0.436,0.437,0.423,0.425,584152.7
2023-06-07 04:00:00,0.424,0.434,0.424,0.429,210411.8
2023-06-07 08:00:00,0.428,0.451,0.424,0.445,815961.1
2023-06-07 12:00:00,0.444,0.458,0.437,0.438,1571024.2
2023-06-07 16:00:00,0.438,0.452,0.436,0.446,626643.1
2023-06-07 20:00:00,0.446,0.446,0.431,0.442,323114.0
2023-06-08 00:00:00,0.442,0.468,0.44,0.458,1566660.6
2023-06-08 04:00:00,0.458,0.472,0.452,0.454,1486771.2
2023-06-08 08:00:00,0.455,0.468,0.449,0.466,997205.3
2023-06-08 12:00:00,0.466,0.485,0.455,0.481,1556601.0
2023-06-08 16:00:00,0.481,0.491,0.47,0.475,1672663.2
2023-06-08 20:00:00,0.475,0.476,0.466,0.467,423064.5
2023-06-09 00:00:00,0.467,0.484,0.458,0.465,951748.1
2023-06-09 04:00:00,0.465,0.503,0.465,0.485,2739287.3
2023-06-09 08:00:00,0.485,0.493,0.475,0.476,796217.2
2023-06-09 12:00:00,0.476,0.484,0.473,0.476,329327.6
2023-06-09 16:00:00,0.476,0.493,0.476,0.478,585108.4
2023-06-09 20:00:00,0.479,0.494,0.478,0.489,652081.6
2023-06-10 00:00:00,0.489,0.494,0.462,0.471,937111.0
2023-06-10 04:00:00,0.472,0.479,0.432,0.46,2649090.5
2023-06-10 08:00:00,0.459,0.47,0.447,0.467,1055970.9
2023-06-10 12:00:00,0.468,0.536,0.468,0.511,9265210.5
2023-06-10 16:00:00,0.511,0.52,0.491,0.494,3426923.3
2023-06-10 20:00:00,0.495,0.509,0.488,0.496,1056641.7
2023-06-11 00:00:00,0.497,0.497,0.462,0.477,1296108.9
2023-06-11 04:00:00,0.476,0.48,0.463,0.468,616831.8
2023-06-11 08:00:00,0.467,0.497,0.467,0.494,875429.1
2023-06-11 12:00:00,0.495,0.507,0.483,0.486,750373.4
2023-06-11 16:00:00,0.486,0.519,0.481,0.511,761683.1
2023-06-11 20:00:00,0.511,0.523,0.503,0.505,421233.9
2023-06-12 00:00:00,0.505,0.527,0.495,0.515,1484368.0
2023-06-12 04:00:00,0.514,0.527,0.506,0.509,1084328.6
2023-06-12 08:00:00,0.509,0.527,0.509,0.516,822177.3
2023-06-12 12:00:00,0.517,0.521,0.501,0.504,861443.5
2023-06-12 16:00:00,0.505,0.517,0.494,0.497,1046107.0
2023-06-12 20:00:00,0.498,0.506,0.493,0.503,379352.6
2023-06-13 00:00:00,0.503,0.514,0.492,0.512,517441.8
2023-06-13 04:00:00,0.512,0.52,0.506,0.507,334826.2
2023-06-13 08:00:00,0.506,0.512,0.503,0.507,344320.2
2023-06-13 12:00:00,0.506,0.511,0.473,0.475,803481.1
2023-06-13 16:00:00,0.475,0.486,0.469,0.485,869598.9
2023-06-13 20:00:00,0.485,0.493,0.483,0.487,303531.2
2023-06-14 00:00:00,0.487,0.49,0.481,0.488,280750.5
2023-06-14 04:00:00,0.488,0.491,0.481,0.482,168045.1
2023-06-14 08:00:00,0.483,0.492,0.482,0.489,111538.0
2023-06-14 12:00:00,0.488,0.498,0.481,0.49,250101.5
2023-06-14 16:00:00,0.491,0.505,0.489,0.501,248875.1
2023-06-14 20:00:00,0.502,0.503,0.476,0.501,971326.8
2023-06-15 00:00:00,0.501,0.508,0.492,0.499,387244.2
2023-06-15 04:00:00,0.499,0.499,0.479,0.485,305899.9
2023-06-15 08:00:00,0.485,0.493,0.477,0.482,380939.9
2023-06-15 12:00:00,0.483,0.487,0.475,0.476,449044.0
2023-06-15 16:00:00,0.475,0.48,0.465,0.479,536001.7
2023-06-15 20:00:00,0.479,0.483,0.473,0.478,251888.4
2023-06-16 00:00:00,0.477,0.477,0.464,0.469,437241.6
2023-06-16 04:00:00,0.469,0.471,0.463,0.469,178535.0
2023-06-16 08:00:00,0.469,0.47,0.458,0.46,315649.3
2023-06-16 12:00:00,0.46,0.47,0.46,0.469,403866.0
2023-06-16 16:00:00,0.469,0.482,0.466,0.473,290382.5
2023-06-16 20:00:00,0.473,0.474,0.468,0.471,89150.9
2023-06-17 00:00:00,0.472,0.472,0.463,0.465,224194.1
2023-06-17 04:00:00,0.464,0.476,0.461,0.471,306831.6
2023-06-17 08:00:00,0.472,0.475,0.463,0.465,339539.7
2023-06-17 12:00:00,0.464,0.465,0.454,0.455,406784.7
2023-06-17 16:00:00,0.456,0.458,0.447,0.452,352903.8
2023-06-17 20:00:00,0.452,0.453,0.446,0.447,113929.4
2023-06-18 00:00:00,0.447,0.449,0.443,0.448,191039.7
2023-06-18 04:00:00,0.448,0.451,0.444,0.445,243900.8
2023-06-18 08:00:00,0.444,0.455,0.441,0.453,277100.6
2023-06-18 12:00:00,0.454,0.454,0.446,0.448,139053.5
2023-06-18 16:00:00,0.449,0.451,0.445,0.448,138428.1
2023-06-18 20:00:00,0.448,0.448,0.426,0.431,435169.2
2023-06-19 00:00:00,0.43,0.433,0.426,0.43,161248.8
2023-06-19 04:00:00,0.429,0.433,0.429,0.432,94882.7
2023-06-19 08:00:00,0.431,0.432,0.427,0.431,160256.7
2023-06-19 12:00:00,0.431,0.434,0.425,0.427,200469.6
2023-06-19 16:00:00,0.428,0.438,0.421,0.433,537300.5
2023-06-19 20:00:00,0.434,0.438,0.432,0.436,155021.6
2023-06-20 00:00:00,0.436,0.445,0.433,0.443,399560.2
2023-06-20 04:00:00,0.443,0.443,0.434,0.436,130715.2
2023-06-20 08:00:00,0.437,0.437,0.43,0.433,190420.6
2023-06-20 12:00:00,0.434,0.435,0.424,0.434,228835.3
2023-06-20 16:00:00,0.434,0.457,0.433,0.455,750501.9
2023-06-20 20:00:00,0.455,0.458,0.451,0.454,229318.2
2023-06-21 00:00:00,0.454,0.465,0.453,0.462,409666.5
2023-06-21 04:00:00,0.463,0.47,0.461,0.462,302271.1
2023-06-21 08:00:00,0.462,0.463,0.45,0.455,565231.9
2023-06-21 12:00:00,0.454,0.462,0.451,0.458,634262.7
2023-06-21 16:00:00,0.459,0.473,0.459,0.466,899413.2
2023-06-21 20:00:00,0.467,0.476,0.463,0.474,367458.6
2023-06-22 00:00:00,0.475,0.502,0.472,0.5,1050813.7
2023-06-22 04:00:00,0.5,0.533,0.5,0.525,2647298.2
2023-06-22 08:00:00,0.525,0.57,0.525,0.53,5189077.4
2023-06-22 12:00:00,0.53,0.537,0.501,0.505,2659862.1
2023-06-22 16:00:00,0.505,0.522,0.497,0.522,1367136.7
2023-06-22 20:00:00,0.52,0.528,0.507,0.508,962752.0
2023-06-23 00:00:00,0.509,0.521,0.507,0.512,602143.6
2023-06-23 04:00:00,0.513,0.523,0.511,0.512,1017353.4
2023-06-23 08:00:00,0.511,0.513,0.496,0.501,864370.6
2023-06-23 12:00:00,0.501,0.506,0.485,0.505,1268805.0
2023-06-23 16:00:00,0.505,0.517,0.498,0.503,797803.6
2023-06-23 20:00:00,0.503,0.508,0.493,0.502,309534.6
2023-06-24 00:00:00,0.503,0.509,0.494,0.506,353983.1
2023-06-24 04:00:00,0.507,0.514,0.496,0.498,470325.8
2023-06-24 08:00:00,0.498,0.502,0.495,0.499,218721.0
2023-06-24 12:00:00,0.5,0.503,0.474,0.476,774136.9
2023-06-24 16:00:00,0.476,0.482,0.473,0.478,285472.1
2023-06-24 20:00:00,0.477,0.483,0.474,0.482,126586.9
2023-06-25 00:00:00,0.483,0.494,0.481,0.494,259234.5
2023-06-25 04:00:00,0.494,0.504,0.488,0.498,419205.9
2023-06-25 08:00:00,0.498,0.501,0.484,0.487,482051.6
2023-06-25 12:00:00,0.487,0.488,0.466,0.47,624759.4
2023-06-25 16:00:00,0.471,0.485,0.47,0.473,361200.7
2023-06-25 20:00:00,0.473,0.477,0.471,0.475,66289.3
2023-06-26 00:00:00,0.475,0.475,0.461,0.468,257686.5
2023-06-26 04:00:00,0.468,0.473,0.463,0.47,122033.3
2023-06-26 08:00:00,0.468,0.473,0.465,0.47,143396.5
2023-06-26 12:00:00,0.471,0.483,0.47,0.482,301032.7
2023-06-26 16:00:00,0.483,0.484,0.465,0.475,399352.2
2023-06-26 20:00:00,0.475,0.476,0.455,0.462,273122.3
2023-06-27 00:00:00,0.462,0.468,0.454,0.465,616292.3
2023-06-27 04:00:00,0.463,0.466,0.457,0.465,278115.1
2023-06-27 08:00:00,0.464,0.471,0.46,0.47,538793.7
2023-06-27 12:00:00,0.471,0.483,0.468,0.479,694987.5
2023-06-27 16:00:00,0.478,0.502,0.477,0.495,1316850.4
2023-06-27 20:00:00,0.496,0.518,0.495,0.512,1195920.7
2023-06-28 00:00:00,0.511,0.518,0.5,0.505,864841.6
2023-06-28 04:00:00,0.506,0.53,0.504,0.504,2383391.1
2023-06-28 08:00:00,0.504,0.544,0.504,0.531,2427897.5
2023-06-28 12:00:00,0.53,0.553,0.515,0.546,3312692.8
2023-06-28 16:00:00,0.545,0.585,0.539,0.568,5457311.0
2023-06-28 20:00:00,0.567,0.582,0.544,0.548,1867521.2
2023-06-29 00:00:00,0.548,0.58,0.548,0.569,1563913.7
2023-06-29 04:00:00,0.569,0.585,0.563,0.565,1029694.1
2023-06-29 08:00:00,0.565,0.582,0.556,0.579,1485139.4
2023-06-29 12:00:00,0.579,0.615,0.575,0.59,3934670.0
2023-06-29 16:00:00,0.59,0.595,0.559,0.572,2684015.4
2023-06-29 20:00:00,0.573,0.576,0.559,0.571,719460.1
2023-06-30 00:00:00,0.571,0.589,0.556,0.587,1314724.6
2023-06-30 04:00:00,0.587,0.592,0.553,0.556,1284146.1
2023-06-30 08:00:00,0.557,0.581,0.556,0.572,1790811.1
2023-06-30 12:00:00,0.572,0.61,0.532,0.588,4069966.2
2023-06-30 16:00:00,0.589,0.618,0.581,0.604,2153460.5
2023-06-30 20:00:00,0.603,0.608,0.583,0.586,658401.7
2023-07-01 00:00:00,0.587,0.617,0.577,0.603,1029129.1
2023-07-01 04:00:00,0.603,0.639,0.59,0.607,1640422.4
2023-07-01 08:00:00,0.607,0.628,0.599,0.611,1035171.3
2023-07-01 12:00:00,0.612,0.626,0.59,0.593,966328.3
2023-07-01 16:00:00,0.594,0.601,0.586,0.594,398527.2
2023-07-01 20:00:00,0.593,0.593,0.578,0.585,406848.6
2023-07-02 00:00:00,0.585,0.6,0.579,0.589,674964.4
2023-07-02 04:00:00,0.589,0.591,0.576,0.579,409145.8
2023-07-02 08:00:00,0.579,0.594,0.573,0.581,516405.5
2023-07-02 12:00:00,0.58,0.583,0.559,0.567,1093275.8
2023-07-02 16:00:00,0.567,0.58,0.563,0.573,525359.6
2023-07-02 20:00:00,0.574,0.593,0.573,0.589,289285.5
2023-07-03 00:00:00,0.59,0.614,0.58,0.602,450089.0
2023-07-03 04:00:00,0.602,0.609,0.595,0.603,285584.8
2023-07-03 08:00:00,0.602,0.628,0.6,0.621,650870.6
2023-07-03 12:00:00,0.62,0.649,0.61,0.637,1500209.8
2023-07-03 16:00:00,0.64,0.643,0.625,0.631,428177.6
2023-07-03 20:00:00,0.631,0.636,0.611,0.614,456640.9
2023-07-04 00:00:00,0.615,0.616,0.604,0.616,771213.1
2023-07-04 04:00:00,0.616,0.616,0.603,0.609,336061.7
2023-07-04 08:00:00,0.609,0.621,0.606,0.62,337463.6
2023-07-04 12:00:00,0.62,0.635,0.612,0.634,367344.8
2023-07-04 16:00:00,0.634,0.65,0.612,0.618,705552.2
2023-07-04 20:00:00,0.618,0.637,0.61,0.628,310745.2
2023-07-05 00:00:00,0.63,0.67,0.623,0.668,671419.6
2023-07-05 04:00:00,0.666,0.725,0.658,0.669,3522434.5
2023-07-05 08:00:00,0.67,0.713,0.666,0.697,3766297.7
2023-07-05 12:00:00,0.696,0.746,0.677,0.707,4836349.2
2023-07-05 16:00:00,0.708,0.72,0.691,0.717,1576147.9
2023-07-05 20:00:00,0.714,0.72,0.687,0.705,1090444.4
2023-07-06 00:00:00,0.704,0.712,0.682,0.691,1081840.9
2023-07-06 04:00:00,0.692,0.713,0.685,0.702,788283.0
2023-07-06 08:00:00,0.703,0.751,0.697,0.704,1616051.0
2023-07-06 12:00:00,0.704,0.708,0.674,0.692,1121353.3
2023-07-06 16:00:00,0.694,0.703,0.666,0.669,459711.6
2023-07-06 20:00:00,0.669,0.672,0.637,0.637,968532.1
2023-07-07 00:00:00,0.637,0.655,0.636,0.64,813864.0
2023-07-07 04:00:00,0.64,0.647,0.634,0.639,345139.6
2023-07-07 08:00:00,0.639,0.651,0.635,0.643,536866.9
2023-07-07 12:00:00,0.643,0.651,0.637,0.65,524167.2
2023-07-07 16:00:00,0.651,0.654,0.628,0.633,195257.9
2023-07-07 20:00:00,0.633,0.637,0.627,0.637,104244.7
2023-07-08 00:00:00,0.637,0.647,0.634,0.636,156315.1
2023-07-08 04:00:00,0.636,0.651,0.632,0.645,161171.2
2023-07-08 08:00:00,0.645,0.653,0.628,0.63,199501.8
2023-07-08 12:00:00,0.63,0.63,0.595,0.601,830741.1
2023-07-08 16:00:00,0.601,0.601,0.578,0.58,440400.6
2023-07-08 20:00:00,0.58,0.586,0.577,0.584,182730.0
2023-07-09 00:00:00,0.584,0.606,0.581,0.591,384054.9
2023-07-09 04:00:00,0.591,0.592,0.579,0.585,132520.2
2023-07-09 08:00:00,0.585,0.606,0.577,0.604,1072854.0
2023-07-09 12:00:00,0.604,0.625,0.602,0.616,427107.9
2023-07-09 16:00:00,0.616,0.617,0.61,0.615,100396.9
2023-07-09 20:00:00,0.615,0.623,0.613,0.62,135918.9
2023-07-10 00:00:00,0.621,0.666,0.597,0.661,1547338.1
2023-07-10 04:00:00,0.66,0.662,0.632,0.637,1060321.7
2023-07-10 08:00:00,0.637,0.651,0.634,0.646,800991.1
2023-07-10 12:00:00,0.645,0.675,0.644,0.666,1272819.8
2023-07-10 16:00:00,0.665,0.7,0.653,0.681,1874471.1
2023-07-10 20:00:00,0.68,0.7,0.662,0.667,1126711.5
2023-07-11 00:00:00,0.666,0.687,0.664,0.681,361792.4
2023-07-11 04:00:00,0.681,0.681,0.668,0.669,578370.6
2023-07-11 08:00:00,0.668,0.681,0.667,0.678,525140.0
2023-07-11 12:00:00,0.678,0.697,0.67,0.691,480226.6
2023-07-11 16:00:00,0.691,0.71,0.687,0.699,429368.4
2023-07-11 20:00:00,0.699,0.704,0.692,0.702,178628.5
2023-07-12 00:00:00,0.702,0.712,0.69,0.696,311145.4
2023-07-12 04:00:00,0.694,0.694,0.675,0.678,666379.6
2023-07-12 08:00:00,0.676,0.683,0.672,0.68,405476.8
2023-07-12 12:00:00,0.681,0.687,0.662,0.667,632340.8
2023-07-12 16:00:00,0.666,0.681,0.662,0.675,403787.8
2023-07-12 20:00:00,0.675,0.686,0.669,0.67,231629.0
2023-07-13 00:00:00,0.669,0.67,0.656,0.659,290882.9
2023-07-13 04:00:00,0.659,0.669,0.656,0.662,98316.0
2023-07-13 08:00:00,0.662,0.684,0.661,0.682,204426.0
2023-07-13 12:00:00,0.682,0.698,0.673,0.692,290355.5
2023-07-13 16:00:00,0.694,0.717,0.689,0.712,927710.8
2023-07-13 20:00:00,0.714,0.714,0.699,0.709,201959.0
2023-07-14 00:00:00,0.708,0.725,0.704,0.715,396086.0
2023-07-14 04:00:00,0.716,0.724,0.689,0.691,648012.7
2023-07-14 08:00:00,0.69,0.696,0.672,0.691,966656.5
2023-07-14 12:00:00,0.69,0.727,0.688,0.723,749708.7
2023-07-14 16:00:00,0.723,0.729,0.668,0.672,955460.8
2023-07-14 20:00:00,0.673,0.694,0.67,0.693,97359.5
2023-07-15 00:00:00,0.694,0.699,0.683,0.696,182056.8
2023-07-15 04:00:00,0.697,0.729,0.689,0.723,407413.1
2023-07-15 08:00:00,0.724,0.839,0.719,0.765,3276895.2
2023-07-15 12:00:00,0.766,0.839,0.764,0.798,6638705.4
2023-07-15 16:00:00,0.798,0.854,0.787,0.813,3086460.6
2023-07-15 20:00:00,0.814,0.835,0.802,0.828,1087919.9
2023-07-16 00:00:00,0.828,0.879,0.821,0.871,3422423.2
2023-07-16 04:00:00,0.871,0.889,0.826,0.831,3533361.7
2023-07-16 08:00:00,0.83,0.846,0.824,0.831,1300364.2
2023-07-16 12:00:00,0.831,0.841,0.812,0.818,732577.7
2023-07-16 16:00:00,0.817,0.85,0.817,0.848,565831.6
2023-07-16 20:00:00,0.848,0.853,0.825,0.847,448700.8
2023-07-17 00:00:00,0.848,0.897,0.825,0.871,869170.2
2023-07-17 04:00:00,0.869,0.87,0.818,0.827,957685.9
2023-07-17 08:00:00,0.827,0.896,0.798,0.879,2187917.6
2023-07-17 12:00:00,0.882,0.919,0.856,0.901,3342289.1
2023-07-17 16:00:00,0.9,0.98,0.9,0.941,4345393.6
2023-07-17 20:00:00,0.941,0.98,0.927,0.97,1237740.8
2023-07-18 00:00:00,0.97,0.991,0.931,0.95,1850932.0
2023-07-18 04:00:00,0.948,0.965,0.915,0.946,1918512.8
2023-07-18 08:00:00,0.944,0.955,0.9,0.9,1070820.0
2023-07-18 12:00:00,0.901,0.967,0.885,0.949,1708373.2
2023-07-18 16:00:00,0.947,0.967,0.921,0.929,827640.2
2023-07-18 20:00:00,0.928,0.942,0.911,0.923,477457.2
2023-07-19 00:00:00,0.922,0.952,0.918,0.923,1101085.0
2023-07-19 04:00:00,0.923,0.939,0.887,0.898,1234356.5
2023-07-19 08:00:00,0.9,0.92,0.87,0.915,1455774.9
2023-07-19 12:00:00,0.915,0.929,0.904,0.914,434442.5
2023-07-19 16:00:00,0.914,0.964,0.908,0.947,676950.7
2023-07-19 20:00:00,0.949,0.962,0.939,0.954,314331.2
2023-07-20 00:00:00,0.954,0.99,0.953,0.974,674484.4
2023-07-20 04:00:00,0.974,0.982,0.959,0.974,502308.7
2023-07-20 08:00:00,0.974,1.241,0.971,1.083,6116799.5
2023-07-20 12:00:00,1.083,1.404,1.077,1.215,5746730.1
2023-07-20 16:00:00,1.215,1.37,1.201,1.274,7140285.9
2023-07-20 20:00:00,1.275,1.327,1.244,1.305,2511512.3
2023-07-21 00:00:00,1.302,1.399,0.826,0.839,14097470.6
2023-07-21 04:00:00,0.839,0.869,0.762,0.768,13684678.7
2023-07-21 08:00:00,0.766,0.821,0.761,0.815,7684497.1
2023-07-21 12:00:00,0.814,0.822,0.792,0.809,3621900.1
2023-07-21 16:00:00,0.809,0.825,0.772,0.815,5635563.1
2023-07-21 20:00:00,0.814,0.814,0.783,0.784,1571046.2
2023-07-22 00:00:00,0.785,0.794,0.711,0.72,4576794.9
2023-07-22 04:00:00,0.72,0.733,0.713,0.73,1391126.4
2023-07-22 08:00:00,0.73,0.752,0.723,0.737,1830292.9
2023-07-22 12:00:00,0.736,0.736,0.705,0.711,1508093.6
2023-07-22 16:00:00,0.711,0.722,0.682,0.692,1834680.1
2023-07-22 20:00:00,0.692,0.716,0.683,0.713,2073724.4
2023-07-23 00:00:00,0.713,0.716,0.694,0.701,943288.4
2023-07-23 04:00:00,0.702,0.705,0.674,0.683,1892383.8
2023-07-23 08:00:00,0.684,0.694,0.681,0.688,945568.8
2023-07-23 12:00:00,0.689,0.689,0.67,0.674,1127512.1
2023-07-23 16:00:00,0.673,0.69,0.671,0.672,1246277.5
2023-07-23 20:00:00,0.672,0.674,0.657,0.666,1111529.4
2023-07-24 00:00:00,0.666,0.67,0.632,0.637,1323779.1
2023-07-24 04:00:00,0.637,0.637,0.617,0.624,1432154.2
2023-07-24 08:00:00,0.624,0.627,0.557,0.589,2681996.4
2023-07-24 12:00:00,0.589,0.591,0.564,0.568,2026491.8
2023-07-24 16:00:00,0.568,0.574,0.53,0.562,2959332.9
2023-07-24 20:00:00,0.562,0.573,0.557,0.569,1003211.1
2023-07-25 00:00:00,0.57,0.57,0.55,0.551,674719.7
2023-07-25 04:00:00,0.552,0.601,0.543,0.594,1952568.0
2023-07-25 08:00:00,0.595,0.616,0.577,0.6,2753493.9
2023-07-25 12:00:00,0.6,0.603,0.587,0.6,1569207.1
2023-07-25 16:00:00,0.6,0.647,0.598,0.608,4953929.8
2023-07-25 20:00:00,0.608,0.617,0.599,0.612,1186759.1
2023-07-26 00:00:00,0.612,0.612,0.575,0.577,1958075.3
2023-07-26 04:00:00,0.577,0.585,0.569,0.571,1120290.1
2023-07-26 08:00:00,0.571,0.583,0.564,0.566,1005991.4
2023-07-26 12:00:00,0.566,0.58,0.565,0.573,1078833.3
2023-07-26 16:00:00,0.573,0.582,0.558,0.574,1265590.7
2023-07-26 20:00:00,0.574,0.588,0.567,0.578,1408007.2
2023-07-27 00:00:00,0.578,0.59,0.572,0.586,435439.7
2023-07-27 04:00:00,0.585,0.644,0.585,0.612,6071228.9
2023-07-27 08:00:00,0.612,0.65,0.612,0.648,3362179.7
2023-07-27 12:00:00,0.648,0.652,0.618,0.636,2240467.3
2023-07-27 16:00:00,0.636,0.681,0.633,0.654,4991904.1
2023-07-27 20:00:00,0.654,0.669,0.645,0.659,1600172.1
2023-07-28 00:00:00,0.659,0.693,0.646,0.658,3838648.5
2023-07-28 04:00:00,0.658,0.664,0.622,0.628,2131870.8
2023-07-28 08:00:00,0.628,0.689,0.624,0.662,6018099.0
2023-07-28 12:00:00,0.662,0.691,0.655,0.668,2518411.6
2023-07-28 16:00:00,0.669,0.677,0.658,0.661,637795.6
2023-07-28 20:00:00,0.661,0.684,0.659,0.674,643469.7
2023-07-29 00:00:00,0.674,0.678,0.664,0.674,1131915.2
2023-07-29 04:00:00,0.674,0.69,0.666,0.683,1224497.0
2023-07-29 08:00:00,0.682,0.712,0.675,0.707,3731033.7
2023-07-29 12:00:00,0.708,0.715,0.689,0.704,1523992.2
2023-07-29 16:00:00,0.703,0.779,0.696,0.765,5136981.0
2023-07-29 20:00:00,0.763,0.774,0.743,0.752,3607688.0
2023-07-30 00:00:00,0.752,0.753,0.715,0.719,2358912.0
2023-07-30 04:00:00,0.719,0.734,0.697,0.703,2326355.8
2023-07-30 08:00:00,0.702,0.705,0.691,0.7,1271026.3
2023-07-30 12:00:00,0.699,0.699,0.68,0.689,1819140.0
2023-07-30 16:00:00,0.69,0.699,0.66,0.674,1638375.1
2023-07-30 20:00:00,0.673,0.691,0.665,0.688,1392743.5
2023-07-31 00:00:00,0.689,0.694,0.677,0.68,1048597.5
2023-07-31 04:00:00,0.68,0.682,0.661,0.665,1135078.2
2023-07-31 08:00:00,0.664,0.672,0.65,0.654,1312279.5
2023-07-31 12:00:00,0.655,0.661,0.645,0.646,858989.7
2023-07-31 16:00:00,0.646,0.656,0.633,0.638,732728.3
2023-07-31 20:00:00,0.638,0.649,0.633,0.647,624300.5
2023-08-01 00:00:00,0.648,0.654,0.581,0.605,1579690.3
2023-08-01 04:00:00,0.605,0.618,0.602,0.613,677185.5
2023-08-01 08:00:00,0.614,0.622,0.612,0.613,497659.6
2023-08-01 12:00:00,0.613,0.628,0.605,0.625,1024051.3
2023-08-01 16:00:00,0.625,0.641,0.622,0.629,832872.0
2023-08-01 20:00:00,0.63,0.649,0.626,0.646,592409.5
2023-08-02 00:00:00,0.646,0.652,0.629,0.631,589236.4
2023-08-02 04:00:00,0.63,0.633,0.62,0.626,599163.8
2023-08-02 08:00:00,0.626,0.645,0.626,0.635,638284.2
2023-08-02 12:00:00,0.635,0.636,0.616,0.624,725448.4
2023-08-02 16:00:00,0.624,0.646,0.612,0.644,1217188.7
2023-08-02 20:00:00,0.644,0.655,0.638,0.643,1014968.0
2023-08-03 00:00:00,0.642,0.652,0.631,0.632,1348906.7
2023-08-03 04:00:00,0.632,0.645,0.617,0.618,1185963.0
2023-08-03 08:00:00,0.618,0.627,0.612,0.627,954346.2
2023-08-03 12:00:00,0.628,0.628,0.615,0.618,589392.4
2023-08-03 16:00:00,0.619,0.624,0.608,0.612,545374.2
2023-08-03 20:00:00,0.612,0.628,0.612,0.615,797611.5
2023-08-04 00:00:00,0.615,0.616,0.594,0.604,998769.3
2023-08-04 04:00:00,0.604,0.612,0.596,0.601,762430.0
2023-08-04 08:00:00,0.601,0.612,0.599,0.608,765465.2
2023-08-04 12:00:00,0.607,0.618,0.605,0.616,952400.8
2023-08-04 16:00:00,0.616,0.627,0.608,0.614,732764.1
2023-08-04 20:00:00,0.612,0.631,0.61,0.619,921730.6
2023-08-05 00:00:00,0.62,0.621,0.6,0.607,619541.1
2023-08-05 04:00:00,0.607,0.612,0.593,0.605,837154.0
2023-08-05 08:00:00,0.605,0.636,0.603,0.628,1595366.6
2023-08-05 12:00:00,0.629,0.654,0.616,0.638,3257110.0
2023-08-05 16:00:00,0.637,0.638,0.616,0.616,1009027.4
2023-08-05 20:00:00,0.616,0.631,0.616,0.623,617476.4
2023-08-06 00:00:00,0.623,0.68,0.616,0.67,4845407.4
2023-08-06 04:00:00,0.669,0.694,0.658,0.669,3737499.9
2023-08-06 08:00:00,0.67,0.68,0.659,0.674,2211259.0
2023-08-06 12:00:00,0.673,0.72,0.671,0.692,6222833.6
2023-08-06 16:00:00,0.691,0.707,0.674,0.698,2568646.1
2023-08-06 20:00:00,0.7,0.7,0.673,0.678,1364360.5
2023-08-07 00:00:00,0.678,0.691,0.665,0.675,1527371.3
2023-08-07 04:00:00,0.674,0.678,0.656,0.658,1101789.8
2023-08-07 08:00:00,0.659,0.671,0.653,0.671,871486.7
2023-08-07 12:00:00,0.67,0.685,0.642,0.643,1959630.2
2023-08-07 16:00:00,0.643,0.646,0.628,0.646,919235.7
2023-08-07 20:00:00,0.646,0.649,0.64,0.644,456199.6
2023-08-08 00:00:00,0.644,0.645,0.633,0.636,507968.2
2023-08-08 04:00:00,0.635,0.635,0.617,0.62,758966.5
2023-08-08 08:00:00,0.62,0.633,0.616,0.625,1717377.4
2023-08-08 12:00:00,0.625,0.637,0.622,0.632,637884.4
2023-08-08 16:00:00,0.631,0.633,0.62,0.623,813872.9
2023-08-08 20:00:00,0.624,0.632,0.622,0.624,479825.8
2023-08-09 00:00:00,0.623,0.641,0.617,0.624,1000304.4
2023-08-09 04:00:00,0.624,0.631,0.62,0.629,386118.7
2023-08-09 08:00:00,0.629,0.64,0.627,0.634,426249.1
2023-08-09 12:00:00,0.634,0.639,0.619,0.622,692190.9
2023-08-09 16:00:00,0.621,0.625,0.619,0.621,324473.0
2023-08-09 20:00:00,0.621,0.626,0.612,0.622,404989.5
2023-08-10 00:00:00,0.623,0.626,0.615,0.615,541968.4
2023-08-10 04:00:00,0.615,0.619,0.612,0.613,336638.9
2023-08-10 08:00:00,0.613,0.616,0.605,0.606,1083269.3
2023-08-10 12:00:00,0.606,0.615,0.605,0.609,601994.9
2023-08-10 16:00:00,0.61,0.613,0.602,0.612,330483.7
2023-08-10 20:00:00,0.611,0.615,0.604,0.606,309721.9
2023-08-11 00:00:00,0.606,0.611,0.597,0.601,525662.2
2023-08-11 04:00:00,0.601,0.613,0.601,0.611,388731.0
2023-08-11 08:00:00,0.611,0.614,0.606,0.613,317213.3
2023-08-11 12:00:00,0.612,0.619,0.609,0.61,346927.9
2023-08-11 16:00:00,0.61,0.616,0.602,0.604,496366.0
2023-08-11 20:00:00,0.604,0.616,0.604,0.615,186644.5
2023-08-12 00:00:00,0.614,0.618,0.609,0.609,349297.2
2023-08-12 04:00:00,0.609,0.622,0.609,0.619,387816.1
2023-08-12 08:00:00,0.619,0.621,0.61,0.612,404822.2
2023-08-12 12:00:00,0.612,0.619,0.61,0.617,293683.2
2023-08-12 16:00:00,0.617,0.619,0.61,0.61,298571.5
2023-08-12 20:00:00,0.61,0.618,0.609,0.613,166083.5
2023-08-13 00:00:00,0.613,0.623,0.61,0.62,399073.6
2023-08-13 04:00:00,0.62,0.625,0.617,0.621,222048.2
2023-08-13 08:00:00,0.621,0.638,0.621,0.632,1042766.0
2023-08-13 12:00:00,0.632,0.64,0.622,0.628,657376.0
2023-08-13 16:00:00,0.628,0.65,0.628,0.645,965138.2
2023-08-13 20:00:00,0.646,0.652,0.636,0.639,538726.6
2023-08-14 00:00:00,0.639,0.646,0.633,0.635,587556.9
2023-08-14 04:00:00,0.636,0.645,0.633,0.637,467807.5
2023-08-14 08:00:00,0.638,0.641,0.628,0.631,462422.3
2023-08-14 12:00:00,0.632,0.642,0.627,0.635,488973.4
2023-08-14 16:00:00,0.636,0.658,0.635,0.645,1371416.8
2023-08-14 20:00:00,0.644,0.649,0.635,0.643,430506.6
2023-08-15 00:00:00,0.644,0.647,0.631,0.633,386866.8
2023-08-15 04:00:00,0.632,0.635,0.625,0.627,508573.9
2023-08-15 08:00:00,0.627,0.633,0.621,0.623,444354.9
2023-08-15 12:00:00,0.622,0.626,0.611,0.616,903871.8
2023-08-15 16:00:00,0.615,0.617,0.569,0.582,1772323.6
2023-08-15 20:00:00,0.582,0.59,0.579,0.588,644469.8
2023-08-16 00:00:00,0.587,0.589,0.579,0.579,485929.8
2023-08-16 04:00:00,0.579,0.583,0.573,0.577,918802.9
2023-08-16 08:00:00,0.576,0.58,0.569,0.574,730121.9
2023-08-16 12:00:00,0.575,0.575,0.562,0.564,687416.9
2023-08-16 16:00:00,0.563,0.572,0.559,0.567,581946.7
2023-08-16 20:00:00,0.567,0.569,0.538,0.552,1569004.7
2023-08-17 00:00:00,0.552,0.553,0.536,0.55,515229.7
2023-08-17 04:00:00,0.551,0.555,0.547,0.549,305868.5
2023-08-17 08:00:00,0.549,0.551,0.542,0.544,490690.7
2023-08-17 12:00:00,0.544,0.549,0.531,0.533,809498.2
2023-08-17 16:00:00,0.533,0.548,0.528,0.546,532738.9
2023-08-17 20:00:00,0.546,0.547,0.44,0.479,2664018.1
2023-08-18 00:00:00,0.48,0.49,0.476,0.483,1125023.8
2023-08-18 04:00:00,0.483,0.501,0.479,0.493,542257.5
2023-08-18 08:00:00,0.492,0.494,0.484,0.489,349566.1
2023-08-18 12:00:00,0.49,0.491,0.478,0.48,547767.2
2023-08-18 16:00:00,0.48,0.489,0.476,0.478,636320.9
2023-08-18 20:00:00,0.479,0.495,0.478,0.49,286134.1
2023-08-19 00:00:00,0.491,0.499,0.487,0.492,426308.5
2023-08-19 04:00:00,0.492,0.498,0.489,0.498,178928.7
2023-08-19 08:00:00,0.498,0.52,0.497,0.506,2190300.4
2023-08-19 12:00:00,0.506,0.513,0.5,0.506,1554391.1
2023-08-19 16:00:00,0.506,0.51,0.501,0.503,342336.7
2023-08-19 20:00:00,0.504,0.508,0.497,0.506,205085.0
2023-08-20 00:00:00,0.507,0.51,0.503,0.506,146381.7
2023-08-20 04:00:00,0.507,0.507,0.502,0.506,145259.1
2023-08-20 08:00:00,0.506,0.513,0.501,0.504,741409.4
2023-08-20 12:00:00,0.504,0.507,0.497,0.503,229575.5
2023-08-20 16:00:00,0.504,0.514,0.502,0.514,419154.7
2023-08-20 20:00:00,0.514,0.521,0.51,0.512,493600.5
2023-08-21 00:00:00,0.512,0.513,0.502,0.502,270898.5
2023-08-21 04:00:00,0.503,0.509,0.5,0.503,201942.8
2023-08-21 08:00:00,0.503,0.503,0.491,0.501,363062.4
2023-08-21 12:00:00,0.502,0.504,0.487,0.494,402641.2
2023-08-21 16:00:00,0.493,0.501,0.491,0.499,207511.9
2023-08-21 20:00:00,0.5,0.505,0.499,0.501,187169.7
2023-08-22 00:00:00,0.501,0.503,0.497,0.499,190015.3
2023-08-22 04:00:00,0.498,0.506,0.497,0.503,279912.6
2023-08-22 08:00:00,0.503,0.503,0.492,0.492,326073.4
2023-08-22 12:00:00,0.493,0.496,0.488,0.49,354760.1
2023-08-22 16:00:00,0.49,0.497,0.481,0.488,401600.8
2023-08-22 20:00:00,0.487,0.505,0.481,0.504,351789.8
2023-08-23 00:00:00,0.505,0.509,0.503,0.506,163123.2
2023-08-23 04:00:00,0.505,0.513,0.501,0.509,195168.6
2023-08-23 08:00:00,0.509,0.51,0.501,0.503,165893.1
2023-08-23 12:00:00,0.502,0.509,0.497,0.508,236099.2
2023-08-23 16:00:00,0.508,0.527,0.506,0.524,539276.0
2023-08-23 20:00:00,0.524,0.525,0.513,0.514,261792.0
2023-08-24 00:00:00,0.514,0.52,0.51,0.518,162495.2
2023-08-24 04:00:00,0.519,0.519,0.511,0.513,114661.7
2023-08-24 08:00:00,0.514,0.517,0.51,0.515,131112.8
2023-08-24 12:00:00,0.514,0.514,0.504,0.509,238303.1
2023-08-24 16:00:00,0.509,0.511,0.502,0.507,240987.3
2023-08-24 20:00:00,0.506,0.507,0.498,0.501,336764.5
2023-08-25 00:00:00,0.5,0.5,0.487,0.492,698412.7
2023-08-25 04:00:00,0.492,0.493,0.483,0.485,221605.5
2023-08-25 08:00:00,0.485,0.489,0.484,0.489,168906.8
2023-08-25 12:00:00,0.489,0.501,0.489,0.499,348320.1
2023-08-25 16:00:00,0.499,0.5,0.49,0.496,124018.2
2023-08-25 20:00:00,0.496,0.499,0.495,0.498,93221.3
2023-08-26 00:00:00,0.498,0.502,0.494,0.5,170001.2
2023-08-26 04:00:00,0.499,0.499,0.492,0.492,119853.6
2023-08-26 08:00:00,0.493,0.494,0.488,0.492,133479.6
2023-08-26 12:00:00,0.492,0.493,0.489,0.491,91667.6
2023-08-26 16:00:00,0.491,0.491,0.483,0.488,133059.0
2023-08-26 20:00:00,0.488,0.492,0.488,0.49,70859.4
2023-08-27 00:00:00,0.489,0.49,0.485,0.487,59126.5
2023-08-27 04:00:00,0.487,0.49,0.487,0.487,99277.5
2023-08-27 08:00:00,0.488,0.49,0.487,0.487,67945.9
2023-08-27 12:00:00,0.486,0.496,0.486,0.493,110881.3
2023-08-27 16:00:00,0.492,0.495,0.489,0.491,97679.5
2023-08-27 20:00:00,0.491,0.492,0.489,0.492,38077.0
2023-08-28 00:00:00,0.491,0.492,0.481,0.483,230119.7
2023-08-28 04:00:00,0.483,0.487,0.475,0.476,408979.1
2023-08-28 08:00:00,0.476,0.478,0.468,0.477,397493.5
2023-08-28 12:00:00,0.477,0.485,0.477,0.479,329968.5
2023-08-28 16:00:00,0.479,0.481,0.475,0.479,232760.4
2023-08-28 20:00:00,0.479,0.482,0.477,0.48,87243.1
2023-08-29 00:00:00,0.48,0.481,0.468,0.47,162340.0
2023-08-29 04:00:00,0.47,0.47,0.452,0.454,1001345.9
2023-08-29 08:00:00,0.454,0.459,0.451,0.453,491892.3
2023-08-29 12:00:00,0.452,0.497,0.45,0.49,1673395.4
2023-08-29 16:00:00,0.49,0.508,0.488,0.493,439268.2
2023-08-29 20:00:00,0.495,0.521,0.493,0.513,404740.2
2023-08-30 00:00:00,0.513,0.515,0.498,0.5,564701.3
2023-08-30 04:00:00,0.501,0.506,0.498,0.505,233185.5
2023-08-30 08:00:00,0.505,0.518,0.499,0.501,1068942.6
2023-08-30 12:00:00,0.5,0.506,0.494,0.497,415791.3
2023-08-30 16:00:00,0.496,0.51,0.495,0.504,455891.6
2023-08-30 20:00:00,0.505,0.509,0.5,0.503,230970.3
2023-08-31 00:00:00,0.504,0.504,0.491,0.494,205314.9
2023-08-31 04:00:00,0.494,0.513,0.493,0.509,341621.1
2023-08-31 08:00:00,0.509,0.509,0.5,0.505,212770.5
2023-08-31 12:00:00,0.505,0.508,0.493,0.496,292180.8
2023-08-31 16:00:00,0.496,0.497,0.474,0.486,409746.6
2023-08-31 20:00:00,0.485,0.485,0.478,0.482,131146.4
2023-09-01 00:00:00,0.482,0.49,0.477,0.482,277664.8
2023-09-01 04:00:00,0.481,0.482,0.473,0.477,127074.1
2023-09-01 08:00:00,0.477,0.478,0.472,0.476,215045.8
2023-09-01 12:00:00,0.476,0.479,0.47,0.471,323130.0
2023-09-01 16:00:00,0.471,0.474,0.464,0.47,287545.2
2023-09-01 20:00:00,0.469,0.475,0.468,0.47,130355.3
2023-09-02 00:00:00,0.47,0.47,0.464,0.469,251616.2
2023-09-02 04:00:00,0.469,0.473,0.465,0.468,87844.6
2023-09-02 08:00:00,0.468,0.468,0.46,0.464,276820.5
2023-09-02 12:00:00,0.464,0.477,0.463,0.474,921860.5
2023-09-02 16:00:00,0.474,0.516,0.463,0.506,2661772.0
2023-09-02 20:00:00,0.506,0.588,0.499,0.58,7541307.8
2023-09-03 00:00:00,0.58,0.605,0.547,0.563,8465756.7
2023-09-03 04:00:00,0.563,0.594,0.548,0.558,5071040.9
2023-09-03 08:00:00,0.557,0.585,0.542,0.577,4780424.0
2023-09-03 12:00:00,0.578,0.593,0.554,0.591,4947248.2
2023-09-03 16:00:00,0.591,0.597,0.567,0.586,4025185.2
2023-09-03 20:00:00,0.585,0.933,0.577,0.727,33593413.5
2023-09-04 00:00:00,0.726,0.778,0.634,0.646,16171126.1
2023-09-04 04:00:00,0.645,0.657,0.612,0.624,7165408.9
2023-09-04 08:00:00,0.623,0.627,0.591,0.595,4415050.0
2023-09-04 12:00:00,0.594,0.598,0.523,0.528,7481039.6
2023-09-04 16:00:00,0.528,0.536,0.509,0.527,3141629.7
2023-09-04 20:00:00,0.526,0.527,0.501,0.517,1745133.7
2023-09-05 00:00:00,0.517,0.546,0.513,0.542,11940319.9
2023-09-05 04:00:00,0.542,0.549,0.523,0.536,3457034.0
2023-09-05 08:00:00,0.536,0.542,0.526,0.535,1629264.8
2023-09-05 12:00:00,0.535,0.54,0.529,0.531,997964.8
2023-09-05 16:00:00,0.531,0.543,0.518,0.524,1523545.7
2023-09-05 20:00:00,0.524,0.528,0.521,0.524,388937.7
2023-09-06 00:00:00,0.525,0.536,0.523,0.525,865903.9
2023-09-06 04:00:00,0.525,0.538,0.522,0.534,748361.9
2023-09-06 08:00:00,0.534,0.562,0.532,0.532,2146832.4
2023-09-06 12:00:00,0.532,0.545,0.528,0.536,1178495.4
2023-09-06 16:00:00,0.537,0.548,0.527,0.533,1075121.4
2023-09-06 20:00:00,0.533,0.538,0.529,0.535,314897.9
2023-09-07 00:00:00,0.536,0.539,0.526,0.535,495303.6
2023-09-07 04:00:00,0.535,0.537,0.53,0.533,384107.0
2023-09-07 08:00:00,0.533,0.537,0.526,0.528,752822.1
2023-09-07 12:00:00,0.528,0.539,0.526,0.535,484784.0
2023-09-07 16:00:00,0.536,0.538,0.53,0.535,370803.1
2023-09-07 20:00:00,0.536,0.541,0.533,0.537,525300.2
2023-09-08 00:00:00,0.537,0.54,0.531,0.534,438279.9
2023-09-08 04:00:00,0.534,0.538,0.53,0.533,419354.4
2023-09-08 08:00:00,0.533,0.554,0.531,0.549,2341672.1
2023-09-08 12:00:00,0.548,0.589,0.546,0.569,3752549.9
2023-09-08 16:00:00,0.569,0.643,0.551,0.571,15263869.2
2023-09-08 20:00:00,0.572,0.617,0.571,0.595,3914914.4
2023-09-09 00:00:00,0.596,0.61,0.585,0.591,2504161.2
2023-09-09 04:00:00,0.592,0.593,0.565,0.574,1848924.9
2023-09-09 08:00:00,0.574,0.582,0.566,0.571,934320.3
2023-09-09 12:00:00,0.57,0.573,0.561,0.571,891355.0
2023-09-09 16:00:00,0.572,0.583,0.561,0.565,964347.5
2023-09-09 20:00:00,0.566,0.569,0.557,0.561,416135.7
2023-09-10 00:00:00,0.561,0.582,0.553,0.58,1136615.6
2023-09-10 04:00:00,0.58,0.581,0.507,0.548,3667232.4
2023-09-10 08:00:00,0.548,0.549,0.536,0.536,716602.2
2023-09-10 12:00:00,0.536,0.544,0.53,0.538,1170463.6
2023-09-10 16:00:00,0.538,0.543,0.525,0.541,607164.4
2023-09-10 20:00:00,0.541,0.55,0.54,0.542,272077.3
2023-09-11 00:00:00,0.542,0.549,0.527,0.546,532940.3
2023-09-11 04:00:00,0.546,0.561,0.542,0.554,1115282.5
2023-09-11 08:00:00,0.555,0.56,0.526,0.53,1272603.0
2023-09-11 12:00:00,0.53,0.545,0.527,0.543,1001602.7
2023-09-11 16:00:00,0.543,0.546,0.53,0.537,684666.5
2023-09-11 20:00:00,0.537,0.545,0.536,0.545,409315.3
2023-09-12 00:00:00,0.545,0.563,0.542,0.555,1292553.4
2023-09-12 04:00:00,0.555,0.558,0.539,0.544,573895.4
2023-09-12 08:00:00,0.543,0.558,0.541,0.549,675721.8
2023-09-12 12:00:00,0.549,0.552,0.534,0.536,695300.7
2023-09-12 16:00:00,0.536,0.542,0.53,0.536,437284.6
2023-09-12 20:00:00,0.536,0.537,0.516,0.522,754532.3
2023-09-13 00:00:00,0.522,0.529,0.516,0.518,611747.2
2023-09-13 04:00:00,0.517,0.591,0.511,0.556,7980525.1
2023-09-13 08:00:00,0.557,0.577,0.551,0.575,1909146.6
2023-09-13 12:00:00,0.574,0.598,0.566,0.593,2638228.5
2023-09-13 16:00:00,0.593,0.594,0.569,0.58,2041045.7
2023-09-13 20:00:00,0.58,0.585,0.572,0.573,609280.1
2023-09-14 00:00:00,0.574,0.588,0.566,0.574,1363518.3
2023-09-14 04:00:00,0.573,0.577,0.56,0.573,965303.0
2023-09-14 08:00:00,0.572,0.587,0.568,0.587,500560.2
2023-09-14 12:00:00,0.587,0.592,0.578,0.584,1065658.9
2023-09-14 16:00:00,0.584,0.586,0.574,0.578,311922.3
2023-09-14 20:00:00,0.578,0.582,0.546,0.547,4071179.9
2023-09-15 00:00:00,0.547,0.558,0.547,0.555,567857.7
2023-09-15 04:00:00,0.555,0.557,0.55,0.551,351848.8
2023-09-15 08:00:00,0.551,0.56,0.55,0.553,457848.2
2023-09-15 12:00:00,0.553,0.559,0.55,0.555,532745.3
2023-09-15 16:00:00,0.555,0.557,0.548,0.556,694048.8
2023-09-15 20:00:00,0.557,0.572,0.554,0.57,466981.8
2023-09-16 00:00:00,0.57,0.579,0.566,0.569,643628.6
2023-09-16 04:00:00,0.569,0.575,0.538,0.544,3119028.9
2023-09-16 08:00:00,0.544,0.546,0.54,0.543,644792.4
2023-09-16 12:00:00,0.544,0.544,0.529,0.534,895275.9
2023-09-16 16:00:00,0.533,0.548,0.532,0.537,993483.3
2023-09-16 20:00:00,0.536,0.544,0.536,0.542,360149.8
2023-09-17 00:00:00,0.542,0.543,0.52,0.538,938889.2
2023-09-17 04:00:00,0.539,0.542,0.526,0.529,2345654.9
2023-09-17 08:00:00,0.529,0.541,0.528,0.538,757054.1
2023-09-17 12:00:00,0.538,0.546,0.536,0.538,590586.8
2023-09-17 16:00:00,0.538,0.538,0.525,0.533,554322.8
2023-09-17 20:00:00,0.533,0.535,0.525,0.532,370138.7
2023-09-18 00:00:00,0.533,0.542,0.524,0.539,627069.7
2023-09-18 04:00:00,0.54,0.546,0.538,0.545,629015.9
2023-09-18 08:00:00,0.545,0.562,0.545,0.56,1259833.3
2023-09-18 12:00:00,0.56,0.563,0.551,0.555,601376.3
2023-09-18 16:00:00,0.555,0.555,0.541,0.544,539864.8
2023-09-18 20:00:00,0.544,0.547,0.541,0.545,203898.2
2023-09-19 00:00:00,0.544,0.553,0.539,0.55,347125.2
2023-09-19 04:00:00,0.55,0.565,0.549,0.558,601173.1
2023-09-19 08:00:00,0.557,0.564,0.555,0.562,417022.0
2023-09-19 12:00:00,0.562,0.563,0.553,0.558,362684.4
2023-09-19 16:00:00,0.558,0.559,0.55,0.556,189217.4
2023-09-19 20:00:00,0.556,0.567,0.554,0.564,187076.9
2023-09-20 00:00:00,0.565,0.573,0.56,0.562,478344.3
2023-09-20 04:00:00,0.563,0.572,0.56,0.571,344347.6
2023-09-20 08:00:00,0.572,0.572,0.558,0.569,638267.0
2023-09-20 12:00:00,0.569,0.592,0.567,0.589,1452866.4
2023-09-20 16:00:00,0.589,0.595,0.573,0.587,1059757.1
2023-09-20 20:00:00,0.587,0.609,0.585,0.603,793001.4
2023-09-21 00:00:00,0.603,0.621,0.594,0.618,1788184.5
2023-09-21 04:00:00,0.617,0.624,0.6,0.608,1455324.1
2023-09-21 08:00:00,0.608,0.62,0.59,0.596,1723926.0
2023-09-21 12:00:00,0.596,0.617,0.595,0.614,891790.3
2023-09-21 16:00:00,0.614,0.622,0.607,0.619,594742.6
2023-09-21 20:00:00,0.62,0.63,0.613,0.627,1036527.4
2023-09-22 00:00:00,0.626,0.63,0.596,0.611,1496853.0
2023-09-22 04:00:00,0.61,0.635,0.609,0.633,1145271.8
2023-09-22 08:00:00,0.633,0.638,0.626,0.633,664684.3
2023-09-22 12:00:00,0.634,0.65,0.632,0.644,1521765.3
2023-09-22 16:00:00,0.644,0.665,0.641,0.656,791877.7
2023-09-22 20:00:00,0.656,0.659,0.645,0.653,542608.9
2023-09-23 00:00:00,0.653,0.653,0.634,0.643,650104.4
2023-09-23 04:00:00,0.643,0.676,0.639,0.66,1324295.7
2023-09-23 08:00:00,0.66,0.665,0.656,0.663,531383.9
2023-09-23 12:00:00,0.663,0.664,0.638,0.641,735481.3
2023-09-23 16:00:00,0.641,0.656,0.637,0.655,476481.4
2023-09-23 20:00:00,0.656,0.657,0.648,0.65,139018.9
2023-09-24 00:00:00,0.651,0.651,0.635,0.635,426785.4
2023-09-24 04:00:00,0.636,0.637,0.625,0.631,354770.3
2023-09-24 08:00:00,0.631,0.64,0.63,0.636,450471.5
2023-09-24 12:00:00,0.636,0.647,0.633,0.643,241216.3
2023-09-24 16:00:00,0.644,0.695,0.643,0.686,2262611.0
2023-09-24 20:00:00,0.687,0.717,0.683,0.695,2323781.4
2023-09-25 00:00:00,0.695,0.71,0.684,0.686,1699732.7
2023-09-25 04:00:00,0.686,0.689,0.643,0.654,1709288.0
2023-09-25 08:00:00,0.654,0.668,0.648,0.668,890323.1
2023-09-25 12:00:00,0.668,0.695,0.668,0.69,1576802.1
2023-09-25 16:00:00,0.691,0.7,0.686,0.69,504288.0
2023-09-25 20:00:00,0.69,0.696,0.682,0.688,503119.5
2023-09-26 00:00:00,0.687,0.705,0.685,0.701,506875.8
2023-09-26 04:00:00,0.701,0.701,0.686,0.692,503027.6
2023-09-26 08:00:00,0.693,0.696,0.677,0.684,514775.2
2023-09-26 12:00:00,0.685,0.695,0.68,0.68,599105.1
2023-09-26 16:00:00,0.679,0.683,0.669,0.681,431642.8
2023-09-26 20:00:00,0.681,0.713,0.673,0.711,703929.2
2023-09-27 00:00:00,0.711,0.726,0.696,0.703,561361.7
2023-09-27 04:00:00,0.703,0.716,0.697,0.715,478421.4
2023-09-27 08:00:00,0.715,0.749,0.711,0.744,1457902.7
2023-09-27 12:00:00,0.745,0.752,0.726,0.745,1440681.6
2023-09-27 16:00:00,0.745,0.778,0.743,0.769,2901875.2
2023-09-27 20:00:00,0.769,0.8,0.76,0.796,2764606.5
2023-09-28 00:00:00,0.795,0.802,0.767,0.772,1695259.0
2023-09-28 04:00:00,0.772,0.823,0.765,0.818,2261116.8
2023-09-28 08:00:00,0.819,0.825,0.796,0.816,2565014.0
2023-09-28 12:00:00,0.816,0.844,0.787,0.79,3155970.9
2023-09-28 16:00:00,0.79,0.793,0.693,0.693,4100254.8
2023-09-28 20:00:00,0.693,0.694,0.621,0.63,5390008.3
2023-09-29 00:00:00,0.63,0.64,0.608,0.635,3142840.5
2023-09-29 04:00:00,0.636,0.674,0.624,0.654,5490827.9
2023-09-29 08:00:00,0.654,0.676,0.651,0.66,3488469.8
2023-09-29 12:00:00,0.661,0.662,0.627,0.631,4271242.8
2023-09-29 16:00:00,0.632,0.644,0.62,0.632,2644252.0
2023-09-29 20:00:00,0.632,0.637,0.626,0.631,619273.1
2023-09-30 00:00:00,0.631,0.635,0.588,0.602,2718965.2
2023-09-30 04:00:00,0.602,0.614,0.597,0.612,1428375.2
2023-09-30 08:00:00,0.613,0.613,0.599,0.6,803808.4
2023-09-30 12:00:00,0.601,0.606,0.599,0.603,769647.8
2023-09-30 16:00:00,0.603,0.606,0.599,0.6,399124.2
2023-09-30 20:00:00,0.6,0.608,0.592,0.604,776975.4
2023-10-01 00:00:00,0.603,0.62,0.6,0.611,1035217.8
2023-10-01 04:00:00,0.612,0.624,0.611,0.615,1227390.1
2023-10-01 08:00:00,0.616,0.617,0.608,0.612,690039.9
2023-10-01 12:00:00,0.612,0.617,0.61,0.613,355135.5
2023-10-01 16:00:00,0.613,0.615,0.604,0.61,411259.2
2023-10-01 20:00:00,0.609,0.625,0.607,0.62,737578.7
2023-10-02 00:00:00,0.62,0.63,0.615,0.626,692990.2
2023-10-02 04:00:00,0.627,0.628,0.611,0.623,597301.8
2023-10-02 08:00:00,0.623,0.627,0.614,0.614,719257.1
2023-10-02 12:00:00,0.614,0.618,0.595,0.601,747261.4
2023-10-02 16:00:00,0.6,0.612,0.554,0.586,1695803.6
2023-10-02 20:00:00,0.586,0.591,0.577,0.588,475447.7
2023-10-03 00:00:00,0.588,0.597,0.586,0.591,403466.5
2023-10-03 04:00:00,0.59,0.591,0.581,0.586,292715.1
2023-10-03 08:00:00,0.586,0.589,0.579,0.582,296221.2
2023-10-03 12:00:00,0.581,0.582,0.566,0.576,621270.7
2023-10-03 16:00:00,0.576,0.58,0.568,0.572,247065.5
2023-10-03 20:00:00,0.572,0.576,0.567,0.572,323365.6
2023-10-04 00:00:00,0.571,0.573,0.543,0.566,1167805.1
2023-10-04 04:00:00,0.566,0.584,0.565,0.58,370896.1
2023-10-04 08:00:00,0.581,0.594,0.578,0.591,935804.2
2023-10-04 12:00:00,0.591,0.604,0.584,0.592,1251040.0
2023-10-04 16:00:00,0.592,0.602,0.589,0.592,652437.6
2023-10-04 20:00:00,0.592,0.595,0.589,0.589,310397.5
2023-10-05 00:00:00,0.589,0.59,0.573,0.581,559543.8
2023-10-05 04:00:00,0.582,0.595,0.581,0.589,392480.5
2023-10-05 08:00:00,0.589,0.597,0.586,0.592,389689.8
2023-10-05 12:00:00,0.592,0.594,0.574,0.579,437179.7
2023-10-05 16:00:00,0.579,0.583,0.572,0.579,235320.0
2023-10-05 20:00:00,0.578,0.589,0.578,0.579,177341.4
2023-10-06 00:00:00,0.58,0.586,0.579,0.582,160150.7
2023-10-06 04:00:00,0.582,0.592,0.579,0.589,258735.0
2023-10-06 08:00:00,0.589,0.596,0.587,0.587,334815.0
2023-10-06 12:00:00,0.587,0.604,0.583,0.601,484536.0
2023-10-06 16:00:00,0.601,0.604,0.596,0.6,461050.4
2023-10-06 20:00:00,0.6,0.607,0.595,0.595,672065.3
2023-10-07 00:00:00,0.596,0.597,0.588,0.591,287638.8
2023-10-07 04:00:00,0.591,0.595,0.587,0.589,221636.1
2023-10-07 08:00:00,0.589,0.592,0.586,0.587,154223.4
2023-10-07 12:00:00,0.588,0.594,0.587,0.589,201464.7
2023-10-07 16:00:00,0.589,0.59,0.582,0.584,237718.7
2023-10-07 20:00:00,0.584,0.592,0.584,0.588,171893.8
2023-10-08 00:00:00,0.588,0.595,0.587,0.591,123836.1
2023-10-08 04:00:00,0.592,0.593,0.582,0.585,371869.1
2023-10-08 08:00:00,0.584,0.588,0.576,0.578,212552.1
2023-10-08 12:00:00,0.579,0.584,0.577,0.581,135348.6
2023-10-08 16:00:00,0.581,0.587,0.58,0.585,76626.9
2023-10-08 20:00:00,0.586,0.587,0.582,0.585,126289.0
2023-10-09 00:00:00,0.584,0.59,0.58,0.588,294230.0
2023-10-09 04:00:00,0.588,0.591,0.584,0.584,227702.0
2023-10-09 08:00:00,0.584,0.585,0.55,0.562,1399578.4
2023-10-09 12:00:00,0.562,0.568,0.56,0.561,268824.4
2023-10-09 16:00:00,0.561,0.571,0.545,0.57,728478.0
2023-10-09 20:00:00,0.57,0.577,0.57,0.572,339849.1
2023-10-10 00:00:00,0.572,0.576,0.568,0.57,342907.7
2023-10-10 04:00:00,0.569,0.57,0.565,0.565,145083.2
2023-10-10 08:00:00,0.566,0.575,0.562,0.563,862658.7
2023-10-10 12:00:00,0.563,0.569,0.56,0.563,193669.3
2023-10-10 16:00:00,0.563,0.567,0.561,0.565,119633.1
2023-10-10 20:00:00,0.565,0.568,0.556,0.562,195379.3
2023-10-11 00:00:00,0.563,0.565,0.54,0.548,574349.7
2023-10-11 04:00:00,0.547,0.55,0.538,0.541,433575.6
2023-10-11 08:00:00,0.541,0.549,0.536,0.543,480208.2
2023-10-11 12:00:00,0.543,0.545,0.534,0.54,282200.7
2023-10-11 16:00:00,0.539,0.543,0.536,0.538,164506.6
2023-10-11 20:00:00,0.538,0.544,0.536,0.543,148242.1
2023-10-12 00:00:00,0.543,0.546,0.54,0.544,238606.0
2023-10-12 04:00:00,0.544,0.559,0.543,0.552,1300809.6
2023-10-12 08:00:00,0.552,0.554,0.537,0.545,448619.4
2023-10-12 12:00:00,0.546,0.547,0.54,0.545,269230.5
2023-10-12 16:00:00,0.545,0.548,0.542,0.542,197895.6
2023-10-12 20:00:00,0.542,0.548,0.541,0.547,113588.3
2023-10-13 00:00:00,0.546,0.55,0.544,0.545,216750.1
2023-10-13 04:00:00,0.545,0.548,0.542,0.545,233269.4
2023-10-13 08:00:00,0.545,0.549,0.543,0.545,134344.4
2023-10-13 12:00:00,0.546,0.554,0.546,0.551,294052.1
2023-10-13 16:00:00,0.551,0.555,0.547,0.547,187848.3
2023-10-13 20:00:00,0.547,0.559,0.546,0.552,210984.0
2023-10-14 00:00:00,0.552,0.555,0.55,0.553,73680.0
2023-10-14 04:00:00,0.553,0.554,0.548,0.549,172547.3
2023-10-14 08:00:00,0.549,0.552,0.547,0.548,226846.1
2023-10-14 12:00:00,0.548,0.553,0.547,0.552,178224.4
2023-10-14 16:00:00,0.553,0.57,0.553,0.561,551139.8
2023-10-14 20:00:00,0.562,0.563,0.555,0.556,191307.7
2023-10-15 00:00:00,0.555,0.563,0.552,0.561,313707.8
2023-10-15 04:00:00,0.562,0.574,0.559,0.571,408488.2
2023-10-15 08:00:00,0.572,0.578,0.57,0.573,409368.9
2023-10-15 12:00:00,0.573,0.581,0.565,0.577,646888.3
2023-10-15 16:00:00,0.577,0.583,0.572,0.574,367253.2
2023-10-15 20:00:00,0.574,0.579,0.57,0.571,185411.9
2023-10-16 00:00:00,0.572,0.576,0.568,0.57,244438.8
2023-10-16 04:00:00,0.57,0.58,0.568,0.576,357308.2
2023-10-16 08:00:00,0.575,0.577,0.569,0.572,179275.2
2023-10-16 12:00:00,0.571,0.586,0.567,0.568,1021628.0
2023-10-16 16:00:00,0.568,0.573,0.564,0.572,146532.5
2023-10-16 20:00:00,0.572,0.574,0.568,0.571,101061.8
2023-10-17 00:00:00,0.571,0.576,0.567,0.576,203879.1
2023-10-17 04:00:00,0.575,0.575,0.558,0.565,597429.1
2023-10-17 08:00:00,0.565,0.568,0.562,0.564,148826.2
2023-10-17 12:00:00,0.563,0.563,0.54,0.552,740728.4
2023-10-17 16:00:00,0.552,0.553,0.544,0.546,194712.4
2023-10-17 20:00:00,0.547,0.55,0.544,0.549,107677.8
2023-10-18 00:00:00,0.549,0.55,0.541,0.548,194127.2
2023-10-18 04:00:00,0.548,0.562,0.547,0.548,598660.2
2023-10-18 08:00:00,0.549,0.551,0.544,0.546,362479.7
2023-10-18 12:00:00,0.546,0.547,0.539,0.54,507324.9
2023-10-18 16:00:00,0.539,0.539,0.532,0.534,550685.4
2023-10-18 20:00:00,0.533,0.535,0.526,0.533,327776.4
2023-10-19 00:00:00,0.533,0.536,0.525,0.529,458537.1
2023-10-19 04:00:00,0.529,0.534,0.527,0.532,169171.7
2023-10-19 08:00:00,0.532,0.533,0.528,0.53,177667.6
2023-10-19 12:00:00,0.53,0.532,0.527,0.528,205231.4
2023-10-19 16:00:00,0.528,0.531,0.525,0.528,189781.3
2023-10-19 20:00:00,0.528,0.531,0.525,0.529,112855.0
2023-10-20 00:00:00,0.53,0.542,0.524,0.538,281922.9
2023-10-20 04:00:00,0.539,0.545,0.535,0.537,231469.1
2023-10-20 08:00:00,0.538,0.552,0.538,0.541,321112.1
2023-10-20 12:00:00,0.542,0.547,0.539,0.544,254017.5
2023-10-20 16:00:00,0.544,0.549,0.542,0.546,117389.9
2023-10-20 20:00:00,0.546,0.548,0.543,0.543,52629.1
2023-10-21 00:00:00,0.544,0.546,0.543,0.545,97291.7
2023-10-21 04:00:00,0.546,0.581,0.546,0.579,1186169.2
2023-10-21 08:00:00,0.579,0.6,0.573,0.598,3355524.7
2023-10-21 12:00:00,0.598,0.628,0.595,0.625,6498358.4
2023-10-21 16:00:00,0.625,0.657,0.622,0.651,4886546.2
2023-10-21 20:00:00,0.651,0.681,0.642,0.663,5909729.4
2023-10-22 00:00:00,0.663,0.71,0.657,0.669,7997300.3
2023-10-22 04:00:00,0.669,0.717,0.652,0.699,6901700.6
2023-10-22 08:00:00,0.699,0.71,0.684,0.697,4185145.2
2023-10-22 12:00:00,0.696,0.73,0.696,0.725,6390463.1
2023-10-22 16:00:00,0.726,0.792,0.721,0.773,12512319.4
2023-10-22 20:00:00,0.773,0.78,0.753,0.771,3184692.6
2023-10-23 00:00:00,0.77,0.817,0.756,0.783,5872141.1
2023-10-23 04:00:00,0.784,0.805,0.768,0.79,3443434.9
2023-10-23 08:00:00,0.789,0.82,0.783,0.814,3506042.6
2023-10-23 12:00:00,0.813,0.85,0.787,0.839,4562597.9
2023-10-23 16:00:00,0.838,0.927,0.815,0.901,6742917.1
2023-10-23 20:00:00,0.902,0.98,0.878,0.955,5806044.0
2023-10-24 00:00:00,0.955,0.959,0.883,0.891,4890597.1
2023-10-24 04:00:00,0.891,0.907,0.82,0.863,3904260.6
2023-10-24 08:00:00,0.862,0.931,0.856,0.928,2273139.2
2023-10-24 12:00:00,0.928,0.928,0.852,0.877,2711004.0
2023-10-24 16:00:00,0.877,0.943,0.867,0.93,1388300.4
2023-10-24 20:00:00,0.93,1.041,0.916,1.023,1998920.2
2023-10-25 00:00:00,1.022,1.027,0.951,0.979,3152370.7
2023-10-25 04:00:00,0.979,1.0,0.946,0.981,3508986.3
2023-10-25 08:00:00,0.98,1.017,0.96,1.005,3538741.1
2023-10-25 12:00:00,1.007,1.279,0.995,1.27,9743179.6
2023-10-25 16:00:00,1.27,1.389,0.794,0.866,25855915.0
2023-10-25 20:00:00,0.869,0.95,0.865,0.924,5408264.2
2023-10-26 00:00:00,0.923,0.94,0.883,0.9,3209126.8
2023-10-26 04:00:00,0.9,0.913,0.86,0.897,2605298.9
2023-10-26 08:00:00,0.897,0.91,0.872,0.899,3272614.1
2023-10-26 12:00:00,0.898,0.918,0.83,0.847,5520709.1
2023-10-26 16:00:00,0.847,0.851,0.777,0.786,2640421.5
2023-10-26 20:00:00,0.786,0.803,0.774,0.794,1801441.5
2023-10-27 00:00:00,0.795,0.825,0.78,0.807,2376290.3
2023-10-27 04:00:00,0.808,0.811,0.789,0.791,862002.6
2023-10-27 08:00:00,0.792,0.806,0.787,0.796,939115.8
2023-10-27 12:00:00,0.796,0.807,0.782,0.795,1529314.2
2023-10-27 16:00:00,0.795,0.799,0.758,0.787,1140632.0
2023-10-27 20:00:00,0.786,0.788,0.773,0.775,588848.1
2023-10-28 00:00:00,0.775,0.819,0.775,0.806,700502.4
2023-10-28 04:00:00,0.805,0.825,0.795,0.799,771971.0
2023-10-28 08:00:00,0.799,0.807,0.79,0.794,455093.6
2023-10-28 12:00:00,0.795,0.802,0.782,0.799,563120.3
2023-10-28 16:00:00,0.799,0.819,0.797,0.799,1164823.8
2023-10-28 20:00:00,0.798,0.808,0.796,0.806,300231.9
2023-10-29 00:00:00,0.806,0.813,0.784,0.788,460865.2
2023-10-29 04:00:00,0.788,0.793,0.785,0.789,201133.8
2023-10-29 08:00:00,0.789,0.802,0.786,0.789,648234.4
2023-10-29 12:00:00,0.79,0.804,0.788,0.795,672708.6
2023-10-29 16:00:00,0.796,0.801,0.788,0.796,639737.1
2023-10-29 20:00:00,0.796,0.806,0.793,0.796,510231.8
2023-10-30 00:00:00,0.797,0.844,0.792,0.833,1247032.6
2023-10-30 04:00:00,0.834,0.873,0.818,0.82,2560051.1
2023-10-30 08:00:00,0.82,0.886,0.81,0.84,2287434.0
2023-10-30 12:00:00,0.84,0.841,0.824,0.837,713916.8
2023-10-30 16:00:00,0.838,0.842,0.813,0.84,673971.7
2023-10-30 20:00:00,0.841,0.844,0.83,0.832,259823.6
2023-10-31 00:00:00,0.831,0.864,0.827,0.843,859319.4
2023-10-31 04:00:00,0.843,0.896,0.84,0.857,1865433.9
2023-10-31 08:00:00,0.858,0.865,0.833,0.853,970798.1
2023-10-31 12:00:00,0.854,0.855,0.798,0.815,1376192.8
2023-10-31 16:00:00,0.815,0.839,0.809,0.826,471601.1
2023-10-31 20:00:00,0.827,0.843,0.825,0.834,441297.1
2023-11-01 00:00:00,0.835,0.854,0.827,0.851,607633.5
2023-11-01 04:00:00,0.851,0.858,0.818,0.852,778997.1
2023-11-01 08:00:00,0.853,0.877,0.85,0.862,1686184.3
2023-11-01 12:00:00,0.863,0.89,0.856,0.879,2320428.1
2023-11-01 16:00:00,0.879,0.916,0.86,0.907,1627813.1
2023-11-01 20:00:00,0.908,0.931,0.892,0.903,1310448.7
2023-11-02 00:00:00,0.902,0.915,0.894,0.907,753250.0
2023-11-02 04:00:00,0.907,0.907,0.881,0.892,541082.5
2023-11-02 08:00:00,0.892,0.913,0.883,0.911,1623085.6
2023-11-02 12:00:00,0.912,0.912,0.847,0.853,1353087.5
2023-11-02 16:00:00,0.852,0.907,0.839,0.906,801879.4
2023-11-02 20:00:00,0.906,0.909,0.88,0.889,189797.4
2023-11-03 00:00:00,0.888,0.889,0.843,0.863,522531.8
2023-11-03 04:00:00,0.862,0.905,0.854,0.89,424253.5
2023-11-03 08:00:00,0.891,0.896,0.862,0.891,529937.3
2023-11-03 12:00:00,0.892,0.936,0.888,0.922,1479009.8
2023-11-03 16:00:00,0.923,0.926,0.89,0.899,437620.9
2023-11-03 20:00:00,0.9,0.9,0.884,0.893,196886.9
2023-11-04 00:00:00,0.893,0.928,0.887,0.918,566138.8
2023-11-04 04:00:00,0.918,0.922,0.904,0.904,602461.7
2023-11-04 08:00:00,0.905,0.914,0.898,0.904,464558.5
2023-11-04 12:00:00,0.904,0.914,0.894,0.896,373126.2
2023-11-04 16:00:00,0.896,0.901,0.889,0.89,264605.7
2023-11-04 20:00:00,0.89,0.911,0.887,0.904,277007.1
2023-11-05 00:00:00,0.904,0.916,0.893,0.913,697531.7
2023-11-05 04:00:00,0.913,0.916,0.902,0.909,355596.4
2023-11-05 08:00:00,0.909,0.923,0.905,0.915,516697.1
2023-11-05 12:00:00,0.915,0.919,0.861,0.867,911744.9
2023-11-05 16:00:00,0.866,0.873,0.853,0.856,654820.8
2023-11-05 20:00:00,0.857,0.858,0.822,0.841,909500.2
2023-11-06 00:00:00,0.841,0.855,0.815,0.821,1183622.7
2023-11-06 04:00:00,0.821,0.824,0.807,0.815,660497.1
2023-11-06 08:00:00,0.816,0.821,0.808,0.819,990690.9
2023-11-06 12:00:00,0.819,0.819,0.801,0.808,1303311.1
2023-11-06 16:00:00,0.807,0.813,0.791,0.813,776577.2
2023-11-06 20:00:00,0.813,0.816,0.798,0.811,581537.8
2023-11-07 00:00:00,0.811,0.835,0.797,0.834,1668486.1
2023-11-07 04:00:00,0.834,0.836,0.812,0.817,500416.8
2023-11-07 08:00:00,0.817,0.825,0.802,0.811,787304.7
2023-11-07 12:00:00,0.812,0.823,0.785,0.802,972960.7
2023-11-07 16:00:00,0.802,0.846,0.795,0.829,1244238.2
2023-11-07 20:00:00,0.829,0.833,0.818,0.823,317614.7
2023-11-08 00:00:00,0.823,0.825,0.81,0.811,291298.0
2023-11-08 04:00:00,0.811,0.82,0.811,0.813,362177.9
2023-11-08 08:00:00,0.812,0.816,0.807,0.812,251863.6
2023-11-08 12:00:00,0.811,0.819,0.802,0.815,671843.8
2023-11-08 16:00:00,0.814,0.829,0.812,0.825,727410.3
2023-11-08 20:00:00,0.826,0.83,0.818,0.827,302299.6
2023-11-09 00:00:00,0.827,0.924,0.819,0.922,4020222.1
2023-11-09 04:00:00,0.923,0.941,0.884,0.887,2677342.0
2023-11-09 08:00:00,0.888,0.897,0.874,0.887,1043027.1
2023-11-09 12:00:00,0.887,0.933,0.885,0.898,2928594.9
2023-11-09 16:00:00,0.899,0.906,0.762,0.844,2953470.1
2023-11-09 20:00:00,0.844,0.896,0.827,0.891,693481.3
2023-11-10 00:00:00,0.892,0.911,0.884,0.892,641204.8
2023-11-10 04:00:00,0.892,0.906,0.867,0.869,599562.3
2023-11-10 08:00:00,0.869,0.883,0.843,0.88,751801.0
2023-11-10 12:00:00,0.881,0.881,0.836,0.855,782575.9
2023-11-10 16:00:00,0.856,0.873,0.853,0.863,363228.3
2023-11-10 20:00:00,0.863,0.909,0.857,0.901,791532.7
2023-11-11 00:00:00,0.902,0.916,0.867,0.867,921057.0
2023-11-11 04:00:00,0.867,0.869,0.842,0.856,693525.5
2023-11-11 08:00:00,0.857,0.878,0.851,0.87,349552.7
2023-11-11 12:00:00,0.87,0.899,0.865,0.887,534604.3
2023-11-11 16:00:00,0.886,0.896,0.873,0.893,592825.2
2023-11-11 20:00:00,0.893,0.894,0.865,0.881,362010.1
2023-11-12 00:00:00,0.881,0.887,0.835,0.856,741160.2
2023-11-12 04:00:00,0.856,0.89,0.838,0.887,691725.5
2023-11-12 08:00:00,0.887,0.888,0.859,0.877,410055.2
2023-11-12 12:00:00,0.877,0.934,0.865,0.916,1324508.3
2023-11-12 16:00:00,0.916,0.931,0.903,0.922,549387.6
2023-11-12 20:00:00,0.919,0.946,0.916,0.933,637546.8
2023-11-13 00:00:00,0.934,1.021,0.92,0.927,2661792.7
2023-11-13 04:00:00,0.926,0.935,0.894,0.913,1439141.7
2023-11-13 08:00:00,0.914,0.944,0.909,0.919,1057267.7
2023-11-13 12:00:00,0.919,0.938,0.882,0.915,1527913.3
2023-11-13 16:00:00,0.914,0.923,0.888,0.917,463920.1
2023-11-13 20:00:00,0.916,0.921,0.867,0.874,484794.6
2023-11-14 00:00:00,0.874,0.876,0.848,0.871,619386.8
2023-11-14 04:00:00,0.87,0.879,0.865,0.874,286996.6
2023-11-14 08:00:00,0.874,0.877,0.826,0.834,832525.6
2023-11-14 12:00:00,0.834,0.855,0.82,0.828,1637613.3
2023-11-14 16:00:00,0.83,0.837,0.773,0.8,1547480.3
2023-11-14 20:00:00,0.799,0.815,0.798,0.809,600518.9
2023-11-15 00:00:00,0.808,0.822,0.805,0.806,510366.3
2023-11-15 04:00:00,0.806,0.825,0.804,0.823,413110.8
2023-11-15 08:00:00,0.822,0.837,0.819,0.836,661133.8
2023-11-15 12:00:00,0.837,0.839,0.817,0.833,692841.5
2023-11-15 16:00:00,0.832,0.839,0.811,0.838,840408.4
2023-11-15 20:00:00,0.84,0.84,0.822,0.832,316579.6
2023-11-16 00:00:00,0.832,0.846,0.828,0.845,663744.3
2023-11-16 04:00:00,0.845,0.847,0.828,0.836,440463.0
2023-11-16 08:00:00,0.836,0.841,0.816,0.818,644442.3
2023-11-16 12:00:00,0.818,0.826,0.785,0.811,1493118.9
2023-11-16 16:00:00,0.811,0.84,0.78,0.807,1337924.6
2023-11-16 20:00:00,0.807,0.818,0.793,0.808,410087.8
2023-11-17 00:00:00,0.808,0.84,0.807,0.835,1075183.4
2023-11-17 04:00:00,0.836,0.84,0.82,0.822,392200.8
2023-11-17 08:00:00,0.823,0.83,0.798,0.812,790460.6
2023-11-17 12:00:00,0.811,0.815,0.735,0.737,1880948.3
2023-11-17 16:00:00,0.736,0.77,0.735,0.757,524487.4
2023-11-17 20:00:00,0.758,0.774,0.752,0.77,310133.3
2023-11-18 00:00:00,0.769,0.771,0.749,0.749,441318.9
2023-11-18 04:00:00,0.75,0.756,0.716,0.738,686676.5
2023-11-18 08:00:00,0.738,0.739,0.724,0.729,586624.9
2023-11-18 12:00:00,0.73,0.749,0.719,0.748,640738.0
2023-11-18 16:00:00,0.748,0.758,0.739,0.753,330556.5
2023-11-18 20:00:00,0.753,0.767,0.747,0.762,471629.6
2023-11-19 00:00:00,0.763,0.775,0.74,0.772,433064.3
2023-11-19 04:00:00,0.773,0.786,0.765,0.78,443951.5
2023-11-19 08:00:00,0.781,0.8,0.773,0.798,1159437.1
2023-11-19 12:00:00,0.798,0.8,0.777,0.796,817296.3
2023-11-19 16:00:00,0.796,0.802,0.789,0.801,374164.4
2023-11-19 20:00:00,0.801,0.81,0.786,0.802,375660.2
2023-11-20 00:00:00,0.802,0.803,0.785,0.79,284521.1
2023-11-20 04:00:00,0.79,0.792,0.778,0.79,243741.0
2023-11-20 08:00:00,0.79,0.801,0.786,0.79,503240.4
2023-11-20 12:00:00,0.79,0.799,0.767,0.795,724745.6
2023-11-20 16:00:00,0.795,0.807,0.778,0.783,584079.5
2023-11-20 20:00:00,0.783,0.792,0.768,0.788,399819.7
2023-11-21 00:00:00,0.789,0.814,0.786,0.798,718676.0
2023-11-21 04:00:00,0.798,0.814,0.785,0.788,767253.8
2023-11-21 08:00:00,0.788,0.809,0.785,0.805,424571.9
2023-11-21 12:00:00,0.805,0.818,0.772,0.81,1555642.3
2023-11-21 16:00:00,0.809,0.814,0.758,0.794,2080451.3
2023-11-21 20:00:00,0.794,0.818,0.765,0.783,2010061.7
2023-11-22 00:00:00,0.782,0.846,0.78,0.837,1968715.9
2023-11-22 04:00:00,0.837,0.89,0.832,0.867,3011471.5
2023-11-22 08:00:00,0.867,0.888,0.855,0.858,2143077.9
2023-11-22 12:00:00,0.858,0.864,0.82,0.838,1360336.7
2023-11-22 16:00:00,0.836,0.848,0.812,0.847,1016028.7
2023-11-22 20:00:00,0.847,0.857,0.84,0.843,549868.6
2023-11-23 00:00:00,0.843,0.871,0.834,0.863,803472.3
2023-11-23 04:00:00,0.862,0.867,0.837,0.839,586529.4
2023-11-23 08:00:00,0.839,0.848,0.823,0.829,932016.6
2023-11-23 12:00:00,0.83,0.835,0.822,0.829,468102.6
2023-11-23 16:00:00,0.828,0.853,0.828,0.847,499343.8
2023-11-23 20:00:00,0.848,0.859,0.845,0.851,332239.7
2023-11-24 00:00:00,0.852,0.86,0.844,0.852,363010.3
2023-11-24 04:00:00,0.853,0.862,0.845,0.854,448098.7
2023-11-24 08:00:00,0.855,0.862,0.84,0.842,589377.8
2023-11-24 12:00:00,0.842,0.843,0.813,0.834,980638.9
2023-11-24 16:00:00,0.833,0.843,0.815,0.841,802250.0
2023-11-24 20:00:00,0.841,0.846,0.824,0.83,438811.2
2023-11-25 00:00:00,0.831,0.904,0.82,0.888,2206368.4
2023-11-25 04:00:00,0.888,0.938,0.888,0.917,3806900.2
2023-11-25 08:00:00,0.917,0.926,0.896,0.914,1401313.5
2023-11-25 12:00:00,0.914,0.937,0.902,0.91,1583962.1
2023-11-25 16:00:00,0.909,0.929,0.905,0.923,948168.9
2023-11-25 20:00:00,0.923,0.954,0.918,0.948,1471010.2
2023-11-26 00:00:00,0.948,0.964,0.913,0.924,1533197.5
2023-11-26 04:00:00,0.924,0.955,0.924,0.93,1221243.9
2023-11-26 08:00:00,0.93,0.947,0.925,0.945,713682.4
2023-11-26 12:00:00,0.946,0.967,0.92,0.931,1763176.9
2023-11-26 16:00:00,0.931,0.944,0.893,0.938,1186496.8
2023-11-26 20:00:00,0.936,0.94,0.925,0.926,399383.8
2023-11-27 00:00:00,0.926,0.944,0.902,0.908,713081.6
2023-11-27 04:00:00,0.907,0.911,0.859,0.865,1109436.0
2023-11-27 08:00:00,0.863,0.869,0.84,0.85,1444660.5
2023-11-27 12:00:00,0.852,0.875,0.84,0.861,915719.8
2023-11-27 16:00:00,0.861,0.87,0.83,0.842,609176.1
2023-11-27 20:00:00,0.842,0.854,0.83,0.846,314755.7
2023-11-28 00:00:00,0.846,0.855,0.84,0.844,379781.0
2023-11-28 04:00:00,0.844,0.846,0.816,0.826,814617.0
2023-11-28 08:00:00,0.826,0.837,0.816,0.836,482420.5
2023-11-28 12:00:00,0.837,0.838,0.822,0.833,443059.6
2023-11-28 16:00:00,0.833,0.843,0.825,0.836,559763.2
2023-11-28 20:00:00,0.836,0.837,0.822,0.831,325248.2
2023-11-29 00:00:00,0.832,0.842,0.823,0.826,412110.8
2023-11-29 04:00:00,0.826,0.833,0.823,0.826,340808.1
2023-11-29 08:00:00,0.826,0.84,0.813,0.82,807016.8
2023-11-29 12:00:00,0.82,0.832,0.814,0.823,355384.8
2023-11-29 16:00:00,0.823,0.832,0.814,0.83,307875.1
2023-11-29 20:00:00,0.83,0.831,0.819,0.823,396387.9
2023-11-30 00:00:00,0.822,0.831,0.813,0.83,242711.7
2023-11-30 04:00:00,0.83,0.832,0.81,0.811,530228.8
2023-11-30 08:00:00,0.811,0.819,0.806,0.816,314794.2
2023-11-30 12:00:00,0.816,0.824,0.809,0.813,357165.9
2023-11-30 16:00:00,0.813,0.826,0.811,0.822,217439.4
2023-11-30 20:00:00,0.821,0.828,0.817,0.827,175069.7
2023-12-01 00:00:00,0.827,0.885,0.826,0.871,1539023.0
2023-12-01 04:00:00,0.87,0.882,0.856,0.869,994115.8
2023-12-01 08:00:00,0.87,0.875,0.833,0.846,872168.1
2023-12-01 12:00:00,0.846,0.859,0.843,0.85,501377.6
2023-12-01 16:00:00,0.85,0.857,0.841,0.851,317333.5
2023-12-01 20:00:00,0.852,0.852,0.839,0.843,184303.6
2023-12-02 00:00:00,0.844,0.85,0.841,0.848,311286.7
2023-12-02 04:00:00,0.848,0.855,0.847,0.851,352544.9
2023-12-02 08:00:00,0.85,0.855,0.847,0.85,230143.4
2023-12-02 12:00:00,0.85,0.863,0.846,0.855,294846.0
2023-12-02 16:00:00,0.855,0.868,0.854,0.863,421981.1
2023-12-02 20:00:00,0.864,0.875,0.863,0.874,281850.0
2023-12-03 00:00:00,0.873,0.874,0.855,0.865,398819.0
2023-12-03 04:00:00,0.864,0.864,0.85,0.856,295881.6
2023-12-03 08:00:00,0.857,0.859,0.844,0.85,357930.1
2023-12-03 12:00:00,0.851,0.852,0.832,0.84,430999.6
2023-12-03 16:00:00,0.84,0.845,0.836,0.841,123137.8
2023-12-03 20:00:00,0.841,0.859,0.841,0.847,231961.5
2023-12-04 00:00:00,0.848,0.93,0.842,0.91,1468318.3
2023-12-04 04:00:00,0.911,0.969,0.902,0.965,3178732.3
2023-12-04 08:00:00,0.964,1.003,0.85,0.982,4399423.1
2023-12-04 12:00:00,0.983,0.989,0.915,0.946,3129835.8
2023-12-04 16:00:00,0.946,1.008,0.939,0.989,2469704.9
2023-12-04 20:00:00,0.989,1.037,0.986,1.029,1222767.5
2023-12-05 00:00:00,1.027,1.065,0.992,1.044,2325633.8
2023-12-05 04:00:00,1.043,1.19,1.03,1.169,6222537.8
2023-12-05 08:00:00,1.168,1.182,1.085,1.138,4655346.3
2023-12-05 12:00:00,1.138,1.248,1.132,1.214,7245307.9
2023-12-05 16:00:00,1.215,1.345,1.153,1.277,6247811.2
2023-12-05 20:00:00,1.277,1.38,1.232,1.268,6286428.8
2023-12-06 00:00:00,1.269,1.286,1.199,1.218,3398865.8
2023-12-06 04:00:00,1.219,1.226,1.137,1.166,2095844.9
2023-12-06 08:00:00,1.166,1.176,1.058,1.087,2705191.2
2023-12-06 12:00:00,1.086,1.101,1.037,1.047,1191541.4
2023-12-06 16:00:00,1.048,1.061,1.023,1.049,2700551.1
2023-12-06 20:00:00,1.048,1.049,1.003,1.012,1243980.1
2023-12-07 00:00:00,1.012,1.029,1.004,1.02,862345.7
2023-12-07 04:00:00,1.02,1.04,1.017,1.031,936766.3
2023-12-07 08:00:00,1.03,1.033,0.985,1.007,1355988.0
2023-12-07 12:00:00,1.007,1.019,1.002,1.012,579013.0
2023-12-07 16:00:00,1.013,1.032,1.003,1.01,805500.5
2023-12-07 20:00:00,1.01,1.024,1.004,1.018,364585.4
2023-12-08 00:00:00,1.018,1.022,0.994,1.011,630236.9
2023-12-08 04:00:00,1.01,1.025,0.992,1.003,683038.5
2023-12-08 08:00:00,1.002,1.007,0.989,0.998,571550.9
2023-12-08 12:00:00,0.998,1.006,0.99,1.001,542860.2
2023-12-08 16:00:00,1.0,1.018,0.989,1.017,877118.4
2023-12-08 20:00:00,1.017,1.028,1.009,1.028,581621.4
2023-12-09 00:00:00,1.028,1.056,1.025,1.031,928858.2
2023-12-09 04:00:00,1.031,1.037,1.017,1.036,418463.0
2023-12-09 08:00:00,1.036,1.043,0.995,1.012,1104509.8
2023-12-09 12:00:00,1.012,1.017,0.994,1.015,763693.6
2023-12-09 16:00:00,1.015,1.019,0.995,1.014,485468.1
2023-12-09 20:00:00,1.013,1.026,0.968,0.994,817695.8
2023-12-10 00:00:00,0.994,1.009,0.994,1.007,422706.9
2023-12-10 04:00:00,1.006,1.009,0.992,1.003,290379.1
2023-12-10 08:00:00,1.001,1.002,0.967,0.984,656159.0
2023-12-10 12:00:00,0.983,0.998,0.982,0.995,292427.9
2023-12-10 16:00:00,0.996,1.006,0.99,1.006,164514.7
2023-12-10 20:00:00,1.007,1.034,1.004,1.017,324317.5
2023-12-11 00:00:00,1.017,1.019,0.877,0.929,1752619.8
2023-12-11 04:00:00,0.928,0.935,0.902,0.929,619446.6
2023-12-11 08:00:00,0.929,0.957,0.925,0.937,644255.2
2023-12-11 12:00:00,0.937,0.944,0.918,0.931,601226.9
2023-12-11 16:00:00,0.93,0.932,0.886,0.911,926581.2
2023-12-11 20:00:00,0.911,0.945,0.903,0.937,393952.8
2023-12-12 00:00:00,0.938,0.965,0.938,0.958,389456.0
2023-12-12 04:00:00,0.959,0.964,0.938,0.957,584032.6
2023-12-12 08:00:00,0.957,0.957,0.939,0.939,818898.4
2023-12-12 12:00:00,0.939,0.955,0.92,0.938,970065.7
2023-12-12 16:00:00,0.938,0.949,0.915,0.939,991495.1
2023-12-12 20:00:00,0.939,0.948,0.924,0.946,192050.2
2023-12-13 00:00:00,0.947,0.949,0.898,0.901,695275.4
2023-12-13 04:00:00,0.901,0.916,0.885,0.906,596177.3
2023-12-13 08:00:00,0.906,0.918,0.902,0.905,235798.6
2023-12-13 12:00:00,0.905,0.947,0.905,0.942,404749.0
2023-12-13 16:00:00,0.943,0.965,0.923,0.961,633653.1
2023-12-13 20:00:00,0.961,0.965,0.949,0.955,253186.4
2023-12-14 00:00:00,0.956,0.96,0.946,0.953,275117.6
2023-12-14 04:00:00,0.953,0.962,0.942,0.954,326150.9
2023-12-14 08:00:00,0.953,0.968,0.944,0.966,235684.2
2023-12-14 12:00:00,0.966,0.97,0.906,0.967,1053832.6
2023-12-14 16:00:00,0.967,0.993,0.958,0.967,743609.1
2023-12-14 20:00:00,0.965,0.976,0.959,0.971,179125.9
2023-12-15 00:00:00,0.97,0.977,0.959,0.969,388782.3
2023-12-15 04:00:00,0.969,0.979,0.951,0.966,350571.7
2023-12-15 08:00:00,0.966,0.969,0.953,0.953,276716.7
2023-12-15 12:00:00,0.953,0.956,0.922,0.931,861649.4
2023-12-15 16:00:00,0.93,0.947,0.928,0.94,184289.8
2023-12-15 20:00:00,0.941,0.95,0.904,0.91,551642.7
2023-12-16 00:00:00,0.911,0.94,0.906,0.94,227965.5
2023-12-16 04:00:00,0.939,0.945,0.934,0.941,111877.0
2023-12-16 08:00:00,0.942,0.975,0.94,0.972,278398.1
2023-12-16 12:00:00,0.972,0.997,0.96,0.969,749334.8
2023-12-16 16:00:00,0.969,0.979,0.957,0.964,359962.2
2023-12-16 20:00:00,0.964,0.976,0.957,0.968,214586.0
2023-12-17 00:00:00,0.968,0.977,0.954,0.96,309565.9
2023-12-17 04:00:00,0.959,0.995,0.941,0.948,660897.9
2023-12-17 08:00:00,0.948,0.971,0.945,0.96,367594.5
2023-12-17 12:00:00,0.96,0.973,0.941,0.961,377905.2
2023-12-17 16:00:00,0.961,1.03,0.958,0.979,2074458.2
2023-12-17 20:00:00,0.98,0.986,0.952,0.957,304280.0
2023-12-18 00:00:00,0.959,0.972,0.9,0.921,938989.1
2023-12-18 04:00:00,0.921,0.931,0.898,0.904,677425.0
2023-12-18 08:00:00,0.903,0.913,0.863,0.893,945836.4
2023-12-18 12:00:00,0.893,1.003,0.886,0.99,2074721.0
2023-12-18 16:00:00,0.991,1.053,0.969,1.038,2196063.4
2023-12-18 20:00:00,1.04,1.12,1.029,1.099,1321625.4
2023-12-19 00:00:00,1.1,1.197,1.077,1.128,2951591.2
2023-12-19 04:00:00,1.127,1.148,1.06,1.077,1277973.6
2023-12-19 08:00:00,1.077,1.117,1.071,1.094,1053333.6
2023-12-19 12:00:00,1.095,1.169,1.081,1.168,1854294.1
2023-12-19 16:00:00,1.167,1.191,1.104,1.133,2038015.4
2023-12-19 20:00:00,1.134,1.154,1.111,1.112,430688.7
2023-12-20 00:00:00,1.111,1.16,1.103,1.149,988964.7
2023-12-20 04:00:00,1.148,1.165,1.092,1.102,833154.6
2023-12-20 08:00:00,1.102,1.109,1.077,1.08,511413.4
2023-12-20 12:00:00,1.08,1.118,1.074,1.104,605775.6
2023-12-20 16:00:00,1.103,1.115,1.077,1.078,346890.2
2023-12-20 20:00:00,1.077,1.079,1.057,1.071,250257.8
2023-12-21 00:00:00,1.072,1.127,1.068,1.113,932582.3
2023-12-21 04:00:00,1.113,1.197,1.102,1.17,1634744.4
2023-12-21 08:00:00,1.17,1.273,1.167,1.251,2278506.2
2023-12-21 12:00:00,1.25,1.318,1.214,1.23,4219690.3
2023-12-21 16:00:00,1.23,1.238,1.173,1.174,1762274.0
2023-12-21 20:00:00,1.174,1.177,1.146,1.153,462389.0
2023-12-22 00:00:00,1.153,1.182,1.137,1.161,1343673.2
2023-12-22 04:00:00,1.162,1.175,1.14,1.17,747570.1
2023-12-22 08:00:00,1.17,1.246,1.158,1.241,1790232.9
2023-12-22 12:00:00,1.24,1.246,1.162,1.166,790444.3
2023-12-22 16:00:00,1.165,1.18,1.149,1.151,518128.1
2023-12-22 20:00:00,1.15,1.159,1.146,1.153,183141.9
2023-12-23 00:00:00,1.153,1.16,1.117,1.123,603497.5
2023-12-23 04:00:00,1.124,1.14,1.119,1.138,214139.9
2023-12-23 08:00:00,1.138,1.226,1.136,1.22,772572.0
2023-12-23 12:00:00,1.221,1.32,1.213,1.266,2605747.3
2023-12-23 16:00:00,1.266,1.322,1.248,1.291,1233239.7
2023-12-23 20:00:00,1.292,1.318,1.252,1.252,690980.2
2023-12-24 00:00:00,1.253,1.253,1.223,1.238,603652.7
2023-12-24 04:00:00,1.238,1.269,1.205,1.213,834103.4
2023-12-24 08:00:00,1.214,1.222,1.19,1.191,489324.3
2023-12-24 12:00:00,1.191,1.223,1.188,1.203,709497.2
2023-12-24 16:00:00,1.203,1.225,1.195,1.217,363189.1
2023-12-24 20:00:00,1.216,1.257,1.153,1.234,902067.3
2023-12-25 00:00:00,1.235,1.32,1.227,1.302,1314174.7
2023-12-25 04:00:00,1.304,1.443,1.294,1.441,2723478.8
2023-12-25 08:00:00,1.441,1.513,1.428,1.498,3848469.1
2023-12-25 12:00:00,1.499,1.588,1.484,1.543,3851413.3
2023-12-25 16:00:00,1.545,1.6,1.508,1.578,3040529.3
2023-12-25 20:00:00,1.579,1.6,1.54,1.561,1461759.1
2023-12-26 00:00:00,1.561,1.618,1.513,1.537,1619172.4
2023-12-26 04:00:00,1.538,1.576,1.472,1.493,2072161.8
2023-12-26 08:00:00,1.493,1.514,1.439,1.455,1044744.4
2023-12-26 12:00:00,1.455,1.531,1.447,1.502,1105198.0
2023-12-26 16:00:00,1.501,1.633,1.392,1.504,2147838.0
2023-12-26 20:00:00,1.504,1.524,1.454,1.457,665165.3
2023-12-27 00:00:00,1.455,1.488,1.413,1.438,806798.7
2023-12-27 04:00:00,1.439,1.447,1.4,1.405,567581.9
2023-12-27 08:00:00,1.404,1.429,1.392,1.404,760134.6
2023-12-27 12:00:00,1.404,1.435,1.385,1.408,936807.2
2023-12-27 16:00:00,1.408,1.434,1.39,1.396,358611.7
2023-12-27 20:00:00,1.396,1.45,1.393,1.429,410302.4
2023-12-28 00:00:00,1.428,1.484,1.403,1.406,834677.0
2023-12-28 04:00:00,1.405,1.454,1.317,1.336,1223712.7
2023-12-28 08:00:00,1.335,1.338,1.308,1.316,700635.2
2023-12-28 12:00:00,1.317,1.32,1.257,1.271,1141801.5
2023-12-28 16:00:00,1.271,1.29,1.26,1.265,430451.9
2023-12-28 20:00:00,1.265,1.265,1.24,1.256,349913.4
2023-12-29 00:00:00,1.256,1.277,1.223,1.276,625989.3
2023-12-29 04:00:00,1.277,1.3,1.268,1.282,294367.2
2023-12-29 08:00:00,1.282,1.297,1.273,1.292,316300.0
2023-12-29 12:00:00,1.292,1.298,1.256,1.272,256314.5
2023-12-29 16:00:00,1.272,1.288,1.255,1.283,345947.3
2023-12-29 20:00:00,1.282,1.314,1.255,1.301,313307.8
2023-12-30 00:00:00,1.301,1.311,1.254,1.264,333503.0
2023-12-30 04:00:00,1.265,1.289,1.263,1.267,180200.5
2023-12-30 08:00:00,1.267,1.277,1.21,1.255,781957.1
2023-12-30 12:00:00,1.253,1.271,1.249,1.271,211866.6
2023-12-30 16:00:00,1.268,1.288,1.261,1.264,354014.7
2023-12-30 20:00:00,1.264,1.278,1.253,1.265,129721.7
2023-12-31 00:00:00,1.267,1.289,1.239,1.254,455518.2
2023-12-31 04:00:00,1.253,1.271,1.249,1.267,119021.7
2023-12-31 08:00:00,1.268,1.281,1.263,1.267,316535.1
2023-12-31 12:00:00,1.267,1.272,1.243,1.252,193762.6
2023-12-31 16:00:00,1.251,1.277,1.248,1.262,384063.8
2023-12-31 20:00:00,1.262,1.277,1.173,1.228,757719.2
2024-01-01 00:00:00,1.226,1.268,1.218,1.233,277981.7
2024-01-01 04:00:00,1.231,1.246,1.219,1.226,159012.2
2024-01-01 08:00:00,1.228,1.241,1.216,1.233,166930.8
2024-01-01 12:00:00,1.234,1.283,1.231,1.273,454457.9
2024-01-01 16:00:00,1.272,1.471,1.271,1.467,2552327.8
2024-01-01 20:00:00,1.466,1.549,1.454,1.544,2834783.7
2024-01-02 00:00:00,1.543,1.612,1.513,1.592,2226568.7
2024-01-02 04:00:00,1.593,1.627,1.574,1.606,1516213.6
2024-01-02 08:00:00,1.606,1.688,1.445,1.474,4805160.9
2024-01-02 12:00:00,1.475,1.488,1.432,1.474,1357683.0
2024-01-02 16:00:00,1.474,1.492,1.437,1.449,771326.1
2024-01-02 20:00:00,1.45,1.465,1.435,1.458,311025.6
2024-01-03 00:00:00,1.457,1.473,1.388,1.389,702027.3
2024-01-03 04:00:00,1.388,1.429,1.385,1.396,690464.9
2024-01-03 08:00:00,1.395,1.408,1.308,1.33,1343350.9
2024-01-03 12:00:00,1.33,1.331,1.02,1.232,3852897.2
2024-01-03 16:00:00,1.232,1.261,1.162,1.186,1555242.9
2024-01-03 20:00:00,1.188,1.205,1.165,1.177,594693.6
2024-01-04 00:00:00,1.176,1.204,1.132,1.201,1418689.9
2024-01-04 04:00:00,1.201,1.204,1.179,1.187,761540.0
2024-01-04 08:00:00,1.187,1.221,1.181,1.191,742960.3
2024-01-04 12:00:00,1.193,1.233,1.192,1.222,520662.5
2024-01-04 16:00:00,1.224,1.269,1.211,1.258,621211.4
2024-01-04 20:00:00,1.257,1.268,1.239,1.253,362956.6
2024-01-05 00:00:00,1.252,1.295,1.182,1.226,1544055.2
2024-01-05 04:00:00,1.225,1.266,1.207,1.222,681042.5
2024-01-05 08:00:00,1.22,1.232,1.179,1.191,746789.3
2024-01-05 12:00:00,1.19,1.246,1.183,1.202,1161623.6
2024-01-05 16:00:00,1.202,1.22,1.16,1.19,396790.8
2024-01-05 20:00:00,1.191,1.22,1.187,1.215,234717.6
2024-01-06 00:00:00,1.215,1.215,1.182,1.191,228496.6
2024-01-06 04:00:00,1.192,1.195,1.119,1.149,427286.0
2024-01-06 08:00:00,1.149,1.181,1.139,1.168,238865.1
2024-01-06 12:00:00,1.168,1.205,1.15,1.196,412936.9
2024-01-06 16:00:00,1.196,1.201,1.173,1.178,163251.8
2024-01-06 20:00:00,1.181,1.186,1.159,1.178,170129.6
2024-01-07 00:00:00,1.177,1.202,1.17,1.184,260015.1
2024-01-07 04:00:00,1.185,1.218,1.184,1.207,270339.8
2024-01-07 08:00:00,1.206,1.22,1.172,1.18,271890.5
2024-01-07 12:00:00,1.178,1.194,1.15,1.158,232115.3
2024-01-07 16:00:00,1.158,1.167,1.132,1.16,227345.9
2024-01-07 20:00:00,1.16,1.163,1.101,1.119,370901.3
2024-01-08 00:00:00,1.119,1.119,1.011,1.048,1102861.8
2024-01-08 04:00:00,1.048,1.106,1.041,1.088,473708.6
2024-01-08 08:00:00,1.088,1.105,1.066,1.103,279906.4
2024-01-08 12:00:00,1.104,1.142,1.103,1.131,368525.8
2024-01-08 16:00:00,1.132,1.155,1.111,1.152,262954.1
2024-01-08 20:00:00,1.153,1.159,1.136,1.158,247591.0
2024-01-09 00:00:00,1.158,1.16,1.125,1.138,341308.4
2024-01-09 04:00:00,1.138,1.156,1.133,1.15,677388.4
2024-01-09 08:00:00,1.151,1.152,1.11,1.125,217430.7
2024-01-09 12:00:00,1.125,1.13,1.076,1.1,387928.6
2024-01-09 16:00:00,1.101,1.108,1.08,1.093,148695.6
2024-01-09 20:00:00,1.092,1.142,1.069,1.138,562785.8
2024-01-10 00:00:00,1.137,1.189,1.129,1.178,357425.2
2024-01-10 04:00:00,1.178,1.265,1.175,1.217,1255576.7
2024-01-10 08:00:00,1.218,1.23,1.176,1.196,580433.8
2024-01-10 12:00:00,1.192,1.205,1.163,1.201,592483.1
2024-01-10 16:00:00,1.202,1.221,1.186,1.211,373487.6
2024-01-10 20:00:00,1.211,1.313,1.183,1.284,956761.4
2024-01-11 00:00:00,1.283,1.321,1.273,1.293,672084.4
2024-01-11 04:00:00,1.295,1.321,1.289,1.318,479916.9
2024-01-11 08:00:00,1.318,1.346,1.316,1.335,310199.6
2024-01-11 12:00:00,1.335,1.35,1.271,1.291,593924.6
2024-01-11 16:00:00,1.292,1.33,1.265,1.324,620093.3
2024-01-11 20:00:00,1.326,1.333,1.301,1.323,92521.8
2024-01-12 00:00:00,1.324,1.342,1.307,1.307,258855.8
2024-01-12 04:00:00,1.306,1.34,1.303,1.319,338040.0
2024-01-12 08:00:00,1.319,1.363,1.311,1.339,289495.8
2024-01-12 12:00:00,1.339,1.383,1.313,1.32,472888.9
2024-01-12 16:00:00,1.32,1.362,1.275,1.339,520639.6
2024-01-12 20:00:00,1.339,1.345,1.248,1.311,407454.4
2024-01-13 00:00:00,1.31,1.342,1.256,1.327,388972.4
2024-01-13 04:00:00,1.331,1.374,1.318,1.351,478004.6
2024-01-13 08:00:00,1.355,1.355,1.309,1.342,330671.6
2024-01-13 12:00:00,1.342,1.361,1.319,1.324,305904.8
2024-01-13 16:00:00,1.324,1.38,1.319,1.372,323477.6
2024-01-13 20:00:00,1.372,1.381,1.353,1.368,148628.5
2024-01-14 00:00:00,1.369,1.378,1.341,1.343,198569.7
2024-01-14 04:00:00,1.342,1.4,1.335,1.389,265555.1
2024-01-14 08:00:00,1.389,1.457,1.38,1.384,682607.8
2024-01-14 12:00:00,1.384,1.388,1.356,1.366,322091.6
2024-01-14 16:00:00,1.368,1.369,1.32,1.325,293030.1
2024-01-14 20:00:00,1.325,1.348,1.309,1.312,253082.2
2024-01-15 00:00:00,1.315,1.389,1.312,1.345,603711.4
2024-01-15 04:00:00,1.345,1.396,1.345,1.385,256341.6
2024-01-15 08:00:00,1.388,1.389,1.33,1.336,361005.2
2024-01-15 12:00:00,1.337,1.339,1.29,1.297,417186.2
2024-01-15 16:00:00,1.297,1.371,1.294,1.361,303054.0
2024-01-15 20:00:00,1.361,1.394,1.339,1.348,322919.5
2024-01-16 00:00:00,1.349,1.374,1.347,1.371,175079.4
2024-01-16 04:00:00,1.372,1.374,1.336,1.339,219119.7
2024-01-16 08:00:00,1.338,1.347,1.315,1.331,202498.4
2024-01-16 12:00:00,1.329,1.406,1.328,1.4,723785.5
2024-01-16 16:00:00,1.4,1.436,1.36,1.363,488226.7
2024-01-16 20:00:00,1.364,1.378,1.353,1.355,162146.1
2024-01-17 00:00:00,1.359,1.381,1.357,1.363,201216.7
2024-01-17 04:00:00,1.363,1.373,1.341,1.348,204821.9
2024-01-17 08:00:00,1.348,1.368,1.34,1.366,271446.2
2024-01-17 12:00:00,1.366,1.401,1.364,1.379,453137.6
2024-01-17 16:00:00,1.38,1.407,1.362,1.397,272780.1
2024-01-17 20:00:00,1.394,1.395,1.363,1.375,147274.9
2024-01-18 00:00:00,1.373,1.402,1.353,1.396,392067.8
2024-01-18 04:00:00,1.396,1.428,1.384,1.387,504146.5
2024-01-18 08:00:00,1.387,1.389,1.356,1.364,581148.8
2024-01-18 12:00:00,1.364,1.365,1.326,1.335,562083.6
2024-01-18 16:00:00,1.335,1.335,1.234,1.244,850339.0
2024-01-18 20:00:00,1.244,1.264,1.24,1.252,186098.8
2024-01-19 00:00:00,1.252,1.255,1.176,1.198,776233.4
2024-01-19 04:00:00,1.199,1.223,1.197,1.214,175684.2
2024-01-19 08:00:00,1.215,1.243,1.204,1.238,285004.7
2024-01-19 12:00:00,1.236,1.238,1.195,1.199,162055.3
2024-01-19 16:00:00,1.2,1.207,1.146,1.203,388010.1
2024-01-19 20:00:00,1.202,1.214,1.195,1.209,151620.3
2024-01-20 00:00:00,1.208,1.234,1.197,1.216,122817.8
2024-01-20 04:00:00,1.217,1.217,1.184,1.186,149833.9
2024-01-20 08:00:00,1.188,1.2,1.178,1.192,108936.8
2024-01-20 12:00:00,1.191,1.215,1.181,1.209,265593.2
2024-01-20 16:00:00,1.208,1.225,1.202,1.212,239202.3
2024-01-20 20:00:00,1.212,1.223,1.209,1.221,105744.6
2024-01-21 00:00:00,1.22,1.225,1.202,1.217,117502.5
2024-01-21 04:00:00,1.216,1.22,1.201,1.21,66077.4
2024-01-21 08:00:00,1.211,1.214,1.197,1.205,79911.0
2024-01-21 12:00:00,1.204,1.237,1.204,1.224,129704.2
2024-01-21 16:00:00,1.226,1.232,1.213,1.222,73372.7
2024-01-21 20:00:00,1.223,1.223,1.195,1.198,115621.0
2024-01-22 00:00:00,1.199,1.213,1.161,1.177,208473.5
2024-01-22 04:00:00,1.177,1.184,1.156,1.165,95183.0
2024-01-22 08:00:00,1.163,1.167,1.08,1.084,744325.6
2024-01-22 12:00:00,1.085,1.085,1.021,1.05,1575681.7
2024-01-22 16:00:00,1.051,1.052,1.007,1.028,731433.3
2024-01-22 20:00:00,1.028,1.053,1.021,1.027,475572.1
2024-01-23 00:00:00,1.028,1.034,1.001,1.021,540660.8
2024-01-23 04:00:00,1.02,1.029,0.991,1.0,458105.0
2024-01-23 08:00:00,1.0,1.006,0.93,0.945,1016541.6
2024-01-23 12:00:00,0.945,0.964,0.931,0.958,484781.4
2024-01-23 16:00:00,0.959,0.962,0.928,0.93,333800.5
2024-01-23 20:00:00,0.932,0.965,0.924,0.964,298316.4
2024-01-24 00:00:00,0.964,0.985,0.949,0.951,276103.0
2024-01-24 04:00:00,0.952,0.974,0.947,0.966,234461.7
2024-01-24 08:00:00,0.967,0.991,0.965,0.982,305058.9
2024-01-24 12:00:00,0.983,0.983,0.957,0.971,284821.5
2024-01-24 16:00:00,0.971,0.986,0.961,0.97,160413.6
2024-01-24 20:00:00,0.97,0.995,0.962,0.986,192980.1
2024-01-25 00:00:00,0.986,1.001,0.976,0.986,316615.6
2024-01-25 04:00:00,0.985,0.992,0.965,0.991,126220.9
2024-01-25 08:00:00,0.991,0.997,0.979,0.989,127223.3
2024-01-25 12:00:00,0.99,1.006,0.976,0.993,504440.5
2024-01-25 16:00:00,0.992,1.039,0.987,1.021,544856.2
2024-01-25 20:00:00,1.021,1.045,1.013,1.032,287053.9
2024-01-26 00:00:00,1.031,1.074,1.025,1.046,434386.2
2024-01-26 04:00:00,1.045,1.063,1.032,1.037,300199.6
2024-01-26 08:00:00,1.037,1.057,1.035,1.053,308702.0
2024-01-26 12:00:00,1.053,1.063,1.038,1.057,299783.2
2024-01-26 16:00:00,1.057,1.063,1.052,1.053,245974.6
2024-01-26 20:00:00,1.053,1.057,1.035,1.047,188958.3
2024-01-27 00:00:00,1.049,1.055,1.045,1.051,137501.2
2024-01-27 04:00:00,1.054,1.056,1.028,1.036,186689.0
2024-01-27 08:00:00,1.036,1.055,1.03,1.05,185156.2
2024-01-27 12:00:00,1.05,1.067,1.049,1.064,158336.7
2024-01-27 16:00:00,1.063,1.098,1.06,1.091,422770.6
2024-01-27 20:00:00,1.091,1.114,1.086,1.098,396832.3
2024-01-28 00:00:00,1.099,1.101,1.082,1.092,171473.3
2024-01-28 04:00:00,1.091,1.121,1.085,1.109,300704.9
2024-01-28 08:00:00,1.108,1.184,1.087,1.094,2255913.9
2024-01-28 12:00:00,1.095,1.097,1.072,1.085,281194.1
2024-01-28 16:00:00,1.087,1.088,1.051,1.058,199595.6
2024-01-28 20:00:00,1.059,1.069,1.048,1.064,124154.0
2024-01-29 00:00:00,1.064,1.099,1.059,1.093,300089.7
2024-01-29 04:00:00,1.093,1.108,1.085,1.09,252330.3
2024-01-29 08:00:00,1.09,1.105,1.083,1.091,240130.3
2024-01-29 12:00:00,1.09,1.115,1.089,1.115,328606.9
2024-01-29 16:00:00,1.115,1.185,1.111,1.151,1448176.9
2024-01-29 20:00:00,1.153,1.159,1.141,1.148,247495.8
2024-01-30 00:00:00,1.148,1.16,1.133,1.146,251359.3
2024-01-30 04:00:00,1.145,1.154,1.124,1.133,142453.6
2024-01-30 08:00:00,1.133,1.18,1.131,1.166,361217.8
2024-01-30 12:00:00,1.167,1.173,1.143,1.146,304867.6
2024-01-30 16:00:00,1.147,1.163,1.143,1.161,146112.7
2024-01-30 20:00:00,1.161,1.162,1.134,1.143,150486.3
2024-01-31 00:00:00,1.143,1.158,1.117,1.153,238625.3
2024-01-31 04:00:00,1.152,1.173,1.138,1.144,336892.2
2024-01-31 08:00:00,1.145,1.15,1.112,1.128,256099.5
2024-01-31 12:00:00,1.127,1.159,1.11,1.137,378926.5
2024-01-31 16:00:00,1.136,1.154,1.123,1.143,276335.4
2024-01-31 20:00:00,1.144,1.144,1.103,1.123,205450.7
2024-02-01 00:00:00,1.122,1.168,1.089,1.16,567230.6
2024-02-01 04:00:00,1.158,1.197,1.072,1.088,1777975.5
2024-02-01 08:00:00,1.088,1.128,1.076,1.112,1027534.3
2024-02-01 12:00:00,1.112,1.23,1.107,1.206,1357397.2
2024-02-01 16:00:00,1.205,1.249,1.189,1.21,1643853.0
2024-02-01 20:00:00,1.21,1.222,1.192,1.216,471867.2
2024-02-02 00:00:00,1.216,1.264,1.216,1.236,976169.4
2024-02-02 04:00:00,1.236,1.266,1.231,1.238,833819.7
2024-02-02 08:00:00,1.237,1.245,1.115,1.154,1680316.0
2024-02-02 12:00:00,1.154,1.171,1.142,1.166,442259.1
2024-02-02 16:00:00,1.167,1.172,1.15,1.153,189584.1
2024-02-02 20:00:00,1.152,1.158,1.146,1.15,155376.0
2024-02-03 00:00:00,1.151,1.16,1.144,1.155,404127.2
2024-02-03 04:00:00,1.156,1.16,1.134,1.153,303586.1
2024-02-03 08:00:00,1.154,1.162,1.143,1.158,134144.3
2024-02-03 12:00:00,1.159,1.176,1.146,1.152,307529.4
2024-02-03 16:00:00,1.152,1.16,1.145,1.159,118048.9
2024-02-03 20:00:00,1.159,1.169,1.153,1.157,85428.1
2024-02-04 00:00:00,1.156,1.163,1.134,1.162,251645.1
2024-02-04 04:00:00,1.162,1.163,1.138,1.153,156558.9
2024-02-04 08:00:00,1.153,1.17,1.144,1.152,255898.8
2024-02-04 12:00:00,1.152,1.161,1.149,1.157,78757.5
2024-02-04 16:00:00,1.158,1.17,1.149,1.156,142220.3
2024-02-04 20:00:00,1.158,1.169,1.14,1.149,114395.7
2024-02-05 00:00:00,1.149,1.167,1.138,1.165,161066.4
2024-02-05 04:00:00,1.164,1.176,1.16,1.167,133635.0
2024-02-05 08:00:00,1.168,1.168,1.156,1.164,78136.2
2024-02-05 12:00:00,1.164,1.17,1.144,1.152,214071.4
2024-02-05 16:00:00,1.152,1.191,1.152,1.183,209131.1
2024-02-05 20:00:00,1.183,1.202,1.171,1.199,154432.8
2024-02-06 00:00:00,1.198,1.25,1.189,1.226,459597.6
2024-02-06 04:00:00,1.229,1.254,1.229,1.245,603385.3
2024-02-06 08:00:00,1.246,1.263,1.231,1.261,537047.8
2024-02-06 12:00:00,1.261,1.28,1.247,1.255,591170.1
2024-02-06 16:00:00,1.255,1.294,1.25,1.289,440399.0
2024-02-06 20:00:00,1.289,1.296,1.275,1.285,368735.8
2024-02-07 00:00:00,1.285,1.309,1.25,1.26,726516.9
2024-02-07 04:00:00,1.261,1.269,1.241,1.251,388458.5
2024-02-07 08:00:00,1.252,1.279,1.252,1.273,344098.3
2024-02-07 12:00:00,1.272,1.304,1.265,1.299,747036.7
2024-02-07 16:00:00,1.299,1.305,1.266,1.272,310841.6
2024-02-07 20:00:00,1.272,1.29,1.264,1.271,198008.0
2024-02-08 00:00:00,1.271,1.281,1.203,1.204,559282.2
2024-02-08 04:00:00,1.204,1.235,1.19,1.223,1329603.8
2024-02-08 08:00:00,1.224,1.246,1.224,1.238,227961.2
2024-02-08 12:00:00,1.238,1.277,1.236,1.268,420020.8
2024-02-08 16:00:00,1.27,1.289,1.257,1.258,267793.6
2024-02-08 20:00:00,1.258,1.273,1.257,1.262,104086.8
2024-02-09 00:00:00,1.262,1.285,1.259,1.262,260573.6
2024-02-09 04:00:00,1.262,1.269,1.256,1.267,145654.0
2024-02-09 08:00:00,1.267,1.298,1.262,1.298,366691.5
2024-02-09 12:00:00,1.298,1.35,1.284,1.291,1188868.7
2024-02-09 16:00:00,1.291,1.292,1.269,1.276,279418.8
2024-02-09 20:00:00,1.276,1.282,1.268,1.271,124263.3
2024-02-10 00:00:00,1.272,1.284,1.262,1.279,250559.3
2024-02-10 04:00:00,1.279,1.283,1.274,1.276,130707.1
2024-02-10 08:00:00,1.277,1.286,1.262,1.262,244325.6
2024-02-10 12:00:00,1.264,1.274,1.258,1.271,156001.1
2024-02-10 16:00:00,1.272,1.273,1.245,1.254,154549.8
2024-02-10 20:00:00,1.253,1.264,1.251,1.258,108812.5
2024-02-11 00:00:00,1.259,1.284,1.251,1.28,289837.3
2024-02-11 04:00:00,1.278,1.328,1.275,1.306,976204.3
2024-02-11 08:00:00,1.307,1.318,1.258,1.26,444282.6
2024-02-11 12:00:00,1.26,1.271,1.25,1.253,324503.4
2024-02-11 16:00:00,1.253,1.26,1.245,1.251,169117.0
2024-02-11 20:00:00,1.251,1.252,1.236,1.24,153181.0
2024-02-12 00:00:00,1.241,1.269,1.238,1.244,256652.8
2024-02-12 04:00:00,1.244,1.257,1.238,1.257,180224.1
2024-02-12 08:00:00,1.257,1.261,1.24,1.251,179788.0
2024-02-12 12:00:00,1.252,1.277,1.247,1.273,280139.9
2024-02-12 16:00:00,1.272,1.289,1.263,1.267,386688.4
2024-02-12 20:00:00,1.268,1.295,1.268,1.293,148738.3
2024-02-13 00:00:00,1.293,1.305,1.276,1.282,307291.3
2024-02-13 04:00:00,1.282,1.299,1.282,1.294,179846.8
2024-02-13 08:00:00,1.293,1.305,1.28,1.287,234107.8
2024-02-13 12:00:00,1.287,1.288,1.235,1.258,709366.5
2024-02-13 16:00:00,1.258,1.272,1.252,1.266,121697.6
2024-02-13 20:00:00,1.266,1.278,1.261,1.272,127365.1
2024-02-14 00:00:00,1.272,1.272,1.255,1.261,231476.5
2024-02-14 04:00:00,1.26,1.284,1.26,1.284,216813.3
2024-02-14 08:00:00,1.284,1.316,1.278,1.311,378849.8
2024-02-14 12:00:00,1.31,1.316,1.295,1.308,261905.3
2024-02-14 16:00:00,1.308,1.321,1.296,1.318,159308.6
2024-02-14 20:00:00,1.318,1.328,1.316,1.323,153963.7
2024-02-15 00:00:00,1.323,1.345,1.319,1.34,243170.9
2024-02-15 04:00:00,1.341,1.363,1.326,1.348,397427.3
2024-02-15 08:00:00,1.348,1.369,1.342,1.348,338615.3
2024-02-15 12:00:00,1.348,1.361,1.328,1.334,308984.2
2024-02-15 16:00:00,1.335,1.351,1.317,1.345,522712.9
2024-02-15 20:00:00,1.345,1.347,1.323,1.345,133575.1
2024-02-16 00:00:00,1.346,1.356,1.34,1.355,183508.6
2024-02-16 04:00:00,1.353,1.369,1.348,1.349,179153.9
2024-02-16 08:00:00,1.349,1.394,1.344,1.388,329830.7
2024-02-16 12:00:00,1.39,1.466,1.386,1.422,1499751.8
2024-02-16 16:00:00,1.423,1.425,1.346,1.357,704855.3
2024-02-16 20:00:00,1.357,1.395,1.356,1.387,214390.5
2024-02-17 00:00:00,1.386,1.386,1.361,1.376,114762.7
2024-02-17 04:00:00,1.375,1.379,1.361,1.376,86847.3
2024-02-17 08:00:00,1.376,1.376,1.348,1.358,279512.5
2024-02-17 12:00:00,1.358,1.364,1.305,1.339,375215.9
2024-02-17 16:00:00,1.338,1.347,1.334,1.343,124896.1
2024-02-17 20:00:00,1.344,1.362,1.343,1.353,69394.3
2024-02-18 00:00:00,1.355,1.365,1.345,1.359,244545.2
2024-02-18 04:00:00,1.359,1.414,1.359,1.39,579201.0
2024-02-18 08:00:00,1.388,1.39,1.375,1.384,114483.3
2024-02-18 12:00:00,1.385,1.396,1.37,1.389,205441.9
2024-02-18 16:00:00,1.389,1.402,1.386,1.392,145986.6
2024-02-18 20:00:00,1.391,1.42,1.387,1.401,161623.0
2024-02-19 00:00:00,1.402,1.415,1.387,1.412,308115.3
2024-02-19 04:00:00,1.412,1.417,1.4,1.407,220170.0
2024-02-19 08:00:00,1.408,1.408,1.38,1.399,203290.0
2024-02-19 12:00:00,1.398,1.415,1.39,1.405,261183.0
2024-02-19 16:00:00,1.405,1.411,1.379,1.402,154405.2
2024-02-19 20:00:00,1.401,1.405,1.386,1.393,394119.6
2024-02-20 00:00:00,1.393,1.434,1.38,1.393,528566.5
2024-02-20 04:00:00,1.395,1.413,1.386,1.399,136153.0
2024-02-20 08:00:00,1.399,1.401,1.354,1.399,194918.1
2024-02-20 12:00:00,1.397,1.401,1.304,1.325,571899.0
2024-02-20 16:00:00,1.326,1.332,1.286,1.331,316317.4
2024-02-20 20:00:00,1.331,1.375,1.326,1.363,233956.1
2024-02-21 00:00:00,1.362,1.362,1.332,1.34,200770.6
2024-02-21 04:00:00,1.339,1.346,1.302,1.316,216853.1
2024-02-21 08:00:00,1.315,1.332,1.281,1.299,515837.6
2024-02-21 12:00:00,1.299,1.323,1.268,1.3,340269.0
2024-02-21 16:00:00,1.3,1.311,1.272,1.297,161136.1
2024-02-21 20:00:00,1.298,1.332,1.29,1.33,117808.6
2024-02-22 00:00:00,1.33,1.338,1.303,1.332,223238.8
2024-02-22 04:00:00,1.332,1.393,1.327,1.385,310795.6
2024-02-22 08:00:00,1.384,1.411,1.376,1.405,370221.8
2024-02-22 12:00:00,1.404,1.41,1.384,1.404,285447.5
2024-02-22 16:00:00,1.404,1.415,1.397,1.399,163635.6
2024-02-22 20:00:00,1.4,1.415,1.386,1.389,168128.9
2024-02-23 00:00:00,1.389,1.414,1.377,1.384,198992.2
2024-02-23 04:00:00,1.384,1.413,1.365,1.392,325274.3
2024-02-23 08:00:00,1.393,1.406,1.378,1.398,175835.3
2024-02-23 12:00:00,1.399,1.431,1.383,1.386,564428.2
2024-02-23 16:00:00,1.384,1.41,1.369,1.408,247611.6
2024-02-23 20:00:00,1.408,1.441,1.38,1.405,260138.7
2024-02-24 00:00:00,1.405,1.415,1.357,1.377,294308.2
2024-02-24 04:00:00,1.377,1.403,1.372,1.399,141120.1
2024-02-24 08:00:00,1.399,1.442,1.392,1.439,271435.8
2024-02-24 12:00:00,1.439,1.445,1.428,1.437,230756.2
2024-02-24 16:00:00,1.436,1.46,1.431,1.44,194087.3
2024-02-24 20:00:00,1.44,1.44,1.426,1.433,87324.7
2024-02-25 00:00:00,1.433,1.448,1.421,1.435,135905.9
2024-02-25 04:00:00,1.435,1.436,1.415,1.421,127883.3
2024-02-25 08:00:00,1.42,1.432,1.41,1.43,126938.0
2024-02-25 12:00:00,1.43,1.444,1.423,1.424,117840.7
2024-02-25 16:00:00,1.424,1.433,1.419,1.428,94578.6
2024-02-25 20:00:00,1.428,1.436,1.419,1.422,105604.8
2024-02-26 00:00:00,1.422,1.429,1.409,1.426,177776.9
2024-02-26 04:00:00,1.426,1.499,1.422,1.458,547330.4
2024-02-26 08:00:00,1.456,1.461,1.408,1.434,358281.8
2024-02-26 12:00:00,1.434,1.466,1.423,1.452,225974.3
2024-02-26 16:00:00,1.45,1.471,1.447,1.467,202655.5
2024-02-26 20:00:00,1.468,1.469,1.454,1.462,107323.0
2024-02-27 00:00:00,1.463,1.481,1.457,1.46,332637.2
2024-02-27 04:00:00,1.461,1.48,1.455,1.462,239918.0
2024-02-27 08:00:00,1.46,1.492,1.46,1.49,203835.6
2024-02-27 12:00:00,1.491,1.502,1.44,1.452,263165.5
2024-02-27 16:00:00,1.451,1.498,1.429,1.486,265670.1
2024-02-27 20:00:00,1.483,1.513,1.464,1.502,237826.6
2024-02-28 00:00:00,1.502,1.52,1.49,1.501,213606.7
2024-02-28 04:00:00,1.502,1.632,1.493,1.538,2618099.8
2024-02-28 08:00:00,1.538,1.582,1.507,1.548,1177987.3
2024-02-28 12:00:00,1.547,1.582,1.528,1.554,401633.3
2024-02-28 16:00:00,1.553,1.585,1.355,1.464,1040047.6
2024-02-28 20:00:00,1.464,1.505,1.454,1.502,220047.4
2024-02-29 00:00:00,1.502,1.534,1.482,1.531,309134.1
2024-02-29 04:00:00,1.531,1.55,1.509,1.534,349062.8
2024-02-29 08:00:00,1.534,1.584,1.526,1.548,458469.0
2024-02-29 12:00:00,1.547,1.56,1.53,1.536,247527.4
2024-02-29 16:00:00,1.536,1.538,1.473,1.496,252199.4
2024-02-29 20:00:00,1.497,1.502,1.408,1.454,343572.1
2024-03-01 00:00:00,1.455,1.504,1.454,1.487,186794.6
2024-03-01 04:00:00,1.487,1.515,1.482,1.488,143842.0
2024-03-01 08:00:00,1.488,1.524,1.484,1.499,470054.7
2024-03-01 12:00:00,1.497,1.544,1.497,1.52,372942.7
2024-03-01 16:00:00,1.52,1.552,1.518,1.55,194408.2
2024-03-01 20:00:00,1.551,1.573,1.541,1.562,186314.1
2024-03-02 00:00:00,1.562,1.586,1.544,1.572,301870.8
2024-03-02 04:00:00,1.573,1.598,1.549,1.597,192657.3
2024-03-02 08:00:00,1.598,1.605,1.566,1.593,233124.4
2024-03-02 12:00:00,1.592,1.652,1.589,1.599,1052782.3
2024-03-02 16:00:00,1.6,1.672,1.599,1.67,382884.3
2024-03-02 20:00:00,1.67,1.686,1.642,1.675,288943.3
2024-03-03 00:00:00,1.674,1.685,1.653,1.663,311516.1
2024-03-03 04:00:00,1.663,1.671,1.489,1.592,613517.1
2024-03-03 08:00:00,1.591,1.65,1.578,1.614,381786.8
2024-03-03 12:00:00,1.613,1.631,1.594,1.622,231688.6
2024-03-03 16:00:00,1.622,1.648,1.611,1.617,252581.7
2024-03-03 20:00:00,1.618,1.631,1.605,1.613,122470.3
2024-03-04 00:00:00,1.614,1.641,1.592,1.607,303296.1
2024-03-04 04:00:00,1.606,1.72,1.599,1.691,2715308.2
2024-03-04 08:00:00,1.692,1.728,1.67,1.723,1429231.2
2024-03-04 12:00:00,1.722,1.746,1.695,1.724,1265997.7
2024-03-04 16:00:00,1.723,1.729,1.658,1.713,2466460.6
2024-03-04 20:00:00,1.713,1.82,1.687,1.819,1418104.6
2024-03-05 00:00:00,1.82,1.863,1.649,1.661,3130556.6
2024-03-05 04:00:00,1.662,1.664,1.58,1.611,1381143.1
2024-03-05 08:00:00,1.613,1.673,1.594,1.665,996469.6
2024-03-05 12:00:00,1.665,1.708,1.64,1.641,1486479.1
2024-03-05 16:00:00,1.642,1.655,1.275,1.405,1647777.9
2024-03-05 20:00:00,1.403,1.504,1.374,1.496,1204567.5
2024-03-06 00:00:00,1.496,1.506,1.448,1.468,1021313.2
2024-03-06 04:00:00,1.468,1.556,1.463,1.555,824562.9
2024-03-06 08:00:00,1.556,1.603,1.541,1.57,1477406.3
2024-03-06 12:00:00,1.57,1.76,1.495,1.752,6627197.0
2024-03-06 16:00:00,1.753,1.771,1.538,1.558,3008110.9
2024-03-06 20:00:00,1.559,1.586,1.552,1.577,1786833.2
2024-03-07 00:00:00,1.577,1.615,1.567,1.569,763568.7
2024-03-07 04:00:00,1.57,1.593,1.544,1.581,418935.7
2024-03-07 08:00:00,1.581,1.596,1.572,1.58,378029.9
2024-03-07 12:00:00,1.58,1.597,1.554,1.588,367067.2
2024-03-07 16:00:00,1.587,1.597,1.567,1.593,397420.2
2024-03-07 20:00:00,1.593,1.605,1.584,1.603,181436.4
2024-03-08 00:00:00,1.602,1.623,1.592,1.596,377844.3
2024-03-08 04:00:00,1.596,1.605,1.581,1.594,225492.0
2024-03-08 08:00:00,1.594,1.616,1.587,1.606,283967.7
2024-03-08 12:00:00,1.606,1.611,1.503,1.551,821700.2
2024-03-08 16:00:00,1.551,1.598,1.518,1.59,464491.1
2024-03-08 20:00:00,1.59,1.61,1.583,1.601,177232.0
2024-03-09 00:00:00,1.601,1.632,1.597,1.627,237541.5
2024-03-09 04:00:00,1.627,1.687,1.626,1.665,466055.6
2024-03-09 08:00:00,1.667,1.717,1.664,1.691,731683.1
2024-03-09 12:00:00,1.691,1.777,1.688,1.72,957100.8
2024-03-09 16:00:00,1.721,1.753,1.701,1.741,300798.0
2024-03-09 20:00:00,1.741,1.764,1.736,1.745,284394.8
2024-03-10 00:00:00,1.744,1.77,1.718,1.727,329364.4
2024-03-10 04:00:00,1.728,1.77,1.714,1.76,423156.3
2024-03-10 08:00:00,1.76,1.872,1.724,1.744,2188148.0
2024-03-10 12:00:00,1.746,1.855,1.738,1.806,1282705.1
2024-03-10 16:00:00,1.807,1.896,1.804,1.829,1043030.7
2024-03-10 20:00:00,1.831,1.834,1.799,1.825,374564.1
2024-03-11 00:00:00,1.825,1.832,1.69,1.79,1051912.8
2024-03-11 04:00:00,1.79,1.92,1.757,1.806,1976796.2
2024-03-11 08:00:00,1.807,1.839,1.806,1.824,611085.8
2024-03-11 12:00:00,1.824,1.847,1.786,1.809,768566.8
2024-03-11 16:00:00,1.81,1.851,1.793,1.839,292659.2
2024-03-11 20:00:00,1.837,1.85,1.824,1.836,221068.6
2024-03-12 00:00:00,1.835,1.85,1.799,1.804,320026.1
2024-03-12 04:00:00,1.806,1.835,1.77,1.773,389189.1
2024-03-12 08:00:00,1.773,1.78,1.726,1.754,458312.9
2024-03-12 12:00:00,1.755,1.788,1.727,1.783,451879.4
2024-03-12 16:00:00,1.782,1.831,1.663,1.819,787911.7
2024-03-12 20:00:00,1.818,1.834,1.785,1.832,277886.4
2024-03-13 00:00:00,1.834,1.892,1.822,1.854,405977.0
2024-03-13 04:00:00,1.853,1.871,1.841,1.855,222906.2
2024-03-13 08:00:00,1.855,1.89,1.837,1.841,355758.8
2024-03-13 12:00:00,1.842,1.851,1.793,1.809,499899.4
2024-03-13 16:00:00,1.81,1.84,1.802,1.833,273736.4
2024-03-13 20:00:00,1.833,1.852,1.814,1.838,143588.1
2024-03-14 00:00:00,1.837,1.857,1.817,1.833,351711.7
2024-03-14 04:00:00,1.832,1.833,1.795,1.805,255958.9
2024-03-14 08:00:00,1.806,1.838,1.774,1.794,362795.8
2024-03-14 12:00:00,1.794,1.813,1.711,1.742,750140.8
